software mouseReMoCo;version 1.3.0;isWithLSL false;screenWidth 1902;screenHeight 973;centerX 951;centerY 486;autoStart 3600;cycleMaxNumber 6;cycleDuration 20;borderColor java.awt.Color[r=255,g=255,b=255];textColor java.awt.Color[r=255,g=255,b=255];backgroundColor java.awt.Color[r=0,g=0,b=0];cursorColorRecord java.awt.Color[r=255,g=0,b=0];cursorColorWait java.awt.Color[r=255,g=255,b=0];task circular;cornerX 545;cornerY 80;externalRadius 406;internalRadius 326;borderRadius 1;cursorRadius 16;indexOfDifficulty 48.86179212285402;taskRadius 365.5;taskTolerance 47
2025-11-30 11:50:29.812 +0100

timestamp,mouseX,mouseY,mouseInTarget
1764499831192,599,420,1
1764499831196,599,421,1
1764499831224,599,422,1
1764499831240,599,423,1
1764499831741,599,425,1
1764499831743,599,426,1
1764499831747,599,427,1
1764499831749,599,428,1
1764499831753,599,430,1
1764499831755,599,431,1
1764499831759,600,433,1
1764499831761,600,434,1
1764499831765,600,436,1
1764499831768,600,438,1
1764499831770,600,439,1
1764499831777,600,441,1
1764499831777,600,442,1
1764499831779,600,444,1
1764499831781,600,446,1
1764499831784,600,448,1
1764499831786,600,450,1
1764499831789,600,451,1
1764499831793,600,454,1
1764499831795,600,456,1
1764499831797,600,458,1
1764499831799,600,459,1
1764499831800,600,461,1
1764499831802,600,462,1
1764499831805,600,465,1
1764499831809,600,469,1
1764499831811,600,470,1
1764499831813,600,472,1
1764499831815,600,474,1
1764499831817,600,477,1
1764499831819,600,479,1
1764499831821,600,481,1
1764499831826,600,485,1
1764499831826,600,488,1
1764499831828,601,491,1
1764499831830,601,492,1
1764499831832,601,495,1
1764499831834,601,498,1
1764499831837,602,500,1
1764499831843,603,505,1
1764499831843,603,506,1
1764499831845,603,509,1
1764499831847,604,511,1
1764499831848,604,513,1
1764499831850,604,515,1
1764499831852,604,517,1
1764499831855,604,518,1
1764499831859,604,520,1
1764499831859,604,522,1
1764499831861,605,523,1
1764499831867,605,526,1
1764499831867,605,527,1
1764499831871,605,530,1
1764499831876,605,532,1
1764499831876,605,534,1
1764499831880,606,535,1
1764499831880,606,536,1
1764499831887,606,538,1
1764499831893,607,539,1
1764499831899,608,543,1
1764499831906,608,545,1
1764499831906,608,546,1
1764499831912,609,546,1
1764499831912,609,547,1
1764499831917,610,548,1
1764499831917,610,550,1
1764499831917,610,551,1
1764499831927,610,552,1
1764499831928,611,553,1
1764499831928,611,554,1
1764499831928,611,555,1
1764499831928,611,556,1
1764499831937,612,556,1
1764499831937,613,558,1
1764499831937,613,559,1
1764499831946,613,560,1
1764499831946,614,561,1
1764499831946,614,562,1
1764499831958,615,563,1
1764499831961,615,564,1
1764499831961,615,565,1
1764499831966,615,566,1
1764499831966,616,566,1
1764499831966,616,567,1
1764499831966,617,568,1
1764499831979,618,569,1
1764499831979,618,570,1
1764499831979,618,571,1
1764499831987,618,572,1
1764499831991,619,573,1
1764499831996,620,574,1
1764499831996,620,575,1
1764499831996,620,576,1
1764499831996,620,577,1
1764499832008,620,578,1
1764499832008,621,578,1
1764499832008,622,578,0
1764499832008,622,580,1
1764499832017,623,581,0
1764499832017,623,582,0
1764499832024,623,584,1
1764499832026,623,585,1
1764499832026,624,586,0
1764499832026,624,587,1
1764499832026,625,588,0
1764499832026,626,589,0
1764499832037,626,590,0
1764499832039,627,592,0
1764499832039,628,593,0
1764499832039,628,594,0
1764499832047,629,595,0
1764499832047,629,597,0
1764499832047,630,598,0
1764499832056,631,600,0
1764499832056,632,602,0
1764499832056,632,604,0
1764499832056,633,604,0
1764499832056,634,606,0
1764499832067,635,608,0
1764499832071,636,610,0
1764499832071,637,612,0
1764499832077,638,614,0
1764499832077,638,615,0
1764499832077,639,617,0
1764499832077,640,618,0
1764499832087,641,620,0
1764499832087,642,622,0
1764499832087,642,624,0
1764499832087,643,625,0
1764499832096,644,626,0
1764499832096,645,628,0
1764499832096,646,630,0
1764499832103,646,631,0
1764499832103,647,632,0
1764499832106,648,634,0
1764499832106,649,635,0
1764499832106,650,637,0
1764499832106,651,639,0
1764499832106,651,640,0
1764499832117,652,642,0
1764499832119,652,644,0
1764499832119,653,646,0
1764499832119,654,647,0
1764499832119,655,649,0
1764499832126,657,651,0
1764499832126,658,653,0
1764499832126,658,654,0
1764499832126,659,657,0
1764499832134,660,659,0
1764499832137,661,660,0
1764499832139,663,665,0
1764499832139,664,666,0
1764499832139,666,669,0
1764499832146,667,671,0
1764499832146,667,674,0
1764499832151,668,675,0
1764499832154,668,677,0
1764499832156,670,680,0
1764499832156,671,682,0
1764499832156,672,684,1
1764499832156,673,686,1
1764499832156,674,688,1
1764499832166,675,690,1
1764499832166,676,692,1
1764499832166,677,693,1
1764499832166,678,695,1
1764499832166,679,697,1
1764499832177,680,700,1
1764499832177,681,701,1
1764499832182,681,703,1
1764499832182,683,705,1
1764499832187,683,706,1
1764499832187,685,709,1
1764499832187,685,711,1
1764499832187,686,711,1
1764499832196,687,713,1
1764499832198,688,714,1
1764499832198,688,716,1
1764499832198,689,716,1
1764499832198,690,718,1
1764499832206,691,719,1
1764499832206,692,720,1
1764499832206,693,721,1
1764499832206,693,723,1
1764499832215,694,723,1
1764499832217,694,724,1
1764499832217,695,725,1
1764499832217,696,725,1
1764499832217,697,727,1
1764499832217,697,728,1
1764499832226,698,728,1
1764499832231,699,729,1
1764499832231,699,730,1
1764499832231,700,731,1
1764499832237,701,731,1
1764499832237,702,732,1
1764499832237,703,733,1
1764499832246,704,733,1
1764499832247,704,734,1
1764499832247,706,734,1
1764499832247,706,735,1
1764499832256,707,735,1
1764499832256,707,736,1
1764499832261,708,736,1
1764499832261,709,736,1
1764499832266,710,736,1
1764499832266,710,737,1
1764499832266,711,738,1
1764499832277,712,738,1
1764499832277,713,738,1
1764499832277,714,739,1
1764499832277,715,739,1
1764499832286,717,740,1
1764499832293,718,741,1
1764499832293,720,741,1
1764499832296,721,741,1
1764499832296,722,741,1
1764499832296,723,741,1
1764499832296,724,742,1
1764499832296,726,743,0
1764499832308,728,743,0
1764499832308,731,744,0
1764499832308,733,744,0
1764499832308,734,744,0
1764499832316,737,745,0
1764499832316,739,745,0
1764499832316,741,746,0
1764499832324,745,747,0
1764499832327,747,747,0
1764499832327,748,747,0
1764499832327,750,748,0
1764499832327,753,749,0
1764499832327,755,750,0
1764499832337,758,750,0
1764499832340,762,753,0
1764499832340,764,753,0
1764499832340,768,753,0
1764499832346,769,754,0
1764499832346,772,755,0
1764499832346,775,756,0
1764499832346,777,756,0
1764499832355,779,757,0
1764499832356,782,758,0
1764499832356,784,759,0
1764499832356,786,760,0
1764499832356,788,761,0
1764499832356,790,761,0
1764499832366,791,761,0
1764499832366,794,762,0
1764499832371,796,763,0
1764499832371,798,764,0
1764499832371,800,764,0
1764499832376,802,765,0
1764499832376,804,766,0
1764499832376,806,766,0
1764499832376,809,767,0
1764499832376,811,767,0
1764499832386,812,768,0
1764499832389,817,769,0
1764499832389,818,770,0
1764499832389,821,770,0
1764499832396,824,771,0
1764499832396,825,772,0
1764499832396,827,773,0
1764499832402,831,774,0
1764499832402,832,774,0
1764499832407,835,775,0
1764499832407,837,775,0
1764499832407,839,775,0
1764499832407,841,776,0
1764499832407,844,777,0
1764499832416,847,778,0
1764499832418,850,779,0
1764499832422,853,780,0
1764499832422,856,781,0
1764499832422,859,782,0
1764499832427,863,783,0
1764499832427,865,785,0
1764499832427,868,785,0
1764499832427,871,787,0
1764499832434,875,787,0
1764499832437,876,788,0
1764499832437,883,790,0
1764499832437,886,791,0
1764499832437,889,792,0
1764499832446,892,792,0
1764499832450,894,793,0
1764499832466,922,800,0
1764499832466,927,801,0
1764499832478,928,802,0
1764499832480,930,803,0
1764499832481,932,803,0
1764499832481,934,803,0
1764499832481,936,804,0
1764499832486,939,804,0
1764499832486,943,805,0
1764499832486,945,805,0
1764499832486,946,805,0
1764499832497,947,805,0
1764499832497,949,805,0
1764499832497,951,805,0
1764499832497,952,806,0
1764499832497,953,806,0
1764499832506,955,806,0
1764499832506,956,806,0
1764499832506,959,806,0
1764499832513,960,807,0
1764499832517,962,808,0
1764499832517,964,808,0
1764499832517,965,808,0
1764499832517,967,808,0
1764499832526,967,809,0
1764499832529,968,809,0
1764499832529,969,809,0
1764499832533,970,809,0
1764499832537,972,810,0
1764499832537,973,811,0
1764499832537,974,811,0
1764499832537,975,811,0
1764499832545,976,811,0
1764499832546,977,812,0
1764499832546,980,813,0
1764499832546,981,813,0
1764499832546,982,813,0
1764499832546,984,814,0
1764499832556,985,815,0
1764499832556,986,815,0
1764499832560,988,815,0
1764499832560,989,816,0
1764499832560,991,816,0
1764499832566,994,818,0
1764499832566,997,818,0
1764499832566,997,819,0
1764499832566,1001,820,0
1764499832566,1002,820,0
1764499832577,1004,821,0
1764499832577,1006,822,0
1764499832577,1008,822,0
1764499832577,1010,823,1
1764499832577,1014,824,1
1764499832586,1015,824,1
1764499832586,1019,825,1
1764499832592,1020,825,1
1764499832595,1022,826,1
1764499832597,1024,826,1
1764499832597,1025,826,1
1764499832597,1028,827,1
1764499832597,1029,828,1
1764499832608,1032,828,1
1764499832608,1033,828,1
1764499832608,1034,829,1
1764499832608,1036,830,1
1764499832608,1037,830,1
1764499832616,1039,831,1
1764499832616,1041,831,1
1764499832624,1043,831,1
1764499832624,1044,832,1
1764499832626,1045,832,1
1764499832626,1047,833,1
1764499832626,1048,834,1
1764499832626,1049,834,1
1764499832626,1051,834,1
1764499832637,1051,835,1
1764499832640,1053,835,1
1764499832640,1054,835,1
1764499832640,1055,835,1
1764499832640,1057,836,1
1764499832647,1058,836,1
1764499832647,1059,836,1
1764499832647,1061,836,1
1764499832647,1062,837,1
1764499832656,1064,837,1
1764499832656,1065,837,1
1764499832656,1067,837,1
1764499832656,1068,838,1
1764499832666,1070,838,1
1764499832666,1071,838,1
1764499832666,1072,838,1
1764499832671,1074,838,1
1764499832676,1075,838,1
1764499832676,1077,838,1
1764499832676,1078,838,1
1764499832676,1081,838,1
1764499832687,1083,838,1
1764499832687,1085,838,1
1764499832687,1086,838,1
1764499832687,1087,838,1
1764499832696,1089,838,1
1764499832696,1091,838,1
1764499832702,1094,838,1
1764499832706,1095,838,1
1764499832706,1096,838,1
1764499832706,1097,838,1
1764499832706,1098,838,1
1764499832706,1099,837,1
1764499832716,1101,837,1
1764499832718,1103,836,1
1764499832718,1105,836,1
1764499832718,1106,836,1
1764499832726,1107,835,1
1764499832726,1108,835,1
1764499832726,1109,834,1
1764499832734,1111,834,1
1764499832737,1112,833,1
1764499832737,1113,831,1
1764499832737,1114,831,1
1764499832737,1116,830,1
1764499832746,1117,829,1
1764499832750,1118,828,1
1764499832750,1120,828,1
1764499832750,1121,827,1
1764499832756,1123,826,1
1764499832756,1124,825,1
1764499832756,1126,824,1
1764499832756,1127,824,1
1764499832766,1128,823,1
1764499832767,1129,822,1
1764499832767,1130,821,1
1764499832767,1132,820,1
1764499832774,1133,820,1
1764499832774,1134,820,1
1764499832777,1135,819,1
1764499832777,1136,818,1
1764499832781,1137,817,1
1764499832781,1139,817,1
1764499832787,1140,816,1
1764499832787,1142,814,1
1764499832787,1144,814,1
1764499832787,1146,814,1
1764499832797,1146,813,1
1764499832797,1148,813,1
1764499832797,1149,813,1
1764499832797,1150,811,1
1764499832806,1152,810,1
1764499832806,1154,809,1
1764499832813,1155,808,1
1764499832813,1156,807,1
1764499832816,1157,807,1
1764499832816,1158,806,1
1764499832816,1160,804,1
1764499832830,1161,802,1
1764499832830,1162,801,1
1764499832833,1163,800,1
1764499832833,1163,799,1
1764499832836,1163,798,1
1764499832837,1164,798,1
1764499832837,1165,797,1
1764499832837,1166,796,1
1764499832845,1166,795,1
1764499832847,1166,794,1
1764499832850,1167,792,1
1764499832852,1168,791,1
1764499832852,1168,790,1
1764499832857,1168,789,1
1764499832857,1169,788,1
1764499832860,1170,787,1
1764499832862,1170,786,1
1764499832864,1171,784,1
1764499832866,1172,783,1
1764499832866,1172,782,1
1764499832866,1172,780,1
1764499832866,1174,778,1
1764499832877,1175,776,1
1764499832879,1176,775,1
1764499832879,1176,774,1
1764499832879,1177,771,1
1764499832886,1179,769,1
1764499832889,1180,766,1
1764499832892,1181,764,1
1764499832892,1182,762,1
1764499832896,1183,761,1
1764499832896,1184,760,1
1764499832896,1184,758,1
1764499832896,1185,757,1
1764499832896,1185,756,1
1764499832906,1186,755,1
1764499832908,1187,754,1
1764499832908,1188,752,1
1764499832912,1188,751,1
1764499832916,1189,749,1
1764499832916,1190,748,1
1764499832916,1191,747,1
1764499832924,1192,744,1
1764499832927,1192,743,1
1764499832927,1194,742,1
1764499832927,1194,741,1
1764499832927,1195,740,1
1764499832937,1195,739,1
1764499832940,1196,736,1
1764499832940,1197,735,1
1764499832940,1198,734,1
1764499832947,1199,733,1
1764499832947,1199,732,1
1764499832947,1200,731,1
1764499832947,1200,730,1
1764499832947,1202,729,1
1764499832957,1202,728,1
1764499832957,1203,727,1
1764499832957,1205,725,1
1764499832957,1206,724,1
1764499832957,1207,723,1
1764499832966,1207,722,1
1764499832966,1208,721,1
1764499832966,1209,720,1
1764499832972,1210,717,1
1764499832977,1211,716,1
1764499832978,1212,715,1
1764499832981,1213,713,1
1764499832981,1214,712,1
1764499832987,1215,710,1
1764499832988,1216,709,1
1764499832988,1217,707,1
1764499832988,1218,707,1
1764499832996,1219,705,1
1764499832996,1219,704,1
1764499833004,1220,703,1
1764499833006,1222,700,1
1764499833006,1223,698,1
1764499833006,1224,697,1
1764499833016,1225,697,1
1764499833020,1226,696,1
1764499833020,1227,694,1
1764499833020,1228,694,1
1764499833026,1229,693,1
1764499833026,1230,692,1
1764499833026,1231,691,1
1764499833038,1233,689,1
1764499833038,1234,689,1
1764499833038,1235,689,1
1764499833046,1236,687,1
1764499833046,1237,686,1
1764499833053,1238,686,1
1764499833053,1239,686,1
1764499833057,1240,685,1
1764499833057,1241,685,1
1764499833057,1241,684,1
1764499833057,1242,684,1
1764499833057,1243,684,1
1764499833067,1244,683,1
1764499833067,1244,682,1
1764499833067,1245,682,1
1764499833073,1247,681,1
1764499833076,1248,680,1
1764499833076,1249,679,1
1764499833084,1251,678,1
1764499833087,1252,678,1
1764499833087,1252,677,1
1764499833087,1253,675,1
1764499833087,1254,675,1
1764499833087,1255,675,1
1764499833097,1255,674,1
1764499833098,1256,673,1
1764499833098,1258,672,1
1764499833098,1260,670,1
1764499833107,1260,669,1
1764499833110,1261,668,1
1764499833110,1262,667,1
1764499833114,1262,666,1
1764499833117,1263,665,1
1764499833117,1263,664,1
1764499833117,1265,662,1
1764499833117,1266,662,1
1764499833117,1266,661,1
1764499833127,1266,660,1
1764499833127,1267,658,1
1764499833130,1268,657,1
1764499833130,1269,656,1
1764499833136,1269,653,1
1764499833138,1270,651,1
1764499833138,1271,650,1
1764499833147,1272,648,1
1764499833147,1272,647,1
1764499833147,1272,646,1
1764499833147,1273,644,1
1764499833157,1273,642,1
1764499833157,1273,640,1
1764499833157,1274,639,1
1764499833163,1274,637,1
1764499833163,1274,635,1
1764499833166,1274,634,1
1764499833168,1275,632,1
1764499833170,1275,631,1
1764499833170,1275,629,1
1764499833170,1276,627,1
1764499833177,1276,625,1
1764499833177,1276,623,1
1764499833177,1276,621,1
1764499833177,1276,619,1
1764499833177,1277,617,1
1764499833187,1277,615,1
1764499833187,1277,612,1
1764499833192,1278,610,1
1764499833192,1278,609,1
1764499833197,1278,607,1
1764499833197,1278,604,1
1764499833208,1278,602,1
1764499833212,1278,600,1
1764499833214,1278,599,1
1764499833217,1278,598,1
1764499833217,1279,598,1
1764499833217,1279,597,1
1764499833224,1279,596,1
1764499833227,1279,594,1
1764499833227,1280,593,1
1764499833227,1280,592,1
1764499833227,1280,591,1
1764499833237,1280,590,1
1764499833240,1280,589,1
1764499833240,1280,588,1
1764499833240,1280,587,1
1764499833247,1280,585,1
1764499833249,1280,584,1
1764499833251,1280,583,1
1764499833251,1280,581,1
1764499833255,1281,580,1
1764499833258,1281,578,1
1764499833258,1281,576,1
1764499833258,1281,573,0
1764499833267,1281,570,0
1764499833267,1281,569,0
1764499833273,1281,565,0
1764499833275,1281,563,0
1764499833277,1281,561,0
1764499833279,1281,560,0
1764499833281,1281,558,0
1764499833283,1281,555,0
1764499833286,1281,552,0
1764499833290,1281,551,0
1764499833290,1281,549,0
1764499833292,1281,548,0
1764499833294,1281,547,0
1764499833296,1281,545,0
1764499833299,1282,545,0
1764499833301,1282,543,0
1764499833302,1282,541,0
1764499833307,1283,538,0
1764499833307,1283,536,0
1764499833307,1283,535,0
1764499833307,1283,533,0
1764499833307,1283,532,0
1764499833318,1283,529,0
1764499833318,1284,528,0
1764499833318,1284,526,0
1764499833318,1284,525,0
1764499833327,1284,523,0
1764499833327,1284,522,0
1764499833327,1284,521,0
1764499833334,1285,519,0
1764499833336,1285,518,0
1764499833338,1285,515,0
1764499833338,1285,513,0
1764499833338,1285,512,0
1764499833346,1286,511,0
1764499833350,1286,510,0
1764499833350,1286,509,0
1764499833354,1287,508,0
1764499833357,1287,506,0
1764499833357,1287,504,0
1764499833357,1287,503,0
1764499833357,1287,502,0
1764499833357,1287,501,0
1764499833367,1287,500,0
1764499833369,1288,499,0
1764499833369,1288,497,0
1764499833374,1288,495,0
1764499833376,1289,493,0
1764499833381,1289,491,0
1764499833383,1289,490,0
1764499833383,1290,489,0
1764499833387,1290,487,0
1764499833387,1290,484,0
1764499833387,1290,483,0
1764499833387,1290,482,0
1764499833398,1290,480,0
1764499833398,1290,478,0
1764499833398,1291,476,0
1764499833411,1291,472,0
1764499833413,1292,470,0
1764499833417,1292,468,0
1764499833417,1293,465,1
1764499833429,1293,463,1
1764499833429,1293,462,1
1764499833429,1293,460,1
1764499833436,1293,459,1
1764499833438,1293,458,1
1764499833438,1293,456,1
1764499833447,1293,454,1
1764499833447,1293,452,1
1764499833447,1293,451,1
1764499833447,1293,450,1
1764499833456,1293,448,1
1764499833456,1293,446,1
1764499833476,1293,438,1
1764499833476,1293,437,1
1764499833476,1293,435,1
1764499833476,1293,433,1
1764499833476,1293,432,1
1764499833487,1293,429,1
1764499833487,1293,427,1
1764499833487,1293,426,1
1764499833492,1293,424,1
1764499833492,1293,422,1
1764499833496,1293,421,1
1764499833496,1293,419,1
1764499833496,1293,418,1
1764499833496,1293,416,1
1764499833496,1292,414,1
1764499833508,1292,413,1
1764499833508,1292,411,1
1764499833508,1292,410,1
1764499833508,1291,409,1
1764499833508,1291,407,1
1764499833517,1291,406,1
1764499833517,1290,404,1
1764499833517,1290,402,1
1764499833523,1290,401,1
1764499833523,1290,399,1
1764499833526,1289,398,1
1764499833526,1289,396,1
1764499833526,1289,395,1
1764499833536,1289,393,1
1764499833539,1289,392,1
1764499833539,1288,392,1
1764499833539,1288,391,1
1764499833539,1287,390,1
1764499833547,1287,389,1
1764499833547,1286,387,1
1764499833547,1286,386,1
1764499833555,1286,383,1
1764499833557,1285,382,1
1764499833559,1285,380,1
1764499833560,1285,378,1
1764499833560,1284,377,1
1764499833560,1284,376,1
1764499833566,1283,374,1
1764499833566,1282,373,1
1764499833570,1282,371,1
1764499833570,1281,370,1
1764499833570,1281,369,1
1764499833576,1281,367,1
1764499833576,1280,365,1
1764499833576,1279,365,1
1764499833576,1279,363,1
1764499833576,1278,361,1
1764499833587,1277,360,1
1764499833587,1277,358,1
1764499833587,1276,356,1
1764499833587,1276,355,1
1764499833587,1276,353,1
1764499833597,1274,350,1
1764499833597,1273,348,1
1764499833602,1273,346,1
1764499833604,1272,345,1
1764499833607,1271,343,1
1764499833608,1270,341,1
1764499833610,1270,340,1
1764499833610,1270,339,1
1764499833610,1269,337,1
1764499833616,1269,336,1
1764499833618,1269,334,1
1764499833618,1268,333,1
1764499833618,1268,331,1
1764499833618,1267,330,1
1764499833627,1267,329,1
1764499833627,1267,327,1
1764499833627,1266,325,1
1764499833627,1265,325,1
1764499833634,1265,324,1
1764499833637,1263,322,1
1764499833639,1262,318,1
1764499833639,1262,317,1
1764499833647,1261,316,1
1764499833647,1260,314,1
1764499833650,1260,313,1
1764499833650,1259,311,1
1764499833650,1258,310,1
1764499833657,1257,309,1
1764499833657,1256,306,1
1764499833657,1256,305,1
1764499833657,1253,302,1
1764499833667,1252,300,1
1764499833668,1252,299,1
1764499833670,1251,297,1
1764499833670,1250,295,1
1764499833670,1249,294,1
1764499833677,1248,292,1
1764499833677,1246,290,1
1764499833681,1245,288,1
1764499833681,1244,287,1
1764499833687,1242,284,1
1764499833687,1241,283,1
1764499833687,1239,281,1
1764499833687,1239,279,1
1764499833687,1238,278,1
1764499833697,1236,277,1
1764499833697,1235,275,1
1764499833697,1233,273,1
1764499833697,1231,272,1
1764499833697,1231,270,1
1764499833707,1229,269,1
1764499833707,1228,267,1
1764499833707,1227,266,1
1764499833712,1226,265,1
1764499833712,1225,263,1
1764499833717,1223,263,1
1764499833717,1222,261,1
1764499833717,1220,260,1
1764499833717,1220,259,1
1764499833726,1219,259,1
1764499833729,1219,258,1
1764499833731,1218,258,1
1764499833732,1217,257,1
1764499833732,1217,256,1
1764499833736,1216,256,1
1764499833739,1215,256,1
1764499833739,1214,255,1
1764499833744,1214,254,1
1764499833747,1213,254,1
1764499833747,1213,253,1
1764499833747,1212,253,1
1764499833757,1212,252,1
1764499833760,1212,251,1
1764499833781,1211,250,1
1764499835707,1211,248,1
1764499835709,1210,248,1
1764499835709,1209,247,1
1764499835709,1209,246,1
1764499835717,1209,245,1
1764499835717,1209,244,1
1764499835717,1208,243,1
1764499835729,1206,241,1
1764499835730,1206,240,1
1764499835731,1205,240,1
1764499835731,1204,238,1
1764499835731,1204,236,1
1764499835737,1202,235,1
1764499835737,1200,234,1
1764499835740,1200,233,1
1764499835740,1198,231,1
1764499835740,1197,231,1
1764499835747,1196,229,1
1764499835749,1195,227,1
1764499835749,1193,226,1
1764499835749,1192,225,1
1764499835756,1190,224,1
1764499835757,1189,222,1
1764499835757,1187,221,1
1764499835757,1185,219,1
1764499835757,1183,217,1
1764499835767,1181,216,1
1764499835772,1178,214,1
1764499835772,1176,213,1
1764499835775,1173,212,1
1764499835777,1173,210,1
1764499835780,1171,209,1
1764499835780,1169,208,1
1764499835780,1166,207,1
1764499835780,1165,205,1
1764499835788,1164,203,1
1764499835788,1161,203,1
1764499835788,1159,201,1
1764499835788,1156,200,1
1764499835788,1155,199,1
1764499835797,1153,198,1
1764499835797,1151,197,1
1764499835797,1149,196,1
1764499835804,1147,194,1
1764499835804,1145,192,1
1764499835807,1143,192,1
1764499835807,1142,191,1
1764499835807,1139,190,1
1764499835807,1136,188,1
1764499835807,1134,187,1
1764499835817,1133,186,1
1764499835820,1128,184,1
1764499835820,1126,182,1
1764499835820,1124,181,1
1764499835827,1122,180,1
1764499835827,1119,178,1
1764499835827,1117,177,1
1764499835827,1116,176,1
1764499835836,1115,176,1
1764499835837,1111,174,1
1764499835837,1110,173,1
1764499835837,1107,173,1
1764499835837,1106,171,1
1764499835837,1104,171,1
1764499835847,1102,169,1
1764499835849,1100,169,1
1764499835852,1098,168,1
1764499835852,1096,167,1
1764499835852,1095,166,1
1764499835857,1093,165,1
1764499835859,1092,165,1
1764499835859,1090,164,1
1764499835859,1087,163,1
1764499835859,1086,162,1
1764499835867,1085,161,1
1764499835867,1082,160,1
1764499835867,1080,160,1
1764499835867,1079,159,1
1764499835877,1077,159,1
1764499835877,1076,158,1
1764499835877,1075,157,1
1764499835883,1073,157,1
1764499835883,1072,157,1
1764499835887,1071,156,1
1764499835887,1070,156,1
1764499835887,1068,156,1
1764499835887,1068,155,1
1764499835887,1066,155,1
1764499835897,1065,155,1
1764499835899,1062,155,1
1764499835899,1062,154,1
1764499835899,1060,153,1
1764499835907,1058,153,1
1764499835907,1058,152,1
1764499835907,1056,152,1
1764499835907,1055,152,1
1764499835917,1053,150,1
1764499835917,1051,150,1
1764499835917,1050,149,1
1764499835917,1049,149,1
1764499835927,1048,149,1
1764499835927,1046,148,1
1764499835931,1045,147,1
1764499835931,1044,147,1
1764499835937,1042,146,1
1764499835937,1041,146,1
1764499835937,1040,145,1
1764499835937,1039,145,1
1764499835946,1038,144,1
1764499835947,1037,143,1
1764499835949,1035,143,1
1764499835949,1034,143,1
1764499835949,1033,142,1
1764499835949,1031,142,1
1764499835957,1029,141,1
1764499835957,1028,140,1
1764499835962,1026,140,1
1764499835962,1024,139,1
1764499835962,1023,138,1
1764499835967,1020,138,1
1764499835967,1017,137,1
1764499835967,1015,136,1
1764499835967,1013,135,1
1764499835978,1012,135,1
1764499835978,1009,134,1
1764499835981,1007,134,1
1764499835983,1006,134,1
1764499835987,1001,132,1
1764499835987,1000,132,1
1764499835987,998,131,1
1764499835994,996,131,1
1764499835994,994,131,1
1764499835997,992,130,1
1764499835997,990,129,1
1764499835997,987,129,1
1764499835997,986,128,1
1764499835997,984,128,1
1764499836007,981,127,1
1764499836010,980,127,1
1764499836012,978,126,1
1764499836014,976,125,1
1764499836016,975,125,1
1764499836017,973,125,1
1764499836017,968,124,1
1764499836017,966,124,1
1764499836026,964,124,1
1764499836027,962,124,1
1764499836027,960,124,1
1764499836027,959,124,1
1764499836027,956,124,1
1764499836027,954,124,1
1764499836037,953,123,1
1764499836037,951,123,1
1764499836041,948,123,1
1764499836044,947,123,1
1764499836044,945,123,1
1764499836047,943,123,1
1764499836049,941,123,1
1764499836049,939,123,1
1764499836049,938,123,1
1764499836049,936,123,1
1764499836058,935,123,1
1764499836058,933,123,1
1764499836058,930,123,1
1764499836058,929,123,1
1764499836058,927,123,1
1764499836067,925,123,1
1764499836067,921,123,1
1764499836073,919,123,1
1764499836073,917,123,1
1764499836077,914,123,1
1764499836077,913,123,1
1764499836077,911,123,1
1764499836077,909,123,1
1764499836077,908,123,1
1764499836087,905,123,1
1764499836089,902,124,1
1764499836092,900,124,1
1764499836092,898,124,1
1764499836092,895,124,1
1764499836097,894,124,1
1764499836097,892,124,1
1764499836097,890,124,1
1764499836105,885,124,1
1764499836107,884,124,1
1764499836110,882,124,1
1764499836110,879,124,1
1764499836110,878,124,1
1764499836110,875,125,1
1764499836117,873,125,1
1764499836120,870,125,1
1764499836120,867,125,1
1764499836120,866,125,1
1764499836127,864,126,1
1764499836127,863,126,1
1764499836127,860,126,1
1764499836127,858,126,1
1764499836139,855,127,1
1764499836139,853,127,1
1764499836141,851,127,1
1764499836143,849,128,1
1764499836143,846,128,1
1764499836147,845,129,1
1764499836149,842,129,1
1764499836149,840,130,1
1764499836154,835,131,1
1764499836157,833,131,1
1764499836157,831,132,1
1764499836157,829,132,1
1764499836157,826,133,1
1764499836157,823,133,1
1764499836168,821,133,1
1764499836168,816,135,1
1764499836174,814,135,1
1764499836176,811,136,1
1764499836178,808,137,1
1764499836178,806,137,1
1764499836178,805,137,1
1764499836184,803,139,1
1764499836187,799,140,1
1764499836187,797,140,1
1764499836187,795,140,1
1764499836187,794,140,1
1764499836187,792,141,1
1764499836197,790,142,1
1764499836200,788,143,1
1764499836200,787,143,1
1764499836200,785,144,1
1764499836207,783,144,1
1764499836207,781,146,1
1764499836207,780,146,1
1764499836217,778,146,1
1764499836217,777,147,1
1764499836217,775,148,1
1764499836217,774,148,1
1764499836217,771,149,1
1764499836227,770,150,1
1764499836231,769,151,1
1764499836231,767,151,1
1764499836237,765,152,1
1764499836237,765,153,1
1764499836237,763,154,1
1764499836237,762,154,1
1764499836237,761,155,1
1764499836247,759,155,1
1764499836250,758,156,1
1764499836250,757,157,1
1764499836250,756,158,1
1764499836250,754,158,1
1764499836257,752,160,1
1764499836257,751,160,1
1764499836264,751,161,1
1764499836266,749,162,1
1764499836267,748,162,1
1764499836267,746,163,1
1764499836267,745,164,1
1764499836267,744,164,1
1764499836278,742,165,1
1764499836282,740,167,1
1764499836282,739,168,1
1764499836287,736,169,1
1764499836287,735,170,1
1764499836294,733,171,1
1764499836294,733,172,1
1764499836297,732,172,1
1764499836297,731,173,1
1764499836297,731,174,1
1764499836297,729,175,1
1764499836297,728,175,1
1764499836307,728,176,1
1764499836310,727,177,1
1764499836310,726,177,1
1764499836310,724,178,1
1764499836310,724,179,1
1764499836317,723,180,1
1764499836317,722,182,1
1764499836317,720,183,1
1764499836326,719,183,1
1764499836327,719,184,1
1764499836327,717,185,1
1764499836327,715,186,1
1764499836327,715,187,1
1764499836337,713,189,1
1764499836337,713,190,1
1764499836341,712,190,1
1764499836341,711,191,1
1764499836341,710,192,1
1764499836347,709,193,1
1764499836350,708,194,1
1764499836350,707,195,1
1764499836350,706,196,1
1764499836350,705,196,1
1764499836357,705,198,1
1764499836360,704,199,1
1764499836360,702,199,1
1764499836360,702,201,1
1764499836360,701,202,1
1764499836367,700,203,1
1764499836367,699,204,1
1764499836367,699,205,1
1764499836377,696,207,1
1764499836377,696,208,1
1764499836377,695,209,1
1764499836377,694,211,1
1764499836377,692,213,1
1764499836389,690,215,1
1764499836389,690,216,1
1764499836389,690,218,1
1764499836389,689,218,1
1764499836389,688,219,1
1764499836397,687,220,1
1764499836397,687,221,1
1764499836397,686,223,1
1764499836406,684,225,1
1764499836408,684,226,1
1764499836409,683,227,1
1764499836409,681,227,1
1764499836409,681,229,1
1764499836409,679,231,1
1764499836417,678,231,1
1764499836420,676,234,1
1764499836420,675,234,1
1764499836420,673,235,1
1764499836427,672,236,1
1764499836427,672,237,1
1764499836427,671,239,1
1764499836427,669,240,1
1764499836437,668,241,1
1764499836437,667,243,1
1764499836437,665,244,1
1764499836437,664,246,1
1764499836447,663,247,1
1764499836452,661,249,1
1764499836452,659,251,1
1764499836457,659,252,1
1764499836457,658,253,1
1764499836457,657,254,1
1764499836457,656,255,1
1764499836457,656,256,1
1764499836467,656,257,1
1764499836467,655,258,1
1764499836467,654,259,1
1764499836467,653,260,1
1764499836467,653,261,1
1764499836477,652,262,1
1764499836477,650,264,1
1764499836477,650,265,1
1764499836483,649,265,1
1764499836487,648,267,1
1764499836487,646,268,1
1764499836487,646,269,1
1764499836487,646,270,1
1764499836487,645,271,1
1764499836497,644,272,1
1764499836517,638,281,1
1764499836517,637,282,1
1764499836517,637,284,1
1764499836517,636,284,1
1764499836517,635,286,1
1764499836527,634,287,1
1764499836530,634,289,1
1764499836530,633,290,1
1764499836537,632,292,1
1764499836537,631,292,1
1764499836537,631,293,1
1764499836537,630,295,1
1764499836548,629,297,1
1764499836550,628,298,1
1764499836550,628,299,1
1764499836550,627,300,1
1764499836550,627,302,1
1764499836557,626,302,1
1764499836557,625,304,1
1764499836562,625,305,1
1764499836562,625,306,1
1764499836562,624,307,1
1764499836567,623,308,1
1764499836567,623,310,1
1764499836567,622,311,1
1764499836567,621,313,1
1764499836577,621,314,1
1764499836577,620,316,1
1764499836577,619,317,1
1764499836577,619,318,1
1764499836587,617,321,1
1764499836587,616,323,1
1764499836593,616,325,1
1764499836593,615,326,1
1764499836597,613,327,1
1764499836597,613,329,1
1764499836597,611,330,1
1764499836597,611,331,1
1764499836597,611,332,1
1764499836607,610,334,1
1764499836610,610,335,1
1764499836612,609,336,1
1764499836614,607,337,1
1764499836614,607,339,1
1764499836617,607,341,1
1764499836621,607,342,1
1764499836621,606,344,1
1764499836621,605,345,1
1764499836625,604,346,1
1764499836627,604,348,1
1764499836627,604,349,1
1764499836627,604,350,1
1764499836627,603,352,1
1764499836637,602,355,1
1764499836640,602,356,1
1764499836640,601,358,1
1764499836640,601,360,1
1764499836647,599,361,1
1764499836650,599,363,1
1764499836650,599,364,1
1764499836650,599,365,1
1764499836657,599,366,1
1764499836657,599,367,1
1764499836660,599,368,1
1764499836660,599,370,1
1764499836667,599,372,1
1764499836667,599,374,1
1764499836672,599,375,1
1764499836674,599,377,1
1764499836677,599,379,1
1764499836677,599,381,1
1764499836677,598,382,1
1764499836687,598,384,1
1764499836687,598,385,1
1764499836687,598,387,1
1764499836687,598,388,1
1764499836697,598,390,1
1764499836703,598,391,1
1764499836703,598,393,1
1764499836707,598,394,1
1764499836707,598,396,1
1764499836717,598,397,1
1764499836719,598,399,1
1764499836722,598,401,1
1764499836722,598,402,1
1764499836727,598,404,1
1764499836727,598,405,1
1764499836734,598,407,1
1764499836737,598,408,1
1764499836740,598,409,1
1764499836740,598,411,1
1764499836740,599,411,1
1764499836740,599,412,1
1764499836751,599,414,1
1764499836751,599,415,1
1764499836751,599,416,1
1764499836757,599,418,1
1764499836757,599,419,1
1764499836767,599,420,1
1764499836767,599,421,1
1764499836767,599,422,1
1764499836767,599,423,1
1764499836767,599,424,1
1764499836777,599,425,1
1764499836777,599,426,1
1764499836782,599,427,1
1764499836782,599,428,1
1764499836787,599,430,1
1764499836787,599,432,1
1764499836797,599,434,1
1764499836797,599,435,1
1764499836797,599,436,1
1764499836797,599,438,1
1764499836807,599,439,1
1764499836807,599,440,1
1764499836813,599,441,1
1764499836817,599,443,1
1764499836817,599,444,1
1764499836817,599,445,1
1764499836817,599,446,1
1764499836827,599,447,1
1764499836829,599,449,1
1764499836837,599,453,1
1764499836837,599,454,1
1764499836844,599,456,1
1764499836844,599,457,1
1764499836847,599,458,1
1764499836850,599,459,1
1764499836850,600,461,1
1764499836850,600,462,1
1764499836850,600,463,1
1764499836857,600,465,1
1764499836860,601,466,1
1764499836860,601,467,1
1764499836860,601,469,1
1764499836867,601,471,1
1764499836867,601,472,1
1764499836867,601,473,1
1764499836867,601,474,1
1764499836877,601,475,1
1764499836877,601,476,1
1764499836877,601,478,1
1764499836877,601,480,1
1764499836887,601,482,1
1764499836887,601,483,1
1764499836891,601,485,1
1764499836891,601,487,1
1764499836897,601,488,1
1764499836897,601,491,1
1764499836897,601,492,1
1764499836908,601,493,1
1764499836911,601,495,1
1764499836911,601,497,1
1764499836911,601,498,1
1764499836911,601,500,1
1764499836917,601,501,1
1764499836917,601,503,1
1764499836917,601,504,1
1764499836923,601,506,1
1764499836923,601,508,1
1764499836928,601,509,1
1764499836928,601,511,1
1764499836928,601,512,1
1764499836928,601,515,1
1764499836937,601,517,1
1764499836937,602,518,1
1764499836939,602,520,1
1764499836939,602,522,1
1764499836939,603,523,1
1764499836939,603,526,1
1764499836947,603,528,1
1764499836947,604,530,1
1764499836955,604,533,1
1764499836955,604,535,1
1764499836957,604,537,1
1764499836957,604,538,1
1764499836957,605,540,1
1764499836957,605,542,1
1764499836957,605,543,1
1764499836967,606,546,1
1764499836970,606,547,1
1764499836970,606,548,1
1764499836970,607,550,1
1764499836970,607,552,1
1764499836977,607,553,1
1764499836977,608,555,1
1764499836977,608,556,1
1764499836977,609,557,1
1764499836987,609,559,1
1764499836987,609,561,1
1764499836987,610,562,1
1764499836987,610,563,1
1764499836987,610,565,1
1764499836997,611,566,1
1764499836997,612,567,1
1764499837002,613,570,1
1764499837002,613,572,1
1764499837007,614,574,1
1764499837007,614,575,1
1764499837007,615,576,1
1764499837007,616,578,1
1764499837007,617,580,1
1764499837018,617,582,1
1764499837018,618,583,1
1764499837018,619,584,1
1764499837018,619,586,1
1764499837027,620,586,1
1764499837027,620,587,1
1764499837027,620,589,1
1764499837033,621,589,1
1764499837037,622,590,1
1764499837037,622,592,1
1764499837037,623,592,1
1764499837037,623,593,1
1764499837037,623,595,1
1764499837051,624,597,1
1764499837052,625,599,1
1764499837052,625,600,1
1764499837057,626,601,1
1764499837057,627,601,1
1764499837057,627,603,1
1764499837064,628,603,1
1764499837064,628,604,1
1764499837067,628,605,1
1764499837067,629,606,1
1764499837067,630,607,1
1764499837067,631,608,1
1764499837067,631,609,1
1764499837081,632,610,1
1764499837081,633,612,1
1764499837087,635,613,0
1764499837087,635,614,0
1764499837087,635,615,0
1764499837087,636,615,0
1764499837087,636,616,0
1764499837097,637,618,0
1764499837097,638,619,0
1764499837097,639,621,0
1764499837097,640,622,0
1764499837107,640,623,0
1764499837107,641,624,0
1764499837112,642,625,0
1764499837112,642,626,0
1764499837112,644,626,0
1764499837117,644,628,0
1764499837117,645,629,0
1764499837117,645,630,0
1764499837117,646,631,0
1764499837117,647,632,0
1764499837128,647,633,0
1764499837128,647,634,0
1764499837128,649,635,0
1764499837128,650,636,0
1764499837137,650,638,0
1764499837137,651,640,0
1764499837137,651,642,0
1764499837143,652,642,0
1764499837143,653,643,0
1764499837147,654,645,0
1764499837147,654,646,0
1764499837151,655,649,0
1764499837151,656,650,0
1764499837157,657,652,0
1764499837159,658,652,0
1764499837162,659,654,0
1764499837162,660,656,0
1764499837162,661,658,0
1764499837167,662,659,0
1764499837167,662,661,0
1764499837171,664,663,0
1764499837171,665,665,0
1764499837175,665,666,0
1764499837177,666,668,0
1764499837177,667,670,0
1764499837177,669,671,0
1764499837177,670,674,0
1764499837187,672,675,0
1764499837187,672,677,0
1764499837190,673,678,0
1764499837190,675,680,0
1764499837190,676,682,0
1764499837190,678,685,0
1764499837197,679,686,0
1764499837197,680,688,0
1764499837197,682,692,0
1764499837207,683,694,0
1764499837207,684,695,0
1764499837207,685,698,0
1764499837207,686,698,0
1764499837207,687,700,0
1764499837207,688,702,0
1764499837217,689,704,0
1764499837221,690,704,0
1764499837222,690,706,0
1764499837224,691,708,0
1764499837226,691,709,1
1764499837227,691,710,1
1764499837227,692,711,1
1764499837227,693,712,1
1764499837227,694,714,1
1764499837237,694,715,1
1764499837237,695,716,1
1764499837237,695,717,1
1764499837237,696,717,1
1764499837237,697,719,1
1764499837237,697,721,1
1764499837251,698,723,1
1764499837253,700,724,1
1764499837253,700,725,1
1764499837257,700,727,1
1764499837257,701,727,1
1764499837257,702,729,1
1764499837257,702,730,1
1764499837257,703,731,1
1764499837269,703,732,1
1764499837269,703,733,1
1764499837269,704,734,1
1764499837269,705,734,1
1764499837269,706,736,1
1764499837277,706,738,1
1764499837285,707,738,1
1764499837287,707,739,1
1764499837287,708,740,1
1764499837290,709,740,1
1764499837290,709,741,1
1764499837290,709,742,1
1764499837290,709,743,1
1764499837301,710,743,1
1764499837301,710,744,1
1764499837301,711,744,1
1764499837307,711,745,1
1764499837307,712,746,1
1764499837307,712,747,1
1764499837307,713,748,1
1764499837317,714,749,1
1764499837317,714,750,1
1764499837317,715,751,1
1764499837317,716,751,1
1764499837327,717,753,1
1764499837327,717,755,1
1764499837333,718,755,1
1764499837337,719,757,1
1764499837337,721,758,1
1764499837337,721,760,1
1764499837337,722,762,1
1764499837337,723,762,1
1764499837347,725,763,1
1764499837351,726,765,1
1764499837351,727,767,1
1764499837357,729,767,1
1764499837357,729,769,1
1764499837361,730,770,1
1764499837366,731,771,1
1764499837368,732,772,1
1764499837371,733,773,1
1764499837371,734,774,1
1764499837371,735,775,1
1764499837371,735,776,1
1764499837377,736,777,1
1764499837381,737,777,1
1764499837381,738,778,1
1764499837384,739,779,1
1764499837387,742,780,1
1764499837387,744,781,1
1764499837387,745,781,1
1764499837397,746,782,1
1764499837397,748,783,1
1764499837397,750,784,1
1764499837397,752,784,1
1764499837397,754,785,1
1764499837407,755,786,1
1764499837407,756,787,1
1764499837412,758,787,1
1764499837412,760,788,1
1764499837412,762,789,1
1764499837417,764,790,1
1764499837417,766,790,1
1764499837417,768,791,1
1764499837417,770,792,1
1764499837417,772,792,1
1764499837427,775,793,1
1764499837427,777,794,1
1764499837427,779,794,1
1764499837427,782,794,1
1764499837437,784,795,1
1764499837437,787,795,1
1764499837437,789,796,1
1764499837437,792,797,1
1764499837444,795,798,1
1764499837444,796,798,1
1764499837447,800,799,1
1764499837447,802,799,1
1764499837451,807,800,1
1764499837451,810,801,1
1764499837457,813,802,1
1764499837459,815,802,1
1764499837459,822,802,0
1764499837459,824,803,0
1764499837459,827,803,0
1764499837467,831,804,0
1764499837467,834,804,0
1764499837467,836,804,0
1764499837467,839,804,0
1764499837475,842,805,0
1764499837477,844,805,0
1764499837477,847,805,0
1764499837477,850,806,0
1764499837477,853,806,0
1764499837477,856,806,0
1764499837487,859,806,0
1764499837491,862,806,0
1764499837492,864,807,0
1764499837494,868,807,0
1764499837494,871,808,0
1764499837497,874,808,0
1764499837497,876,809,0
1764499837497,880,809,0
1764499837497,882,809,0
1764499837524,910,812,0
1764499837526,912,812,0
1764499837529,915,813,0
1764499837529,918,813,0
1764499837531,920,813,0
1764499837531,922,813,0
1764499837537,925,813,0
1764499837538,926,814,0
1764499837538,929,814,0
1764499837538,931,814,0
1764499837538,933,814,0
1764499837538,935,814,0
1764499837547,938,814,0
1764499837547,939,815,0
1764499837554,944,815,0
1764499837556,946,815,0
1764499837558,948,815,0
1764499837560,951,815,0
1764499837560,952,815,0
1764499837560,955,815,0
1764499837560,956,815,0
1764499837567,958,815,0
1764499837570,962,815,0
1764499837570,965,816,0
1764499837570,967,816,0
1764499837577,968,816,0
1764499837577,973,817,0
1764499837577,974,817,0
1764499837586,977,817,0
1764499837587,979,817,0
1764499837587,980,817,0
1764499837587,982,817,0
1764499837587,984,817,0
1764499837587,986,817,0
1764499837597,989,817,0
1764499837597,990,817,0
1764499837601,995,818,0
1764499837601,996,818,0
1764499837607,999,819,0
1764499837607,1001,819,0
1764499837607,1003,819,0
1764499837607,1005,820,0
1764499837607,1008,820,0
1764499837618,1009,820,0
1764499837618,1012,821,0
1764499837618,1015,821,0
1764499837618,1016,822,1
1764499837618,1019,822,1
1764499837627,1022,823,1
1764499837627,1023,823,1
1764499837627,1026,823,1
1764499837633,1028,823,1
1764499837637,1033,823,1
1764499837637,1036,824,1
1764499837637,1037,824,1
1764499837637,1040,825,1
1764499837647,1043,826,1
1764499837649,1046,826,1
1764499837651,1048,826,1
1764499837651,1049,827,1
1764499837651,1051,827,1
1764499837657,1054,827,1
1764499837657,1054,828,1
1764499837657,1057,828,1
1764499837657,1058,828,1
1764499837664,1060,828,1
1764499837668,1064,829,1
1764499837668,1066,829,1
1764499837668,1068,829,1
1764499837668,1069,829,1
1764499837677,1072,829,1
1764499837677,1074,829,1
1764499837681,1075,829,1
1764499837681,1077,829,1
1764499837681,1078,830,1
1764499837687,1080,830,1
1764499837687,1084,831,1
1764499837687,1086,831,1
1764499837687,1088,831,1
1764499837697,1089,831,1
1764499837697,1091,832,1
1764499837697,1093,833,1
1764499837697,1094,833,1
1764499837697,1096,833,1
1764499837707,1097,833,1
1764499837707,1099,833,1
1764499837712,1101,834,1
1764499837712,1103,834,1
1764499837717,1105,834,1
1764499837717,1106,834,1
1764499837717,1108,834,1
1764499837717,1109,834,1
1764499837717,1111,834,1
1764499837727,1113,834,1
1764499837728,1114,835,1
1764499837728,1116,835,1
1764499837728,1118,835,1
1764499837728,1119,835,1
1764499837737,1121,836,0
1764499837737,1122,836,0
1764499837737,1123,836,0
1764499837737,1125,836,0
1764499837745,1126,836,0
1764499837747,1128,836,0
1764499837747,1129,836,0
1764499837752,1131,836,0
1764499837752,1133,836,0
1764499837757,1136,836,0
1764499837759,1137,836,0
1764499837760,1139,837,0
1764499837760,1141,837,0
1764499837760,1142,837,0
1764499837760,1143,837,0
1764499837767,1145,837,0
1764499837767,1148,837,0
1764499837778,1151,837,0
1764499837781,1152,837,0
1764499837781,1154,837,0
1764499837787,1156,837,0
1764499837787,1157,837,0
1764499837791,1158,837,0
1764499837791,1159,837,0
1764499837791,1160,837,0
1764499837797,1162,837,0
1764499837797,1163,836,0
1764499837797,1164,836,0
1764499837797,1165,836,0
1764499837797,1166,836,0
1764499837808,1167,835,0
1764499837808,1169,835,0
1764499837808,1170,834,0
1764499837808,1171,833,0
1764499837817,1173,833,0
1764499837817,1175,833,0
1764499837823,1176,832,0
1764499837823,1176,831,0
1764499837827,1177,831,0
1764499837827,1179,831,0
1764499837827,1179,830,0
1764499837827,1181,829,0
1764499837837,1182,828,0
1764499837838,1183,828,0
1764499837838,1184,827,0
1764499837838,1185,826,0
1764499837838,1185,825,0
1764499837847,1186,825,0
1764499837847,1187,825,0
1764499837852,1187,824,0
1764499837852,1188,823,0
1764499837854,1189,823,0
1764499837857,1189,822,0
1764499837857,1190,821,0
1764499837857,1190,820,0
1764499837857,1191,820,0
1764499837857,1192,818,0
1764499837867,1193,816,0
1764499837870,1194,814,0
1764499837870,1194,813,0
1764499837877,1196,812,0
1764499837877,1197,811,0
1764499837877,1197,810,0
1764499837886,1197,809,0
1764499837887,1197,808,0
1764499837887,1199,807,0
1764499837887,1199,806,0
1764499837887,1200,805,0
1764499837887,1200,803,0
1764499837897,1201,802,0
1764499837897,1202,800,0
1764499837902,1202,799,0
1764499837905,1202,798,0
1764499837907,1203,797,0
1764499837907,1203,796,0
1764499837907,1203,794,0
1764499837907,1204,793,0
1764499837907,1205,792,0
1764499837917,1205,790,0
1764499837918,1206,789,0
1764499837918,1206,787,0
1764499837918,1206,786,0
1764499837918,1207,784,0
1764499837927,1208,782,0
1764499837927,1208,781,0
1764499837927,1209,779,0
1764499837934,1210,778,0
1764499837937,1210,776,1
1764499837937,1210,775,1
1764499837937,1210,774,1
1764499837937,1210,773,1
1764499837947,1211,772,1
1764499837952,1211,771,1
1764499837952,1211,770,1
1764499837952,1211,769,1
1764499837957,1212,769,1
1764499837957,1212,768,1
1764499837957,1213,767,1
1764499837967,1213,765,1
1764499837967,1213,764,1
1764499837977,1213,763,1
1764499837981,1213,762,1
1764499837987,1213,761,1
1764499837987,1213,760,1
1764499837998,1213,759,1
1764499837998,1213,758,1
1764499838007,1213,757,1
1764499838015,1213,756,1
1764499838017,1213,755,1
1764499838028,1213,754,1
1764499838078,1213,753,1
1764499839971,1213,752,1
1764499839998,1214,752,1
1764499840108,1215,752,1
1764499840118,1215,751,1
1764499840118,1216,750,1
1764499840128,1217,750,1
1764499840130,1218,750,1
1764499840132,1218,749,1
1764499840136,1219,748,1
1764499840138,1220,748,1
1764499840142,1221,747,1
1764499840148,1222,746,1
1764499840148,1223,744,1
1764499840148,1224,744,1
1764499840148,1225,744,1
1764499840157,1226,743,1
1764499840158,1226,742,1
1764499840163,1226,741,1
1764499840163,1228,740,1
1764499840168,1228,739,1
1764499840168,1229,739,1
1764499840168,1229,737,1
1764499840168,1229,736,1
1764499840168,1230,736,1
1764499840178,1231,734,1
1764499840178,1232,732,1
1764499840178,1234,730,1
1764499840178,1234,729,1
1764499840178,1236,726,1
1764499840188,1238,724,1
1764499840188,1238,722,1
1764499840193,1239,721,1
1764499840193,1240,718,1
1764499840193,1241,716,1
1764499840198,1243,712,1
1764499840198,1245,709,1
1764499840198,1246,707,1
1764499840198,1246,704,1
1764499840208,1248,703,1
1764499840208,1249,700,1
1764499840208,1250,698,1
1764499840208,1252,695,1
1764499840218,1253,693,1
1764499840218,1254,691,1
1764499840218,1255,688,1
1764499840224,1255,686,1
1764499840225,1256,684,1
1764499840228,1257,682,1
1764499840228,1259,679,1
1764499840228,1260,677,1
1764499840228,1262,675,1
1764499840228,1262,673,1
1764499840238,1264,670,1
1764499840240,1264,669,1
1764499840240,1265,666,1
1764499840240,1266,664,1
1764499840240,1267,662,1
1764499840248,1269,661,1
1764499840248,1271,656,1
1764499840248,1271,654,1
1764499840256,1272,653,1
1764499840257,1274,651,1
1764499840259,1275,648,1
1764499840259,1276,647,1
1764499840259,1277,645,1
1764499840259,1278,643,1
1764499840268,1279,642,1
1764499840268,1280,640,1
1764499840271,1281,638,1
1764499840271,1282,636,1
1764499840271,1283,635,1
1764499840271,1283,633,1
1764499840278,1284,631,1
1764499840278,1285,629,1
1764499840278,1286,627,1
1764499840278,1287,626,1
1764499840288,1287,625,1
1764499840289,1288,624,1
1764499840291,1289,622,1
1764499840291,1290,620,1
1764499840291,1291,618,1
1764499840298,1292,617,1
1764499840298,1293,613,1
1764499840304,1294,611,1
1764499840304,1294,610,1
1764499840308,1295,608,1
1764499840308,1295,607,1
1764499840308,1296,606,1
1764499840308,1296,604,1
1764499840308,1296,603,1
1764499840318,1297,601,1
1764499840319,1298,601,1
1764499840319,1298,600,1
1764499840319,1298,598,1
1764499840319,1299,596,1
1764499840328,1300,594,1
1764499840328,1300,593,1
1764499840335,1301,593,1
1764499840335,1302,592,1
1764499840338,1302,591,1
1764499840339,1302,590,1
1764499840339,1302,589,1
1764499840339,1302,587,1
1764499840339,1303,587,1
1764499840348,1304,586,1
1764499840351,1304,584,1
1764499840351,1305,583,1
1764499840357,1306,582,1
1764499840358,1306,581,1
1764499840358,1307,581,1
1764499840358,1307,579,1
1764499840358,1308,579,1
1764499840368,1309,578,1
1764499840368,1310,577,1
1764499840368,1310,576,1
1764499840368,1311,574,1
1764499840378,1312,572,1
1764499840378,1313,572,1
1764499840382,1313,571,1
1764499840388,1314,570,1
1764499840388,1315,569,1
1764499840388,1316,568,1
1764499840388,1316,567,1
1764499840398,1317,565,1
1764499840398,1318,564,1
1764499840408,1318,563,1
1764499840408,1318,562,1
1764499840408,1319,561,1
1764499840415,1319,560,1
1764499840418,1320,559,1
1764499840418,1320,557,1
1764499840418,1320,556,1
1764499840418,1321,555,1
1764499840418,1321,554,1
1764499840431,1322,553,1
1764499840431,1322,552,1
1764499840431,1323,550,1
1764499840431,1323,549,1
1764499840438,1324,548,1
1764499840438,1324,546,1
1764499840438,1324,545,1
1764499840438,1324,544,1
1764499840446,1324,543,1
1764499840448,1325,541,1
1764499840448,1326,538,1
1764499840448,1327,537,1
1764499840448,1327,535,1
1764499840457,1327,534,1
1764499840458,1327,532,1
1764499840462,1327,530,1
1764499840462,1328,529,1
1764499840465,1328,527,1
1764499840468,1328,526,1
1764499840468,1328,525,1
1764499840468,1328,523,1
1764499840468,1328,521,1
1764499840468,1328,520,1
1764499840478,1328,519,1
1764499840478,1328,518,1
1764499840478,1328,517,1
1764499840478,1328,515,1
1764499840488,1328,514,1
1764499840488,1328,513,1
1764499840488,1328,512,1
1764499840494,1328,511,1
1764499840496,1329,510,1
1764499840498,1329,508,1
1764499840498,1329,506,1
1764499840498,1329,505,1
1764499840498,1329,504,1
1764499840498,1329,503,1
1764499840510,1329,502,1
1764499840510,1329,501,1
1764499840510,1329,500,1
1764499840510,1329,498,1
1764499840518,1329,496,1
1764499840518,1329,493,1
1764499840518,1329,492,1
1764499840548,1329,476,1
1764499840548,1329,473,1
1764499840548,1329,472,1
1764499840548,1329,470,1
1764499840558,1328,468,1
1764499840559,1328,467,1
1764499840559,1328,466,1
1764499840559,1328,464,1
1764499840559,1328,463,1
1764499840568,1327,461,1
1764499840568,1327,459,1
1764499840568,1327,458,1
1764499840574,1327,457,1
1764499840574,1326,455,1
1764499840578,1326,453,1
1764499840578,1325,452,1
1764499840578,1325,451,1
1764499840578,1325,449,1
1764499840578,1325,448,1
1764499840588,1324,447,1
1764499840589,1324,445,1
1764499840591,1324,444,1
1764499840591,1324,442,1
1764499840591,1324,441,1
1764499840591,1324,439,1
1764499840598,1323,437,1
1764499840598,1323,436,1
1764499840598,1322,434,1
1764499840604,1322,432,1
1764499840609,1321,430,1
1764499840609,1321,429,1
1764499840609,1321,427,1
1764499840609,1320,426,1
1764499840618,1320,425,1
1764499840620,1320,423,1
1764499840622,1320,422,1
1764499840624,1320,421,1
1764499840624,1319,419,1
1764499840628,1319,418,1
1764499840628,1319,416,1
1764499840628,1318,415,1
1764499840628,1318,414,1
1764499840636,1317,414,1
1764499840638,1317,412,1
1764499840638,1317,411,1
1764499840638,1317,410,1
1764499840638,1317,408,1
1764499840638,1317,407,1
1764499840648,1316,406,1
1764499840651,1315,405,1
1764499840651,1315,402,1
1764499840651,1314,400,1
1764499840658,1314,397,1
1764499840658,1314,396,1
1764499840658,1313,394,1
1764499840668,1312,392,1
1764499840668,1312,390,1
1764499840668,1311,388,1
1764499840678,1311,387,1
1764499840678,1310,386,1
1764499840678,1310,385,1
1764499840684,1310,384,1
1764499840684,1309,383,1
1764499840688,1309,381,1
1764499840688,1308,380,1
1764499840688,1307,379,1
1764499840688,1307,378,1
1764499840688,1307,377,1
1764499840688,1306,376,1
1764499840700,1305,374,1
1764499840700,1305,373,1
1764499840700,1305,372,1
1764499840708,1304,371,1
1764499840708,1304,370,1
1764499840708,1303,368,1
1764499840708,1302,368,1
1764499840716,1302,367,1
1764499840718,1302,366,1
1764499840718,1301,366,1
1764499840718,1301,365,1
1764499840718,1301,363,1
1764499840718,1300,363,1
1764499840728,1299,362,1
1764499840728,1299,361,1
1764499840731,1299,360,1
1764499840731,1299,359,1
1764499840731,1298,358,1
1764499840738,1297,357,1
1764499840738,1297,356,1
1764499840738,1297,355,1
1764499840738,1296,355,1
1764499840738,1296,353,1
1764499840748,1295,352,1
1764499840748,1293,350,1
1764499840748,1293,348,1
1764499840748,1292,348,1
1764499840758,1292,345,1
1764499840758,1291,345,1
1764499840758,1290,344,1
1764499840763,1290,343,1
1764499840768,1288,340,1
1764499840768,1287,339,1
1764499840768,1287,338,1
1764499840768,1285,337,1
1764499840768,1285,336,1
1764499840778,1284,334,1
1764499840779,1283,333,1
1764499840779,1283,332,1
1764499840779,1282,330,1
1764499840779,1281,330,1
1764499840788,1281,328,1
1764499840788,1280,327,1
1764499840788,1279,327,1
1764499840788,1278,326,1
1764499840795,1277,325,1
1764499840798,1277,324,1
1764499840798,1276,324,1
1764499840798,1275,321,1
1764499840798,1273,320,1
1764499840798,1273,319,1
1764499840808,1273,318,1
1764499840808,1271,317,1
1764499840812,1269,316,1
1764499840813,1268,315,1
1764499840818,1266,313,1
1764499840818,1266,312,1
1764499840818,1264,311,1
1764499840818,1264,309,1
1764499840818,1263,309,1
1764499840828,1261,308,1
1764499840828,1260,307,1
1764499840828,1259,306,1
1764499840828,1257,304,1
1764499840828,1256,303,1
1764499840838,1255,302,1
1764499840838,1253,301,1
1764499840838,1252,299,1
1764499840842,1250,298,1
1764499840842,1249,296,1
1764499840848,1248,296,1
1764499840848,1245,293,1
1764499840848,1243,292,1
1764499840848,1242,291,1
1764499840858,1240,289,1
1764499840858,1239,288,1
1764499840858,1238,287,1
1764499840858,1237,286,1
1764499840868,1235,284,1
1764499840868,1234,283,1
1764499840868,1232,282,1
1764499840873,1230,280,1
1764499840873,1230,279,1
1764499840878,1228,278,1
1764499840878,1226,277,1
1764499840878,1226,276,1
1764499840878,1224,275,1
1764499840878,1222,272,1
1764499840888,1219,271,1
1764499840889,1219,270,1
1764499840889,1217,269,1
1764499840889,1215,268,1
1764499840889,1213,267,0
1764499840902,1208,263,0
1764499840905,1205,260,0
1764499840908,1203,259,0
1764499840908,1202,258,0
1764499840908,1199,257,0
1764499840908,1198,256,0
1764499840918,1193,253,0
1764499840923,1190,250,0
1764499840925,1188,249,0
1764499840928,1187,247,0
1764499840928,1186,247,0
1764499840928,1184,246,0
1764499840928,1182,245,0
1764499840928,1180,243,0
1764499840938,1180,242,0
1764499840938,1179,242,0
1764499840938,1177,241,0
1764499840938,1176,240,0
1764499840938,1175,238,0
1764499840948,1173,238,0
1764499840953,1171,236,0
1764499840953,1169,235,0
1764499840953,1168,234,0
1764499840958,1167,234,0
1764499840958,1166,232,0
1764499840958,1164,232,0
1764499840968,1161,230,0
1764499840968,1160,229,0
1764499840968,1159,229,0
1764499840968,1158,228,0
1764499840968,1157,226,0
1764499840978,1155,226,0
1764499840978,1154,225,0
1764499840978,1153,224,0
1764499840984,1152,223,0
1764499840984,1150,222,0
1764499840988,1149,222,0
1764499840988,1148,221,0
1764499840988,1147,220,0
1764499840988,1146,219,0
1764499840988,1145,219,0
1764499840998,1143,218,0
1764499840999,1141,215,0
1764499840999,1139,215,0
1764499840999,1138,214,0
1764499840999,1137,213,0
1764499841008,1135,212,0
1764499841008,1134,211,0
1764499841008,1133,211,0
1764499841018,1130,209,0
1764499841018,1129,208,0
1764499841018,1128,208,0
1764499841018,1126,207,0
1764499841018,1125,206,0
1764499841028,1124,205,0
1764499841028,1122,205,0
1764499841031,1120,204,0
1764499841031,1119,202,0
1764499841031,1118,201,0
1764499841038,1116,200,0
1764499841038,1114,199,0
1764499841038,1112,199,0
1764499841038,1111,198,0
1764499841048,1110,197,0
1764499841048,1108,196,0
1764499841048,1107,196,0
1764499841048,1105,195,0
1764499841058,1104,194,0
1764499841058,1104,193,0
1764499841058,1101,193,0
1764499841063,1100,192,0
1764499841068,1098,190,0
1764499841068,1097,189,0
1764499841068,1096,189,0
1764499841068,1094,189,0
1764499841068,1093,187,0
1764499841078,1092,187,0
1764499841079,1090,186,0
1764499841079,1089,185,0
1764499841079,1087,184,0
1764499841088,1085,184,0
1764499841088,1084,183,0
1764499841088,1082,182,0
1764499841088,1081,182,0
1764499841095,1080,181,0
1764499841098,1078,180,0
1764499841098,1077,180,0
1764499841098,1076,180,0
1764499841098,1074,179,0
1764499841098,1073,178,0
1764499841108,1072,177,0
1764499841108,1070,177,0
1764499841111,1069,177,0
1764499841113,1068,176,0
1764499841118,1066,175,0
1764499841118,1065,174,0
1764499841118,1063,174,0
1764499841118,1062,173,0
1764499841118,1060,172,0
1764499841128,1059,172,0
1764499841128,1058,172,0
1764499841128,1057,171,0
1764499841128,1055,170,0
1764499841128,1054,170,0
1764499841140,1052,169,0
1764499841142,1051,169,0
1764499841143,1049,169,0
1764499841143,1048,168,0
1764499841148,1047,167,0
1764499841148,1045,167,0
1764499841148,1043,166,0
1764499841148,1042,166,0
1764499841148,1041,165,0
1764499841158,1039,165,0
1764499841159,1038,164,0
1764499841159,1037,164,0
1764499841159,1035,164,0
1764499841159,1033,163,0
1764499841168,1032,162,0
1764499841168,1030,161,0
1764499841168,1029,161,0
1764499841168,1028,161,0
1764499841174,1026,161,0
1764499841178,1024,161,0
1764499841178,1022,160,0
1764499841178,1022,159,0
1764499841178,1019,159,0
1764499841178,1018,159,0
1764499841188,1016,158,0
1764499841188,1014,157,0
1764499841191,1012,157,0
1764499841191,1010,157,0
1764499841198,1009,157,0
1764499841198,1007,156,0
1764499841198,1006,156,0
1764499841198,1005,155,0
1764499841198,1003,155,0
1764499841208,1002,155,0
1764499841208,1001,155,0
1764499841208,999,155,0
1764499841208,998,154,0
1764499841218,996,154,0
1764499841218,995,154,0
1764499841222,994,153,0
1764499841222,992,153,0
1764499841228,990,153,0
1764499841228,988,153,0
1764499841228,986,152,0
1764499841238,984,152,0
1764499841238,983,152,0
1764499841238,982,152,0
1764499841238,981,152,0
1764499841238,980,152,0
1764499841248,978,152,0
1764499841248,977,152,0
1764499841248,976,152,0
1764499841254,974,152,0
1764499841258,972,152,0
1764499841258,971,152,0
1764499841258,970,152,0
1764499841258,968,152,0
1764499841268,966,152,0
1764499841270,964,152,0
1764499841270,963,152,0
1764499841270,962,152,0
1764499841270,961,152,0
1764499841278,959,152,0
1764499841278,957,152,0
1764499841278,956,152,0
1764499841278,954,152,0
1764499841285,953,152,0
1764499841285,951,152,0
1764499841288,949,152,0
1764499841288,948,152,0
1764499841288,946,152,0
1764499841288,945,152,0
1764499841298,943,152,0
1764499841301,940,152,0
1764499841301,938,152,0
1764499841301,937,152,0
1764499841308,935,152,0
1764499841308,933,152,0
1764499841308,932,152,0
1764499841308,930,152,0
1764499841318,927,152,0
1764499841318,924,152,0
1764499841318,922,152,0
1764499841318,921,152,0
1764499841328,918,152,0
1764499841328,916,152,0
1764499841332,915,152,0
1764499841334,912,152,0
1764499841334,911,152,0
1764499841338,909,152,0
1764499841338,907,152,0
1764499841338,906,152,0
1764499841338,904,152,0
1764499841338,903,152,0
1764499841348,901,152,0
1764499841348,899,152,0
1764499841348,897,152,0
1764499841348,895,152,0
1764499841348,893,152,0
1764499841358,892,152,0
1764499841358,889,152,0
1764499841358,888,152,0
1764499841364,886,152,0
1764499841364,884,152,0
1764499841368,883,152,0
1764499841368,881,152,0
1764499841368,879,152,0
1764499841368,877,152,1
1764499841368,875,152,1
1764499841378,874,152,1
1764499841380,872,152,1
1764499841380,869,152,1
1764499841384,868,152,1
1764499841384,865,153,1
1764499841388,863,153,1
1764499841388,862,153,1
1764499841388,860,153,1
1764499841388,857,153,1
1764499841395,856,153,1
1764499841398,854,153,1
1764499841398,853,153,1
1764499841398,850,153,1
1764499841398,849,154,1
1764499841398,848,154,1
1764499841408,846,154,1
1764499841408,845,154,1
1764499841411,844,155,1
1764499841411,842,155,1
1764499841418,839,155,1
1764499841418,837,156,1
1764499841418,835,156,1
1764499841418,834,157,1
1764499841428,832,157,1
1764499841430,830,157,1
1764499841430,829,157,1
1764499841430,827,157,1
1764499841430,825,157,1
1764499841438,824,157,1
1764499841438,823,158,1
1764499841438,821,159,1
1764499841443,819,159,1
1764499841445,817,159,1
1764499841448,816,159,1
1764499841448,814,160,1
1764499841448,812,161,1
1764499841448,811,161,1
1764499841448,809,161,1
1764499841458,808,161,1
1764499841459,806,162,1
1764499841459,804,162,1
1764499841459,803,162,1
1764499841468,799,164,1
1764499841468,798,164,1
1764499841468,795,165,1
1764499841468,793,166,1
1764499841474,792,166,1
1764499841478,790,167,1
1764499841478,788,168,1
1764499841478,786,168,1
1764499841478,785,168,1
1764499841484,784,170,1
1764499841484,782,170,1
1764499841490,781,171,1
1764499841490,779,172,1
1764499841490,778,173,1
1764499841490,777,173,1
1764499841498,775,173,1
1764499841498,773,174,1
1764499841498,771,176,1
1764499841498,769,176,1
1764499841508,768,177,1
1764499841510,767,177,1
1764499841511,765,178,1
1764499841511,764,178,1
1764499841511,762,179,1
1764499841518,760,179,1
1764499841518,760,181,1
1764499841522,758,181,1
1764499841522,756,183,1
1764499841522,755,184,1
1764499841528,754,184,1
1764499841528,752,185,1
1764499841528,750,187,1
1764499841528,748,187,1
1764499841538,745,190,1
1764499841558,732,203,1
1764499841558,730,205,1
1764499841558,729,206,1
1764499841558,728,206,1
1764499841558,726,208,1
1764499841568,725,211,1
1764499841570,723,213,1
1764499841570,722,213,1
1764499841570,721,216,1
1764499841570,720,217,1
1764499841578,719,219,1
1764499841578,718,221,1
1764499841578,716,224,1
1764499841586,714,226,1
1764499841588,713,228,1
1764499841588,712,229,1
1764499841588,711,231,1
1764499841588,710,233,1
1764499841588,709,234,1
1764499841598,707,236,1
1764499841598,706,238,1
1764499841601,706,239,1
1764499841601,704,241,1
1764499841601,703,243,1
1764499841608,701,244,1
1764499841608,700,246,1
1764499841608,700,247,1
1764499841608,699,249,1
1764499841618,697,253,1
1764499841618,695,255,1
1764499841618,694,257,1
1764499841618,693,259,1
1764499841628,692,261,1
1764499841628,691,263,1
1764499841634,689,266,1
1764499841634,689,268,0
1764499841638,688,270,0
1764499841638,687,271,0
1764499841638,686,273,0
1764499841638,684,275,0
1764499841638,683,276,0
1764499841648,682,278,0
1764499841650,682,281,0
1764499841650,681,282,0
1764499841650,680,283,0
1764499841650,679,286,0
1764499841658,678,288,0
1764499841658,677,290,0
1764499841658,677,291,0
1764499841658,676,293,0
1764499841669,674,296,0
1764499841669,673,299,0
1764499841669,673,300,0
1764499841669,672,302,0
1764499841669,671,304,0
1764499841678,670,306,0
1764499841678,669,308,0
1764499841682,667,311,0
1764499841682,667,313,0
1764499841688,666,315,0
1764499841688,665,317,0
1764499841688,664,318,0
1764499841688,663,321,0
1764499841688,662,323,0
1764499841698,661,325,0
1764499841698,661,326,0
1764499841698,660,328,0
1764499841698,660,330,0
1764499841698,659,332,0
1764499841708,658,334,0
1764499841708,657,337,0
1764499841708,656,339,0
1764499841714,655,341,0
1764499841714,654,343,0
1764499841718,653,345,0
1764499841718,653,347,0
1764499841718,652,348,0
1764499841718,650,351,0
1764499841718,650,352,0
1764499841728,649,354,0
1764499841730,648,357,0
1764499841730,647,360,0
1764499841730,646,362,0
1764499841740,645,366,0
1764499841740,644,367,0
1764499841740,643,369,0
1764499841746,643,370,0
1764499841748,643,372,0
1764499841748,642,373,0
1764499841748,642,374,0
1764499841748,641,376,0
1764499841748,640,376,0
1764499841758,640,378,0
1764499841758,639,380,0
1764499841762,639,381,0
1764499841762,639,382,0
1764499841766,638,383,0
1764499841768,637,385,0
1764499841768,636,387,0
1764499841768,636,388,0
1764499841768,635,389,0
1764499841768,635,391,0
1764499841778,634,393,0
1764499841778,632,398,0
1764499841778,631,399,0
1764499841788,630,401,0
1764499841788,629,403,0
1764499841794,629,404,0
1764499841794,628,406,0
1764499841798,627,408,0
1764499841798,626,409,0
1764499841798,626,412,0
1764499841798,625,412,0
1764499841798,625,414,0
1764499841808,624,417,0
1764499841809,624,418,0
1764499841809,623,420,0
1764499841809,622,422,0
1764499841818,620,425,0
1764499841818,620,428,0
1764499841818,619,429,0
1764499841818,618,432,0
1764499841825,618,433,0
1764499841828,617,435,0
1764499841828,616,437,0
1764499841828,614,441,0
1764499841828,613,443,0
1764499841838,613,446,0
1764499841838,612,448,0
1764499841841,611,449,1
1764499841841,610,451,1
1764499841841,609,454,1
1764499841841,609,455,1
1764499841848,608,458,1
1764499841848,606,460,1
1764499841848,606,461,1
1764499841848,605,464,1
1764499841858,605,466,1
1764499841859,605,469,1
1764499841861,604,470,1
1764499841861,603,472,1
1764499841861,602,474,1
1764499841868,602,476,1
1764499841868,601,478,1
1764499841868,600,480,1
1764499841873,600,481,1
1764499841873,599,484,1
1764499841878,599,486,1
1764499841878,599,487,1
1764499841883,598,491,1
1764499841883,598,492,1
1764499841888,597,494,1
1764499841889,597,496,1
1764499841889,596,497,1
1764499841889,596,499,1
1764499841889,595,502,1
1764499841898,594,504,1
1764499841898,593,506,1
1764499841904,593,508,1
1764499841908,593,511,1
1764499841908,592,511,1
1764499841908,592,513,1
1764499841917,591,516,1
1764499841918,591,517,1
1764499841920,590,519,1
1764499841920,590,521,1
1764499841920,590,524,1
1764499841928,589,524,1
1764499841928,589,526,1
1764499841933,589,529,1
1764499841936,589,530,1
1764499841938,589,531,1
1764499841938,589,533,1
1764499841938,588,535,1
1764499841938,588,537,1
1764499841948,588,538,1
1764499841950,588,539,1
1764499841952,588,541,1
1764499841952,588,542,1
1764499841952,588,544,1
1764499841958,588,545,1
1764499841958,588,546,1
1764499841958,588,548,1
1764499841958,588,551,1
1764499841968,588,553,1
1764499841968,588,555,1
1764499841968,588,556,1
1764499841968,588,558,1
1764499841978,588,559,1
1764499841978,588,561,1
1764499841984,588,564,1
1764499841984,588,566,1
1764499841988,588,567,1
1764499841988,589,569,1
1764499841988,589,571,1
1764499841988,589,572,1
1764499841988,590,574,1
1764499841998,590,576,1
1764499842000,590,577,1
1764499842000,590,579,1
1764499842000,591,581,1
1764499842000,591,582,1
1764499842008,591,583,1
1764499842008,592,585,1
1764499842008,592,587,1
1764499842008,593,588,1
1764499842016,593,590,1
1764499842018,593,592,1
1764499842022,594,594,1
1764499842022,594,597,1
1764499842028,595,600,1
1764499842028,596,601,1
1764499842032,596,602,1
1764499842032,596,604,1
1764499842032,597,605,1
1764499842038,597,606,1
1764499842038,597,609,1
1764499842038,598,609,1
1764499842038,598,612,1
1764499842038,599,613,1
1764499842048,600,617,1
1764499842051,600,618,1
1764499842053,601,619,1
1764499842055,601,621,1
1764499842058,603,623,1
1764499842058,604,625,1
1764499842058,604,626,1
1764499842064,606,629,1
1764499842064,606,630,1
1764499842068,606,632,1
1764499842069,607,634,1
1764499842069,608,635,1
1764499842069,610,637,1
1764499842069,611,639,1
1764499842078,611,641,1
1764499842080,612,642,1
1764499842080,613,644,1
1764499842080,614,646,1
1764499842080,615,646,1
1764499842088,615,648,1
1764499842088,616,650,1
1764499842088,618,651,1
1764499842088,619,653,1
1764499842096,620,654,1
1764499842098,620,655,1
1764499842098,622,657,1
1764499842098,622,658,1
1764499842098,624,660,1
1764499842098,625,661,1
1764499842108,625,663,1
1764499842108,627,665,1
1764499842112,628,666,1
1764499842114,629,667,1
1764499842114,630,668,1
1764499842118,632,671,1
1764499842118,633,672,1
1764499842118,635,674,1
1764499842118,636,676,1
1764499842118,637,678,1
1764499842128,638,679,1
1764499842128,640,681,1
1764499842128,642,683,1
1764499842128,645,685,1
1764499842128,647,688,1
1764499842138,648,689,1
1764499842138,650,690,1
1764499842138,652,693,1
1764499842143,654,695,1
1764499842143,656,698,1
1764499842148,657,699,1
1764499842148,659,701,1
1764499842148,661,703,1
1764499842148,663,705,1
1764499842148,666,707,1
1764499842158,667,708,1
1764499842159,669,711,1
1764499842159,672,713,1
1764499842159,674,714,1
1764499842159,677,716,1
1764499842168,678,718,1
1764499842168,680,719,1
1764499842168,682,720,1
1764499842168,684,722,1
1764499842175,685,724,1
1764499842178,686,725,1
1764499842178,688,726,1
1764499842178,689,727,1
1764499842178,691,729,1
1764499842178,692,729,1
1764499842188,693,730,1
1764499842188,695,732,1
1764499842191,696,733,1
1764499842191,698,734,1
1764499842191,698,735,1
1764499842198,699,737,1
1764499842198,702,738,1
1764499842198,703,738,1
1764499842198,704,738,1
1764499842198,706,739,1
1764499842208,706,741,1
1764499842209,707,741,1
1764499842209,709,743,1
1764499842209,711,744,1
1764499842209,712,745,1
1764499842218,713,746,1
1764499842218,714,747,1
1764499842218,716,748,1
1764499842223,717,748,1
1764499842223,718,748,1
1764499842228,720,749,1
1764499842228,721,751,1
1764499842228,723,751,1
1764499842228,724,752,1
1764499842228,726,753,1
1764499842238,728,755,1
1764499842239,730,755,1
1764499842239,731,757,1
1764499842239,733,758,1
1764499842239,736,759,1
1764499842248,738,760,1
1764499842248,740,761,1
1764499842248,742,763,1
1764499842248,745,764,1
1764499842255,748,765,1
1764499842258,750,767,1
1764499842258,753,768,1
1764499842258,756,769,1
1764499842258,759,770,1
1764499842258,761,771,1
1764499842268,764,772,0
1764499842268,766,773,0
1764499842271,769,774,0
1764499842271,773,776,0
1764499842271,775,778,0
1764499842278,777,779,0
1764499842278,781,780,0
1764499842278,783,780,0
1764499842278,786,781,0
1764499842278,788,782,0
1764499842288,791,783,0
1764499842288,793,784,0
1764499842288,794,784,0
1764499842288,797,785,0
1764499842288,800,785,0
1764499842298,803,787,0
1764499842298,805,787,0
1764499842302,806,788,0
1764499842302,808,788,0
1764499842308,810,788,0
1764499842308,812,788,0
1764499842308,813,788,0
1764499842308,814,789,0
1764499842318,816,789,0
1764499842318,818,789,0
1764499842328,820,790,0
1764499844044,821,790,0
1764499844053,822,790,0
1764499844053,822,791,0
1764499844058,823,791,0
1764499844072,824,791,0
1764499844078,825,792,0
1764499844089,826,792,0
1764499844089,826,793,0
1764499844089,827,793,0
1764499844089,828,793,0
1764499844098,828,794,0
1764499844100,829,794,0
1764499844100,830,794,0
1764499844100,830,795,0
1764499844109,830,796,0
1764499844109,831,796,0
1764499844116,832,796,0
1764499844119,833,797,0
1764499844119,834,797,0
1764499844129,835,797,0
1764499844132,835,798,0
1764499844136,836,798,0
1764499844138,837,799,0
1764499844148,838,800,0
1764499844148,839,800,0
1764499844148,840,801,0
1764499844158,841,801,0
1764499844164,842,801,0
1764499844169,843,802,0
1764499844169,843,803,0
1764499844169,844,803,0
1764499844169,845,803,0
1764499844169,845,804,0
1764499844180,846,804,0
1764499844180,847,804,0
1764499844188,847,805,0
1764499844195,848,805,0
1764499844198,849,805,0
1764499844243,849,806,0
1764499844254,850,806,0
1764499844275,851,806,0
1764499844279,852,806,0
1764499844279,852,807,0
1764499844279,853,807,0
1764499844288,854,807,0
1764499844290,855,807,0
1764499844290,855,808,0
1764499844294,856,808,0
1764499844294,857,808,0
1764499844298,857,809,0
1764499844298,858,809,0
1764499844298,859,809,0
1764499844298,860,809,0
1764499844308,861,809,0
1764499844308,862,810,0
1764499844308,863,810,0
1764499844308,865,811,0
1764499844318,866,811,0
1764499844322,868,812,0
1764499844324,869,812,0
1764499844326,870,812,0
1764499844329,872,812,0
1764499844329,874,812,0
1764499844329,875,813,0
1764499844329,876,814,0
1764499844338,879,814,0
1764499844338,880,814,0
1764499844338,881,814,0
1764499844338,883,815,0
1764499844338,886,816,0
1764499844349,887,817,0
1764499844349,889,817,0
1764499844349,892,818,0
1764499844353,893,819,0
1764499844353,896,819,0
1764499844353,899,820,0
1764499844359,900,821,0
1764499844359,903,822,0
1764499844364,905,822,0
1764499844364,907,822,0
1764499844364,910,823,0
1764499844369,913,824,0
1764499844372,916,824,0
1764499844372,918,825,0
1764499844372,921,826,0
1764499844372,924,828,1
1764499844379,929,829,1
1764499844384,932,829,1
1764499844384,935,829,1
1764499844389,937,830,1
1764499844389,941,830,1
1764499844389,944,831,1
1764499844389,948,832,1
1764499844398,953,833,1
1764499844400,957,833,1
1764499844403,960,834,1
1764499844403,964,835,1
1764499844403,966,835,1
1764499844408,969,835,1
1764499844408,973,835,1
1764499844408,975,835,1
1764499844408,978,835,1
1764499844416,982,836,1
1764499844419,987,836,1
1764499844419,991,837,1
1764499844419,994,837,1
1764499844419,997,837,1
1764499844429,999,837,1
1764499844432,1005,837,1
1764499844432,1007,837,1
1764499844432,1011,837,1
1764499844443,1022,838,1
1764499844443,1023,839,1
1764499844448,1027,839,1
1764499844448,1029,840,1
1764499844448,1031,840,1
1764499844448,1034,840,1
1764499844448,1036,840,1
1764499844458,1038,840,1
1764499844458,1040,840,1
1764499844458,1043,840,1
1764499844464,1044,841,1
1764499844464,1047,841,1
1764499844469,1049,841,1
1764499844469,1050,841,1
1764499844469,1052,841,1
1764499844469,1053,841,1
1764499844469,1055,841,1
1764499844478,1058,841,1
1764499844481,1060,841,1
1764499844481,1061,841,1
1764499844481,1063,841,1
1764499844488,1064,841,1
1764499844488,1066,841,1
1764499844488,1067,841,1
1764499844498,1069,841,1
1764499844498,1070,841,1
1764499844498,1072,841,1
1764499844508,1073,841,1
1764499844508,1074,841,1
1764499844511,1075,840,1
1764499844511,1076,840,1
1764499844518,1077,840,1
1764499844518,1079,839,1
1764499844528,1080,838,1
1764499844530,1082,838,1
1764499844530,1082,837,1
1764499844530,1083,837,1
1764499844538,1084,837,1
1764499844543,1085,837,1
1764499844549,1087,836,1
1764499844549,1088,836,1
1764499844549,1089,836,1
1764499844549,1090,836,1
1764499844559,1091,835,1
1764499844578,1097,832,1
1764499844578,1098,832,1
1764499844578,1100,832,1
1764499844589,1101,831,1
1764499844590,1103,830,1
1764499844590,1105,829,1
1764499844598,1106,829,1
1764499844598,1107,829,1
1764499844598,1108,828,1
1764499844598,1108,827,1
1764499844606,1109,827,1
1764499844609,1111,827,1
1764499844609,1111,826,1
1764499844609,1112,826,1
1764499844615,1114,825,1
1764499844615,1114,824,1
1764499844615,1116,824,1
1764499844618,1118,823,1
1764499844622,1119,822,1
1764499844626,1121,822,1
1764499844628,1122,821,1
1764499844628,1124,820,1
1764499844628,1125,820,1
1764499844628,1126,819,1
1764499844628,1128,819,1
1764499844638,1129,819,1
1764499844638,1131,819,1
1764499844638,1133,818,1
1764499844638,1134,818,1
1764499844648,1138,817,1
1764499844648,1139,817,1
1764499844648,1141,816,1
1764499844654,1143,816,1
1764499844657,1144,815,1
1764499844658,1146,815,1
1764499844658,1147,815,1
1764499844658,1149,815,1
1764499844664,1152,815,1
1764499844668,1154,814,1
1764499844670,1156,814,1
1764499844670,1158,814,1
1764499844670,1159,813,1
1764499844678,1160,813,1
1764499844683,1162,812,1
1764499844683,1163,811,1
1764499844688,1165,811,0
1764499844688,1167,810,0
1764499844688,1167,809,1
1764499844688,1168,809,0
1764499844699,1170,808,0
1764499844699,1172,807,0
1764499844702,1172,806,1
1764499844702,1174,806,0
1764499844702,1175,805,0
1764499844709,1177,804,0
1764499844709,1178,803,0
1764499844709,1179,802,0
1764499844709,1180,802,0
1764499844718,1181,802,0
1764499844718,1181,801,0
1764499844718,1183,800,0
1764499844718,1184,799,0
1764499844718,1185,799,0
1764499844729,1187,797,0
1764499844734,1188,797,0
1764499844734,1189,796,0
1764499844738,1190,796,0
1764499844738,1190,795,0
1764499844738,1192,794,0
1764499844748,1193,793,0
1764499844752,1194,793,0
1764499844752,1195,791,0
1764499844752,1196,791,0
1764499844758,1198,790,0
1764499844758,1199,790,0
1764499844764,1199,789,0
1764499844766,1200,787,0
1764499844769,1201,787,0
1764499844769,1202,787,0
1764499844769,1202,786,0
1764499844769,1203,785,0
1764499844769,1204,784,0
1764499844769,1205,784,0
1764499844781,1206,783,0
1764499844781,1207,781,0
1764499844789,1208,780,0
1764499844789,1210,778,0
1764499844789,1211,777,0
1764499844798,1213,773,1
1764499844800,1214,773,0
1764499844800,1215,771,1
1764499844800,1215,770,1
1764499844800,1215,769,1
1764499844800,1217,768,1
1764499844809,1218,766,1
1764499844809,1219,765,1
1764499844813,1219,764,1
1764499844813,1220,763,1
1764499844813,1222,762,1
1764499844819,1223,761,1
1764499844819,1223,759,1
1764499844819,1224,758,1
1764499844819,1225,757,1
1764499844819,1226,756,1
1764499844829,1226,755,1
1764499844829,1227,754,1
1764499844829,1228,753,1
1764499844829,1228,752,1
1764499844829,1229,751,1
1764499844839,1230,750,1
1764499844839,1231,749,1
1764499844848,1233,746,1
1764499844848,1234,746,1
1764499844848,1234,745,1
1764499844848,1234,744,1
1764499844848,1235,744,1
1764499844848,1236,742,1
1764499844860,1237,741,1
1764499844865,1238,740,1
1764499844865,1239,739,1
1764499844869,1239,738,1
1764499844869,1240,737,1
1764499844873,1241,736,1
1764499844873,1242,735,1
1764499844876,1242,734,1
1764499844878,1242,733,1
1764499844878,1243,732,1
1764499844878,1244,730,1
1764499844878,1245,728,1
1764499844888,1246,727,1
1764499844888,1246,726,1
1764499844892,1246,724,1
1764499844892,1247,723,1
1764499844899,1249,721,1
1764499844899,1250,718,1
1764499844899,1250,717,1
1764499844899,1250,715,1
1764499844899,1251,713,1
1764499844908,1252,713,1
1764499844908,1253,710,1
1764499844908,1254,708,1
1764499844908,1254,706,1
1764499844908,1255,704,1
1764499844918,1256,703,1
1764499844918,1257,700,1
1764499844918,1257,698,1
1764499844924,1258,697,1
1764499844924,1260,694,1
1764499844928,1261,692,1
1764499844928,1261,691,1
1764499844928,1261,690,1
1764499844928,1262,689,1
1764499844928,1263,688,1
1764499844938,1264,687,1
1764499844939,1264,685,1
1764499844939,1265,684,1
1764499844939,1266,683,1
1764499844948,1267,680,1
1764499844948,1268,679,1
1764499844948,1268,677,1
1764499844948,1269,677,1
1764499844955,1270,676,1
1764499844958,1271,675,1
1764499844958,1271,674,1
1764499844958,1271,673,1
1764499844965,1271,672,1
1764499844965,1272,671,1
1764499844968,1273,671,1
1764499844968,1274,669,1
1764499844971,1274,668,1
1764499844971,1275,667,1
1764499844971,1275,666,1
1764499844978,1276,665,1
1764499844981,1277,664,1
1764499844981,1277,663,1
1764499844981,1277,662,1
1764499844986,1278,661,1
1764499844988,1278,660,1
1764499844988,1280,658,1
1764499844988,1280,657,1
1764499844998,1281,655,1
1764499844998,1282,653,1
1764499845004,1283,651,1
1764499845004,1283,650,1
1764499845008,1284,647,1
1764499845008,1284,646,1
1764499845015,1285,646,1
1764499845015,1285,644,1
1764499845018,1285,643,1
1764499845018,1286,642,1
1764499845018,1286,641,1
1764499845018,1287,640,1
1764499845018,1287,639,1
1764499845028,1288,637,1
1764499845028,1289,637,1
1764499845028,1289,635,1
1764499845034,1289,634,1
1764499845034,1290,632,1
1764499845039,1291,632,1
1764499845039,1291,630,1
1764499845039,1291,629,1
1764499845039,1292,628,1
1764499845039,1292,627,1
1764499845048,1293,626,1
1764499845050,1293,625,1
1764499845052,1295,624,1
1764499845052,1296,622,1
1764499845059,1296,621,1
1764499845059,1297,620,1
1764499845065,1298,618,1
1764499845066,1299,617,1
1764499845069,1299,616,1
1764499845069,1300,615,1
1764499845069,1300,614,1
1764499845069,1301,613,1
1764499845078,1301,612,1
1764499845081,1302,610,1
1764499845081,1302,609,1
1764499845081,1303,609,1
1764499845088,1303,608,1
1764499845088,1304,606,1
1764499845088,1304,605,1
1764499845098,1305,603,1
1764499845098,1306,602,1
1764499845098,1306,601,1
1764499845098,1306,600,1
1764499845098,1306,599,1
1764499845108,1307,597,1
1764499845108,1308,597,1
1764499845113,1308,594,1
1764499845113,1308,593,1
1764499845118,1309,590,1
1764499845118,1310,589,1
1764499845118,1310,588,1
1764499845118,1311,586,1
1764499845128,1311,585,1
1764499845130,1311,584,1
1764499845130,1311,582,1
1764499845130,1312,581,1
1764499845130,1313,579,1
1764499845139,1313,577,1
1764499845139,1314,577,1
1764499845139,1314,575,1
1764499845144,1314,573,1
1764499845148,1315,571,1
1764499845148,1315,569,1
1764499845148,1315,568,1
1764499845148,1315,566,1
1764499845148,1315,565,1
1764499845158,1316,563,1
1764499845160,1316,561,1
1764499845165,1316,559,1
1764499845165,1317,558,1
1764499845168,1317,556,1
1764499845168,1317,555,1
1764499845168,1317,554,1
1764499845168,1318,552,1
1764499845176,1318,551,1
1764499845179,1318,550,1
1764499845179,1318,549,1
1764499845179,1318,548,1
1764499845179,1318,547,1
1764499845179,1319,545,1
1764499845188,1319,544,1
1764499845188,1319,543,1
1764499845191,1319,541,1
1764499845194,1319,540,1
1764499845194,1319,539,1
1764499845198,1319,538,1
1764499845198,1319,536,1
1764499845198,1319,534,1
1764499845198,1319,533,1
1764499845198,1319,532,1
1764499845209,1320,531,1
1764499845210,1320,529,1
1764499845210,1321,526,1
1764499845210,1321,524,1
1764499845218,1321,523,1
1764499845218,1321,522,1
1764499845218,1321,521,1
1764499845223,1321,520,1
1764499845223,1321,518,1
1764499845228,1321,516,1
1764499845228,1321,515,1
1764499845228,1321,513,1
1764499845228,1321,512,1
1764499845228,1321,511,1
1764499845239,1321,508,1
1764499845239,1321,506,1
1764499845239,1321,505,1
1764499845239,1321,503,1
1764499845248,1321,501,1
1764499845248,1321,500,1
1764499845248,1320,498,1
1764499845254,1320,496,1
1764499845254,1320,495,1
1764499845258,1320,493,1
1764499845258,1319,491,1
1764499845258,1319,489,1
1764499845268,1319,487,1
1764499845270,1319,486,1
1764499845274,1319,484,1
1764499845274,1319,483,1
1764499845278,1319,481,1
1764499845278,1319,480,1
1764499845288,1319,478,1
1764499845288,1319,477,1
1764499845288,1319,476,1
1764499845288,1319,475,1
1764499845298,1319,473,1
1764499845298,1319,472,1
1764499845305,1319,471,1
1764499845305,1319,470,1
1764499845311,1319,468,1
1764499845313,1319,467,1
1764499845313,1319,466,1
1764499845318,1318,464,1
1764499845322,1318,463,1
1764499845325,1318,462,1
1764499845326,1318,461,1
1764499845328,1318,460,1
1764499845328,1318,459,1
1764499845328,1318,458,1
1764499845333,1317,457,1
1764499845333,1317,456,1
1764499845338,1317,454,1
1764499845338,1317,453,1
1764499845338,1317,452,1
1764499845338,1317,451,1
1764499845348,1317,450,1
1764499845348,1317,449,1
1764499845348,1317,447,1
1764499845348,1317,445,1
1764499845358,1317,444,1
1764499845358,1317,443,1
1764499845364,1316,441,1
1764499845365,1316,439,1
1764499845368,1316,438,1
1764499845368,1315,437,1
1764499845368,1315,435,1
1764499845368,1315,434,1
1764499845378,1314,432,1
1764499845380,1314,431,1
1764499845380,1314,430,1
1764499845380,1314,429,1
1764499845380,1314,428,1
1764499845388,1313,426,1
1764499845388,1312,424,1
1764499845388,1312,423,1
1764499845396,1312,422,1
1764499845399,1312,421,1
1764499845399,1312,420,1
1764499845399,1311,418,1
1764499845408,1311,416,1
1764499845408,1310,415,1
1764499845412,1310,413,1
1764499845412,1309,411,1
1764499845418,1309,410,1
1764499845418,1308,408,1
1764499845418,1307,406,1
1764499845428,1307,405,1
1764499845430,1306,404,1
1764499845430,1306,403,1
1764499845430,1306,402,1
1764499845430,1305,400,1
1764499845438,1305,398,1
1764499845438,1304,398,1
1764499845438,1303,396,1
1764499845444,1303,395,1
1764499845444,1302,394,1
1764499845449,1302,392,1
1764499845449,1301,391,1
1764499845449,1300,388,1
1764499845449,1298,387,1
1764499845458,1298,386,1
1764499845458,1298,384,1
1764499845458,1297,381,1
1764499845465,1296,380,1
1764499845469,1295,379,1
1764499845469,1295,377,1
1764499845469,1294,376,1
1764499845474,1293,375,1
1764499845474,1292,373,1
1764499845478,1291,372,1
1764499845478,1291,371,1
1764499845478,1289,369,1
1764499845478,1289,368,1
1764499845478,1288,367,1
1764499845488,1286,366,1
1764499845490,1286,364,1
1764499845490,1284,362,1
1764499845490,1283,362,1
1764499845490,1281,360,1
1764499845498,1281,359,1
1764499845498,1280,358,1
1764499845498,1279,357,1
1764499845498,1278,355,1
1764499845506,1278,354,1
1764499845509,1277,353,1
1764499845510,1276,351,1
1764499845510,1274,349,1
1764499845510,1272,348,1
1764499845519,1271,347,1
1764499845519,1270,345,1
1764499845521,1269,343,1
1764499845521,1267,342,1
1764499845521,1265,341,1
1764499845528,1263,339,1
1764499845528,1262,338,1
1764499845528,1261,337,1
1764499845528,1259,335,1
1764499845528,1256,334,0
1764499845539,1256,333,0
1764499845539,1253,331,0
1764499845539,1251,329,0
1764499845539,1250,328,0
1764499845539,1248,327,0
1764499845548,1247,326,0
1764499845548,1246,325,0
1764499845548,1243,323,0
1764499845555,1241,322,0
1764499845556,1240,321,0
1764499845559,1239,320,0
1764499845559,1237,319,0
1764499845559,1235,317,0
1764499845565,1233,314,0
1764499845569,1231,314,0
1764499845588,1215,298,0
1764499845588,1213,297,0
1764499845588,1212,295,0
1764499845588,1210,293,0
1764499845588,1208,292,0
1764499845599,1207,290,0
1764499845601,1205,288,0
1764499845601,1204,286,0
1764499845601,1202,284,0
1764499845601,1200,283,0
1764499845601,1199,281,0
1764499845609,1198,279,0
1764499845609,1196,278,0
1764499845609,1194,276,0
1764499845616,1193,274,0
1764499845618,1192,273,0
1764499845618,1191,271,0
1764499845618,1190,269,0
1764499845618,1189,269,0
1764499845618,1188,267,0
1764499845628,1187,266,0
1764499845628,1186,265,0
1764499845633,1185,263,0
1764499845633,1183,262,0
1764499845633,1183,260,0
1764499845638,1182,260,0
1764499845638,1181,258,0
1764499845638,1180,256,0
1764499845638,1179,256,0
1764499845638,1178,255,0
1764499845649,1177,253,0
1764499845651,1176,253,0
1764499845652,1176,252,0
1764499845652,1174,250,0
1764499845652,1173,250,0
1764499845658,1173,249,0
1764499845658,1173,248,0
1764499845658,1170,246,0
1764499845665,1169,246,0
1764499845665,1169,245,0
1764499845669,1168,244,0
1764499845669,1166,243,0
1764499845669,1166,242,0
1764499845669,1164,241,0
1764499845669,1163,240,0
1764499845678,1162,240,0
1764499845681,1161,239,0
1764499845681,1160,238,0
1764499845681,1159,237,0
1764499845681,1158,237,0
1764499845688,1156,235,0
1764499845688,1154,234,0
1764499845699,1150,233,0
1764499845699,1150,232,0
1764499845699,1149,231,0
1764499845699,1148,231,0
1764499845699,1147,231,0
1764499845709,1146,230,0
1764499845709,1145,229,0
1764499845712,1144,229,0
1764499845712,1143,228,0
1764499845718,1142,228,0
1764499845718,1141,228,0
1764499845718,1140,227,0
1764499845718,1139,227,0
1764499845718,1138,226,0
1764499845729,1137,225,0
1764499845729,1136,225,0
1764499845729,1135,225,0
1764499845729,1134,225,0
1764499845729,1134,224,0
1764499845738,1133,223,0
1764499845738,1132,223,0
1764499845738,1131,222,0
1764499845744,1129,222,0
1764499845748,1127,221,0
1764499845748,1126,221,0
1764499845748,1125,220,0
1764499845748,1123,220,0
1764499845748,1122,219,0
1764499845758,1121,218,0
1764499845761,1120,218,0
1764499845761,1119,216,0
1764499845764,1117,215,0
1764499845766,1116,215,0
1764499845769,1115,214,0
1764499845769,1113,214,0
1764499845769,1112,214,0
1764499845776,1112,212,0
1764499845779,1111,212,0
1764499845779,1109,212,0
1764499845779,1107,211,0
1764499845779,1106,211,0
1764499845788,1105,210,0
1764499845788,1103,210,0
1764499845792,1103,209,0
1764499845792,1101,209,0
1764499845792,1100,208,0
1764499845792,1100,207,0
1764499845799,1098,206,0
1764499845799,1096,206,0
1764499845799,1096,205,0
1764499845799,1094,205,0
1764499845809,1093,204,0
1764499845810,1092,203,0
1764499845812,1090,203,0
1764499845812,1087,202,0
1764499845812,1086,202,0
1764499845818,1085,201,0
1764499845818,1083,201,0
1764499845818,1082,201,0
1764499845823,1081,199,0
1764499845823,1079,198,0
1764499845828,1078,198,0
1764499845828,1077,196,0
1764499845828,1075,196,0
1764499845828,1074,196,0
1764499845828,1071,195,0
1764499845839,1071,194,0
1764499845839,1070,193,0
1764499845839,1068,193,0
1764499845839,1066,192,0
1764499845839,1064,192,0
1764499845848,1063,191,0
1764499845848,1061,190,0
1764499845848,1059,189,0
1764499845854,1057,188,0
1764499845854,1056,188,0
1764499845858,1053,186,0
1764499845858,1051,186,0
1764499845858,1050,185,0
1764499845858,1048,185,0
1764499845866,1045,184,0
1764499845866,1045,183,0
1764499845870,1042,182,0
1764499845870,1040,181,0
1764499845870,1039,180,0
1764499845870,1036,179,0
1764499845879,1034,179,0
1764499845879,1033,179,0
1764499845879,1031,178,0
1764499845879,1029,177,0
1764499845886,1027,176,0
1764499845889,1026,175,0
1764499845889,1023,175,0
1764499845889,1022,174,0
1764499845889,1020,174,0
1764499845889,1018,174,0
1764499845898,1017,173,0
1764499845898,1015,172,0
1764499845902,1012,172,0
1764499845902,1011,171,0
1764499845902,1010,170,0
1764499845908,1008,170,0
1764499845908,1006,170,0
1764499845908,1004,170,0
1764499845908,1002,169,0
1764499845908,1001,168,0
1764499845918,999,167,0
1764499845918,998,167,0
1764499845918,996,166,0
1764499845918,994,166,0
1764499845918,992,165,0
1764499845928,990,164,0
1764499845928,987,164,0
1764499845934,986,164,0
1764499845934,985,163,0
1764499845939,984,162,0
1764499845939,982,162,0
1764499845939,980,162,0
1764499845939,979,161,0
1764499845939,977,160,0
1764499845948,975,159,0
1764499845950,974,159,0
1764499845950,972,158,0
1764499845950,970,157,0
1764499845950,968,156,0
1764499845958,967,156,0
1764499845958,965,156,0
1764499845958,963,156,0
1764499845958,962,155,0
1764499845966,959,155,0
1764499845969,957,154,0
1764499845970,956,154,0
1764499845970,954,153,0
1764499845970,953,153,0
1764499845970,951,152,0
1764499845978,947,152,0
1764499845982,945,151,0
1764499845982,944,151,0
1764499845982,943,150,0
1764499845988,941,150,0
1764499845988,938,150,0
1764499845988,937,150,0
1764499845988,935,150,0
1764499845988,933,149,0
1764499845999,932,149,0
1764499845999,929,149,0
1764499845999,928,148,0
1764499845999,927,148,0
1764499845999,925,148,0
1764499846008,923,148,0
1764499846008,922,147,0
1764499846008,920,147,0
1764499846013,918,147,0
1764499846016,917,147,0
1764499846018,916,147,0
1764499846018,914,146,1
1764499846018,913,146,1
1764499846018,912,146,1
1764499846018,910,146,1
1764499846029,907,146,1
1764499846029,906,146,1
1764499846029,905,146,1
1764499846029,903,146,1
1764499846038,901,146,1
1764499846038,900,146,1
1764499846038,899,146,1
1764499846038,897,146,1
1764499846045,896,146,1
1764499846048,894,146,1
1764499846048,893,146,1
1764499846048,891,146,1
1764499846048,889,146,1
1764499846058,888,146,1
1764499846061,887,146,1
1764499846061,885,146,1
1764499846061,883,146,1
1764499846066,882,146,1
1764499846069,881,146,1
1764499846069,880,146,1
1764499846069,877,146,1
1764499846069,876,146,1
1764499846076,875,146,1
1764499846078,871,146,1
1764499846078,869,146,1
1764499846078,868,146,1
1764499846089,867,146,1
1764499846089,865,146,1
1764499846092,864,146,1
1764499846092,862,146,1
1764499846092,861,146,1
1764499846098,859,146,1
1764499846098,857,146,1
1764499846098,856,146,1
1764499846098,854,146,1
1764499846109,853,146,1
1764499846109,852,147,1
1764499846109,850,147,1
1764499846109,849,147,1
1764499846109,847,147,1
1764499846118,846,148,1
1764499846118,845,149,1
1764499846118,843,149,1
1764499846124,842,149,1
1764499846124,841,149,1
1764499846128,838,149,1
1764499846128,836,150,1
1764499846128,834,150,1
1764499846128,834,151,1
1764499846138,832,151,1
1764499846140,830,152,1
1764499846140,829,153,1
1764499846140,827,153,1
1764499846140,825,154,1
1764499846148,824,154,1
1764499846148,822,154,1
1764499846148,820,155,1
1764499846148,819,155,1
1764499846156,817,156,1
1764499846159,815,157,1
1764499846159,814,158,1
1764499846159,812,158,1
1764499846159,810,159,1
1764499846159,809,160,1
1764499846166,806,160,1
1764499846168,804,160,1
1764499846172,803,161,1
1764499846172,800,161,1
1764499846172,798,163,1
1764499846178,795,164,1
1764499846178,794,165,1
1764499846178,791,166,1
1764499846178,790,166,1
1764499846178,788,167,1
1764499846189,786,168,1
1764499846189,783,168,1
1764499846189,782,169,1
1764499846189,779,170,1
1764499846197,777,171,1
1764499846199,776,172,1
1764499846199,774,172,1
1764499846199,772,173,1
1764499846205,770,174,1
1764499846205,768,174,1
1764499846208,767,175,1
1764499846208,765,176,1
1764499846208,764,177,1
1764499846208,762,178,1
1764499846208,760,178,1
1764499846218,758,179,1
1764499846218,756,180,1
1764499846218,754,181,1
1764499846218,753,182,1
1764499846218,751,183,1
1764499846228,749,185,1
1764499846228,747,185,1
1764499846228,745,187,1
1764499846234,744,188,1
1764499846234,743,188,1
1764499846239,741,189,1
1764499846239,739,191,1
1764499846239,738,192,1
1764499846239,736,193,1
1764499846248,733,194,1
1764499846250,731,196,1
1764499846250,730,197,1
1764499846250,729,198,1
1764499846250,727,199,1
1764499846259,725,201,1
1764499846259,724,202,1
1764499846259,723,203,1
1764499846259,720,204,1
1764499846266,719,205,1
1764499846270,717,206,1
1764499846270,717,207,1
1764499846270,715,208,1
1764499846270,713,209,1
1764499846270,712,210,1
1764499846279,711,211,1
1764499846279,710,213,1
1764499846282,708,213,1
1764499846282,707,214,1
1764499846282,705,216,1
1764499846289,704,217,1
1764499846289,702,219,1
1764499846289,700,220,1
1764499846289,699,221,1
1764499846298,699,222,1
1764499846298,698,223,1
1764499846298,696,224,1
1764499846298,695,226,1
1764499846298,694,227,1
1764499846309,693,228,1
1764499846309,691,230,1
1764499846314,689,231,1
1764499846314,689,232,1
1764499846314,688,232,1
1764499846319,686,234,1
1764499846319,685,236,1
1764499846319,684,236,1
1764499846319,683,238,1
1764499846319,681,239,1
1764499846330,680,240,1
1764499846331,680,241,1
1764499846331,679,243,1
1764499846331,678,245,1
1764499846331,676,246,1
1764499846338,675,246,1
1764499846338,675,248,1
1764499846338,674,249,1
1764499846345,672,250,1
1764499846345,672,251,1
1764499846349,671,253,1
1764499846349,670,254,1
1764499846349,669,256,1
1764499846349,668,258,1
1764499846359,667,259,1
1764499846359,666,261,1
1764499846361,666,262,1
1764499846361,664,264,1
1764499846366,663,265,1
1764499846368,663,266,1
1764499846368,663,267,1
1764499846368,662,269,1
1764499846368,661,270,1
1764499846368,660,271,1
1764499846378,659,273,1
1764499846378,659,275,1
1764499846378,658,275,1
1764499846378,657,277,1
1764499846378,656,279,1
1764499846388,655,280,1
1764499846388,654,282,1
1764499846393,653,285,1
1764499846393,652,287,1
1764499846399,650,289,1
1764499846399,649,292,1
1764499846399,648,292,1
1764499846399,648,294,1
1764499846399,647,297,1
1764499846408,646,298,1
1764499846408,644,300,1
1764499846408,644,302,1
1764499846408,643,304,1
1764499846408,641,305,1
1764499846418,641,307,1
1764499846418,640,309,1
1764499846418,639,310,1
1764499846424,637,313,1
1764499846424,637,315,1
1764499846429,636,317,1
1764499846429,634,318,1
1764499846429,633,321,1
1764499846429,633,323,1
1764499846429,632,326,1
1764499846438,631,327,1
1764499846440,631,330,1
1764499846440,630,332,1
1764499846440,628,333,1
1764499846440,627,335,1
1764499846449,626,337,1
1764499846449,626,339,1
1764499846449,625,340,1
1764499846449,624,343,1
1764499846456,623,345,1
1764499846459,622,348,1
1764499846459,621,349,1
1764499846459,621,350,1
1764499846459,620,352,1
1764499846466,619,354,1
1764499846469,619,356,1
1764499846469,618,357,1
1764499846472,617,358,1
1764499846475,616,361,1
1764499846479,615,363,1
1764499846479,614,365,1
1764499846479,614,366,1
1764499846479,612,367,1
1764499846479,612,368,1
1764499846489,612,369,1
1764499846489,612,370,1
1764499846489,612,371,1
1764499846489,611,371,1
1764499846489,610,372,1
1764499846499,610,373,1
1764499846499,610,374,1
1764499846499,609,375,1
1764499846503,608,377,1
1764499846508,607,377,1
1764499846508,607,379,1
1764499846508,607,380,1
1764499846508,606,381,1
1764499846519,606,382,1
1764499846519,605,383,1
1764499846519,605,384,1
1764499846519,604,385,1
1764499846529,604,386,1
1764499846534,603,387,1
1764499846534,603,388,1
1764499846539,602,388,1
1764499846539,602,389,1
1764499846539,602,390,1
1764499846539,602,391,1
1764499846550,601,391,1
1764499846550,601,393,1
1764499846550,600,394,1
1764499846559,599,395,1
1764499846559,599,396,1
1764499846559,599,397,1
1764499846569,599,398,1
1764499846569,598,399,1
1764499846569,598,400,1
1764499846579,597,402,1
1764499846579,596,402,1
1764499846589,596,406,1
1764499846589,595,406,1
1764499846599,595,407,1
1764499846599,594,407,1
1764499846599,594,408,1
1764499846599,594,409,1
1764499846599,594,410,1
1764499846609,593,412,1
1764499846616,592,414,1
1764499846619,591,416,1
1764499846629,591,417,1
1764499846629,591,418,1
1764499846629,591,419,1
1764499846639,590,419,1
1764499846645,590,420,1
1764499846645,589,421,1
1764499846809,588,421,1
1764499848299,588,423,1
1764499848299,588,425,1
1764499848308,588,426,1
1764499848309,588,428,1
1764499848309,588,429,1
1764499848309,588,430,1
1764499848309,588,431,1
1764499848309,588,432,1
1764499848319,588,434,1
1764499848319,588,435,1
1764499848324,588,436,1
1764499848329,589,439,1
1764499848329,589,440,1
1764499848329,589,442,1
1764499848329,589,443,1
1764499848329,589,445,1
1764499848329,589,446,1
1764499848339,589,448,1
1764499848345,589,451,1
1764499848345,589,452,1
1764499848349,589,454,1
1764499848349,590,456,1
1764499848349,590,458,1
1764499848355,590,459,1
1764499848356,591,461,1
1764499848358,591,463,1
1764499848359,591,464,1
1764499848359,591,466,1
1764499848359,591,467,1
1764499848359,591,469,1
1764499848359,591,471,1
1764499848371,591,472,1
1764499848373,591,474,1
1764499848379,591,478,1
1764499848379,591,480,1
1764499848379,591,481,1
1764499848379,592,482,1
1764499848387,592,484,1
1764499848389,592,486,1
1764499848391,592,487,1
1764499848391,592,489,1
1764499848391,592,491,1
1764499848399,592,493,1
1764499848399,593,494,1
1764499848403,593,495,1
1764499848403,593,497,1
1764499848403,593,498,1
1764499848403,593,500,1
1764499848409,593,502,1
1764499848409,593,504,1
1764499848409,594,504,1
1764499848419,594,506,1
1764499848419,595,508,1
1764499848419,595,509,1
1764499848429,596,512,1
1764499848429,596,513,1
1764499848435,597,515,1
1764499848435,597,516,1
1764499848435,598,517,1
1764499848439,598,519,1
1764499848439,599,521,1
1764499848449,599,523,1
1764499848451,599,524,1
1764499848451,600,524,1
1764499848451,600,525,1
1764499848451,600,527,1
1764499848451,601,527,1
1764499848459,601,529,1
1764499848462,602,531,1
1764499848469,603,532,1
1764499848469,603,535,1
1764499848469,603,536,1
1764499848469,604,538,1
1764499848479,605,539,1
1764499848483,605,541,1
1764499848484,606,541,1
1764499848484,606,542,1
1764499848484,606,543,1
1764499848491,606,544,1
1764499848491,607,546,1
1764499848495,607,547,1
1764499848495,608,547,1
1764499848498,608,548,1
1764499848499,609,549,1
1764499848499,609,550,1
1764499848499,609,551,1
1764499848509,609,552,1
1764499848509,610,553,1
1764499848509,611,554,1
1764499848514,611,555,1
1764499848519,611,557,1
1764499848519,611,558,1
1764499848522,612,558,1
1764499848522,612,559,1
1764499848522,613,560,1
1764499848529,614,562,1
1764499848529,614,563,1
1764499848529,614,564,1
1764499848539,615,566,1
1764499848539,615,567,1
1764499848539,616,567,1
1764499848545,617,568,1
1764499848545,617,570,1
1764499848549,617,571,1
1764499848549,617,572,1
1764499848549,618,573,1
1764499848549,619,575,1
1764499848559,619,576,1
1764499848561,620,579,1
1764499848561,620,581,1
1764499848569,620,583,1
1764499848569,621,583,1
1764499848569,621,585,1
1764499848569,622,586,1
1764499848579,623,590,1
1764499848579,624,590,1
1764499848579,624,592,1
1764499848579,625,594,1
1764499848579,625,595,1
1764499848579,626,597,1
1764499848591,627,600,1
1764499848593,628,602,1
1764499848593,629,604,1
1764499848593,629,605,1
1764499848599,629,607,1
1764499848599,629,609,1
1764499848599,630,610,1
1764499848599,631,613,1
1764499848629,635,629,1
1764499848629,636,631,1
1764499848629,637,633,1
1764499848629,637,634,1
1764499848629,637,636,1
1764499848629,637,637,1
1764499848639,638,639,1
1764499848639,639,641,1
1764499848639,639,644,1
1764499848649,640,646,1
1764499848649,640,647,1
1764499848649,640,649,1
1764499848655,640,650,1
1764499848655,641,651,1
1764499848659,641,653,1
1764499848659,642,655,1
1764499848659,642,657,1
1764499848659,642,658,1
1764499848659,643,659,1
1764499848659,644,662,1
1764499848671,644,663,1
1764499848671,644,664,1
1764499848671,645,666,1
1764499848671,645,668,1
1764499848679,645,669,1
1764499848679,646,670,1
1764499848679,646,672,1
1764499848679,647,673,1
1764499848687,648,675,1
1764499848687,648,676,1
1764499848691,649,677,1
1764499848691,650,680,1
1764499848691,650,681,1
1764499848699,650,682,1
1764499848699,651,684,1
1764499848703,651,685,1
1764499848704,651,686,1
1764499848704,652,687,1
1764499848704,653,688,1
1764499848712,653,689,1
1764499848712,653,690,1
1764499848712,654,691,1
1764499848712,654,693,1
1764499848719,655,693,1
1764499848719,655,694,1
1764499848719,655,695,1
1764499848719,656,696,1
1764499848719,656,697,1
1764499848729,657,698,1
1764499848729,657,700,1
1764499848734,658,701,1
1764499848739,658,702,1
1764499848739,658,703,1
1764499848739,659,705,1
1764499848739,660,706,1
1764499848749,661,706,1
1764499848750,661,707,1
1764499848752,661,708,1
1764499848752,661,709,1
1764499848752,662,710,1
1764499848760,663,712,1
1764499848760,664,713,1
1764499848767,664,714,1
1764499848769,664,715,1
1764499848769,666,715,1
1764499848769,666,716,1
1764499848769,667,717,1
1764499848769,667,718,1
1764499848769,668,719,1
1764499848779,669,720,1
1764499848781,670,721,1
1764499848781,671,723,1
1764499848781,672,724,1
1764499848791,675,726,1
1764499848799,676,728,1
1764499848799,678,729,1
1764499848799,679,730,1
1764499848799,681,730,1
1764499848809,682,731,1
1764499848809,683,732,1
1764499848813,685,733,1
1764499848813,686,733,1
1764499848813,687,735,1
1764499848813,688,736,1
1764499848819,689,736,1
1764499848819,691,736,1
1764499848819,692,739,1
1764499848819,694,739,1
1764499848829,695,741,1
1764499848829,697,742,1
1764499848829,699,743,1
1764499848829,700,744,1
1764499848829,702,745,1
1764499848839,704,746,1
1764499848839,706,747,1
1764499848845,708,749,1
1764499848845,711,750,1
1764499848845,712,751,1
1764499848849,714,752,1
1764499848849,716,754,1
1764499848849,719,755,1
1764499848849,720,756,1
1764499848859,722,757,1
1764499848861,724,758,1
1764499848861,727,760,1
1764499848861,728,761,1
1764499848861,731,762,1
1764499848861,733,764,1
1764499848869,735,765,1
1764499848869,736,766,1
1764499848869,739,768,1
1764499848877,741,768,1
1764499848879,743,770,1
1764499848879,744,770,1
1764499848879,746,772,1
1764499848879,748,773,1
1764499848879,749,773,1
1764499848889,751,774,1
1764499848891,753,775,1
1764499848893,756,777,1
1764499848893,758,778,1
1764499848893,760,778,1
1764499848899,761,779,1
1764499848899,762,781,1
1764499848899,764,781,1
1764499848899,766,783,1
1764499848909,767,783,1
1764499848911,769,784,1
1764499848911,770,784,1
1764499848911,772,785,1
1764499848911,774,786,1
1764499848919,775,787,1
1764499848919,777,787,1
1764499848919,779,789,1
1764499848924,780,789,1
1764499848924,781,791,1
1764499848929,784,791,1
1764499848929,786,791,1
1764499848929,787,793,1
1764499848929,788,793,1
1764499848929,791,794,1
1764499848929,791,795,1
1764499848939,793,795,1
1764499848939,797,796,1
1764499848939,798,797,1
1764499848939,800,799,1
1764499848949,801,799,1
1764499848949,803,799,1
1764499848955,804,800,1
1764499848955,805,801,1
1764499848959,807,802,1
1764499848959,809,803,1
1764499848959,810,804,1
1764499848959,812,804,1
1764499848959,814,805,1
1764499848969,815,805,1
1764499848971,817,806,1
1764499848971,819,807,1
1764499848971,820,808,1
1764499848971,822,808,1
1764499848979,823,808,1
1764499848979,825,809,1
1764499848979,827,810,1
1764499848979,829,810,1
1764499848987,830,810,1
1764499848989,832,811,1
1764499848991,834,812,1
1764499848991,837,814,1
1764499848991,839,814,1
1764499848999,840,815,1
1764499848999,841,815,1
1764499849003,842,816,1
1764499849003,844,816,1
1764499849003,846,816,1
1764499849009,848,817,1
1764499849011,849,818,1
1764499849011,851,819,1
1764499849011,852,820,1
1764499849011,853,820,1
1764499849019,856,821,1
1764499849019,858,821,1
1764499849019,859,822,1
1764499849019,861,822,1
1764499849019,863,823,1
1764499849029,865,823,1
1764499849029,866,825,1
1764499849029,869,825,1
1764499849035,871,826,1
1764499849035,872,826,1
1764499849035,874,827,1
1764499849039,877,828,1
1764499849039,880,829,1
1764499849039,882,829,1
1764499849049,884,830,1
1764499849051,886,831,1
1764499849051,888,831,1
1764499849051,890,832,1
1764499849051,892,833,1
1764499849059,894,833,1
1764499849059,895,834,1
1764499849059,897,834,1
1764499849059,900,834,1
1764499849067,901,835,1
1764499849069,904,835,1
1764499849069,906,836,1
1764499849069,908,837,1
1764499849069,909,837,1
1764499849069,914,838,1
1764499849079,915,838,1
1764499849082,917,838,1
1764499849082,918,839,1
1764499849082,922,840,1
1764499849089,923,840,1
1764499849091,926,840,1
1764499849091,927,840,1
1764499849091,928,840,1
1764499849098,930,840,1
1764499849099,932,840,1
1764499849099,934,840,1
1764499849099,935,840,1
1764499849099,936,840,1
1764499849109,938,840,1
1764499849109,941,840,1
1764499849116,944,840,1
1764499849116,946,840,1
1764499849119,948,840,1
1764499849119,949,840,1
1764499849119,951,840,1
1764499849119,953,840,1
1764499849129,955,840,1
1764499849129,957,840,1
1764499849129,958,840,1
1764499849129,958,841,1
1764499849139,960,841,1
1764499849141,961,841,1
1764499849145,963,841,1
1764499849145,964,841,1
1764499849149,965,841,1
1764499849149,966,841,1
1764499849149,967,841,1
1764499849149,968,841,1
1764499849161,970,841,1
1764499849169,971,841,1
1764499849169,972,841,1
1764499849169,973,841,1
1764499849177,974,841,1
1764499849179,975,841,1
1764499849179,976,841,1
1764499849179,977,841,1
1764499849179,978,841,1
1764499849189,979,841,1
1764499849191,980,841,1
1764499849193,981,841,1
1764499849193,982,841,1
1764499849193,983,841,1
1764499849199,984,841,1
1764499849199,986,841,1
1764499849199,988,841,1
1764499849199,989,842,1
1764499849209,990,842,1
1764499849209,992,842,1
1764499849209,993,842,1
1764499849209,994,842,1
1764499849219,997,842,1
1764499849219,999,842,1
1764499849219,1000,842,1
1764499849225,1003,843,1
1764499849229,1005,843,1
1764499849229,1006,843,1
1764499849229,1007,843,1
1764499849229,1009,843,1
1764499849229,1011,843,1
1764499849241,1014,843,1
1764499849241,1017,843,1
1764499849241,1018,843,1
1764499849249,1020,843,1
1764499849249,1022,843,1
1764499849258,1024,843,1
1764499849259,1025,843,1
1764499849261,1026,843,1
1764499849261,1028,843,1
1764499849261,1029,843,1
1764499849261,1031,843,1
1764499849269,1032,843,1
1764499849269,1033,843,1
1764499849272,1035,843,1
1764499849272,1037,843,1
1764499849279,1039,843,1
1764499849279,1041,843,1
1764499849279,1042,843,1
1764499849289,1044,843,1
1764499849291,1045,843,1
1764499849291,1047,843,1
1764499849291,1048,843,1
1764499849299,1049,843,1
1764499849299,1050,843,1
1764499849299,1051,843,1
1764499849304,1052,843,1
1764499849304,1054,843,1
1764499849309,1054,842,1
1764499849309,1056,842,1
1764499849309,1058,842,1
1764499849309,1060,842,1
1764499849319,1061,842,1
1764499849319,1062,841,1
1764499849323,1064,841,1
1764499849323,1065,841,1
1764499849323,1067,841,1
1764499849329,1068,841,1
1764499849329,1070,841,1
1764499849329,1072,841,1
1764499849335,1073,841,1
1764499849335,1075,841,1
1764499849339,1077,840,1
1764499849339,1078,840,1
1764499849344,1081,839,1
1764499849344,1083,839,1
1764499849349,1086,839,1
1764499849351,1088,839,1
1764499849351,1091,839,1
1764499849351,1092,839,1
1764499849359,1094,839,1
1764499849359,1096,839,1
1764499849359,1097,839,1
1764499849359,1099,839,1
1764499849367,1100,839,1
1764499849369,1102,838,1
1764499849371,1104,838,1
1764499849371,1106,838,1
1764499849371,1108,837,1
1764499849379,1109,836,1
1764499849382,1110,836,1
1764499849382,1111,836,1
1764499849382,1112,836,1
1764499849392,1114,835,1
1764499849392,1116,834,1
1764499849399,1116,833,1
1764499849399,1117,833,1
1764499849399,1117,832,1
1764499849399,1118,832,1
1764499849409,1119,831,1
1764499849409,1120,830,1
1764499849414,1121,830,1
1764499849419,1122,829,1
1764499849419,1123,829,1
1764499849419,1124,828,1
1764499849419,1125,827,1
1764499849429,1126,827,1
1764499849429,1127,826,1
1764499849429,1128,825,1
1764499849429,1129,825,1
1764499849439,1130,825,1
1764499849439,1131,824,1
1764499849445,1133,824,1
1764499849445,1134,823,1
1764499849449,1135,823,1
1764499849449,1136,822,1
1764499849449,1137,822,1
1764499849449,1138,821,1
1764499849461,1141,820,1
1764499849465,1142,820,1
1764499849465,1143,820,1
1764499849469,1143,819,1
1764499849469,1144,819,1
1764499849469,1146,818,1
1764499849477,1148,817,1
1764499849479,1149,817,1
1764499849482,1151,817,1
1764499849482,1152,816,1
1764499849489,1154,816,1
1764499849489,1154,815,1
1764499849492,1155,814,1
1764499849492,1156,814,1
1764499849497,1158,814,1
1764499849499,1158,813,1
1764499849499,1159,812,1
1764499849499,1160,812,1
1764499849499,1161,811,1
1764499849499,1162,811,1
1764499849511,1163,811,1
1764499849511,1164,810,1
1764499849511,1165,809,1
1764499849511,1165,808,1
1764499849511,1166,808,1
1764499849519,1167,808,1
1764499849519,1168,807,1
1764499849524,1168,805,1
1764499849525,1170,804,1
1764499849531,1171,803,1
1764499849533,1172,801,1
1764499849533,1173,801,1
1764499849533,1174,801,1
1764499849533,1176,799,1
1764499849539,1177,798,1
1764499849539,1178,797,1
1764499849539,1179,797,1
1764499849539,1181,796,1
1764499849549,1182,794,1
1764499849549,1183,793,1
1764499849549,1185,793,1
1764499849555,1185,792,1
1764499849555,1187,791,1
1764499849561,1189,790,1
1764499849561,1191,787,1
1764499849561,1192,787,1
1764499849569,1193,786,1
1764499849571,1195,785,1
1764499849573,1196,785,1
1764499849575,1196,784,1
1764499849575,1198,783,1
1764499849579,1199,783,1
1764499849579,1200,781,1
1764499849579,1201,781,1
1764499849587,1203,780,1
1764499849589,1204,779,1
1764499849592,1205,778,1
1764499849592,1206,778,1
1764499849592,1206,777,1
1764499849599,1207,776,1
1764499849599,1208,776,1
1764499849603,1208,775,1
1764499849603,1209,775,1
1764499849603,1210,775,1
1764499849609,1211,774,1
1764499849609,1211,773,1
1764499849609,1212,773,1
1764499849634,1217,768,1
1764499849639,1218,768,1
1764499849639,1219,766,1
1764499849646,1220,764,1
1764499849646,1221,763,1
1764499849649,1222,762,1
1764499849650,1223,761,1
1764499849650,1223,760,1
1764499849650,1224,757,1
1764499849661,1226,755,1
1764499849661,1227,753,1
1764499849661,1228,752,1
1764499849666,1230,749,1
1764499849669,1231,747,1
1764499849669,1232,744,1
1764499849669,1234,743,1
1764499849669,1234,741,1
1764499849669,1235,738,1
1764499849679,1236,737,1
1764499849679,1238,734,1
1764499849683,1239,732,1
1764499849685,1239,731,1
1764499849687,1240,729,1
1764499849688,1241,726,1
1764499849690,1243,724,1
1764499849693,1244,723,1
1764499849693,1245,721,1
1764499849693,1246,719,1
1764499849699,1246,716,1
1764499849699,1247,715,1
1764499849699,1249,713,1
1764499849705,1250,711,1
1764499849709,1253,706,1
1764499849709,1253,705,1
1764499849709,1253,704,1
1764499849709,1255,702,1
1764499849719,1256,700,1
1764499849721,1257,697,1
1764499849721,1258,696,1
1764499849727,1259,694,1
1764499849729,1259,693,1
1764499849729,1261,692,1
1764499849729,1262,690,1
1764499849729,1262,688,1
1764499849737,1263,687,1
1764499849739,1264,686,1
1764499849739,1264,684,1
1764499849739,1266,681,1
1764499849739,1268,679,1
1764499849749,1268,678,1
1764499849749,1269,677,1
1764499849752,1269,675,1
1764499849752,1270,674,1
1764499849752,1272,672,1
1764499849759,1273,668,1
1764499849759,1274,667,1
1764499849759,1275,665,1
1764499849759,1276,663,1
1764499849769,1277,661,1
1764499849771,1277,659,1
1764499849773,1278,657,1
1764499849773,1280,654,1
1764499849779,1280,650,1
1764499849779,1281,650,1
1764499849779,1283,647,1
1764499849784,1284,644,1
1764499849784,1284,643,1
1764499849789,1285,640,1
1764499849789,1285,638,1
1764499849793,1286,636,1
1764499849793,1287,634,1
1764499849793,1288,632,1
1764499849799,1289,630,1
1764499849799,1290,628,1
1764499849799,1290,626,1
1764499849799,1291,624,1
1764499849799,1292,623,1
1764499849809,1292,618,1
1764499849809,1293,617,1
1764499849815,1294,615,1
1764499849815,1295,613,1
1764499849819,1296,612,1
1764499849821,1296,610,1
1764499849823,1298,608,1
1764499849823,1299,605,1
1764499849829,1299,602,1
1764499849831,1300,601,1
1764499849831,1301,599,1
1764499849831,1302,597,1
1764499849831,1302,596,1
1764499849839,1303,594,1
1764499849839,1304,592,1
1764499849839,1304,590,1
1764499849839,1305,589,1
1764499849847,1306,587,1
1764499849849,1307,585,1
1764499849849,1308,584,1
1764499849849,1309,582,1
1764499849849,1309,580,1
1764499849849,1310,579,1
1764499849859,1311,575,1
1764499849863,1311,573,1
1764499849865,1312,571,1
1764499849865,1313,569,1
1764499849869,1313,567,1
1764499849869,1315,565,1
1764499849869,1315,563,1
1764499849869,1316,561,1
1764499849869,1316,559,1
1764499849879,1317,557,1
1764499849881,1317,556,1
1764499849881,1317,553,1
1764499849881,1317,552,1
1764499849881,1317,551,1
1764499849889,1318,548,1
1764499849889,1319,546,1
1764499849893,1320,544,1
1764499849894,1320,543,1
1764499849897,1321,540,1
1764499849899,1321,539,1
1764499849899,1322,537,1
1764499849899,1322,536,1
1764499849899,1323,535,1
1764499849899,1323,533,1
1764499849911,1324,530,1
1764499849911,1324,529,1
1764499849911,1325,527,1
1764499849911,1325,526,1
1764499849911,1326,524,1
1764499849919,1326,522,1
1764499849919,1327,521,1
1764499849919,1327,520,1
1764499849927,1327,518,1
1764499849929,1328,517,1
1764499849929,1328,516,1
1764499849929,1329,514,1
1764499849929,1329,513,1
1764499849929,1329,511,1
1764499849939,1329,509,1
1764499849942,1329,507,1
1764499849942,1329,506,1
1764499849942,1329,505,1
1764499849949,1329,504,1
1764499849949,1329,502,1
1764499849949,1329,500,1
1764499849949,1329,499,1
1764499849949,1329,498,1
1764499849962,1329,495,1
1764499849962,1329,494,1
1764499849962,1329,493,1
1764499849962,1329,491,1
1764499849969,1330,489,1
1764499849969,1330,488,1
1764499849969,1330,486,1
1764499849974,1330,483,1
1764499849979,1330,482,1
1764499849979,1330,481,1
1764499849979,1330,480,1
1764499849979,1330,479,1
1764499849979,1330,477,1
1764499849989,1330,475,1
1764499849993,1330,473,1
1764499849993,1330,472,1
1764499849993,1330,471,1
1764499849999,1330,469,1
1764499849999,1330,468,1
1764499849999,1330,466,1
1764499850005,1330,464,1
1764499850009,1330,462,1
1764499850009,1330,461,1
1764499850009,1330,459,1
1764499850009,1330,458,1
1764499850019,1330,456,1
1764499850024,1330,454,1
1764499850025,1330,451,1
1764499850029,1330,450,1
1764499850029,1330,449,1
1764499850029,1329,447,1
1764499850029,1329,445,1
1764499850039,1329,442,1
1764499850039,1329,441,1
1764499850043,1328,440,1
1764499850043,1328,438,1
1764499850043,1328,437,1
1764499850049,1328,436,1
1764499850049,1327,434,1
1764499850052,1327,433,1
1764499850052,1327,431,1
1764499850052,1326,430,1
1764499850059,1325,427,1
1764499850059,1325,425,1
1764499850059,1325,424,1
1764499850059,1324,422,1
1764499850069,1324,420,1
1764499850071,1323,419,1
1764499850073,1323,417,1
1764499850073,1321,413,1
1764499850079,1321,412,1
1764499850079,1320,410,1
1764499850079,1320,408,1
1764499850084,1319,406,1
1764499850084,1319,405,1
1764499850089,1318,403,1
1764499850089,1317,400,1
1764499850093,1316,399,1
1764499850093,1315,398,1
1764499850093,1315,395,1
1764499850099,1314,394,1
1764499850099,1313,392,1
1764499850099,1313,390,1
1764499850099,1312,389,1
1764499850099,1311,388,1
1764499850111,1310,385,1
1764499850111,1309,383,1
1764499850115,1307,380,1
1764499850115,1306,379,1
1764499850119,1305,377,1
1764499850119,1305,375,1
1764499850122,1304,374,1
1764499850122,1303,372,1
1764499850122,1302,370,1
1764499850129,1301,369,1
1764499850131,1299,368,1
1764499850131,1299,366,1
1764499850131,1299,364,1
1764499850131,1297,363,1
1764499850139,1297,361,1
1764499850139,1296,360,1
1764499850139,1294,359,1
1764499850139,1294,358,1
1764499850147,1294,356,1
1764499850149,1292,356,1
1764499850149,1291,355,1
1764499850149,1291,354,1
1764499850149,1291,353,1
1764499850149,1291,352,1
1764499850159,1290,351,1
1764499850159,1289,351,1
1764499850162,1289,350,1
1764499850162,1288,349,1
1764499850162,1288,348,1
1764499850169,1288,347,1
1764499850169,1287,346,1
1764499850179,1287,345,1
1764499850179,1286,344,1
1764499850179,1286,343,1
1764499850194,1286,342,1
1764499850199,1285,342,1
1764499850199,1285,341,1
0,0,0,0
1764499871293,1285,339,1
1764499871303,1285,338,1
1764499871309,1284,337,1
1764499871312,1284,336,1
1764499871312,1283,335,1
1764499871320,1283,334,1
1764499871323,1283,333,1
1764499871323,1283,332,1
1764499871323,1282,331,1
1764499871333,1281,330,1
1764499871333,1281,328,1
1764499871336,1281,326,1
1764499871336,1280,325,1
1764499871343,1279,324,1
1764499871343,1278,323,1
1764499871343,1278,322,1
1764499871343,1278,321,1
1764499871352,1277,320,1
1764499871352,1276,319,1
1764499871352,1276,318,1
1764499871360,1276,316,1
1764499871362,1275,315,1
1764499871362,1275,314,1
1764499871362,1275,313,1
1764499871369,1274,312,1
1764499871369,1273,310,1
1764499871373,1272,309,1
1764499871373,1272,308,1
1764499871373,1271,306,1
1764499871383,1270,304,1
1764499871383,1269,302,1
1764499871383,1267,302,1
1764499871383,1267,301,1
1764499871383,1267,299,1
1764499871393,1265,297,1
1764499871393,1264,295,1
1764499871398,1263,294,1
1764499871398,1262,292,1
1764499871403,1261,291,1
1764499871403,1260,290,1
1764499871403,1259,288,1
1764499871403,1257,284,1
1764499871412,1256,283,1
1764499871414,1255,282,1
1764499871414,1254,280,1
1764499871414,1252,278,1
1764499871414,1251,277,1
1764499871414,1249,275,1
1764499871423,1247,273,1
1764499871423,1246,271,1
1764499871431,1244,269,1
1764499871433,1243,268,1
1764499871433,1241,267,1
1764499871433,1240,265,1
1764499871433,1239,263,1
1764499871433,1237,262,1
1764499871443,1236,260,1
1764499871443,1235,258,1
1764499871446,1233,256,1
1764499871446,1231,255,1
1764499871446,1230,254,1
1764499871453,1229,252,1
1764499871453,1227,249,1
1764499871453,1225,248,1
1764499871453,1222,246,1
1764499871463,1220,244,1
1764499871465,1218,242,1
1764499871465,1217,241,1
1764499871465,1216,240,1
1764499871465,1214,238,1
1764499871473,1213,237,1
1764499871477,1211,235,1
1764499871477,1209,233,1
1764499871477,1207,231,1
1764499871483,1205,231,1
1764499871483,1205,229,1
1764499871483,1203,228,1
1764499871483,1202,227,1
1764499871483,1201,226,1
1764499871493,1201,225,1
1764499871493,1198,223,1
1764499871493,1197,222,1
1764499871493,1194,221,1
1764499871503,1194,219,1
1764499871503,1193,219,1
1764499871503,1191,217,1
1764499871511,1189,216,1
1764499871511,1189,215,1
1764499871513,1187,215,1
1764499871513,1187,214,1
1764499871513,1185,213,1
1764499871513,1183,212,1
1764499871513,1182,211,1
1764499871523,1182,210,1
1764499871524,1179,208,1
1764499871533,1176,206,1
1764499871533,1175,205,1
1764499871533,1174,205,1
1764499871540,1174,204,1
1764499871543,1171,203,1
1764499871543,1171,202,1
1764499871543,1169,201,1
1764499871543,1169,200,1
1764499871553,1168,200,1
1764499871553,1167,200,1
1764499871556,1167,199,1
1764499871556,1164,198,1
1764499871556,1164,197,1
1764499871563,1162,197,1
1764499871563,1161,196,1
1764499871563,1161,195,1
1764499871563,1159,194,1
1764499871573,1158,194,1
1764499871573,1157,193,1
1764499871573,1156,193,1
1764499871573,1155,192,1
1764499871573,1154,191,1
1764499871583,1153,191,1
1764499871583,1152,190,1
1764499871583,1150,189,1
1764499871589,1149,187,1
1764499871589,1147,186,1
1764499871592,1145,185,1
1764499871592,1143,184,1
1764499871592,1142,184,1
1764499871592,1140,182,1
1764499871602,1138,181,1
1764499871604,1136,180,1
1764499871604,1135,180,1
1764499871604,1131,177,1
1764499871604,1130,176,1
1764499871613,1126,174,1
1764499871620,1122,172,1
1764499871623,1120,171,1
1764499871623,1116,169,1
1764499871623,1114,168,1
1764499871631,1111,168,1
1764499871633,1109,167,1
1764499871636,1106,166,1
1764499871636,1104,165,1
1764499871636,1101,164,1
1764499871636,1099,162,1
1764499871643,1096,161,1
1764499871643,1095,161,1
1764499871643,1093,160,1
1764499871643,1089,159,1
1764499871653,1088,157,1
1764499871653,1086,156,1
1764499871655,1083,156,1
1764499871655,1081,155,1
1764499871655,1078,154,1
1764499871655,1076,153,1
1764499871663,1073,153,1
1764499871663,1072,152,1
1764499871667,1069,151,1
1764499871667,1067,150,1
1764499871667,1064,149,1
1764499871673,1063,149,1
1764499871673,1060,147,1
1764499871673,1058,147,1
1764499871673,1056,145,1
1764499871673,1053,144,1
1764499871683,1051,144,1
1764499871683,1048,143,1
1764499871683,1047,143,1
1764499871683,1044,142,1
1764499871683,1041,140,1
1764499871693,1039,139,1
1764499871693,1036,139,1
1764499871693,1033,138,1
1764499871698,1030,137,1
1764499871698,1027,136,1
1764499871703,1025,134,1
1764499871703,1022,133,1
1764499871703,1019,132,1
1764499871703,1017,132,1
1764499871703,1014,131,1
1764499871713,1010,131,1
1764499871714,1007,130,1
1764499871714,1003,129,1
1764499871714,1001,128,1
1764499871714,999,128,1
1764499871723,996,128,1
1764499871723,991,126,1
1764499871723,989,125,1
1764499871731,987,125,1
1764499871733,985,124,1
1764499871733,982,124,1
1764499871738,980,123,1
1764499871740,977,123,1
1764499871742,975,123,1
1764499871743,972,123,1
1764499871746,970,122,1
1764499871746,968,122,1
1764499871746,966,122,1
1764499871753,963,121,1
1764499871756,962,121,1
1764499871758,960,121,1
1764499871758,957,120,1
1764499871763,954,120,1
1764499871763,951,120,1
1764499871767,950,120,1
1764499871769,948,120,1
1764499871771,946,119,1
1764499871772,943,119,1
1764499871777,941,119,1
1764499871778,939,119,1
1764499871780,937,119,1
1764499871782,935,119,1
1764499871783,934,119,1
1764499871783,931,119,1
1764499871783,929,118,1
1764499871783,928,118,1
1764499871793,924,118,1
1764499871793,922,118,1
1764499871793,920,118,1
1764499871793,918,118,1
1764499871793,916,118,1
1764499871803,914,118,1
1764499871803,913,118,1
1764499871803,910,118,1
1764499871809,909,118,1
1764499871809,907,118,1
1764499871812,904,118,1
1764499871815,903,118,1
1764499871817,901,118,1
1764499871819,900,118,1
1764499871819,898,118,1
1764499871823,895,118,1
1764499871829,891,119,1
1764499871829,888,119,1
1764499871831,887,119,1
1764499871833,885,119,1
1764499871835,882,119,1
1764499871837,881,120,1
1764499871839,879,120,1
1764499871859,861,123,1
1764499871864,854,124,1
1764499871864,852,124,1
1764499871866,850,125,1
1764499871866,848,125,1
1764499871866,845,126,1
1764499871872,844,126,1
1764499871872,841,127,1
1764499871872,838,127,1
1764499871872,836,128,1
1764499871872,835,128,1
1764499871883,832,129,1
1764499871883,830,130,1
1764499871888,825,130,1
1764499871888,823,130,1
1764499871893,818,132,1
1764499871893,815,132,1
1764499871893,812,133,1
1764499871893,810,134,1
1764499871903,807,135,1
1764499871905,805,135,1
1764499871905,803,136,1
1764499871905,797,137,1
1764499871913,795,138,1
1764499871913,792,138,1
1764499871913,789,139,1
1764499871913,787,139,1
1764499871920,784,139,1
1764499871923,782,139,1
1764499871923,780,139,1
1764499871923,778,140,1
1764499871923,775,141,1
1764499871933,771,142,1
1764499871933,769,142,0
1764499871936,768,142,0
1764499871936,765,143,0
1764499871936,763,143,0
1764499871943,759,144,0
1764499871943,757,145,0
1764499871943,755,146,0
1764499871943,754,146,0
1764499871953,752,146,0
1764499871953,750,146,0
1764499871953,749,147,0
1764499871953,745,149,0
1764499871963,744,150,0
1764499871963,743,150,0
1764499871967,741,151,0
1764499871969,740,151,0
1764499871971,739,152,0
1764499871972,737,152,0
1764499871976,735,154,0
1764499871979,734,154,0
1764499871981,734,155,0
1764499871985,732,156,0
1764499871987,730,158,0
1764499871991,729,158,0
1764499871993,728,159,0
1764499871995,726,160,0
1764499871999,725,161,0
1764499872001,724,161,0
1764499872003,723,162,0
1764499872005,722,163,0
1764499872007,720,164,0
1764499872011,719,165,0
1764499872013,718,165,0
1764499872014,717,166,0
1764499872017,717,167,0
1764499872021,715,168,0
1764499872023,714,169,0
1764499872027,712,171,0
1764499872029,711,171,0
1764499872030,711,172,0
1764499872032,709,173,0
1764499872034,709,174,0
1764499872036,707,175,0
1764499872038,707,176,0
1764499872043,704,179,0
1764499872046,704,180,0
1764499872046,703,180,0
1764499872046,702,182,0
1764499872053,700,183,0
1764499872053,700,184,0
1764499872053,698,184,0
1764499872053,697,186,0
1764499872063,696,187,0
1764499872063,694,189,0
1764499872063,693,189,0
1764499872072,691,191,0
1764499872078,689,193,0
1764499872078,688,194,0
1764499872078,688,195,0
1764499872083,687,196,0
1764499872083,684,198,0
1764499872083,684,199,0
1764499872093,682,200,0
1764499872094,681,201,0
1764499872094,681,202,0
1764499872094,679,203,0
1764499872094,679,204,0
1764499872103,677,205,0
1764499872103,677,206,0
1764499872103,676,208,0
1764499872110,674,210,0
1764499872113,672,211,0
1764499872113,672,212,0
1764499872113,671,213,0
1764499872113,670,215,0
1764499872113,669,215,0
1764499872122,668,216,0
1764499872125,666,218,0
1764499872125,665,220,0
1764499872125,665,222,0
1764499872133,664,222,0
1764499872133,663,224,0
1764499872133,662,225,0
1764499872141,661,227,1
1764499872143,659,229,1
1764499872143,658,229,0
1764499872143,658,231,1
1764499872143,658,232,1
1764499872143,656,234,1
1764499872153,655,235,1
1764499872157,655,236,1
1764499872157,653,238,1
1764499872163,653,239,1
1764499872163,652,239,1
1764499872163,652,240,1
1764499872163,652,241,1
1764499872163,651,241,1
1764499872173,650,242,1
1764499872173,649,244,1
1764499872173,649,246,1
1764499872173,648,247,1
1764499872183,647,247,1
1764499872183,647,248,1
1764499872183,647,249,1
1764499872188,646,250,1
1764499872188,646,251,1
1764499872192,645,252,1
1764499872192,644,253,1
1764499872192,644,254,1
1764499872192,644,255,1
1764499872202,643,256,1
1764499872204,643,257,1
1764499872204,642,258,1
1764499872204,642,259,1
1764499872213,641,260,1
1764499872213,641,261,1
1764499872213,640,262,1
1764499872220,639,262,1
1764499872223,639,263,1
1764499872223,639,264,1
1764499872223,638,266,1
1764499872233,638,267,1
1764499872233,637,267,1
1764499872236,636,268,1
1764499872236,636,269,1
1764499872243,636,270,1
1764499872243,636,272,1
1764499872243,635,273,1
1764499872243,635,274,1
1764499872253,634,275,1
1764499872253,633,276,1
1764499872253,633,277,1
1764499872263,633,278,1
1764499872263,633,280,1
1764499872263,632,280,1
1764499872267,632,281,1
1764499872267,631,282,1
1764499872272,631,283,1
1764499872276,631,284,1
1764499872276,631,285,1
1764499872276,630,286,1
1764499872283,629,288,1
1764499872283,628,288,1
1764499872283,628,289,1
1764499872283,628,290,1
1764499872293,628,291,1
1764499872293,627,291,1
1764499872293,626,292,1
1764499872298,626,293,1
1764499872300,625,294,1
1764499872302,625,296,1
1764499872312,624,298,1
1764499872312,623,298,1
1764499872314,623,299,1
1764499872314,623,300,1
1764499872314,622,302,1
1764499872322,621,303,1
1764499872322,620,304,1
1764499872322,620,305,1
1764499872331,619,306,1
1764499872332,619,308,1
1764499872332,619,309,1
1764499872332,619,310,1
1764499872332,618,310,1
1764499872343,618,311,1
1764499872343,617,313,1
1764499872346,616,313,1
1764499872346,616,314,1
1764499872346,616,315,1
1764499872353,616,316,1
1764499872353,616,318,1
1764499872353,616,320,1
1764499872363,615,321,1
1764499872363,615,322,1
1764499872363,615,323,1
1764499872373,614,324,1
1764499872373,614,326,1
1764499872377,614,327,1
1764499872383,614,329,1
1764499872383,613,329,1
1764499872383,613,330,1
1764499872383,613,331,1
1764499872383,612,332,1
1764499872393,612,333,1
1764499872393,612,334,1
1764499872393,611,335,1
1764499872393,611,336,1
1764499872402,611,337,1
1764499872402,611,339,1
1764499872409,610,341,1
1764499872413,610,342,1
1764499872413,609,342,1
1764499872413,609,343,1
1764499872413,609,344,1
1764499872413,609,345,1
1764499872425,608,347,1
1764499872431,608,349,1
1764499872433,607,350,1
1764499872433,607,352,1
1764499872441,607,353,1
1764499872443,607,354,1
1764499872443,606,356,1
1764499872443,606,357,1
1764499872453,606,358,1
1764499872456,606,359,1
1764499872456,606,360,1
1764499872463,606,361,1
1764499872463,606,362,1
1764499872463,606,363,1
1764499872463,606,364,1
1764499872472,605,365,1
1764499872472,605,367,1
1764499872472,605,368,1
1764499872482,605,370,1
1764499872482,605,371,1
1764499872488,605,373,1
1764499872493,605,374,1
1764499872493,604,376,1
1764499872493,604,377,1
1764499872502,604,378,1
1764499872504,604,379,1
1764499872504,604,380,1
1764499872504,604,382,1
1764499872513,604,383,1
1764499872513,604,384,1
1764499872513,604,386,1
1764499872523,604,387,1
1764499872523,604,389,1
1764499872523,604,390,1
1764499872533,604,391,1
1764499872533,604,392,1
1764499872536,604,394,1
1764499872536,604,395,1
1764499872542,604,396,1
1764499872542,604,398,1
1764499872542,604,399,1
1764499872552,604,400,1
1764499872552,604,402,1
1764499872552,604,403,1
1764499872563,604,405,1
1764499872563,604,406,1
1764499872563,604,407,1
1764499872569,604,408,1
1764499872569,604,409,1
1764499872572,604,410,1
1764499872572,604,411,1
1764499872572,604,412,1
1764499872572,604,414,1
1764499872583,604,415,1
1764499872583,604,417,1
1764499872583,604,418,1
1764499872592,604,420,1
1764499872592,604,422,1
1764499872599,604,423,1
1764499872603,604,424,1
1764499872603,604,425,1
1764499872603,604,426,1
1764499872603,604,427,1
1764499872603,604,428,1
1764499872613,604,429,1
1764499872614,604,430,1
1764499872614,604,432,1
1764499872614,604,433,1
1764499872623,604,434,1
1764499872623,604,435,1
1764499872623,604,436,1
1764499872623,604,437,1
1764499872631,604,438,1
1764499872632,604,439,1
1764499872632,604,440,1
1764499872632,604,442,1
1764499872632,604,444,1
1764499872643,604,445,1
1764499872643,604,446,1
1764499872646,604,447,1
1764499872646,604,448,1
1764499872646,604,449,1
1764499872653,603,451,1
1764499872653,603,452,1
1764499872653,603,453,1
1764499872653,603,454,1
1764499872663,603,455,1
1764499872664,603,457,1
1764499872666,603,458,1
1764499872666,603,459,1
1764499872673,603,460,1
1764499872673,603,462,1
1764499872680,603,463,1
1764499872683,603,464,1
1764499872683,603,465,1
1764499872683,603,466,1
1764499872683,603,467,1
1764499872683,603,468,1
1764499872692,603,469,1
1764499872695,603,470,1
1764499872695,603,471,1
1764499872695,603,473,1
1764499872703,603,474,1
1764499872703,603,475,1
1764499872709,603,477,1
1764499872713,603,479,1
1764499872713,603,480,1
1764499872713,603,481,1
1764499872713,602,481,1
1764499872722,602,483,1
1764499872725,602,484,1
1764499872725,602,485,1
1764499872728,602,486,1
1764499872728,601,487,1
1764499872733,601,488,1
1764499872733,601,489,1
1764499872733,601,490,1
1764499872733,601,491,1
1764499872741,601,492,1
1764499872743,601,493,1
1764499872743,601,495,1
1764499872743,600,496,1
1764499872743,600,497,1
1764499872753,600,500,1
1764499872753,600,501,1
1764499872757,600,502,1
1764499872757,600,504,1
1764499872763,600,505,1
1764499872763,600,507,1
1764499872763,600,508,1
1764499872763,600,510,1
1764499872774,600,512,1
1764499872774,600,513,1
1764499872774,600,514,1
1764499872774,600,515,1
1764499872783,600,516,1
1764499872783,600,517,1
1764499872783,600,518,1
1764499872789,600,519,1
1764499872793,600,523,1
1764499872793,600,525,1
1764499872793,600,526,1
1764499872803,600,528,1
1764499872804,600,529,1
1764499872804,600,530,1
1764499872804,600,531,1
1764499872804,600,532,1
1764499872813,600,533,1
1764499872813,600,534,1
1764499872813,600,537,1
1764499872820,600,538,1
1764499872823,600,539,1
1764499872823,600,541,1
1764499872823,600,543,1
1764499872823,600,545,1
1764499872833,600,546,1
1764499872833,600,547,1
1764499872836,600,548,1
1764499872836,601,550,1
1764499872843,601,552,1
1764499872843,601,554,1
1764499872843,601,556,1
1764499872843,602,558,1
1764499872869,603,571,1
1764499872869,603,573,1
1764499872873,604,576,1
1764499872873,604,577,1
1764499872873,604,578,1
1764499872883,605,579,1
1764499872883,605,581,1
1764499872883,605,582,1
1764499872883,605,583,1
1764499872883,606,585,1
1764499872893,606,586,1
1764499872893,606,588,1
1764499872899,606,590,1
1764499872903,607,591,1
1764499872903,607,592,1
1764499872903,608,594,1
1764499872903,608,595,1
1764499872903,609,596,1
1764499872912,609,597,1
1764499872914,609,599,1
1764499872918,609,601,1
1764499872918,610,602,1
1764499872923,610,603,1
1764499872923,611,605,1
1764499872923,611,606,1
1764499872923,612,608,1
1764499872930,613,609,1
1764499872933,613,610,1
1764499872933,613,612,1
1764499872933,613,614,1
1764499872933,614,615,1
1764499872933,614,617,1
1764499872943,615,619,1
1764499872943,616,620,1
1764499872947,617,622,1
1764499872948,617,624,1
1764499872948,617,625,1
1764499872952,618,628,1
1764499872952,618,629,1
1764499872952,618,631,1
1764499872952,619,632,1
1764499872952,619,634,1
1764499872963,620,636,1
1764499872963,620,637,1
1764499872963,621,638,1
1764499872963,621,640,1
1764499872963,622,640,1
1764499872973,622,642,1
1764499872973,622,644,1
1764499872977,623,646,1
1764499872977,623,647,1
1764499872983,624,648,1
1764499872983,625,650,1
1764499872983,625,652,1
1764499872992,625,654,1
1764499872992,625,656,1
1764499872992,626,656,1
1764499872992,626,657,1
1764499872992,628,659,1
1764499872992,628,660,1
1764499873003,628,662,1
1764499873003,628,663,1
1764499873008,629,664,1
1764499873011,630,666,1
1764499873013,630,667,1
1764499873013,631,669,1
1764499873013,633,670,1
1764499873013,633,672,1
1764499873013,633,673,1
1764499873023,634,675,1
1764499873024,634,677,1
1764499873027,636,677,1
1764499873028,637,679,1
1764499873028,637,682,1
1764499873033,638,683,1
1764499873033,638,684,1
1764499873033,640,686,1
1764499873033,641,688,1
1764499873043,644,691,1
1764499873043,644,693,1
1764499873043,645,695,1
1764499873043,646,696,1
1764499873049,648,698,1
1764499873053,649,700,1
1764499873053,651,702,1
1764499873056,651,703,1
1764499873058,652,705,1
1764499873058,653,707,1
1764499873063,654,708,1
1764499873063,655,710,1
1764499873063,657,712,1
1764499873063,657,713,1
1764499873063,658,714,1
1764499873073,660,715,1
1764499873073,660,717,1
1764499873073,662,718,1
1764499873073,662,719,1
1764499873073,662,721,1
1764499873083,664,721,1
1764499873083,665,722,1
1764499873083,667,724,1
1764499873088,668,725,1
1764499873093,670,726,1
1764499873093,671,728,1
1764499873093,671,729,1
1764499873093,672,729,1
1764499873093,674,731,1
1764499873103,674,733,1
1764499873104,676,734,1
1764499873104,677,735,1
1764499873104,679,736,1
1764499873104,679,738,1
1764499873113,680,739,1
1764499873113,682,740,1
1764499873113,683,741,1
1764499873113,684,743,1
1764499873123,686,744,1
1764499873123,687,746,1
1764499873123,688,747,1
1764499873123,689,747,1
1764499873123,690,749,1
1764499873133,691,751,1
1764499873135,692,751,1
1764499873135,693,752,1
1764499873135,694,753,1
1764499873143,696,756,1
1764499873143,697,756,1
1764499873143,698,758,1
1764499873143,699,760,1
1764499873153,701,760,1
1764499873153,703,762,1
1764499873153,704,763,1
1764499873159,704,764,1
1764499873159,706,765,1
1764499873163,707,767,1
1764499873163,709,768,1
1764499873166,710,769,1
1764499873166,711,770,1
1764499873166,713,771,1
1764499873173,715,772,1
1764499873173,715,774,1
1764499873173,717,775,1
1764499873173,718,775,1
1764499873173,719,776,1
1764499873183,720,778,1
1764499873183,722,779,1
1764499873183,723,779,1
1764499873183,724,780,1
1764499873193,726,782,1
1764499873193,727,782,1
1764499873193,728,783,1
1764499873198,730,784,1
1764499873198,731,785,1
1764499873203,732,786,1
1764499873203,733,786,1
1764499873203,734,787,1
1764499873203,735,788,1
1764499873203,737,788,1
1764499873213,738,789,1
1764499873214,739,790,1
1764499873214,740,790,1
1764499873214,741,790,1
1764499873214,741,791,1
1764499873223,743,792,1
1764499873223,744,792,1
1764499873223,744,793,1
1764499873223,745,793,1
1764499873230,746,793,1
1764499873233,747,793,1
1764499873233,747,794,1
1764499873233,748,795,1
1764499873243,749,795,1
1764499873243,749,796,1
1764499873246,750,796,1
1764499873253,751,796,1
1764499873273,752,796,1
1764499873296,753,796,1
1764499873303,753,797,1
1764499873303,754,797,1
1764499874806,755,797,1
1764499874813,756,797,1
1764499874823,757,797,1
1764499874874,758,797,1
1764499874939,759,797,1
1764499874988,760,797,1
1764499875013,761,797,1
1764499875023,761,798,1
1764499875023,762,798,1
1764499875134,763,798,1
1764499875194,764,798,1
1764499875194,764,799,1
1764499875213,765,799,1
1764499875223,765,800,1
1764499875243,766,800,1
1764499875253,766,801,1
1764499875253,767,801,1
1764499875273,768,802,1
1764499875273,769,803,1
1764499875273,771,803,1
1764499875283,772,804,1
1764499875285,773,805,1
1764499875285,774,806,1
1764499875285,775,807,1
1764499875285,777,808,1
1764499875293,778,808,1
1764499875293,779,810,1
1764499875293,780,810,1
1764499875301,781,811,1
1764499875303,782,812,1
1764499875303,784,812,1
1764499875303,786,814,1
1764499875303,787,815,1
1764499875303,788,815,1
1764499875313,790,816,1
1764499875317,791,817,1
1764499875317,792,817,1
1764499875317,793,819,1
1764499875323,795,819,1
1764499875323,797,820,1
1764499875323,799,820,1
1764499875323,799,821,1
1764499875333,800,821,1
1764499875333,802,821,1
1764499875333,803,823,1
1764499875340,806,823,1
1764499875340,806,824,1
1764499875344,807,824,1
1764499875344,809,824,1
1764499875349,810,825,1
1764499875349,811,825,1
1764499875349,812,826,1
1764499875353,814,826,1
1764499875353,816,827,1
1764499875353,817,828,1
1764499875353,819,828,1
1764499875363,821,828,1
1764499875367,822,829,1
1764499875367,825,830,1
1764499875367,826,830,1
1764499875373,827,830,1
1764499875373,829,831,1
1764499875373,831,831,1
1764499875373,834,831,1
1764499875380,835,831,1
1764499875383,837,831,1
1764499875383,839,831,1
1764499875383,841,832,1
1764499875383,845,832,1
1764499875383,848,833,1
1764499875393,850,833,1
1764499875396,852,833,1
1764499875396,855,833,1
1764499875396,857,833,1
1764499875396,859,833,1
1764499875403,861,834,1
1764499875403,864,834,1
1764499875403,865,834,1
1764499875403,868,835,1
1764499875413,871,835,1
1764499875413,874,836,1
1764499875413,876,836,1
1764499875413,878,836,1
1764499875413,881,836,1
1764499875423,884,837,1
1764499875423,886,837,1
1764499875429,889,837,1
1764499875429,891,837,1
1764499875433,894,838,1
1764499875433,895,838,1
1764499875433,898,838,1
1764499875440,900,838,1
1764499875440,902,838,1
1764499875443,906,838,1
1764499875443,909,839,1
1764499875449,913,839,1
1764499875449,914,839,1
1764499875453,917,839,1
1764499875453,919,839,1
1764499875453,921,839,1
1764499875459,923,839,1
1764499875461,926,839,1
1764499875463,927,840,1
1764499875465,930,840,1
1764499875467,932,841,1
1764499875467,933,841,1
1764499875467,936,841,1
1764499875473,938,841,1
1764499875475,939,841,1
1764499875475,941,841,1
1764499875475,942,841,1
1764499875475,944,841,1
1764499875483,946,841,1
1764499875483,948,842,1
1764499875491,951,842,1
1764499875493,952,842,1
1764499875493,953,842,1
1764499875493,954,842,1
1764499875493,956,842,1
1764499875493,957,842,1
1764499875503,958,843,1
1764499875503,959,843,1
1764499875507,961,843,1
1764499875507,963,843,1
1764499875513,965,843,1
1764499875513,966,843,1
1764499875513,967,843,1
1764499875513,968,843,1
1764499875513,970,843,1
1764499875523,971,843,1
1764499875523,972,843,1
1764499875523,973,843,1
1764499875523,975,843,1
1764499875523,976,843,1
1764499875533,977,843,1
1764499875533,978,843,1
1764499875533,979,843,1
1764499875540,981,843,1
1764499875543,983,843,1
1764499875543,984,843,1
1764499875543,985,843,1
1764499875543,986,843,1
1764499875543,987,843,1
1764499875543,988,843,1
1764499875554,990,843,1
1764499875556,991,843,1
1764499875560,992,843,1
1764499875563,993,843,1
1764499875563,994,843,1
1764499875563,995,843,1
1764499875563,996,843,1
1764499875570,998,843,1
1764499875573,999,843,1
1764499875575,1000,843,1
1764499875575,1001,843,1
1764499875575,1002,843,1
1764499875575,1004,843,1
1764499875583,1006,843,1
1764499875586,1008,843,1
1764499875590,1009,843,1
1764499875593,1011,843,1
1764499875593,1012,843,1
1764499875593,1013,843,1
1764499875593,1014,843,1
1764499875593,1015,843,1
1764499875603,1017,843,1
1764499875603,1018,843,1
1764499875607,1020,843,1
1764499875607,1021,843,1
1764499875607,1023,843,1
1764499875613,1024,843,1
1764499875613,1025,843,1
1764499875619,1027,843,1
1764499875623,1029,843,1
1764499875623,1031,843,1
1764499875623,1032,843,1
1764499875623,1034,843,1
1764499875634,1035,843,1
1764499875635,1036,843,1
1764499875635,1037,843,1
1764499875640,1039,843,1
1764499875640,1041,843,1
1764499875640,1042,843,1
1764499875643,1044,843,1
1764499875649,1046,844,1
1764499875651,1048,844,1
1764499875653,1049,844,1
1764499875653,1052,844,1
1764499875653,1054,844,1
1764499875653,1056,844,1
1764499875653,1057,844,1
1764499875665,1059,845,1
1764499875665,1060,845,1
1764499875669,1062,845,1
1764499875669,1064,846,1
1764499875673,1065,846,1
1764499875673,1066,847,1
1764499875673,1068,847,1
1764499875673,1069,847,1
1764499875681,1071,847,1
1764499875683,1072,847,1
1764499875683,1073,847,1
1764499875683,1075,847,1
1764499875683,1076,847,1
1764499875683,1078,847,1
1764499875693,1079,847,1
1764499875693,1080,847,1
1764499875697,1082,847,1
1764499875701,1084,847,1
1764499875701,1085,847,1
1764499875703,1087,847,1
1764499875703,1088,847,1
1764499875703,1089,847,1
1764499875713,1090,847,1
1764499875715,1091,847,1
1764499875717,1093,847,1
1764499875717,1094,847,1
1764499875723,1095,847,1
1764499875723,1096,847,0
1764499875723,1097,847,0
1764499875729,1098,847,0
1764499875729,1099,847,0
1764499875733,1100,847,0
1764499875733,1101,846,0
1764499875733,1102,846,0
1764499875740,1103,845,0
1764499875740,1104,845,0
1764499875743,1105,845,0
1764499875743,1106,845,0
1764499875743,1108,844,0
1764499875753,1109,844,0
1764499875753,1110,844,0
1764499875759,1111,844,0
1764499875761,1112,843,0
1764499875763,1113,843,0
1764499875763,1114,842,0
1764499875763,1115,842,0
1764499875773,1117,841,0
1764499875775,1119,840,0
1764499875775,1120,839,0
1764499875783,1121,839,0
1764499875783,1123,838,0
1764499875791,1124,837,0
1764499875793,1125,837,0
1764499875793,1126,836,0
1764499875793,1127,835,0
1764499875793,1128,835,0
1764499875803,1129,835,0
1764499875807,1131,834,0
1764499875807,1131,833,0
1764499875807,1133,833,0
1764499875813,1134,832,0
1764499875813,1135,832,0
1764499875813,1135,831,0
1764499875813,1138,830,0
1764499875813,1138,829,0
1764499875823,1141,828,0
1764499875823,1141,827,0
1764499875829,1143,826,0
1764499875831,1145,826,0
1764499875833,1146,824,0
1764499875833,1147,824,0
1764499875833,1149,823,0
1764499875840,1150,822,0
1764499875840,1151,821,0
1764499875840,1153,821,0
1764499875843,1154,820,0
1764499875843,1156,818,0
1764499875843,1157,818,0
1764499875843,1159,816,0
1764499875855,1162,814,0
1764499875855,1162,813,0
1764499875855,1164,812,0
1764499875855,1166,812,0
1764499875863,1167,810,0
1764499875863,1169,809,0
1764499875883,1176,804,0
1764499875887,1177,803,0
1764499875887,1179,802,0
1764499875893,1180,801,0
1764499875893,1181,800,0
1764499875893,1183,799,0
1764499875893,1185,798,0
1764499875903,1186,797,0
1764499875903,1188,796,0
1764499875903,1191,795,0
1764499875903,1191,794,0
1764499875903,1193,792,0
1764499875913,1195,792,0
1764499875913,1196,792,0
1764499875918,1198,791,0
1764499875918,1199,790,0
1764499875923,1201,789,0
1764499875923,1202,788,0
1764499875923,1203,787,0
1764499875923,1205,786,0
1764499875923,1207,786,0
1764499875933,1207,785,0
1764499875934,1209,784,0
1764499875934,1211,783,0
1764499875940,1212,782,0
1764499875940,1213,781,0
1764499875943,1215,781,0
1764499875943,1216,780,0
1764499875943,1217,779,0
1764499875943,1219,778,0
1764499875950,1221,776,0
1764499875950,1222,776,0
1764499875953,1225,774,0
1764499875953,1226,772,0
1764499875953,1228,771,0
1764499875963,1229,771,0
1764499875965,1230,770,0
1764499875965,1232,769,0
1764499875965,1234,767,0
1764499875973,1235,766,0
1764499875973,1236,765,0
1764499875973,1237,764,0
1764499875973,1238,764,0
1764499875981,1240,763,0
1764499875983,1241,762,0
1764499875983,1241,761,0
1764499875983,1243,760,0
1764499875983,1244,759,0
1764499875983,1246,758,0
1764499875993,1247,757,0
1764499875993,1248,756,0
1764499875997,1250,754,0
1764499875997,1252,753,0
1764499876003,1253,752,0
1764499876003,1256,750,0
1764499876003,1257,748,0
1764499876003,1258,747,0
1764499876003,1259,746,0
1764499876015,1260,745,0
1764499876017,1261,744,0
1764499876017,1263,742,0
1764499876017,1264,742,0
1764499876023,1264,740,0
1764499876023,1265,738,0
1764499876023,1266,737,0
1764499876029,1267,736,0
1764499876029,1267,734,0
1764499876033,1268,733,0
1764499876033,1269,731,0
1764499876033,1269,729,0
1764499876040,1270,729,0
1764499876040,1270,728,0
1764499876043,1271,726,0
1764499876045,1272,725,0
1764499876045,1273,724,0
1764499876045,1273,723,0
1764499876045,1274,722,0
1764499876053,1274,721,0
1764499876053,1275,719,0
1764499876061,1276,717,0
1764499876063,1276,716,0
1764499876063,1278,716,0
1764499876063,1278,714,0
1764499876063,1278,713,0
1764499876063,1279,713,0
1764499876073,1280,711,0
1764499876077,1280,710,0
1764499876077,1280,709,0
1764499876077,1281,709,0
1764499876083,1281,707,0
1764499876083,1282,706,0
1764499876083,1283,705,0
1764499876083,1283,703,0
1764499876093,1284,702,0
1764499876093,1284,701,0
1764499876093,1285,700,0
1764499876093,1286,699,0
1764499876093,1286,697,0
1764499876103,1286,696,0
1764499876103,1288,692,0
1764499876111,1289,690,0
1764499876113,1289,688,0
1764499876113,1290,687,0
1764499876113,1291,685,0
1764499876113,1292,682,0
1764499876113,1292,681,0
1764499876123,1292,679,0
1764499876125,1293,676,0
1764499876125,1294,673,0
1764499876125,1295,670,0
1764499876133,1295,669,0
1764499876133,1296,666,0
1764499876133,1297,664,0
1764499876140,1298,663,0
1764499876141,1298,661,1
1764499876143,1299,659,1
1764499876143,1299,657,1
1764499876143,1299,655,1
1764499876143,1300,653,1
1764499876153,1300,652,1
1764499876157,1302,650,1
1764499876157,1302,648,1
1764499876157,1303,645,1
1764499876163,1303,643,1
1764499876163,1303,641,1
1764499876163,1304,641,1
1764499876163,1304,639,1
1764499876173,1304,638,1
1764499876176,1305,636,1
1764499876177,1306,635,1
1764499876177,1306,634,1
1764499876177,1306,633,1
1764499876183,1306,631,1
1764499876183,1306,630,1
1764499876183,1307,628,1
1764499876189,1307,627,1
1764499876189,1307,625,1
1764499876193,1307,624,1
1764499876193,1307,622,1
1764499876193,1307,621,1
1764499876193,1307,620,1
1764499876193,1307,618,1
1764499876203,1307,617,1
1764499876205,1307,615,1
1764499876205,1307,614,1
1764499876205,1308,613,1
1764499876205,1308,611,1
1764499876213,1308,609,1
1764499876213,1308,608,1
1764499876221,1308,607,1
1764499876223,1308,606,1
1764499876223,1309,605,1
1764499876223,1309,604,1
1764499876223,1309,602,1
1764499876233,1309,601,1
1764499876233,1309,600,1
1764499876236,1309,599,1
1764499876240,1309,598,1
1764499876240,1309,597,1
1764499876240,1309,596,1
1764499876243,1309,595,1
1764499876243,1309,593,1
1764499876243,1310,591,1
1764499876253,1310,589,1
1764499876253,1311,587,1
1764499876253,1311,586,1
1764499876253,1312,584,1
1764499876263,1312,583,1
1764499876263,1312,582,1
1764499876263,1313,580,1
1764499876269,1313,578,1
1764499876273,1313,577,1
1764499876273,1313,575,1
1764499876273,1314,574,1
1764499876273,1315,572,1
1764499876273,1315,570,1
1764499876283,1316,569,1
1764499876283,1316,567,1
1764499876283,1317,566,1
1764499876283,1317,565,1
1764499876283,1317,563,1
1764499876293,1317,562,1
1764499876293,1317,560,1
1764499876293,1318,559,1
1764499876299,1318,557,1
1764499876299,1319,555,1
1764499876303,1319,553,1
1764499876303,1320,551,1
1764499876303,1320,550,1
1764499876303,1320,549,1
1764499876313,1320,547,1
1764499876315,1321,547,1
1764499876315,1321,545,1
1764499876315,1321,544,1
1764499876315,1321,542,1
1764499876323,1321,540,1
1764499876323,1321,539,1
1764499876323,1321,537,1
1764499876323,1321,536,1
1764499876331,1321,535,1
1764499876333,1321,533,1
1764499876333,1321,531,1
1764499876340,1321,530,1
1764499876340,1321,529,1
1764499876343,1321,527,1
1764499876347,1321,526,1
1764499876349,1321,525,1
1764499876349,1322,524,1
1764499876353,1322,522,1
1764499876353,1322,520,1
1764499876353,1323,519,1
1764499876353,1323,518,1
1764499876363,1323,516,1
1764499876365,1323,515,1
1764499876365,1323,514,1
1764499876365,1323,512,1
1764499876365,1323,511,1
1764499876373,1323,510,1
1764499876373,1323,508,1
1764499876373,1323,507,1
1764499876378,1323,506,1
1764499876378,1323,504,1
1764499876383,1323,503,1
1764499876383,1323,501,1
1764499876383,1323,500,1
1764499876383,1323,499,1
1764499876383,1323,497,1
1764499876383,1323,496,1
1764499876393,1323,494,1
1764499876397,1323,493,1
1764499876397,1323,491,1
1764499876397,1323,490,1
1764499876403,1323,489,1
1764499876403,1322,486,1
1764499876409,1322,484,1
1764499876409,1322,483,1
1764499876413,1321,482,1
1764499876413,1321,480,1
1764499876413,1321,478,1
1764499876413,1321,477,1
1764499876423,1321,474,1
1764499876425,1320,472,1
1764499876425,1320,470,1
1764499876425,1320,468,1
1764499876425,1319,467,1
1764499876433,1319,465,1
1764499876433,1318,464,1
1764499876433,1318,461,1
1764499876440,1318,459,1
1764499876440,1318,458,1
1764499876440,1317,456,1
1764499876443,1316,454,1
1764499876443,1316,453,1
1764499876443,1316,451,1
1764499876443,1315,449,1
1764499876453,1315,448,1
1764499876456,1314,444,1
1764499876456,1313,443,1
1764499876456,1312,441,1
1764499876463,1311,439,1
1764499876463,1311,438,1
1764499876463,1311,436,1
1764499876463,1310,434,1
1764499876473,1309,431,1
1764499876476,1308,429,1
1764499876476,1306,428,1
1764499876476,1306,426,1
1764499876476,1305,424,1
1764499876483,1304,423,1
1764499876483,1304,421,1
1764499876483,1304,420,1
1764499876490,1303,419,1
1764499876490,1301,417,1
1764499876493,1300,415,1
1764499876493,1300,414,1
1764499876493,1299,414,1
1764499876493,1299,412,1
1764499876493,1298,411,1
1764499876503,1297,410,1
1764499876507,1296,407,1
1764499876507,1295,406,1
1764499876507,1295,405,1
1764499876513,1294,404,1
1764499876513,1293,402,1
1764499876513,1292,400,1
1764499876520,1292,399,1
1764499876523,1290,396,1
1764499876523,1290,395,1
1764499876523,1289,394,1
1764499876523,1289,393,1
1764499876523,1288,392,1
1764499876533,1287,390,1
1764499876535,1286,388,1
1764499876535,1285,386,1
1764499876535,1284,385,1
1764499876541,1284,384,1
1764499876543,1284,382,1
1764499876543,1281,380,1
1764499876543,1281,378,1
1764499876543,1280,376,1
1764499876551,1279,375,1
1764499876553,1278,373,1
1764499876553,1277,370,1
1764499876553,1276,367,1
1764499876553,1275,365,1
1764499876563,1273,363,1
1764499876563,1273,362,1
1764499876566,1271,359,1
1764499876566,1270,358,1
1764499876573,1269,354,1
1764499876573,1269,352,1
1764499876573,1267,350,1
1764499876573,1267,349,1
1764499876573,1265,347,1
1764499876583,1264,346,1
1764499876583,1263,344,1
1764499876583,1263,342,1
1764499876583,1262,341,1
1764499876583,1262,339,1
1764499876593,1260,337,1
1764499876593,1259,335,1
1764499876593,1258,334,1
1764499876598,1258,331,1
1764499876603,1257,330,1
1764499876603,1256,328,1
1764499876603,1255,326,1
1764499876603,1254,325,1
1764499876603,1253,324,1
1764499876613,1253,322,1
1764499876613,1252,321,1
1764499876613,1250,319,1
1764499876613,1249,317,1
1764499876623,1248,315,1
1764499876623,1246,313,0
1764499876623,1245,311,1
1764499876629,1244,310,0
1764499876629,1243,308,0
1764499876633,1241,306,0
1764499876633,1240,304,0
1764499876633,1239,303,0
1764499876640,1238,301,0
1764499876641,1237,299,0
1764499876643,1236,298,0
1764499876645,1235,296,0
1764499876648,1233,293,0
1764499876648,1232,292,0
1764499876648,1231,291,0
1764499876653,1230,289,0
1764499876653,1229,287,0
1764499876653,1227,285,0
1764499876661,1226,283,0
1764499876663,1226,282,1
1764499876663,1225,280,1
1764499876663,1224,279,1
1764499876663,1223,278,1
1764499876673,1222,275,1
1764499876673,1221,274,1
1764499876677,1220,272,1
1764499876680,1219,270,1
1764499876683,1217,268,1
1764499876683,1216,266,1
1764499876683,1215,266,1
1764499876683,1215,263,1
1764499876683,1214,262,1
1764499876693,1213,261,1
1764499876693,1212,259,1
1764499876693,1211,257,1
1764499876693,1210,256,1
1764499876693,1209,254,1
1764499876703,1208,252,1
1764499876706,1207,251,1
1764499876706,1205,249,1
1764499876708,1204,247,1
1764499876708,1203,245,1
1764499876713,1202,245,1
1764499876715,1201,244,1
1764499876715,1200,242,1
1764499876715,1199,241,1
1764499876723,1196,238,1
1764499876723,1195,236,1
1764499876723,1194,235,1
1764499876723,1193,233,1
1764499876723,1192,231,1
1764499876733,1190,230,1
1764499876733,1190,229,1
1764499876733,1188,227,1
1764499876739,1186,226,1
1764499876741,1185,225,1
1764499876743,1185,223,1
1764499876743,1183,222,1
1764499876743,1181,220,1
1764499876743,1179,219,1
1764499876743,1177,218,1
1764499876753,1176,217,1
1764499876755,1175,215,1
1764499876755,1172,214,1
1764499876755,1171,213,1
1764499876755,1170,212,1
1764499876763,1168,210,1
1764499876763,1167,209,1
1764499876763,1165,208,1
1764499876763,1163,207,1
1764499876773,1159,203,1
1764499876773,1157,201,1
1764499876773,1154,200,1
1764499876773,1154,199,1
1764499876783,1152,198,1
1764499876783,1149,197,1
1764499876787,1148,195,1
1764499876787,1146,194,1
1764499876787,1144,193,1
1764499876793,1142,193,1
1764499876793,1142,191,1
1764499876793,1139,190,1
1764499876793,1136,189,1
1764499876793,1135,187,1
1764499876803,1134,186,1
1764499876803,1132,185,1
1764499876803,1130,183,1
1764499876803,1128,183,1
1764499876803,1127,181,1
1764499876813,1124,180,1
1764499876813,1122,179,1
1764499876813,1120,178,1
1764499876819,1119,177,1
1764499876823,1115,175,1
1764499876823,1114,174,1
1764499876823,1111,173,1
1764499876823,1109,172,1
1764499876823,1107,171,1
1764499876833,1107,170,1
1764499876835,1104,170,1
1764499876835,1102,169,1
1764499876839,1100,168,1
1764499876841,1099,167,1
1764499876843,1097,166,1
1764499876843,1095,165,1
1764499876843,1094,165,1
1764499876843,1091,165,1
1764499876851,1089,164,1
1764499876853,1088,163,1
1764499876853,1085,162,1
1764499876853,1084,161,1
1764499876853,1082,160,1
1764499876853,1080,160,1
1764499876863,1078,160,1
1764499876863,1076,160,1
1764499876866,1074,160,1
1764499876866,1071,158,1
1764499876866,1070,158,1
1764499876866,1068,158,1
1764499876873,1065,157,1
1764499876873,1063,156,1
1764499876873,1061,156,1
1764499876883,1057,155,1
1764499876900,1038,152,1
1764499876903,1036,152,1
1764499876903,1032,152,1
1764499876903,1030,152,1
1764499876903,1028,152,1
1764499876903,1027,152,1
1764499876913,1024,152,0
1764499876913,1022,151,1
1764499876913,1020,151,1
1764499876913,1018,151,0
1764499876923,1016,150,1
1764499876923,1014,150,0
1764499876923,1012,150,0
1764499876929,1010,150,0
1764499876929,1008,150,0
1764499876933,1005,150,0
1764499876933,1003,150,0
1764499876933,1001,150,0
1764499876933,998,150,0
1764499876933,996,150,0
1764499876941,993,150,0
1764499876943,990,150,0
1764499876945,988,150,0
1764499876945,983,149,0
1764499876953,981,149,0
1764499876956,978,149,0
1764499876956,975,149,0
1764499876956,973,149,0
1764499876961,970,149,0
1764499876961,967,149,0
1764499876964,965,149,0
1764499876964,962,149,0
1764499876964,957,148,0
1764499876964,954,148,0
1764499876973,951,148,0
1764499876976,949,148,0
1764499876976,946,148,0
1764499876980,943,147,0
1764499876980,941,147,0
1764499876983,939,147,0
1764499876983,937,147,0
1764499876983,933,147,0
1764499876983,931,147,0
1764499876993,929,147,0
1764499876993,927,147,0
1764499876993,924,147,0
1764499876993,921,147,0
1764499876993,920,147,0
1764499876993,917,147,0
1764499877003,913,147,0
1764499877009,910,147,0
1764499877009,906,147,0
1764499877009,905,147,1
1764499877014,902,147,1
1764499877014,899,147,1
1764499877014,897,147,1
1764499877023,891,147,1
1764499877023,889,147,1
1764499877023,886,147,1
1764499877023,882,147,1
1764499877023,880,147,1
1764499877023,877,147,1
1764499877034,873,147,1
1764499877034,870,147,1
1764499877039,867,147,1
1764499877041,864,147,1
1764499877043,860,147,1
1764499877043,858,147,1
1764499877043,854,147,1
1764499877043,851,147,1
1764499877043,848,147,1
1764499877053,845,147,1
1764499877055,841,147,1
1764499877055,838,147,1
1764499877059,835,147,1
1764499877061,832,147,1
1764499877063,828,147,1
1764499877063,825,148,1
1764499877063,823,148,1
1764499877063,820,149,1
1764499877071,817,150,1
1764499877073,814,150,1
1764499877073,810,151,1
1764499877073,808,151,1
1764499877073,802,152,1
1764499877083,796,153,1
1764499877083,792,153,1
1764499877087,790,154,1
1764499877091,787,154,1
1764499877091,783,154,1
1764499877093,780,155,1
1764499877093,777,155,1
1764499877093,774,156,1
1764499877103,767,156,1
1764499877103,761,158,1
1764499877103,757,158,1
1764499877103,754,160,1
1764499877103,751,160,1
1764499877113,748,161,1
1764499877113,744,161,1
1764499877119,742,162,1
1764499877119,738,163,1
1764499877123,735,163,1
1764499877123,732,164,0
1764499877123,728,165,0
1764499877123,727,165,0
1764499877123,722,167,0
1764499877123,719,168,0
1764499877134,716,168,0
1764499877134,712,169,0
1764499877134,711,169,0
1764499877134,707,171,0
1764499877141,704,172,0
1764499877143,700,173,0
1764499877143,697,174,0
1764499877143,695,174,0
1764499877150,692,176,0
1764499877150,689,176,0
1764499877153,686,177,0
1764499877153,684,178,0
1764499877153,682,179,0
1764499877153,678,181,0
1764499877153,676,182,0
1764499877163,672,184,0
1764499877166,667,187,0
1764499877166,663,188,0
1764499877166,661,189,0
1764499877173,657,190,0
1764499877173,656,192,0
1764499877173,653,194,0
1764499877173,650,195,0
1764499877182,647,197,0
1764499877184,644,198,0
1764499877184,643,199,0
1764499877184,640,201,0
1764499877184,637,202,0
1764499877184,635,203,0
1764499877193,633,205,0
1764499877193,631,207,0
1764499877198,628,209,0
1764499877198,626,210,0
1764499877198,623,212,0
1764499877203,622,214,0
1764499877203,620,215,0
1764499877203,617,217,0
1764499877203,614,220,0
1764499877213,612,223,0
1764499877217,610,225,0
1764499877217,608,227,0
1764499877217,605,229,0
1764499877217,603,231,0
1764499877224,603,233,0
1764499877224,601,236,0
1764499877224,599,237,0
1764499877229,596,240,0
1764499877229,595,241,0
1764499877233,593,244,0
1764499877233,592,245,0
1764499877233,590,247,0
1764499877233,588,249,0
1764499877241,586,251,0
1764499877243,584,253,0
1764499877245,584,255,0
1764499877245,582,257,0
1764499877245,581,258,0
1764499877245,579,261,0
1764499877253,578,263,0
1764499877253,577,265,0
1764499877253,576,265,0
1764499877261,574,268,0
1764499877261,573,270,0
1764499877263,572,272,0
1764499877263,571,275,0
1764499877263,571,277,0
1764499877263,570,280,0
1764499877263,569,281,0
1764499877273,568,283,0
1764499877276,567,286,0
1764499877276,566,288,0
1764499877280,566,290,0
1764499877280,565,292,0
1764499877283,564,295,0
1764499877283,563,298,0
1764499877283,563,300,0
1764499877283,563,303,0
1764499877292,562,305,0
1764499877293,562,308,0
1764499877293,561,311,0
1764499877293,561,313,0
1764499877293,560,315,0
1764499877293,560,318,0
1764499877303,559,320,0
1764499877303,559,322,0
1764499877308,559,325,0
1764499877310,558,327,0
1764499877310,557,331,0
1764499877313,557,333,0
1764499877313,556,335,0
1764499877313,556,338,0
1764499877313,555,340,0
1764499877313,555,342,0
1764499877324,555,345,0
1764499877324,555,346,0
1764499877324,554,349,0
1764499877324,554,351,0
1764499877324,553,353,0
1764499877333,552,355,0
1764499877333,552,357,0
1764499877333,551,359,0
1764499877341,551,362,0
1764499877342,550,364,0
1764499877343,550,366,0
1764499877343,550,368,0
1764499877343,550,370,0
1764499877343,550,372,0
1764499877343,550,374,0
1764499877356,549,378,0
1764499877356,549,380,0
1764499877356,549,383,0
1764499877356,549,384,0
1764499877363,549,387,0
1764499877363,549,388,0
1764499877373,549,392,0
1764499877374,549,394,0
1764499877374,549,395,0
1764499877374,549,397,0
1764499877374,549,399,0
1764499877374,549,400,0
1764499877383,549,403,0
1764499877383,549,404,0
1764499877387,549,405,0
1764499877387,549,407,0
1764499877387,549,408,0
1764499877393,549,410,0
1764499877393,549,411,0
1764499877393,549,412,0
1764499877393,549,414,0
1764499877393,549,415,0
1764499877404,549,416,0
1764499877404,549,418,0
1764499877404,549,419,0
1764499877404,548,421,0
1764499877404,548,423,0
1764499877413,548,424,0
1764499877413,548,426,0
1764499877418,548,427,0
1764499877418,548,429,0
1764499877418,548,431,0
1764499877423,548,432,0
1764499877423,548,434,0
1764499877423,548,435,0
1764499877423,548,437,0
1764499877423,548,439,0
1764499877434,549,441,0
1764499877434,550,442,0
1764499877434,550,444,0
1764499877434,550,447,0
1764499877441,552,449,0
1764499877443,553,452,0
1764499877443,553,453,0
1764499877443,553,456,0
1764499877450,554,458,0
1764499877450,554,460,0
1764499877453,555,462,0
1764499877453,556,465,0
1764499877453,556,466,0
1764499877453,557,468,0
1764499877453,558,470,0
1764499877463,558,471,0
1764499877466,560,473,0
1764499877468,560,476,0
1764499877468,561,479,0
1764499877473,562,481,0
1764499877473,563,483,1
1764499877473,563,484,1
1764499877473,564,486,1
1764499877482,565,488,1
1764499877484,566,489,1
1764499877484,566,490,1
1764499877484,567,492,1
1764499877484,567,493,1
1764499877493,568,495,1
1764499877493,568,496,1
1764499877497,569,497,1
1764499877497,569,498,1
1764499877503,569,499,1
1764499877503,570,501,1
1764499877503,571,501,1
1764499877503,571,503,1
1764499877514,572,504,1
1764499877523,573,506,1
1764499877523,574,506,1
1764499877523,574,507,1
1764499877523,574,508,1
1764499877530,575,509,1
1764499877533,576,510,1
1764499877533,577,511,1
1764499877533,578,513,1
1764499877542,579,514,1
1764499877544,580,514,1
1764499877545,581,516,1
1764499877545,582,517,1
1764499877545,583,518,1
1764499877545,584,519,1
1764499877553,585,520,1
1764499877553,587,521,1
1764499877553,588,523,1
1764499877560,588,524,1
1764499877562,590,525,1
1764499877564,590,526,1
1764499877564,591,527,1
1764499877564,593,528,1
1764499877573,593,529,1
1764499877576,593,530,1
1764499877584,593,531,1
1764499877593,594,532,1
1764499877593,595,532,1
1764499877613,595,533,1
1764499879674,595,534,1
1764499879689,595,535,1
1764499879694,595,536,1
1764499879707,595,537,1
1764499879707,595,538,1
1764499879721,596,540,1
1764499879724,596,541,1
1764499879724,596,543,1
1764499879734,596,544,1
1764499879737,596,546,1
1764499879737,597,547,1
1764499879744,597,548,1
1764499879744,598,550,1
1764499879744,598,551,1
1764499879749,599,552,1
1764499879752,599,553,1
1764499879754,599,554,1
1764499879754,600,555,1
1764499879754,600,557,1
1764499879754,601,559,1
1764499879754,601,560,1
1764499879754,602,561,1
1764499879764,603,563,1
1764499879768,603,566,1
1764499879768,603,567,1
1764499879774,604,569,1
1764499879774,605,571,1
1764499879774,605,573,1
1764499879784,606,573,1
1764499879784,606,577,1
1764499879784,607,579,1
1764499879784,607,580,1
1764499879794,608,581,1
1764499879794,608,584,1
1764499879800,609,584,1
1764499879800,609,585,1
1764499879804,610,588,1
1764499879804,610,590,1
1764499879804,611,592,1
1764499879804,612,593,1
1764499879804,613,596,1
1764499879816,614,598,1
1764499879816,614,599,1
1764499879816,615,601,1
1764499879816,615,604,1
1764499879816,616,606,1
1764499879824,617,608,1
1764499879824,618,610,1
1764499879824,619,613,1
1764499879832,619,614,1
1764499879834,619,616,1
1764499879834,621,620,1
1764499879834,621,623,1
1764499879834,622,625,1
1764499879844,623,627,1
1764499879844,623,629,1
1764499879849,625,634,1
1764499879854,626,636,1
1764499879854,626,638,1
1764499879854,627,640,1
1764499879854,628,642,1
1764499879854,628,643,1
1764499879864,628,645,1
1764499879864,628,647,1
1764499879864,629,648,1
1764499879864,630,650,1
1764499879864,631,652,1
1764499879864,631,653,1
1764499879874,632,655,1
1764499879874,632,656,1
1764499879880,633,657,1
1764499879880,633,659,1
1764499879884,633,661,1
1764499879884,635,664,1
1764499879884,635,665,1
1764499879884,636,666,1
1764499879884,637,668,1
1764499879896,637,670,1
1764499879896,637,672,1
1764499879896,638,673,1
1764499879904,639,674,1
1764499879904,639,676,1
1764499879904,639,677,1
1764499879904,640,678,1
1764499879930,644,690,1
1764499879934,645,693,1
1764499879934,646,695,1
1764499879934,647,696,1
1764499879944,647,697,1
1764499879944,648,698,1
1764499879944,648,699,1
1764499879949,649,700,1
1764499879949,649,701,1
1764499879954,649,702,1
1764499879954,650,703,1
1764499879954,651,704,1
1764499879959,652,704,1
1764499879959,652,706,1
1764499879964,653,706,1
1764499879964,654,707,1
1764499879970,655,709,1
1764499879970,656,711,1
1764499879975,657,712,1
1764499879975,657,713,1
1764499879975,657,714,1
1764499879984,658,716,1
1764499879991,659,717,1
1764499879991,659,718,1
1764499879994,660,719,1
1764499879994,660,720,1
1764499880004,661,721,1
1764499880004,662,722,1
1764499880007,662,723,1
1764499880007,663,724,1
1764499880007,663,725,1
1764499880014,664,726,1
1764499880014,665,727,1
1764499880014,666,728,1
1764499880014,666,729,1
1764499880024,667,730,1
1764499880024,667,731,1
1764499880024,668,732,1
1764499880024,669,733,1
1764499880034,669,735,1
1764499880034,670,736,1
1764499880034,671,737,1
1764499880041,672,739,1
1764499880044,672,740,1
1764499880044,672,741,1
1764499880044,673,741,1
1764499880049,674,743,1
1764499880054,675,744,1
1764499880054,676,745,1
1764499880054,677,746,1
1764499880054,677,747,1
1764499880054,678,749,1
1764499880064,680,749,1
1764499880064,680,750,1
1764499880069,681,751,1
1764499880072,682,753,1
1764499880075,684,755,1
1764499880075,685,755,1
1764499880075,686,756,1
1764499880075,687,757,1
1764499880084,688,758,1
1764499880085,689,759,1
1764499880085,691,760,1
1764499880085,692,761,1
1764499880085,693,762,1
1764499880094,695,764,1
1764499880094,696,764,1
1764499880094,697,765,1
1764499880094,699,766,1
1764499880104,701,768,1
1764499880104,703,769,1
1764499880104,706,770,1
1764499880104,707,771,1
1764499880104,708,773,1
1764499880114,711,773,1
1764499880114,712,774,1
1764499880117,714,775,1
1764499880117,715,776,1
1764499880117,716,776,1
1764499880124,719,777,1
1764499880124,721,779,1
1764499880124,723,780,1
1764499880124,725,781,1
1764499880124,727,782,1
1764499880134,729,783,1
1764499880134,730,783,1
1764499880134,733,784,1
1764499880134,735,785,1
1764499880134,737,786,1
1764499880134,739,787,1
1764499880144,742,788,1
1764499880144,744,789,1
1764499880149,746,791,1
1764499880154,751,792,1
1764499880154,754,793,1
1764499880154,757,794,1
1764499880154,758,795,1
1764499880154,761,797,1
1764499880154,764,797,1
1764499880165,767,799,1
1764499880167,769,800,1
1764499880167,771,800,1
1764499880167,775,802,1
1764499880167,778,802,1
1764499880174,779,803,1
1764499880174,782,803,1
1764499880180,785,804,1
1764499880180,788,805,1
1764499880184,790,806,1
1764499880184,792,806,1
1764499880184,795,807,1
1764499880184,796,808,1
1764499880184,799,808,1
1764499880194,802,810,1
1764499880196,803,811,1
1764499880196,806,811,1
1764499880199,808,812,1
1764499880204,812,812,1
1764499880204,814,812,1
1764499880204,817,812,1
1764499880204,819,812,1
1764499880211,821,813,1
1764499880214,824,814,1
1764499880214,825,814,1
1764499880214,827,815,1
1764499880214,830,815,1
1764499880214,831,815,1
1764499880224,834,816,1
1764499880224,837,816,1
1764499880228,839,816,1
1764499880228,841,816,1
1764499880228,844,817,1
1764499880234,845,817,1
1764499880234,848,817,1
1764499880234,851,818,1
1764499880234,852,818,1
1764499880234,854,818,1
1764499880244,857,819,1
1764499880244,858,819,1
1764499880244,861,819,1
1764499880249,863,820,1
1764499880254,867,820,1
1764499880254,868,820,1
1764499880254,871,820,1
1764499880260,873,820,1
1764499880261,874,820,1
1764499880261,877,820,1
1764499880264,879,820,0
1764499880264,880,820,0
1764499880264,883,820,0
1764499880264,885,820,0
1764499880274,887,820,0
1764499880276,889,821,0
1764499880276,892,821,0
1764499880276,893,821,0
1764499880276,895,821,0
1764499880284,897,822,0
1764499880284,899,822,0
1764499880284,901,823,0
1764499880284,903,823,0
1764499880291,904,823,0
1764499880294,906,823,0
1764499880295,907,823,0
1764499880298,910,824,0
1764499880298,912,824,0
1764499880304,915,824,0
1764499880304,916,824,0
1764499880307,918,825,0
1764499880307,920,826,0
1764499880307,921,826,0
1764499880307,923,826,0
1764499880314,925,826,0
1764499880314,926,826,0
1764499880314,927,826,0
1764499880314,929,826,0
1764499880324,930,826,0
1764499880325,932,826,0
1764499880325,933,826,0
1764499880325,935,826,0
1764499880325,937,827,0
1764499880325,938,827,0
1764499880334,940,827,0
1764499880334,942,828,1
1764499880341,944,828,1
1764499880344,945,828,1
1764499880344,947,828,1
1764499880344,949,828,1
1764499880349,950,828,1
1764499880354,953,828,1
1764499880355,955,828,1
1764499880355,958,828,1
1764499880355,959,828,1
1764499880355,961,828,1
1764499880364,962,828,1
1764499880364,964,829,1
1764499880364,966,829,1
1764499880371,967,829,1
1764499880371,970,829,1
1764499880374,972,829,1
1764499880374,973,829,1
1764499880374,976,829,1
1764499880374,978,829,1
1764499880374,979,829,1
1764499880384,982,829,1
1764499880386,983,829,1
1764499880388,985,829,1
1764499880389,987,829,1
1764499880391,988,829,1
1764499880394,990,829,1
1764499880394,991,830,1
1764499880394,993,830,1
1764499880394,995,830,1
1764499880404,999,830,1
1764499880404,1001,830,1
1764499880404,1002,830,1
1764499880404,1004,830,1
1764499880404,1005,830,1
1764499880414,1007,830,1
1764499880414,1010,830,1
1764499880418,1011,830,1
1764499880418,1013,830,1
1764499880418,1014,830,1
1764499880424,1016,830,1
1764499880424,1018,830,1
1764499880424,1019,830,1
1764499880424,1020,830,1
1764499880424,1021,830,1
1764499880424,1023,830,1
1764499880434,1024,830,1
1764499880434,1025,830,1
1764499880434,1027,830,1
1764499880434,1028,830,1
1764499880444,1029,830,1
1764499880444,1031,830,1
1764499880449,1032,830,1
1764499880454,1034,830,1
1764499880454,1035,830,1
1764499880454,1037,830,1
1764499880454,1038,830,1
1764499880454,1039,830,1
1764499880454,1040,830,1
1764499880465,1041,830,1
1764499880467,1042,830,1
1764499880467,1043,831,1
1764499880467,1044,831,1
1764499880474,1045,831,1
1764499880474,1046,831,1
1764499880474,1048,831,1
1764499880474,1049,831,1
1764499880481,1050,831,1
1764499880484,1051,831,1
1764499880484,1053,831,1
1764499880484,1054,831,1
1764499880484,1055,831,1
1764499880494,1056,831,1
1764499880494,1057,831,1
1764499880497,1058,831,1
1764499880497,1059,831,1
1764499880504,1061,831,1
1764499880504,1063,831,1
1764499880504,1065,831,1
1764499880504,1066,831,1
1764499880515,1068,831,1
1764499880517,1070,831,1
1764499880517,1071,831,1
1764499880524,1073,831,1
1764499880524,1074,831,1
1764499880529,1075,831,1
1764499880534,1077,830,1
1764499880534,1078,830,1
1764499880534,1079,829,1
1764499880534,1080,829,1
1764499880544,1081,829,1
1764499880545,1083,829,1
1764499880545,1084,828,1
1764499880549,1085,828,1
1764499880549,1087,827,1
1764499880554,1089,826,1
1764499880554,1093,825,1
1764499880561,1095,824,1
1764499880564,1097,824,1
1764499880564,1098,824,1
1764499880564,1099,823,1
1764499880570,1101,823,1
1764499880570,1101,822,1
1764499880574,1103,821,1
1764499880576,1104,821,1
1764499880576,1105,821,1
1764499880579,1107,821,1
1764499880579,1107,820,1
1764499880584,1108,819,1
1764499880584,1110,818,1
1764499880584,1112,818,1
1764499880592,1114,817,1
1764499880594,1114,816,1
1764499880594,1116,814,1
1764499880594,1118,814,1
1764499880594,1119,813,1
1764499880594,1120,812,1
1764499880604,1121,812,1
1764499880604,1122,810,1
1764499880608,1123,810,1
1764499880608,1124,809,1
1764499880608,1125,808,1
1764499880614,1126,807,1
1764499880614,1128,807,1
1764499880614,1129,806,1
1764499880614,1130,804,1
1764499880614,1132,804,1
1764499880624,1133,803,1
1764499880624,1134,803,1
1764499880624,1135,801,1
1764499880624,1136,800,1
1764499880624,1137,799,1
1764499880634,1139,799,1
1764499880636,1141,798,1
1764499880636,1141,797,1
1764499880639,1143,796,1
1764499880639,1145,795,1
1764499880644,1147,794,1
1764499880644,1149,793,1
1764499880649,1150,791,1
1764499880654,1153,791,1
1764499880655,1154,790,1
1764499880655,1156,789,1
1764499880655,1158,788,1
1764499880655,1158,787,1
1764499880664,1160,786,1
1764499880664,1162,785,1
1764499880664,1164,783,1
1764499880671,1165,783,1
1764499880674,1166,781,1
1764499880674,1167,780,1
1764499880674,1169,779,1
1764499880674,1170,778,1
1764499880674,1171,776,1
1764499880684,1173,775,1
1764499880684,1174,774,1
1764499880687,1175,772,1
1764499880687,1175,771,1
1764499880687,1177,769,1
1764499880694,1178,768,1
1764499880694,1180,766,1
1764499880694,1181,764,1
1764499880694,1181,763,1
1764499880704,1184,759,1
1764499880704,1185,758,1
1764499880704,1185,757,1
1764499880704,1187,755,1
1764499880704,1189,752,1
1764499880714,1191,750,1
1764499880714,1192,749,1
1764499880721,1195,745,1
1764499880721,1197,742,1
1764499880724,1199,740,1
1764499880724,1200,739,1
1764499880724,1202,736,1
1764499880724,1203,734,1
1764499880724,1204,732,1
1764499880734,1205,731,1
1764499880735,1207,729,1
1764499880735,1209,728,1
1764499880735,1210,726,1
1764499880735,1211,725,1
1764499880744,1212,723,1
1764499880744,1214,721,1
1764499880744,1215,720,1
1764499880749,1216,719,1
1764499880754,1217,716,1
1764499880754,1218,715,1
1764499880754,1220,714,1
1764499880754,1220,713,1
1764499880754,1221,712,1
1764499880764,1222,711,1
1764499880764,1223,709,1
1764499880767,1224,708,1
1764499880767,1224,707,1
1764499880774,1225,706,1
1764499880774,1225,705,1
1764499880774,1226,704,1
1764499880774,1228,703,1
1764499880786,1228,702,1
1764499880786,1229,700,1
1764499880786,1230,699,1
1764499880791,1231,698,1
1764499880794,1231,697,1
1764499880796,1232,696,1
1764499880798,1232,695,1
1764499880799,1233,694,1
1764499880804,1235,691,1
1764499880806,1236,689,1
1764499880808,1237,687,1
1764499880810,1238,686,1
1764499880812,1239,684,1
1764499880814,1240,682,1
1764499880816,1241,680,1
1764499880820,1243,677,1
1764499880822,1245,676,1
1764499880824,1247,673,1
1764499880828,1249,671,1
1764499880830,1249,669,1
1764499880832,1251,669,1
1764499880834,1252,667,1
1764499880836,1253,666,1
1764499880838,1253,665,1
1764499880840,1255,664,1
1764499880842,1255,663,1
1764499880844,1256,661,1
1764499880846,1257,660,1
1764499880848,1258,660,1
1764499880850,1259,658,1
1764499880854,1260,657,1
1764499880856,1262,655,1
1764499880858,1262,654,1
1764499880860,1263,654,1
1764499880862,1264,653,1
1764499880864,1264,652,1
1764499880866,1266,651,1
1764499880870,1267,649,1
1764499880872,1268,648,1
1764499880874,1269,647,1
1764499880876,1270,646,1
1764499880878,1270,645,1
1764499880880,1271,644,1
1764499880882,1272,644,1
1764499880884,1272,643,1
1764499880886,1273,642,1
1764499880890,1274,641,1
1764499880892,1275,641,1
1764499880894,1276,639,1
1764499880900,1277,638,1
1764499880904,1278,636,1
1764499880908,1278,635,1
1764499880910,1279,634,1
1764499880912,1280,634,1
1764499880916,1280,632,1
1764499880920,1281,631,1
1764499880922,1282,630,1
1764499880924,1282,628,1
1764499880944,1290,609,1
1764499880944,1290,607,1
1764499880950,1291,605,1
1764499880960,1292,599,1
1764499880962,1294,593,1
1764499880964,1294,592,1
1764499880966,1295,589,1
1764499880970,1296,586,1
1764499880972,1297,584,1
1764499880974,1298,582,1
1764499880976,1298,581,1
1764499880978,1298,580,1
1764499880978,1298,578,1
1764499880982,1299,577,1
1764499880984,1299,576,1
1764499880986,1299,574,1
1764499880986,1300,573,1
1764499880990,1300,572,1
1764499880992,1300,570,1
1764499880994,1300,569,1
1764499880994,1301,568,1
1764499880994,1301,566,1
1764499880994,1302,563,1
1764499880994,1302,562,1
1764499881004,1302,560,1
1764499881006,1303,558,1
1764499881006,1303,556,1
1764499881006,1303,554,1
1764499881006,1304,553,1
1764499881014,1304,552,1
1764499881014,1304,549,1
1764499881014,1304,545,1
1764499881022,1304,542,1
1764499881024,1305,539,1
1764499881024,1305,537,1
1764499881024,1305,535,1
1764499881024,1305,532,1
1764499881024,1305,531,1
1764499881034,1305,528,1
1764499881036,1305,527,1
1764499881037,1305,524,1
1764499881037,1305,521,1
1764499881037,1305,519,1
1764499881044,1305,517,1
1764499881044,1305,515,1
1764499881044,1305,513,1
1764499881050,1305,510,1
1764499881050,1305,507,1
1764499881054,1305,506,1
1764499881054,1305,504,1
1764499881054,1305,503,1
1764499881054,1305,500,1
1764499881054,1305,498,1
1764499881064,1305,496,1
1764499881064,1305,494,1
1764499881069,1305,490,1
1764499881069,1305,487,1
1764499881074,1305,486,1
1764499881074,1305,484,1
1764499881074,1305,479,1
1764499881074,1305,477,1
1764499881074,1305,476,1
1764499881084,1305,473,1
1764499881085,1305,471,1
1764499881085,1305,469,1
1764499881085,1305,467,1
1764499881085,1305,466,1
1764499881094,1305,463,1
1764499881094,1305,461,1
1764499881094,1305,460,1
1764499881094,1305,457,1
1764499881101,1305,455,1
1764499881104,1305,454,1
1764499881104,1305,452,1
1764499881104,1305,451,1
1764499881104,1305,449,1
1764499881104,1304,446,1
1764499881114,1304,445,1
1764499881114,1304,443,1
1764499881117,1304,439,1
1764499881117,1304,438,1
1764499881124,1304,436,1
1764499881124,1303,434,1
1764499881124,1303,432,1
1764499881124,1303,431,1
1764499881124,1303,430,1
1764499881134,1303,429,1
1764499881134,1303,428,1
1764499881134,1303,426,1
1764499881134,1303,425,1
1764499881134,1303,423,1
1764499881144,1303,422,1
1764499881144,1303,421,1
1764499881148,1302,419,1
1764499881150,1302,418,1
1764499881150,1302,417,1
1764499881154,1302,415,1
1764499881154,1302,414,1
1764499881154,1302,413,1
1764499881154,1302,412,1
1764499881154,1302,410,1
1764499881164,1302,409,1
1764499881164,1302,408,1
1764499881164,1302,406,1
1764499881164,1302,405,1
1764499881164,1302,403,1
1764499881174,1302,402,1
1764499881174,1301,401,1
1764499881174,1301,399,1
1764499881179,1301,397,1
1764499881179,1301,396,1
1764499881184,1301,393,1
1764499881184,1300,391,1
1764499881184,1300,387,1
1764499881184,1300,386,1
1764499881194,1300,384,1
1764499881196,1300,383,1
1764499881196,1300,381,1
1764499881196,1299,378,1
1764499881196,1299,377,1
1764499881204,1299,375,1
1764499881204,1298,372,1
1764499881204,1298,371,1
1764499881204,1297,368,1
1764499881211,1297,366,1
1764499881214,1297,365,1
1764499881216,1296,362,1
1764499881217,1295,360,1
1764499881217,1295,357,1
1764499881224,1295,356,1
1764499881224,1295,354,1
1764499881227,1294,352,1
1764499881227,1294,350,1
1764499881234,1294,349,1
1764499881234,1294,347,1
1764499881234,1293,346,1
1764499881234,1293,345,1
1764499881234,1293,343,1
1764499881244,1292,342,1
1764499881244,1292,341,1
1764499881244,1291,339,1
1764499881250,1291,337,1
1764499881250,1290,336,1
1764499881254,1289,334,1
1764499881254,1289,332,1
1764499881259,1288,330,1
1764499881259,1287,328,1
1764499881264,1287,326,1
1764499881264,1286,326,1
1764499881264,1285,322,1
1764499881264,1284,322,1
1764499881274,1284,320,1
1764499881274,1283,318,1
1764499881274,1283,317,1
1764499881274,1282,315,1
1764499881274,1281,313,1
1764499881284,1280,313,1
1764499881284,1280,312,1
1764499881284,1279,310,1
1764499881290,1278,309,1
1764499881292,1277,307,1
1764499881294,1275,305,1
1764499881294,1275,303,1
1764499881294,1273,302,1
1764499881294,1272,301,1
1764499881294,1271,299,1
1764499881304,1269,298,1
1764499881306,1268,296,1
1764499881306,1267,294,1
1764499881306,1265,292,1
1764499881306,1263,291,1
1764499881314,1261,290,1
1764499881314,1260,288,1
1764499881314,1256,285,1
1764499881321,1254,283,1
1764499881324,1252,283,1
1764499881324,1250,281,1
1764499881324,1249,280,1
1764499881324,1247,278,1
1764499881324,1245,277,1
1764499881334,1243,276,1
1764499881334,1240,274,1
1764499881337,1239,273,1
1764499881337,1237,271,1
1764499881337,1234,270,1
1764499881344,1232,269,1
1764499881344,1230,268,1
1764499881344,1228,267,1
1764499881344,1225,265,1
1764499881350,1223,264,1
1764499881354,1221,262,1
1764499881354,1219,260,1
1764499881354,1216,260,1
1764499881354,1214,259,1
1764499881354,1212,258,1
1764499881364,1209,256,1
1764499881364,1207,255,1
1764499881369,1203,252,1
1764499881369,1200,251,1
1764499881374,1198,250,0
1764499881374,1195,249,0
1764499881374,1193,248,0
1764499881374,1191,246,0
1764499881374,1188,244,0
1764499881385,1184,241,0
1764499881385,1179,239,0
1764499881385,1174,236,0
1764499881394,1172,235,0
1764499881394,1170,233,0
1764499881394,1167,231,0
1764499881401,1163,230,0
1764499881404,1160,228,0
1764499881404,1158,226,0
1764499881404,1155,225,0
1764499881404,1154,223,0
1764499881414,1149,221,0
1764499881416,1146,220,0
1764499881416,1145,218,0
1764499881416,1142,216,0
1764499881416,1140,215,0
1764499881424,1139,214,0
1764499881424,1135,213,0
1764499881424,1132,210,0
1764499881432,1129,208,0
1764499881434,1126,206,0
1764499881434,1123,204,0
1764499881434,1121,203,0
1764499881434,1118,202,0
1764499881444,1117,200,0
1764499881444,1115,198,0
1764499881448,1113,197,0
1764499881454,1106,194,0
1764499881454,1101,191,0
1764499881454,1100,190,0
1764499881464,1098,189,0
1764499881464,1093,186,0
1764499881469,1092,185,0
1764499881469,1089,184,0
1764499881469,1087,183,0
1764499881474,1085,181,0
1764499881480,1080,179,0
1764499881484,1078,178,0
1764499881484,1074,176,0
1764499881484,1072,175,0
1764499881484,1070,174,0
1764499881484,1068,174,0
1764499881496,1067,172,0
1764499881496,1065,172,0
1764499881496,1063,172,0
1764499881496,1060,169,0
1764499881504,1057,167,0
1764499881504,1055,167,0
1764499881504,1052,166,0
1764499881512,1050,165,0
1764499881512,1048,164,0
1764499881514,1045,163,0
1764499881514,1042,163,0
1764499881514,1040,160,0
1764499881514,1037,160,0
1764499881524,1032,158,0
1764499881527,1030,157,0
1764499881527,1027,156,0
1764499881527,1025,156,0
1764499881527,1023,156,0
1764499881534,1020,155,0
1764499881534,1017,154,0
1764499881534,1015,154,0
1764499881534,1013,153,0
1764499881544,1009,153,0
1764499881544,1006,152,0
1764499881544,1005,151,0
1764499881544,1002,151,0
1764499881554,996,149,0
1764499881554,994,149,0
1764499881554,991,148,0
1764499881559,988,147,0
1764499881559,985,147,0
1764499881559,983,147,0
1764499881564,981,147,0
1764499881564,976,146,0
1764499881564,973,146,0
1764499881564,970,146,0
1764499881574,968,145,0
1764499881574,965,145,0
1764499881574,962,145,0
1764499881574,959,144,1
1764499881574,958,144,1
1764499881584,955,144,1
1764499881584,952,143,1
1764499881590,947,143,1
1764499881590,944,143,1
1764499881594,943,143,1
1764499881594,940,143,1
1764499881594,938,143,1
1764499881594,935,143,1
1764499881594,932,143,1
1764499881606,930,143,1
1764499881606,927,143,1
1764499881606,924,143,1
1764499881606,920,143,1
1764499881614,917,143,1
1764499881614,915,143,1
1764499881614,912,143,1
1764499881621,909,143,1
1764499881621,908,143,1
1764499881624,905,143,1
1764499881624,902,143,1
1764499881624,901,143,1
1764499881624,898,143,1
1764499881634,893,142,1
1764499881637,891,142,1
1764499881637,888,142,1
1764499881637,886,142,1
1764499881637,883,142,1
1764499881644,881,142,1
1764499881644,878,142,1
1764499881644,876,142,1
1764499881651,873,142,1
1764499881653,871,142,1
1764499881654,865,142,1
1764499881654,863,142,1
1764499881654,861,142,1
1764499881654,858,142,1
1764499881664,856,142,1
1764499881664,853,142,1
1764499881669,849,142,1
1764499881669,847,142,1
1764499881674,845,142,1
1764499881677,842,142,1
1764499881677,840,142,1
1764499881677,838,142,1
1764499881677,836,142,1
1764499881684,834,143,1
1764499881684,832,143,1
1764499881684,830,144,1
1764499881684,827,144,1
1764499881684,825,144,1
1764499881694,823,144,1
1764499881694,821,145,1
1764499881694,819,145,1
1764499881700,817,145,1
1764499881700,814,145,1
1764499881704,813,146,1
1764499881704,811,147,1
1764499881704,808,147,1
1764499881704,807,147,1
1764499881704,806,148,1
1764499881714,804,149,1
1764499881716,801,150,1
1764499881716,799,151,1
1764499881716,798,151,1
1764499881725,796,151,1
1764499881727,794,152,1
1764499881727,793,153,1
1764499881727,792,153,1
1764499881732,789,154,1
1764499881734,788,154,1
1764499881734,787,155,1
1764499881734,785,155,1
1764499881734,783,156,1
1764499881734,781,157,1
1764499881744,780,157,1
1764499881747,778,158,1
1764499881747,777,159,1
1764499881751,775,160,1
1764499881751,773,161,1
1764499881754,772,161,1
1764499881754,770,162,1
1764499881754,768,162,1
1764499881754,767,163,1
1764499881764,765,164,1
1764499881764,763,165,1
1764499881764,761,166,1
1764499881764,760,167,1
1764499881764,758,167,1
1764499881764,756,168,1
1764499881774,755,169,1
1764499881774,753,170,1
1764499881779,751,171,1
1764499881781,751,172,1
1764499881781,749,172,1
1764499881784,747,173,1
1764499881784,746,174,1
1764499881784,744,175,1
1764499881784,742,176,1
1764499881784,740,178,1
1764499881794,738,178,1
1764499881794,736,180,1
1764499881794,735,180,1
1764499881794,733,182,1
1764499881804,732,183,1
1764499881804,731,184,1
1764499881804,729,185,1
1764499881810,727,186,1
1764499881810,727,187,1
1764499881814,725,187,1
1764499881814,722,191,1
1764499881814,721,192,1
1764499881814,719,193,1
1764499881824,717,193,1
1764499881827,717,194,1
1764499881827,715,196,1
1764499881827,713,198,1
1764499881827,710,198,1
1764499881834,710,200,1
1764499881834,708,202,1
1764499881834,706,204,1
1764499881834,704,205,1
1764499881843,701,206,1
1764499881844,701,208,1
1764499881844,699,210,1
1764499881844,698,211,1
1764499881851,697,211,1
1764499881851,695,213,1
1764499881854,694,214,1
1764499881857,692,216,1
1764499881859,691,217,1
1764499881861,688,219,1
1764499881861,687,221,1
1764499881864,685,221,1
1764499881864,683,222,1
1764499881864,681,224,1
1764499881864,680,226,1
1764499881874,678,228,1
1764499881874,676,229,1
1764499881874,674,231,1
1764499881874,672,232,1
1764499881874,670,234,1
1764499881874,668,236,1
1764499881884,666,237,1
1764499881884,664,239,1
1764499881889,662,241,1
1764499881889,660,243,1
1764499881889,658,246,1
1764499881894,656,247,1
1764499881894,653,249,1
1764499881894,652,251,1
1764499881894,650,253,1
1764499881894,648,255,1
1764499881904,646,256,1
1764499881904,643,259,1
1764499881904,641,261,1
1764499881904,639,264,1
1764499881914,638,265,1
1764499881914,636,268,1
1764499881914,635,270,1
1764499881920,632,272,1
1764499881920,631,273,1
1764499881924,629,276,1
1764499881924,627,278,1
1764499881924,626,281,1
1764499881924,624,283,1
1764499881924,623,285,1
1764499881934,620,287,1
1764499881936,616,292,1
1764499881954,604,310,0
1764499881954,602,312,0
1764499881954,600,315,0
1764499881954,599,316,0
1764499881954,597,318,0
1764499881964,597,319,0
1764499881970,594,323,0
1764499881972,593,325,0
1764499881972,593,326,0
1764499881974,592,328,0
1764499881974,591,330,0
1764499881974,590,330,0
1764499881974,589,332,0
1764499881984,589,334,0
1764499881984,588,335,0
1764499881984,588,336,0
1764499881984,588,337,0
1764499881994,587,338,0
1764499882000,586,339,0
1764499882004,586,340,0
1764499882016,586,341,0
1764499882044,586,342,0
1764499884045,586,343,0
1764499884045,586,345,0
1764499884045,586,347,0
1764499884045,586,349,0
1764499884056,587,350,1
1764499884056,588,351,1
1764499884056,589,353,1
1764499884065,589,355,1
1764499884065,591,356,1
1764499884065,591,358,1
1764499884072,591,359,1
1764499884072,592,360,1
1764499884075,592,361,1
1764499884075,592,362,1
1764499884075,592,363,1
1764499884085,592,365,1
1764499884085,593,366,1
1764499884088,593,367,1
1764499884088,593,368,1
1764499884088,593,370,1
1764499884088,594,370,1
1764499884095,594,372,1
1764499884095,594,373,1
1764499884095,594,374,1
1764499884095,594,375,1
1764499884103,594,376,1
1764499884105,594,379,1
1764499884105,595,381,1
1764499884105,595,383,1
1764499884115,595,385,1
1764499884115,595,386,1
1764499884115,595,387,1
1764499884119,595,389,1
1764499884119,595,390,1
1764499884119,595,391,1
1764499884125,595,393,1
1764499884125,595,395,1
1764499884135,595,397,1
1764499884135,595,399,1
1764499884135,595,400,1
1764499884135,595,401,1
1764499884135,595,402,1
1764499884135,595,403,1
1764499884145,595,404,1
1764499884145,595,405,1
1764499884150,595,406,1
1764499884150,595,408,1
1764499884155,595,409,1
1764499884155,596,412,1
1764499884155,596,414,1
1764499884165,596,415,1
1764499884166,596,417,1
1764499884166,596,418,1
1764499884166,596,419,1
1764499884166,597,420,1
1764499884175,597,421,1
1764499884175,597,423,1
1764499884175,597,424,1
1764499884175,597,425,1
1764499884185,597,427,1
1764499884185,598,429,1
1764499884185,598,430,1
1764499884185,598,431,1
1764499884185,598,433,1
1764499884195,598,434,1
1764499884200,598,437,1
1764499884200,598,438,1
1764499884205,598,440,1
1764499884205,598,442,1
1764499884205,598,443,1
1764499884205,598,444,1
1764499884214,598,445,1
1764499884217,598,446,1
1764499884217,599,447,1
1764499884217,599,449,1
1764499884217,599,450,1
1764499884225,599,451,1
1764499884225,599,452,1
1764499884225,599,453,1
1764499884230,599,455,1
1764499884235,599,456,1
1764499884235,599,458,1
1764499884235,599,460,1
1764499884235,599,461,1
1764499884245,599,462,1
1764499884245,599,464,1
1764499884245,599,467,1
1764499884245,599,468,1
1764499884255,599,469,1
1764499884255,599,471,1
1764499884261,599,473,1
1764499884261,599,474,1
1764499884265,599,476,1
1764499884265,599,478,1
1764499884265,599,479,1
1764499884265,599,481,1
1764499884265,599,484,1
1764499884277,599,487,1
1764499884280,599,489,1
1764499884285,599,493,1
1764499884285,599,494,1
1764499884285,599,496,1
1764499884285,599,498,1
1764499884292,599,499,1
1764499884295,599,501,1
1764499884296,599,503,1
1764499884296,599,506,1
1764499884296,599,507,1
1764499884305,599,509,1
1764499884305,599,511,1
1764499884308,599,512,1
1764499884308,599,514,1
1764499884308,599,515,1
1764499884308,599,517,1
1764499884317,599,519,1
1764499884317,599,520,1
1764499884317,600,522,1
1764499884317,600,524,1
1764499884326,600,526,1
1764499884326,600,527,1
1764499884326,600,529,1
1764499884326,600,531,1
1764499884334,600,533,1
1764499884334,600,534,1
1764499884340,600,536,1
1764499884342,601,537,1
1764499884342,601,538,1
1764499884345,601,540,1
1764499884345,601,543,1
1764499884345,601,544,1
1764499884355,601,545,1
1764499884355,601,547,1
1764499884355,601,548,1
1764499884355,601,549,1
1764499884355,601,551,1
1764499884355,601,552,1
1764499884365,601,553,1
1764499884365,601,554,1
1764499884365,601,555,1
1764499884371,601,557,1
1764499884371,601,558,1
1764499884375,601,560,1
1764499884375,601,561,1
1764499884384,601,564,1
1764499884387,601,566,1
1764499884387,601,567,1
1764499884387,601,568,1
1764499884387,601,570,1
1764499884395,601,571,1
1764499884395,601,573,1
1764499884402,601,574,1
1764499884404,602,576,1
1764499884404,602,577,1
1764499884404,602,578,1
1764499884404,602,580,1
1764499884415,602,582,1
1764499884419,603,583,1
1764499884419,603,584,1
1764499884419,603,585,1
1764499884425,603,586,1
1764499884425,603,588,1
1764499884425,603,589,1
1764499884425,603,590,1
1764499884435,603,592,1
1764499884435,604,593,1
1764499884435,604,595,1
1764499884435,604,597,1
1764499884445,605,599,1
1764499884445,605,600,1
1764499884450,605,602,1
1764499884450,605,603,1
1764499884455,605,605,1
1764499884455,605,606,1
1764499884455,605,607,1
1764499884455,605,609,1
1764499884455,605,610,1
1764499884466,606,613,1
1764499884470,606,614,1
1764499884470,607,617,1
1764499884475,607,618,1
1764499884475,607,620,1
1764499884475,608,621,1
1764499884482,608,623,1
1764499884482,608,625,1
1764499884485,608,626,1
1764499884485,608,627,1
1764499884485,609,629,1
1764499884485,609,630,1
1764499884495,610,633,1
1764499884498,611,635,1
1764499884500,612,638,1
1764499884500,612,640,1
1764499884505,613,642,1
1764499884505,614,644,1
1764499884505,614,645,1
1764499884505,614,647,1
1764499884514,614,648,1
1764499884515,615,651,1
1764499884515,616,651,1
1764499884515,616,653,1
1764499884515,617,654,1
1764499884525,617,655,1
1764499884525,617,657,1
1764499884529,618,658,1
1764499884531,618,660,1
1764499884535,619,660,1
1764499884538,620,663,1
1764499884538,620,665,1
1764499884545,621,666,1
1764499884545,622,666,1
1764499884545,622,668,1
1764499884545,623,670,1
1764499884556,624,672,1
1764499884556,625,673,1
1764499884562,626,674,1
1764499884562,626,676,1
1764499884565,627,678,1
1764499884565,628,680,1
1764499884565,629,681,1
1764499884565,631,684,1
1764499884575,632,686,1
1764499884576,632,688,1
1764499884576,633,689,1
1764499884576,635,693,1
1764499884585,637,694,1
1764499884585,638,696,1
1764499884585,638,697,1
1764499884585,639,699,1
1764499884593,640,699,1
1764499884596,641,701,1
1764499884596,641,702,1
1764499884596,642,702,1
1764499884596,643,705,1
1764499884596,644,705,1
1764499884605,644,707,1
1764499884608,645,708,1
1764499884608,645,709,1
1764499884608,647,709,1
1764499884608,647,711,1
1764499884617,648,713,1
1764499884617,649,713,1
1764499884617,649,715,1
1764499884624,651,716,1
1764499884625,652,718,1
1764499884625,653,719,1
1764499884625,653,721,1
1764499884635,654,722,1
1764499884635,655,722,1
1764499884639,656,724,1
1764499884639,656,725,1
1764499884639,657,725,1
1764499884645,658,725,1
1764499884645,659,727,1
1764499884645,660,729,1
1764499884645,661,731,1
1764499884655,663,732,1
1764499884659,664,734,1
1764499884661,665,735,1
1764499884663,666,735,1
1764499884665,668,738,1
1764499884671,669,740,1
1764499884671,670,742,1
1764499884674,671,742,1
1764499884674,672,744,1
1764499884674,675,745,1
1764499884685,675,746,1
1764499884687,676,747,1
1764499884687,677,747,1
1764499884687,678,750,1
1764499884694,680,750,1
1764499884694,681,752,1
1764499884694,682,752,1
1764499884694,683,753,1
1764499884704,685,754,1
1764499884704,686,755,1
1764499884704,687,756,1
1764499884715,689,757,1
1764499884717,690,758,1
1764499884718,691,758,1
1764499884722,692,759,1
1764499884722,693,759,1
1764499884725,694,761,1
1764499884725,695,761,1
1764499884735,697,763,1
1764499884737,700,764,1
1764499884740,701,765,1
1764499884740,702,765,1
1764499884745,703,766,1
1764499884745,704,766,1
1764499884745,706,767,1
1764499884745,707,768,1
1764499884756,709,768,1
1764499884759,710,769,1
1764499884759,712,769,1
1764499884759,712,770,1
1764499884769,714,771,1
1764499884769,716,772,1
1764499884772,717,772,1
1764499884774,718,772,1
1764499884775,719,773,1
1764499884775,720,774,1
1764499884775,721,774,1
1764499884775,724,775,1
1764499884785,725,775,1
1764499884787,727,775,1
1764499884787,728,776,1
1764499884787,729,777,1
1764499884787,731,777,1
1764499884795,732,778,1
1764499884795,733,778,1
1764499884800,735,778,1
1764499884800,736,779,1
1764499884803,738,780,1
1764499884805,739,780,1
1764499884805,740,781,1
1764499884805,742,781,1
1764499884805,744,782,1
1764499884805,745,783,1
1764499884815,746,783,1
1764499884815,748,783,1
1764499884819,749,783,1
1764499884819,752,784,1
1764499884819,754,784,1
1764499884825,755,786,1
1764499884825,757,786,1
1764499884825,759,787,1
1764499884825,761,788,1
1764499884835,763,788,1
1764499884835,764,789,1
1764499884835,766,789,1
1764499884835,768,789,1
1764499884835,769,790,1
1764499884844,771,791,1
1764499884844,773,791,1
1764499884850,773,792,1
1764499884850,774,793,1
1764499884850,776,793,1
1764499884856,777,793,1
1764499884856,780,793,1
1764499884856,782,794,1
1764499884856,784,795,1
1764499884866,787,796,1
1764499884866,789,797,1
1764499884866,790,797,1
1764499884866,792,798,1
1764499884874,793,798,1
1764499884874,795,798,1
1764499884874,797,799,1
1764499884885,800,800,1
1764499884885,802,802,1
1764499884885,803,802,1
1764499884885,806,802,1
1764499884885,808,803,1
1764499884885,809,803,1
1764499884894,810,803,1
1764499884898,813,804,1
1764499884900,813,805,1
1764499884900,816,805,1
1764499884900,816,806,1
1764499884905,819,807,1
1764499884905,821,807,1
1764499884905,822,807,1
1764499884914,825,807,1
1764499884914,829,809,1
1764499884914,831,810,1
1764499884914,832,810,1
1764499884914,834,810,1
1764499884924,836,811,1
1764499884924,838,811,1
1764499884930,840,812,1
1764499884933,843,813,1
1764499884935,846,813,1
1764499884935,847,814,1
1764499884935,850,815,1
1764499884935,851,815,1
1764499884946,853,815,1
1764499884946,856,816,1
1764499884946,857,816,1
1764499884946,859,817,1
1764499884946,861,817,1
1764499884956,862,817,1
1764499884956,864,817,1
1764499884956,866,818,1
1764499884977,881,823,1
1764499884977,883,823,1
1764499884984,886,823,1
1764499884984,888,824,1
1764499884984,890,825,1
1764499884984,891,825,1
1764499884984,893,825,1
1764499884993,896,826,1
1764499884995,897,827,1
1764499884995,898,827,1
1764499884995,900,827,1
1764499884995,901,828,1
1764499884995,903,828,1
1764499885004,905,828,1
1764499885004,906,828,1
1764499885009,907,829,1
1764499885009,909,829,1
1764499885009,911,829,1
1764499885017,913,829,1
1764499885017,914,829,1
1764499885017,917,829,1
1764499885024,917,830,1
1764499885024,919,830,1
1764499885024,920,830,1
1764499885024,922,831,1
1764499885035,923,831,1
1764499885035,924,831,1
1764499885035,926,831,1
1764499885040,926,832,1
1764499885045,929,832,1
1764499885045,931,832,1
1764499885045,932,833,1
1764499885045,933,833,1
1764499885056,935,834,1
1764499885056,936,834,1
1764499885056,937,834,1
1764499885056,938,834,1
1764499885056,939,834,1
1764499885065,941,834,1
1764499885065,942,834,1
1764499885071,943,834,1
1764499885071,944,834,1
1764499885075,945,835,1
1764499885075,947,835,1
1764499885075,950,835,1
1764499885087,953,835,1
1764499885087,955,836,1
1764499885095,956,836,1
1764499885095,956,837,1
1764499885100,958,837,1
1764499885103,960,837,1
1764499885104,961,837,1
1764499885104,963,837,1
1764499885104,965,837,1
1764499885104,966,837,1
1764499885117,967,837,1
1764499885117,968,837,1
1764499885119,969,837,1
1764499885122,970,837,1
1764499885122,971,837,1
1764499885125,972,837,1
1764499885125,973,838,1
1764499885125,974,838,1
1764499885125,976,838,1
1764499885135,977,838,1
1764499885135,978,838,1
1764499885135,980,838,1
1764499885144,981,838,1
1764499885150,982,838,1
1764499885154,983,838,1
1764499885156,984,838,1
1764499885156,986,838,1
1764499885156,987,838,1
1764499885166,988,838,1
1764499885168,989,838,1
1764499885172,990,838,1
1764499885175,992,838,1
1764499885175,993,838,1
1764499885182,994,838,1
1764499885182,995,838,1
1764499885185,996,838,1
1764499885185,997,838,1
1764499885185,998,838,1
1764499885185,999,838,1
1764499885195,1000,838,1
1764499885198,1002,838,1
1764499885198,1003,838,1
1764499885198,1004,838,1
1764499885205,1005,838,1
1764499885205,1006,838,1
1764499885205,1007,838,1
1764499885205,1009,838,1
1764499885215,1011,838,1
1764499885215,1012,838,1
1764499885215,1014,838,1
1764499885215,1015,838,1
1764499885225,1016,838,1
1764499885225,1018,838,1
1764499885229,1020,838,1
1764499885235,1022,838,1
1764499885235,1023,838,1
1764499885235,1024,838,1
1764499885235,1026,838,1
1764499885244,1027,838,1
1764499885244,1029,838,1
1764499885244,1031,838,1
1764499885256,1033,838,1
1764499885260,1036,838,1
1764499885265,1038,837,1
1764499885265,1040,837,1
1764499885265,1041,836,1
1764499885274,1042,836,1
1764499885277,1043,835,1
1764499885280,1044,835,1
1764499885281,1046,834,1
1764499885285,1047,834,1
1764499885285,1049,834,1
1764499885292,1051,834,1
1764499885292,1053,833,1
1764499885295,1055,832,1
1764499885295,1057,831,1
1764499885295,1058,831,1
1764499885304,1059,831,1
1764499885308,1062,830,1
1764499885308,1063,830,1
1764499885308,1064,830,1
1764499885314,1066,830,1
1764499885314,1066,829,1
1764499885314,1068,829,1
1764499885314,1069,829,1
1764499885324,1070,828,1
1764499885324,1072,827,1
1764499885324,1073,827,1
1764499885324,1075,827,1
1764499885324,1077,827,1
1764499885335,1079,827,1
1764499885335,1080,827,1
1764499885340,1081,825,1
1764499885342,1084,825,1
1764499885342,1085,825,1
1764499885345,1086,824,1
1764499885345,1088,823,1
1764499885345,1091,823,1
1764499885356,1093,823,1
1764499885356,1094,822,1
1764499885356,1095,821,1
1764499885356,1096,820,1
1764499885356,1097,820,1
1764499885364,1098,820,1
1764499885364,1100,820,1
1764499885364,1101,819,1
1764499885370,1102,819,1
1764499885370,1103,818,1
1764499885375,1105,817,1
1764499885375,1107,817,1
1764499885375,1109,816,1
1764499885385,1111,816,1
1764499885386,1111,815,1
1764499885386,1113,815,1
1764499885386,1115,814,1
1764499885386,1116,813,1
1764499885395,1121,812,1
1764499885402,1123,812,1
1764499885405,1125,812,1
1764499885405,1125,811,1
1764499885405,1126,811,1
1764499885405,1128,811,1
1764499885405,1129,810,1
1764499885415,1130,809,1
1764499885418,1131,809,1
1764499885418,1133,809,1
1764499885418,1134,809,1
1764499885418,1135,808,1
1764499885425,1136,806,1
1764499885425,1138,806,1
1764499885425,1140,805,1
1764499885425,1141,804,1
1764499885435,1143,804,1
1764499885437,1146,803,1
1764499885437,1148,801,1
1764499885437,1149,800,1
1764499885437,1151,800,1
1764499885445,1153,798,1
1764499885450,1157,796,1
1764499885450,1159,796,1
1764499885450,1161,794,1
1764499885455,1162,793,1
1764499885456,1163,792,1
1764499885456,1165,791,1
1764499885456,1167,790,1
1764499885456,1169,789,1
1764499885465,1170,787,1
1764499885465,1171,786,1
1764499885465,1173,784,1
1764499885465,1175,784,1
1764499885465,1176,783,1
1764499885475,1177,781,1
1764499885475,1179,779,1
1764499885475,1180,779,1
1764499885480,1181,778,1
1764499885480,1182,776,1
1764499885485,1184,774,1
1764499885485,1186,774,1
1764499885485,1187,772,1
1764499885485,1187,771,1
1764499885485,1189,769,1
1764499885495,1190,769,1
1764499885496,1190,767,1
1764499885496,1191,767,1
1764499885496,1193,765,1
1764499885496,1194,763,1
1764499885505,1194,762,1
1764499885505,1196,761,1
1764499885505,1197,759,1
1764499885505,1198,758,1
1764499885512,1199,757,1
1764499885514,1200,756,1
1764499885514,1201,755,1
1764499885514,1202,754,1
1764499885514,1203,753,1
1764499885514,1204,752,1
1764499885525,1204,751,1
1764499885528,1205,749,1
1764499885528,1207,748,1
1764499885528,1208,748,1
1764499885528,1208,746,1
1764499885535,1210,745,1
1764499885538,1211,743,1
1764499885538,1212,742,1
1764499885538,1214,741,1
1764499885544,1214,740,1
1764499885545,1215,739,1
1764499885549,1218,736,1
1764499885549,1218,734,1
1764499885549,1219,734,1
1764499885555,1221,732,1
1764499885556,1222,730,1
1764499885560,1223,729,1
1764499885561,1224,728,1
1764499885561,1226,726,1
1764499885565,1226,724,1
1764499885565,1228,723,1
1764499885565,1229,722,1
1764499885565,1230,720,1
1764499885565,1232,718,1
1764499885576,1233,718,1
1764499885576,1234,716,1
1764499885576,1235,715,1
1764499885576,1236,713,1
1764499885576,1238,712,1
1764499885585,1239,711,1
1764499885585,1240,709,1
1764499885585,1240,708,1
1764499885591,1242,707,1
1764499885591,1243,705,1
1764499885595,1243,704,1
1764499885595,1246,702,1
1764499885595,1247,701,1
1764499885595,1247,700,1
1764499885605,1247,699,1
1764499885607,1249,698,1
1764499885607,1250,697,1
1764499885607,1250,695,1
1764499885615,1251,694,1
1764499885615,1251,692,1
1764499885615,1252,690,1
1764499885615,1253,689,1
1764499885623,1254,688,1
1764499885625,1255,686,1
1764499885625,1255,684,1
1764499885630,1255,682,1
1764499885632,1257,680,1
1764499885634,1257,678,1
1764499885635,1258,678,1
1764499885635,1260,674,1
1764499885639,1260,673,1
1764499885639,1261,671,1
1764499885639,1261,669,1
1764499885645,1261,667,1
1764499885645,1263,663,1
1764499885645,1264,661,1
1764499885645,1264,660,1
1764499885655,1265,658,1
1764499885658,1265,657,1
1764499885658,1266,655,1
1764499885658,1266,654,1
1764499885658,1267,653,1
1764499885665,1267,651,1
1764499885665,1268,650,1
1764499885665,1268,649,1
1764499885670,1269,647,1
1764499885670,1270,646,1
1764499885675,1270,645,1
1764499885675,1270,644,1
1764499885675,1271,643,1
1764499885682,1272,643,1
1764499885682,1272,642,1
1764499885685,1273,640,1
1764499885689,1274,638,1
1764499885689,1274,637,1
1764499885694,1275,636,1
1764499885699,1276,634,1
1764499885699,1276,633,1
1764499885702,1276,632,1
1764499885705,1276,631,1
1764499885705,1277,630,1
1764499885705,1278,628,1
1764499885705,1279,627,1
1764499885705,1279,625,1
1764499885715,1280,623,1
1764499885715,1280,620,1
1764499885718,1280,619,1
1764499885718,1281,617,1
1764499885718,1282,616,1
1764499885725,1282,614,1
1764499885725,1283,612,1
1764499885725,1283,611,1
1764499885732,1284,609,1
1764499885735,1285,606,1
1764499885737,1285,603,1
1764499885737,1285,602,1
1764499885737,1285,600,1
1764499885737,1285,598,1
1764499885745,1285,597,1
1764499885750,1286,593,1
1764499885750,1286,591,1
1764499885755,1286,588,1
1764499885757,1286,586,1
1764499885757,1286,584,1
1764499885757,1287,583,1
1764499885766,1288,580,1
1764499885766,1288,579,1
1764499885766,1288,578,1
1764499885766,1289,576,1
1764499885775,1289,575,1
1764499885775,1289,574,1
1764499885775,1290,572,1
1764499885782,1290,571,1
1764499885782,1290,569,1
1764499885784,1290,568,1
1764499885784,1290,565,1
1764499885784,1291,564,1
1764499885784,1291,562,1
1764499885784,1291,560,1
1764499885795,1292,558,1
1764499885798,1293,555,1
1764499885798,1293,553,1
1764499885798,1294,553,1
1764499885805,1294,551,1
1764499885805,1294,550,1
1764499885805,1294,549,1
1764499885805,1294,548,1
1764499885815,1294,547,1
1764499885815,1295,546,1
1764499885815,1296,544,1
1764499885815,1297,542,1
1764499885815,1297,540,1
1764499885825,1297,539,1
1764499885825,1297,538,1
1764499885829,1297,537,1
1764499885832,1297,535,1
1764499885832,1298,534,1
1764499885835,1298,533,1
1764499885835,1298,531,1
1764499885835,1298,530,1
1764499885835,1299,530,1
1764499885835,1299,528,1
1764499885845,1299,526,1
1764499885849,1300,523,1
1764499885849,1300,522,1
1764499885849,1300,521,1
1764499885855,1301,519,1
1764499885857,1301,518,1
1764499885857,1301,516,1
1764499885860,1302,514,1
1764499885860,1302,513,1
1764499885865,1302,512,1
1764499885865,1302,511,1
1764499885865,1303,510,1
1764499885865,1304,508,1
1764499885865,1304,506,1
1764499885875,1305,506,1
1764499885876,1305,503,1
1764499885885,1306,499,1
1764499885885,1306,497,1
1764499885885,1307,495,1
1764499885885,1308,495,1
1764499885892,1308,493,1
1764499885895,1308,492,1
1764499885899,1308,490,1
1764499885899,1308,489,1
1764499885899,1308,488,1
1764499885905,1308,486,1
1764499885908,1309,485,1
1764499885910,1309,483,1
1764499885912,1309,480,1
1764499885912,1310,479,1
1764499885915,1311,478,1
1764499885915,1311,476,1
1764499885915,1311,474,1
1764499885915,1312,472,1
1764499885924,1312,471,1
1764499885924,1312,470,1
1764499885924,1312,468,1
1764499885924,1313,467,1
1764499885924,1313,466,1
1764499885924,1313,465,1
1764499885935,1313,464,1
1764499885935,1313,462,1
1764499885939,1313,461,1
1764499885939,1313,460,1
1764499885943,1313,458,1
1764499885945,1314,457,1
1764499885945,1314,452,1
1764499885945,1315,451,1
1764499885945,1315,449,1
1764499885955,1315,447,1
1764499885957,1315,446,1
1764499885957,1315,444,1
1764499885957,1316,443,1
1764499885957,1316,441,1
1764499885965,1316,439,1
1764499885965,1316,438,1
1764499885965,1317,436,1
1764499885975,1317,424,1
1764499885975,1317,423,1
1764499885985,1317,421,1
1764499885986,1317,420,1
1764499885986,1317,419,1
1764499885986,1317,418,1
1764499885986,1317,417,1
1764499885995,1317,416,1
1764499885995,1317,415,1
1764499886002,1317,414,1
1764499886002,1317,412,1
1764499886005,1317,410,1
1764499886005,1317,409,1
1764499886005,1317,408,1
1764499886015,1317,407,1
1764499886018,1317,406,1
1764499886018,1317,405,1
1764499886018,1317,404,1
1764499886025,1317,403,1
1764499886025,1317,402,1
1764499886025,1317,401,1
1764499886036,1317,400,1
1764499886037,1317,399,1
1764499886037,1317,398,1
1764499886044,1317,397,1
1764499886049,1317,396,1
1764499886057,1317,395,1
1764499886075,1317,394,1
1764499887915,1317,393,1
1764499887915,1316,392,1
1764499887915,1315,390,1
1764499887925,1313,388,1
1764499887925,1313,387,1
1764499887931,1312,384,1
1764499887931,1311,382,1
1764499887931,1309,379,1
1764499887936,1308,379,1
1764499887936,1307,376,1
1764499887936,1305,374,1
1764499887936,1305,373,1
1764499887936,1303,370,1
1764499887947,1300,366,1
1764499887947,1299,364,1
1764499887947,1299,362,1
1764499887947,1297,360,1
1764499887955,1296,359,1
1764499887955,1294,357,1
1764499887955,1293,355,1
1764499887955,1292,352,1
1764499887964,1291,351,1
1764499887965,1290,349,1
1764499887965,1288,347,1
1764499887965,1286,344,1
1764499887965,1285,342,1
1764499887965,1283,341,1
1764499887975,1283,338,1
1764499887975,1281,335,1
1764499887981,1278,332,1
1764499887981,1276,330,1
1764499887985,1275,327,1
1764499887985,1274,325,1
1764499887985,1272,322,1
1764499887985,1270,321,1
1764499887985,1269,319,1
1764499888010,1258,304,1
1764499888010,1256,302,1
1764499888014,1255,300,1
1764499888016,1254,299,1
1764499888019,1252,298,1
1764499888019,1251,296,1
1764499888019,1250,294,1
1764499888019,1249,293,1
1764499888026,1248,292,1
1764499888026,1247,290,1
1764499888026,1246,289,1
1764499888026,1245,288,1
1764499888026,1244,286,1
1764499888035,1243,285,1
1764499888035,1243,283,1
1764499888035,1243,282,1
1764499888042,1241,281,1
1764499888042,1240,279,1
1764499888045,1239,277,1
1764499888045,1237,275,1
1764499888045,1236,274,1
1764499888045,1235,273,1
1764499888055,1235,272,1
1764499888062,1233,270,1
1764499888064,1232,267,1
1764499888066,1230,265,1
1764499888070,1230,263,1
1764499888072,1228,263,1
1764499888075,1228,260,1
1764499888075,1228,259,1
1764499888075,1227,257,1
1764499888075,1226,256,1
1764499888085,1225,254,1
1764499888085,1225,253,1
1764499888090,1224,251,1
1764499888090,1223,250,1
1764499888095,1222,248,1
1764499888095,1222,247,1
1764499888095,1221,247,1
1764499888095,1221,245,1
1764499888105,1220,244,1
1764499888105,1219,243,1
1764499888105,1219,242,1
1764499888105,1217,240,1
1764499888115,1217,239,1
1764499888115,1217,238,1
1764499888115,1216,237,1
1764499888121,1215,235,1
1764499888121,1214,235,1
1764499888125,1214,234,1
1764499888125,1213,232,1
1764499888125,1212,230,1
1764499888125,1210,229,1
1764499888138,1209,228,1
1764499888138,1208,227,1
1764499888138,1207,226,1
1764499888145,1204,223,1
1764499888145,1203,221,1
1764499888153,1202,220,1
1764499888155,1201,220,1
1764499888155,1200,218,1
1764499888155,1199,218,1
1764499888155,1198,217,1
1764499888155,1197,216,1
1764499888165,1196,215,1
1764499888165,1195,213,1
1764499888169,1193,213,1
1764499888169,1193,212,1
1764499888169,1192,211,1
1764499888175,1190,210,1
1764499888175,1189,209,1
1764499888175,1187,209,1
1764499888175,1186,207,1
1764499888175,1184,206,1
1764499888185,1184,205,1
1764499888185,1182,204,1
1764499888185,1179,203,1
1764499888185,1178,201,1
1764499888185,1177,199,1
1764499888195,1172,198,1
1764499888200,1171,197,1
1764499888200,1168,195,1
1764499888200,1166,193,1
1764499888205,1164,192,1
1764499888205,1162,191,1
1764499888205,1159,189,1
1764499888215,1155,188,1
1764499888216,1153,186,1
1764499888216,1151,184,1
1764499888216,1149,183,1
1764499888216,1147,181,1
1764499888216,1145,181,1
1764499888225,1143,181,1
1764499888225,1141,179,1
1764499888225,1137,179,1
1764499888232,1136,177,1
1764499888232,1134,176,1
1764499888236,1131,175,1
1764499888236,1128,174,1
1764499888236,1127,174,1
1764499888236,1124,173,1
1764499888236,1121,172,1
1764499888248,1117,171,1
1764499888250,1114,171,1
1764499888250,1112,170,1
1764499888250,1110,169,1
1764499888255,1106,168,1
1764499888255,1104,168,1
1764499888255,1101,167,1
1764499888263,1096,165,1
1764499888265,1093,165,1
1764499888265,1092,163,1
1764499888265,1089,163,1
1764499888265,1085,163,1
1764499888265,1082,163,1
1764499888275,1081,162,1
1764499888275,1078,162,1
1764499888279,1075,160,1
1764499888282,1071,160,1
1764499888282,1070,159,1
1764499888285,1067,159,1
1764499888285,1064,157,1
1764499888285,1063,157,1
1764499888285,1060,156,1
1764499888285,1057,155,1
1764499888295,1055,155,1
1764499888295,1052,154,1
1764499888295,1051,154,1
1764499888295,1049,154,1
1764499888295,1046,153,1
1764499888305,1043,153,1
1764499888305,1041,152,1
1764499888305,1039,152,1
1764499888314,1034,151,1
1764499888315,1033,150,1
1764499888315,1030,149,1
1764499888315,1027,148,1
1764499888315,1026,148,1
1764499888315,1024,147,1
1764499888325,1021,147,1
1764499888327,1019,147,1
1764499888327,1017,147,1
1764499888327,1014,147,1
1764499888327,1013,147,1
1764499888335,1010,146,1
1764499888335,1007,146,1
1764499888335,1004,145,1
1764499888335,1003,145,1
1764499888343,1000,145,1
1764499888345,999,145,1
1764499888345,996,145,1
1764499888345,993,145,1
1764499888345,992,145,1
1764499888345,990,145,1
1764499888355,987,144,1
1764499888358,986,144,1
1764499888358,983,144,1
1764499888358,979,143,1
1764499888365,976,143,1
1764499888365,974,143,1
1764499888365,973,143,1
1764499888365,970,143,1
1764499888374,969,143,1
1764499888375,966,143,1
1764499888375,964,143,1
1764499888375,963,143,1
1764499888375,961,143,1
1764499888375,958,143,1
1764499888385,957,143,1
1764499888385,955,143,1
1764499888390,954,143,1
1764499888390,951,143,1
1764499888390,949,143,1
1764499888395,948,143,1
1764499888395,946,143,1
1764499888395,945,143,1
1764499888395,943,143,1
1764499888395,941,143,1
1764499888405,940,142,1
1764499888408,938,142,1
1764499888408,936,142,1
1764499888408,933,142,1
1764499888415,932,142,1
1764499888415,931,142,1
1764499888415,929,142,1
1764499888422,927,142,1
1764499888422,925,142,1
1764499888425,923,143,1
1764499888428,922,143,1
1764499888428,920,144,1
1764499888428,918,144,1
1764499888434,917,145,1
1764499888435,915,145,1
1764499888437,913,145,1
1764499888439,911,145,1
1764499888441,910,145,1
1764499888443,908,145,1
1764499888447,906,145,1
1764499888447,903,146,1
1764499888447,902,146,1
1764499888447,900,146,1
1764499888453,897,146,1
1764499888455,896,147,1
1764499888455,894,147,1
1764499888455,892,147,1
1764499888455,890,148,1
1764499888465,889,148,1
1764499888467,886,148,1
1764499888469,885,148,1
1764499888469,885,149,1
1764499888473,882,149,1
1764499888475,881,149,1
1764499888475,879,150,1
1764499888481,878,150,1
1764499888481,876,150,1
1764499888481,874,151,1
1764499888485,872,151,1
1764499888485,871,151,1
1764499888485,868,152,1
1764499888485,866,153,1
1764499888485,865,153,1
1764499888497,862,153,1
1764499888497,860,153,1
1764499888497,859,154,1
1764499888501,857,154,1
1764499888501,855,154,1
1764499888505,853,155,1
1764499888505,851,155,1
1764499888505,849,155,1
1764499888505,844,155,1
1764499888515,842,156,1
1764499888517,841,156,1
1764499888517,838,156,1
1764499888517,836,156,1
1764499888517,834,157,1
1764499888525,831,157,1
1764499888525,828,158,1
1764499888525,827,158,1
1764499888525,824,159,1
1764499888534,821,159,1
1764499888536,820,159,1
1764499888538,817,159,1
1764499888538,814,160,1
1764499888538,813,160,1
1764499888538,810,160,1
1764499888545,807,160,1
1764499888548,806,160,1
1764499888548,803,161,1
1764499888548,800,162,1
1764499888548,798,162,1
1764499888555,795,162,1
1764499888555,792,162,1
1764499888555,791,162,1
1764499888565,785,164,1
1764499888565,783,164,1
1764499888565,780,164,1
1764499888565,777,164,1
1764499888565,774,165,1
1764499888565,773,165,1
1764499888575,770,166,1
1764499888575,768,166,1
1764499888580,766,167,1
1764499888580,764,167,1
1764499888580,761,167,1
1764499888585,760,168,1
1764499888585,758,168,1
1764499888585,756,169,1
1764499888585,754,169,1
1764499888585,752,170,1
1764499888595,749,171,1
1764499888595,748,171,1
1764499888595,745,172,1
1764499888595,742,173,1
1764499888595,741,173,1
1764499888605,739,173,1
1764499888605,736,173,1
1764499888605,734,173,1
1764499888611,729,175,1
1764499888615,728,175,1
1764499888615,725,176,1
1764499888615,723,177,1
1764499888615,721,178,1
1764499888615,719,179,1
1764499888625,717,179,1
1764499888628,715,180,1
1764499888628,714,180,1
1764499888632,712,181,1
1764499888634,710,181,1
1764499888636,709,182,1
1764499888636,707,183,0
1764499888636,704,184,0
1764499888636,703,185,0
1764499888643,701,185,0
1764499888645,699,186,0
1764499888645,698,187,0
1764499888645,697,188,0
1764499888645,695,189,0
1764499888645,694,190,0
1764499888655,692,190,0
1764499888658,691,191,0
1764499888658,690,192,0
1764499888665,687,194,0
1764499888665,685,194,0
1764499888665,684,195,0
1764499888665,683,197,0
1764499888665,681,198,0
1764499888674,680,199,0
1764499888678,679,200,0
1764499888678,677,202,0
1764499888678,675,204,0
1764499888685,674,205,0
1764499888685,673,205,0
1764499888690,672,207,0
1764499888692,671,208,0
1764499888692,670,209,0
1764499888695,669,210,0
1764499888695,668,212,0
1764499888695,667,214,0
1764499888695,665,215,0
1764499888695,665,216,0
1764499888706,664,217,0
1764499888706,662,218,0
1764499888706,661,220,0
1764499888706,658,224,0
1764499888715,657,226,0
1764499888715,655,229,0
1764499888715,654,229,0
1764499888723,653,232,0
1764499888724,651,233,0
1764499888726,650,235,0
1764499888726,649,238,0
1764499888730,647,240,0
1764499888730,646,241,0
1764499888730,645,244,0
1764499888735,644,246,0
1764499888738,643,248,0
1764499888740,641,249,0
1764499888740,640,253,1
1764499888740,639,255,1
1764499888745,639,257,1
1764499888745,637,258,1
1764499888745,636,262,1
1764499888745,635,263,1
1764499888753,634,265,1
1764499888755,633,266,1
1764499888755,632,270,1
1764499888755,632,272,1
1764499888755,630,275,1
1764499888765,628,278,1
1764499888765,627,279,1
1764499888770,627,281,1
1764499888770,626,284,1
1764499888770,625,286,1
1764499888775,624,287,1
1764499888775,623,289,1
1764499888775,621,292,1
1764499888775,621,293,1
1764499888775,620,295,1
1764499888785,619,296,1
1764499888785,618,297,1
1764499888785,617,299,1
1764499888785,617,301,1
1764499888785,616,302,1
1764499888795,614,304,1
1764499888795,613,306,1
1764499888795,612,308,1
1764499888802,611,309,1
1764499888802,611,310,1
1764499888805,610,312,1
1764499888805,609,313,1
1764499888805,609,315,1
1764499888805,607,318,1
1764499888815,606,320,1
1764499888817,606,322,1
1764499888817,606,323,1
1764499888817,605,326,1
1764499888817,604,328,1
1764499888826,603,329,1
1764499888826,602,332,1
1764499888826,601,334,1
1764499888833,601,337,1
1764499888835,600,339,1
1764499888835,600,340,1
1764499888835,599,342,1
1764499888835,598,345,1
1764499888835,597,346,1
1764499888845,596,348,1
1764499888848,595,352,1
1764499888848,594,354,1
1764499888848,593,357,1
1764499888855,592,360,1
1764499888855,591,360,1
1764499888855,590,363,1
1764499888865,587,367,1
1764499888865,587,369,1
1764499888865,586,371,1
1764499888865,584,373,1
1764499888865,584,374,1
1764499888865,583,376,1
1764499888875,582,377,1
1764499888880,581,381,1
1764499888880,579,382,1
1764499888880,579,384,1
1764499888885,578,386,1
1764499888885,577,388,1
1764499888885,577,389,1
1764499888885,576,390,1
1764499888897,574,395,1
1764499888897,572,398,0
1764499888897,571,400,0
1764499888897,571,401,0
1764499888905,570,403,0
1764499888905,569,405,0
1764499888905,568,407,0
1764499888911,566,411,0
1764499888915,565,413,0
1764499888915,565,414,0
1764499888915,565,417,0
1764499888915,564,419,0
1764499888915,564,420,0
1764499888926,563,422,0
1764499888928,562,426,0
1764499888928,561,428,0
1764499888928,561,430,0
1764499888935,561,431,0
1764499888935,560,434,0
1764499888935,560,436,0
1764499888935,559,438,0
1764499888942,559,441,0
1764499888945,559,444,0
1764499888945,559,445,0
1764499888945,559,448,0
1764499888945,559,451,0
1764499888945,558,452,0
1764499888955,558,455,0
1764499888958,558,457,0
1764499888958,558,459,0
1764499888958,558,464,0
1764499888965,558,465,0
1764499888965,558,468,0
1764499888965,558,469,0
1764499888965,558,472,0
1764499888965,558,474,0
1764499888975,558,475,0
1764499888977,558,477,0
1764499888977,558,479,0
1764499888977,558,480,0
1764499888977,558,483,0
1764499888985,558,484,0
1764499888985,558,486,0
1764499888985,558,488,0
1764499888990,558,489,0
1764499888990,558,491,0
1764499888995,558,494,0
1764499888995,558,496,0
1764499888995,558,497,0
1764499889005,558,500,0
1764499889021,559,513,0
1764499889026,559,515,0
1764499889026,559,517,0
1764499889026,559,518,0
1764499889026,560,520,0
1764499889035,560,522,0
1764499889037,560,524,0
1764499889037,561,526,0
1764499889037,562,526,0
1764499889045,562,528,0
1764499889045,562,530,0
1764499889045,562,531,0
1764499889045,562,532,0
1764499889053,562,533,0
1764499889055,562,535,0
1764499889055,563,536,0
1764499889055,563,537,0
1764499889055,564,539,0
1764499889055,564,540,0
1764499889065,564,541,0
1764499889065,564,544,0
1764499889070,565,544,0
1764499889070,565,546,0
1764499889070,565,547,0
1764499889075,566,549,0
1764499889075,566,551,0
1764499889075,566,552,0
1764499889075,567,554,0
1764499889075,568,556,0
1764499889085,568,557,0
1764499889085,568,559,0
1764499889089,569,561,0
1764499889091,570,562,1
1764499889091,570,564,1
1764499889095,571,567,1
1764499889095,571,569,1
1764499889100,572,570,1
1764499889103,573,571,1
1764499889105,573,573,1
1764499889105,574,575,1
1764499889105,575,576,1
1764499889105,575,579,1
1764499889115,576,581,1
1764499889117,576,583,1
1764499889117,577,585,1
1764499889117,577,586,1
1764499889117,578,587,1
1764499889125,579,588,1
1764499889126,580,590,1
1764499889126,580,593,1
1764499889133,581,595,1
1764499889135,583,598,1
1764499889135,584,599,1
1764499889135,584,601,1
1764499889135,586,606,1
1764499889135,587,609,1
1764499889147,588,612,1
1764499889147,589,614,1
1764499889147,591,617,1
1764499889147,591,620,1
1764499889155,593,620,1
1764499889155,594,622,1
1764499889155,595,624,1
1764499889155,596,627,1
1764499889163,596,628,1
1764499889165,597,630,1
1764499889165,599,631,1
1764499889165,600,633,1
1764499889165,600,634,1
1764499889165,601,635,1
1764499889175,601,636,1
1764499889178,602,638,1
1764499889178,602,639,1
1764499889178,602,640,1
1764499889185,603,641,1
1764499889185,604,642,1
1764499889185,604,643,1
1764499889185,604,644,1
1764499889185,604,645,1
1764499889195,605,647,1
1764499889195,606,647,1
1764499889195,606,649,1
1764499889195,607,650,1
1764499889205,607,652,1
1764499889205,608,653,1
1764499889205,608,654,1
1764499889210,610,656,1
1764499889215,610,658,1
1764499889215,611,660,1
1764499889215,611,661,1
1764499889215,613,663,1
1764499889215,614,665,1
1764499889226,615,668,1
1764499889226,616,669,1
1764499889226,617,671,1
1764499889226,618,674,1
1764499889226,619,676,1
1764499889235,620,678,1
1764499889235,622,679,1
1764499889235,623,682,1
1764499889242,625,684,1
1764499889242,626,685,1
1764499889245,629,690,1
1764499889245,630,692,1
1764499889245,631,693,1
1764499889245,633,695,1
1764499889255,634,697,1
1764499889257,636,699,1
1764499889257,637,701,1
1764499889257,641,705,1
1764499889265,642,707,1
1764499889265,643,709,1
1764499889265,644,709,1
1764499889265,645,711,1
1764499889273,647,713,1
1764499889275,647,714,1
1764499889275,649,716,1
1764499889275,650,717,1
1764499889275,652,718,1
1764499889275,652,719,1
1764499889285,653,720,1
1764499889285,655,721,1
1764499889289,655,722,1
1764499889291,656,724,1
1764499889293,658,724,1
1764499889295,660,727,1
1764499889295,661,728,1
1764499889295,662,730,1
1764499889305,663,730,1
1764499889305,664,732,1
1764499889305,665,733,1
1764499889305,666,735,1
1764499889305,668,736,1
1764499889315,669,738,1
1764499889315,671,738,1
1764499889320,671,739,1
1764499889320,672,741,1
1764499889325,674,743,1
1764499889326,675,743,1
1764499889326,676,745,1
1764499889326,678,747,1
1764499889326,679,747,1
1764499889335,680,748,1
1764499889336,682,750,1
1764499889336,684,751,1
1764499889336,686,753,1
1764499889336,687,754,1
1764499889345,689,755,1
1764499889345,691,757,1
1764499889345,693,759,1
1764499889345,694,760,1
1764499889352,696,760,1
1764499889355,698,762,1
1764499889355,701,764,1
1764499889355,702,765,1
1764499889355,707,768,1
1764499889365,709,768,1
1764499889368,710,769,1
1764499889368,712,771,1
1764499889368,715,772,1
1764499889368,717,774,1
1764499889375,717,775,1
1764499889375,720,775,1
1764499889375,720,776,1
1764499889375,722,778,1
1764499889383,724,778,1
1764499889385,725,780,1
1764499889385,727,781,1
1764499889385,729,781,1
1764499889385,732,783,1
1764499889385,732,784,1
1764499889395,736,786,1
1764499889399,737,787,1
1764499889399,739,788,1
1764499889399,742,790,1
1764499889405,743,790,1
1764499889405,744,792,1
1764499889405,747,792,1
1764499889405,750,795,1
1764499889415,752,796,1
1764499889415,754,796,1
1764499889419,756,798,1
1764499889419,757,799,1
1764499889419,759,800,1
1764499889425,761,801,1
1764499889426,762,802,1
1764499889426,765,802,1
1764499889431,767,802,1
1764499889431,769,803,1
1764499889435,770,804,1
1764499889435,772,805,1
1764499889435,774,806,1
1764499889435,775,806,1
1764499889435,778,807,1
1764499889447,781,808,1
1764499889447,783,808,1
1764499889447,785,809,1
1764499889447,787,809,1
1764499889455,789,810,1
1764499889455,792,811,1
1764499889455,793,812,1
1764499889463,797,813,1
1764499889465,799,813,1
1764499889465,801,814,1
1764499889465,804,814,1
1764499889465,805,814,1
1764499889465,808,815,1
1764499889475,810,815,1
1764499889475,811,816,1
1764499889479,815,816,1
1764499889479,817,818,1
1764499889479,819,818,1
1764499889485,821,819,1
1764499889485,824,820,1
1764499889485,826,820,1
1764499889485,828,821,1
1764499889485,830,822,1
1764499889495,836,822,1
1764499889495,838,822,1
1764499889495,841,823,1
1764499889495,843,823,1
1764499889505,846,824,1
1764499889505,848,824,1
1764499889505,850,825,1
1764499889511,854,826,1
1764499889515,857,827,1
1764499889517,859,827,1
1764499889517,861,828,1
1764499889517,863,828,1
1764499889517,864,828,1
1764499889525,866,828,1
1764499889526,869,828,1
1764499889526,870,829,1
1764499889526,872,829,1
1764499889526,873,829,1
1764499889535,876,830,1
1764499889535,878,830,1
1764499889535,879,830,1
1764499889541,881,830,1
1764499889541,883,830,1
1764499889545,887,830,1
1764499889545,888,830,1
1764499889545,890,830,1
1764499889545,892,830,1
1764499889555,894,831,1
1764499889558,896,831,1
1764499889559,898,831,1
1764499889561,900,832,1
1764499889565,902,832,1
1764499889565,904,832,1
1764499889565,905,832,1
1764499889565,908,832,1
1764499889573,910,833,1
1764499889575,911,833,1
1764499889575,913,833,1
1764499889575,915,833,1
1764499889575,916,834,1
1764499889575,919,834,1
1764499889585,920,834,1
1764499889585,921,834,1
1764499889588,923,835,1
1764499889588,925,835,1
1764499889588,927,835,1
1764499889595,929,835,1
1764499889595,931,835,1
1764499889595,933,835,1
1764499889595,934,835,1
1764499889605,936,835,1
1764499889605,937,835,1
1764499889605,939,835,1
1764499889605,942,835,1
1764499889615,944,835,1
1764499889615,946,836,1
1764499889620,949,836,1
1764499889623,950,836,1
1764499889625,952,836,1
1764499889627,953,836,1
1764499889629,955,836,1
1764499889629,957,836,1
1764499889629,958,836,1
1764499889635,960,836,1
1764499889636,961,836,1
1764499889636,963,837,1
1764499889636,966,837,1
1764499889636,967,837,1
1764499889645,970,837,1
1764499889645,972,837,1
1764499889645,973,837,1
1764499889645,975,837,1
1764499889652,978,838,1
1764499889655,979,838,1
1764499889655,982,838,1
1764499889655,983,839,1
1764499889655,987,840,1
1764499889665,988,840,1
1764499889665,991,840,1
1764499889669,993,840,1
1764499889669,994,841,1
1764499889669,996,841,1
1764499889675,997,841,1
1764499889675,999,841,1
1764499889675,1000,841,1
1764499889675,1001,841,1
1764499889675,1004,841,1
1764499889686,1006,841,1
1764499889686,1007,842,1
1764499889686,1009,842,1
1764499889686,1010,842,1
1764499889686,1011,842,1
1764499889695,1013,842,1
1764499889695,1014,842,1
1764499889699,1015,842,1
1764499889699,1017,842,1
1764499889705,1018,842,1
1764499889705,1020,842,1
1764499889705,1022,842,1
1764499889715,1022,843,1
1764499889715,1023,843,1
1764499889715,1024,843,1
1764499889715,1025,843,1
1764499889727,1027,843,1
1764499889821,1028,843,1
1764499889825,1029,843,1
1764499889827,1030,843,1
1764499889827,1031,843,1
1764499889827,1032,843,1
1764499889836,1033,843,1
1764499889837,1035,843,1
1764499889837,1037,843,1
1764499889837,1039,844,1
1764499889845,1041,844,1
1764499889845,1042,844,1
1764499889845,1045,844,1
1764499889853,1047,844,1
1764499889855,1048,844,1
1764499889857,1050,844,1
1764499889857,1052,844,1
1764499889857,1056,844,1
1764499889865,1057,844,1
1764499889865,1060,844,1
1764499889869,1062,844,1
1764499889869,1065,844,1
1764499889869,1067,844,1
1764499889875,1071,844,1
1764499889875,1076,844,1
1764499889875,1080,844,1
1764499889875,1083,844,1
1764499889885,1086,844,1
1764499889885,1090,844,1
1764499889885,1094,844,1
1764499889885,1098,843,1
1764499889885,1102,842,1
1764499889895,1104,842,1
1764499889895,1109,841,1
1764499889895,1112,840,1
1764499889901,1115,840,0
1764499889901,1120,838,0
1764499889905,1124,837,0
1764499889905,1127,836,0
1764499889905,1129,834,0
1764499889905,1135,832,0
1764499889915,1138,830,0
1764499889917,1141,829,0
1764499889917,1143,828,0
1764499889917,1146,826,0
1764499889917,1148,825,0
1764499889925,1151,823,0
1764499889927,1154,820,0
1764499889927,1155,819,0
1764499889933,1157,817,0
1764499889936,1159,815,0
1764499889936,1160,814,1
1764499889936,1160,813,1
1764499889936,1163,812,1
1764499889936,1164,810,1
1764499889945,1165,808,1
1764499889945,1166,808,1
1764499889948,1167,806,1
1764499889948,1169,805,1
1764499889955,1169,804,1
1764499889955,1170,803,1
1764499889955,1171,802,1
1764499889965,1172,801,1
1764499889965,1172,800,1
1764499889975,1172,799,1
1764499889985,1173,799,1
1764499889999,1173,798,1
1764499890006,1173,797,1
1764499890135,1174,797,1
0,0,0,0
1764499911349,1174,796,1
1764499911349,1175,795,1
1764499911359,1175,793,1
1764499911359,1177,792,1
1764499911359,1178,789,1
1764499911359,1179,788,1
1764499911369,1179,787,1
1764499911369,1179,786,1
1764499911369,1180,785,1
1764499911375,1181,785,1
1764499911375,1181,784,1
1764499911379,1182,783,1
1764499911379,1182,782,1
1764499911379,1183,782,1
1764499911379,1184,780,1
1764499911379,1184,779,1
1764499911389,1185,778,1
1764499911390,1185,777,1
1764499911390,1186,775,1
1764499911390,1187,775,1
1764499911390,1187,773,1
1764499911390,1187,772,1
1764499911399,1188,770,1
1764499911399,1190,768,1
1764499911399,1191,766,1
1764499911406,1192,765,1
1764499911409,1193,763,1
1764499911410,1194,760,1
1764499911410,1196,758,1
1764499911410,1197,756,1
1764499911410,1199,753,1
1764499911419,1200,752,1
1764499911422,1201,749,1
1764499911422,1202,747,1
1764499911422,1203,745,1
1764499911429,1205,743,1
1764499911429,1206,740,1
1764499911429,1207,738,1
1764499911429,1209,736,1
1764499911429,1210,734,1
1764499911439,1211,732,1
1764499911439,1212,729,1
1764499911439,1213,727,1
1764499911439,1215,726,1
1764499911439,1216,724,1
1764499911449,1218,721,1
1764499911449,1218,719,1
1764499911449,1219,718,1
1764499911453,1221,715,1
1764499911453,1223,713,1
1764499911459,1224,710,1
1764499911459,1226,707,1
1764499911459,1227,705,1
1764499911459,1228,703,1
1764499911469,1228,702,1
1764499911469,1230,699,1
1764499911469,1232,697,1
1764499911469,1233,694,1
1764499911469,1234,693,1
1764499911479,1235,691,1
1764499911479,1236,688,1
1764499911479,1238,686,1
1764499911485,1238,684,1
1764499911486,1240,682,1
1764499911486,1241,679,1
1764499911489,1243,677,1
1764499911489,1243,675,1
1764499911489,1244,673,1
1764499911489,1245,671,1
1764499911489,1246,670,1
1764499911501,1248,667,1
1764499911501,1249,665,1
1764499911501,1250,663,1
1764499911501,1251,662,1
1764499911501,1251,659,1
1764499911510,1254,655,1
1764499911510,1255,653,1
1764499911516,1256,651,1
1764499911519,1258,650,1
1764499911519,1258,648,1
1764499911519,1259,646,1
1764499911519,1261,645,1
1764499911519,1261,642,1
1764499911529,1262,641,1
1764499911529,1263,640,1
1764499911532,1263,637,1
1764499911534,1265,636,1
1764499911536,1266,636,1
1764499911536,1266,635,1
1764499911539,1267,632,1
1764499911539,1268,632,1
1764499911539,1269,630,1
1764499911539,1270,629,1
1764499911549,1270,628,1
1764499911551,1270,626,1
1764499911551,1271,625,1
1764499911551,1272,624,1
1764499911551,1273,623,1
1764499911551,1273,622,1
1764499911559,1275,618,1
1764499911564,1276,618,1
1764499911564,1277,616,1
1764499911569,1277,615,1
1764499911569,1278,613,1
1764499911569,1279,612,1
1764499911569,1279,611,1
1764499911569,1280,609,1
1764499911579,1281,607,1
1764499911579,1281,605,1
1764499911579,1282,604,1
1764499911579,1283,604,1
1764499911589,1283,601,1
1764499911589,1283,600,1
1764499911589,1284,599,1
1764499911595,1285,597,1
1764499911595,1285,596,1
1764499911599,1286,594,1
1764499911600,1287,593,1
1764499911600,1287,592,1
1764499911600,1288,590,1
1764499911600,1289,588,1
1764499911609,1290,587,1
1764499911611,1292,583,1
1764499911611,1293,581,1
1764499911619,1293,578,1
1764499911619,1294,578,1
1764499911619,1294,576,1
1764499911619,1295,574,1
1764499911627,1296,573,1
1764499911629,1297,571,1
1764499911631,1297,570,1
1764499911631,1298,569,1
1764499911631,1298,567,1
1764499911631,1300,565,1
1764499911631,1300,564,1
1764499911639,1301,563,1
1764499911642,1301,561,1
1764499911645,1302,558,1
1764499911645,1303,557,1
1764499911649,1304,556,1
1764499911649,1305,554,1
1764499911649,1305,553,1
1764499911649,1306,552,1
1764499911659,1306,550,1
1764499911659,1308,548,1
1764499911659,1309,546,1
1764499911659,1310,544,1
1764499911669,1310,543,1
1764499911669,1311,541,1
1764499911669,1312,540,1
1764499911674,1313,539,1
1764499911676,1313,538,1
1764499911679,1314,537,1
1764499911679,1314,536,1
1764499911679,1314,534,1
1764499911679,1316,533,1
1764499911679,1317,531,1
1764499911679,1317,530,1
1764499911690,1318,529,1
1764499911690,1318,528,1
1764499911695,1320,524,1
1764499911699,1321,522,1
1764499911699,1322,520,1
1764499911706,1323,518,1
1764499911709,1323,517,1
1764499911711,1323,515,1
1764499911711,1324,513,1
1764499911711,1325,512,1
1764499911719,1326,510,1
1764499911719,1326,508,1
1764499911722,1327,507,1
1764499911722,1327,505,1
1764499911722,1327,504,1
1764499911729,1328,503,1
1764499911729,1328,501,1
1764499911729,1330,498,1
1764499911729,1330,496,1
1764499911739,1330,495,1
1764499911741,1331,493,1
1764499911742,1331,491,1
1764499911742,1331,490,1
1764499911742,1331,488,1
1764499911749,1332,486,1
1764499911749,1332,485,1
1764499911749,1333,483,1
1764499911753,1333,482,1
1764499911753,1333,480,1
1764499911753,1333,478,1
1764499911759,1333,474,1
1764499911759,1333,472,1
1764499911769,1333,469,1
1764499911769,1333,467,1
1764499911769,1333,464,1
1764499911769,1333,463,1
1764499911779,1333,461,1
1764499911779,1333,460,1
1764499911779,1333,458,1
1764499911785,1333,456,1
1764499911785,1333,455,1
1764499911789,1333,453,1
1764499911789,1333,452,1
1764499911789,1333,451,1
1764499911789,1333,449,1
1764499911789,1333,448,1
1764499911789,1333,446,1
1764499911801,1333,445,1
1764499911801,1333,444,1
1764499911804,1333,442,1
1764499911804,1333,441,1
1764499911809,1333,440,1
1764499911811,1333,437,1
1764499911811,1333,436,1
1764499911818,1333,435,1
1764499911818,1333,433,1
1764499911819,1333,432,1
1764499911819,1333,431,1
1764499911819,1333,429,1
1764499911819,1333,428,1
1764499911829,1333,426,1
1764499911829,1333,425,1
1764499911832,1333,424,1
1764499911832,1333,422,1
1764499911832,1333,421,1
1764499911839,1333,419,1
1764499911839,1333,418,1
1764499911839,1333,417,1
1764499911839,1333,415,1
1764499911839,1333,414,1
1764499911849,1333,412,0
1764499911851,1333,411,0
1764499911854,1332,409,1
1764499911854,1332,406,0
1764499911859,1332,404,0
1764499911859,1331,402,0
1764499911864,1331,401,0
1764499911864,1331,400,0
1764499911864,1331,399,0
1764499911869,1330,397,0
1764499911869,1330,396,0
1764499911869,1330,394,0
1764499911869,1330,392,0
1764499911880,1330,389,0
1764499911882,1330,388,0
1764499911882,1330,387,0
1764499911882,1330,384,0
1764499911889,1330,382,0
1764499911889,1330,381,0
1764499911895,1330,380,0
1764499911895,1330,378,0
1764499911899,1330,377,0
1764499911899,1330,376,0
1764499911899,1330,373,0
1764499911899,1329,373,0
1764499911899,1329,371,0
1764499911899,1329,370,0
1764499911911,1328,366,0
1764499911911,1328,365,0
1764499911911,1327,364,0
1764499911911,1327,363,0
1764499911919,1327,361,0
1764499911919,1327,359,0
1764499911919,1327,358,0
1764499911929,1326,356,0
1764499911929,1326,355,0
1764499911929,1326,353,0
1764499911929,1325,352,0
1764499911929,1325,351,0
1764499911929,1325,350,0
1764499911939,1324,348,0
1764499911943,1324,347,0
1764499911943,1323,346,0
1764499911943,1323,345,0
1764499911949,1322,345,0
1764499911949,1322,343,0
1764499911949,1321,342,0
1764499911949,1321,341,0
1764499911949,1320,339,0
1764499911959,1319,339,0
1764499911959,1318,335,0
1764499911959,1318,334,0
1764499911959,1317,332,0
1764499911969,1316,331,0
1764499911969,1316,330,0
1764499911975,1316,328,0
1764499911979,1315,325,0
1764499911979,1314,323,0
1764499911979,1314,321,0
1764499911979,1313,319,0
1764499911989,1312,318,0
1764499911991,1311,315,0
1764499911991,1311,314,0
1764499911991,1310,312,0
1764499911991,1310,310,0
1764499911999,1309,309,0
1764499911999,1308,308,0
1764499911999,1307,306,0
1764499911999,1307,305,0
1764499912007,1306,302,0
1764499912009,1304,300,0
1764499912011,1303,297,0
1764499912011,1302,296,0
1764499912011,1302,294,0
1764499912019,1300,292,0
1764499912019,1300,291,0
1764499912023,1299,289,0
1764499912023,1299,288,0
1764499912023,1297,286,0
1764499912029,1296,284,0
1764499912029,1295,283,0
1764499912029,1295,282,0
1764499912029,1294,279,0
1764499912029,1293,278,0
1764499912039,1291,277,0
1764499912039,1291,276,0
1764499912039,1290,273,0
1764499912039,1289,272,0
1764499912039,1289,270,0
1764499912049,1287,269,0
1764499912049,1286,268,0
1764499912049,1286,266,0
1764499912055,1285,263,0
1764499912056,1284,262,0
1764499912059,1282,262,0
1764499912059,1281,257,0
1764499912059,1280,256,0
1764499912059,1278,255,0
1764499912069,1277,253,0
1764499912071,1277,252,0
1764499912071,1276,251,0
1764499912071,1274,250,0
1764499912079,1272,247,0
1764499912079,1272,246,0
1764499912079,1270,245,0
1764499912079,1270,243,0
1764499912086,1268,243,0
1764499912089,1267,241,0
1764499912089,1266,240,0
1764499912089,1265,239,0
1764499912089,1264,239,0
1764499912089,1263,237,0
1764499912099,1262,236,0
1764499912099,1261,236,0
1764499912102,1260,234,0
1764499912105,1259,233,0
1764499912105,1257,232,0
1764499912111,1256,231,0
1764499912111,1254,229,0
1764499912111,1252,228,0
1764499912119,1251,227,0
1764499912120,1251,226,0
1764499912120,1249,226,0
1764499912120,1247,225,0
1764499912129,1245,224,0
1764499912129,1244,223,0
1764499912134,1241,222,0
1764499912139,1240,221,0
1764499912139,1238,220,0
1764499912139,1237,220,0
1764499912139,1235,219,0
1764499912149,1234,218,0
1764499912150,1233,218,0
1764499912150,1232,217,0
1764499912150,1231,216,1
1764499912150,1230,216,1
1764499912159,1228,216,1
1764499912159,1226,215,1
1764499912159,1224,214,1
1764499912169,1222,213,1
1764499912169,1221,213,1
1764499912169,1220,213,1
1764499912169,1218,212,1
1764499912179,1215,210,1
1764499912181,1214,209,1
1764499912181,1213,209,1
1764499912184,1211,209,1
1764499912186,1210,209,1
1764499912189,1208,208,1
1764499912189,1207,206,1
1764499912189,1205,206,1
1764499912189,1204,205,1
1764499912197,1202,204,1
1764499912199,1201,204,1
1764499912199,1200,204,1
1764499912199,1197,203,1
1764499912199,1195,203,1
1764499912199,1194,202,1
1764499912209,1192,201,1
1764499912211,1190,200,1
1764499912213,1189,200,1
1764499912213,1187,199,1
1764499912213,1184,198,1
1764499912219,1182,197,1
1764499912219,1181,197,1
1764499912219,1179,197,1
1764499912219,1177,196,1
1764499912244,1159,190,1
1764499912244,1156,190,1
1764499912249,1154,189,1
1764499912249,1153,189,1
1764499912249,1150,188,1
1764499912249,1148,187,1
1764499912249,1145,187,1
1764499912259,1144,186,1
1764499912260,1140,185,1
1764499912260,1139,184,1
1764499912260,1137,184,1
1764499912260,1134,184,1
1764499912269,1133,183,1
1764499912269,1131,183,1
1764499912269,1129,183,1
1764499912279,1126,181,1
1764499912279,1123,181,1
1764499912279,1122,181,1
1764499912279,1120,179,1
1764499912279,1118,179,1
1764499912289,1117,177,1
1764499912289,1115,177,1
1764499912292,1113,176,1
1764499912292,1111,176,1
1764499912296,1109,176,1
1764499912299,1107,176,1
1764499912300,1107,175,1
1764499912300,1105,174,1
1764499912300,1103,174,1
1764499912300,1102,173,1
1764499912309,1100,173,1
1764499912311,1097,171,1
1764499912311,1095,171,1
1764499912311,1092,171,1
1764499912319,1091,170,1
1764499912319,1090,169,1
1764499912319,1088,169,1
1764499912323,1087,168,1
1764499912329,1083,167,1
1764499912329,1080,167,1
1764499912329,1080,166,1
1764499912329,1078,166,1
1764499912339,1076,166,1
1764499912339,1076,165,1
1764499912339,1074,165,1
1764499912345,1073,164,1
1764499912345,1072,164,1
1764499912349,1070,164,1
1764499912349,1069,163,1
1764499912349,1068,163,1
1764499912354,1066,162,1
1764499912359,1064,161,1
1764499912359,1061,161,1
1764499912359,1059,160,1
1764499912359,1057,160,1
1764499912371,1055,159,1
1764499912373,1053,159,1
1764499912375,1051,159,0
1764499912379,1049,158,1
1764499912379,1047,158,0
1764499912379,1045,158,0
1764499912379,1044,157,0
1764499912387,1042,157,0
1764499912389,1040,156,0
1764499912389,1039,156,0
1764499912389,1037,156,0
1764499912389,1036,155,0
1764499912389,1034,155,0
1764499912399,1032,155,0
1764499912399,1031,155,0
1764499912403,1028,155,0
1764499912403,1026,155,0
1764499912403,1025,155,0
1764499912409,1023,154,0
1764499912412,1021,154,0
1764499912412,1020,154,0
1764499912412,1018,154,0
1764499912412,1016,153,0
1764499912419,1014,153,0
1764499912419,1012,153,0
1764499912419,1010,152,0
1764499912419,1008,152,0
1764499912429,1004,151,0
1764499912429,1002,151,0
1764499912429,1000,150,0
1764499912434,999,150,0
1764499912434,996,149,0
1764499912439,993,149,0
1764499912439,990,149,0
1764499912439,988,148,0
1764499912439,987,148,0
1764499912449,984,147,0
1764499912450,981,147,0
1764499912452,980,147,0
1764499912452,977,147,0
1764499912452,976,147,0
1764499912459,974,146,0
1764499912459,972,146,0
1764499912459,971,146,0
1764499912459,968,146,0
1764499912466,966,145,0
1764499912469,965,145,0
1764499912469,962,145,0
1764499912469,960,144,1
1764499912469,959,144,1
1764499912479,955,144,1
1764499912479,953,144,1
1764499912482,951,144,0
1764499912482,950,144,1
1764499912482,948,144,1
1764499912489,945,144,1
1764499912489,944,143,1
1764499912489,942,143,1
1764499912494,940,143,1
1764499912496,939,143,1
1764499912499,937,143,1
1764499912499,936,143,1
1764499912499,933,143,1
1764499912499,931,143,1
1764499912499,930,143,1
1764499912509,927,143,1
1764499912512,925,143,1
1764499912512,923,143,1
1764499912515,920,143,1
1764499912517,919,143,1
1764499912519,917,142,1
1764499912519,915,141,1
1764499912519,912,141,1
1764499912519,910,141,1
1764499912529,908,141,1
1764499912529,904,141,1
1764499912530,903,141,1
1764499912530,901,141,1
1764499912530,899,141,1
1764499912530,897,141,1
1764499912539,895,141,1
1764499912539,893,141,1
1764499912539,891,141,1
1764499912545,889,141,1
1764499912545,887,141,1
1764499912549,886,141,1
1764499912549,885,141,1
1764499912549,882,141,1
1764499912549,880,141,1
1764499912549,878,141,1
1764499912559,876,141,1
1764499912561,874,141,1
1764499912561,872,141,1
1764499912564,870,142,1
1764499912564,868,142,1
1764499912569,866,142,1
1764499912569,863,142,1
1764499912569,861,142,1
1764499912569,859,142,1
1764499912579,855,142,1
1764499912579,852,142,1
1764499912579,850,143,1
1764499912579,849,143,1
1764499912579,846,144,1
1764499912589,843,144,1
1764499912589,842,144,1
1764499912593,837,145,1
1764499912593,835,145,1
1764499912599,833,145,1
1764499912599,831,146,1
1764499912599,829,146,1
1764499912599,826,146,1
1764499912599,825,146,1
1764499912609,823,146,1
1764499912609,821,146,1
1764499912612,820,146,1
1764499912612,818,146,1
1764499912612,816,146,1
1764499912619,814,146,1
1764499912619,813,146,1
1764499912619,811,146,1
1764499912624,810,146,1
1764499912629,804,148,1
1764499912629,803,148,1
1764499912639,801,148,1
1764499912640,800,149,1
1764499912640,798,149,1
1764499912640,797,150,1
1764499912649,796,150,1
1764499912649,795,150,1
1764499912649,794,150,1
1764499912659,792,151,1
1764499912659,792,152,1
1764499912659,791,152,1
1764499912659,790,152,1
1764499912659,789,152,1
1764499912669,788,154,1
1764499912671,787,155,1
1764499912671,786,155,1
1764499912671,786,156,1
1764499912679,784,156,1
1764499912679,783,157,1
1764499912679,783,158,1
1764499912679,781,159,1
1764499912679,780,159,1
1764499912689,778,160,1
1764499912689,777,161,1
1764499912689,776,162,1
1764499912689,774,162,1
1764499912699,773,163,1
1764499912699,772,164,1
1764499912703,770,165,1
1764499912704,769,165,1
1764499912704,768,167,1
1764499912709,766,168,1
1764499912709,764,169,1
1764499912712,762,171,1
1764499912712,760,172,1
1764499912719,758,174,1
1764499912719,756,175,1
1764499912719,754,177,1
1764499912719,754,179,1
1764499912729,752,180,1
1764499912729,750,181,1
1764499912729,748,182,1
1764499912735,747,184,1
1764499912735,746,185,1
1764499912739,744,186,1
1764499912739,742,188,1
1764499912739,741,189,1
1764499912739,740,190,1
1764499912749,738,192,1
1764499912750,736,194,1
1764499912750,735,195,1
1764499912750,733,196,1
1764499912750,733,198,1
1764499912759,731,200,1
1764499912762,730,202,1
1764499912762,728,203,1
1764499912762,727,205,1
1764499912766,725,207,1
1764499912769,725,208,1
1764499912769,723,209,1
1764499912769,722,211,1
1764499912769,721,213,1
1764499912769,720,214,1
1764499912779,718,216,1
1764499912779,718,218,1
1764499912782,716,219,1
1764499912782,715,221,1
1764499912782,714,223,1
1764499912789,714,224,1
1764499912789,712,226,1
1764499912789,710,228,1
1764499912789,710,230,1
1764499912799,708,232,1
1764499912800,707,233,1
1764499912803,706,235,1
1764499912804,705,236,1
1764499912804,704,238,1
1764499912809,702,240,1
1764499912809,701,241,1
1764499912812,700,243,1
1764499912814,700,244,1
1764499912814,698,245,1
1764499912819,696,247,1
1764499912819,695,248,1
1764499912819,695,249,1
1764499912819,693,251,1
1764499912819,692,252,1
1764499912829,691,252,1
1764499912830,690,254,1
1764499912832,689,255,1
1764499912832,688,256,1
1764499912832,688,257,1
1764499912839,687,258,1
1764499912839,686,260,1
1764499912846,684,262,1
1764499912846,684,263,1
1764499912849,683,264,1
1764499912849,682,265,1
1764499912849,681,267,1
1764499912849,680,267,1
1764499912849,679,268,1
1764499912859,678,270,1
1764499912861,676,271,1
1764499912864,674,273,1
1764499912866,673,274,1
1764499912869,673,275,1
1764499912870,671,277,1
1764499912870,670,279,1
1764499912870,669,279,1
1764499912877,669,281,1
1764499912879,667,282,1
1764499912879,666,283,1
1764499912879,665,284,1
1764499912879,664,286,1
1764499912879,663,287,1
1764499912889,662,289,1
1764499912889,660,291,1
1764499912893,659,293,1
1764499912893,658,295,1
1764499912899,657,297,1
1764499912899,656,298,1
1764499912899,655,300,1
1764499912899,653,302,1
1764499912899,653,304,1
1764499912911,651,305,1
1764499912912,649,309,1
1764499912912,647,310,1
1764499912912,647,312,1
1764499912919,646,313,1
1764499912919,644,316,1
1764499912919,643,316,1
1764499912925,642,319,1
1764499912925,641,319,1
1764499912929,640,320,1
1764499912930,639,323,1
1764499912932,638,324,1
1764499912932,636,327,1
1764499912932,636,329,1
1764499912939,635,330,1
1764499912940,633,331,1
1764499912940,631,335,1
1764499912940,630,336,1
1764499912949,629,338,1
1764499912949,627,340,1
1764499912949,626,342,1
1764499912949,626,343,1
1764499912956,625,345,1
1764499912959,623,347,1
1764499912959,622,348,1
1764499912959,621,349,1
1764499912959,620,351,1
1764499912959,619,353,1
1764499912969,618,354,1
1764499912969,616,356,1
1764499912972,616,357,1
1764499912972,614,359,1
1764499912979,613,361,1
1764499912979,612,363,1
1764499912979,611,364,1
1764499912979,610,365,1
1764499912989,609,367,1
1764499912989,608,369,1
1764499912989,607,370,1
1764499912989,607,372,1
1764499912999,606,373,1
1764499912999,605,374,1
1764499913003,605,375,1
1764499913003,605,377,1
1764499913003,604,377,1
1764499913009,604,379,1
1764499913011,603,379,1
1764499913012,603,381,1
1764499913012,602,383,1
1764499913019,601,386,1
1764499913022,601,388,1
1764499913022,600,389,1
1764499913029,599,391,1
1764499913029,599,393,1
1764499913029,599,394,1
1764499913035,599,396,1
1764499913035,598,398,1
1764499913039,597,399,1
1764499913039,597,401,1
1764499913039,596,404,1
1764499913039,596,405,1
1764499913049,595,405,1
1764499913051,595,409,1
1764499913051,595,410,1
1764499913051,594,412,1
1764499913051,594,414,1
1764499913059,593,414,1
1764499913059,593,416,1
1764499913059,592,418,1
1764499913059,591,419,1
1764499913067,591,421,1
1764499913069,591,422,1
1764499913071,591,424,1
1764499913071,590,425,1
1764499913071,590,427,1
1764499913078,589,428,1
1764499913079,588,429,1
1764499913079,588,432,1
1764499913082,588,433,1
1764499913082,588,434,1
1764499913082,587,436,1
1764499913089,587,438,1
1764499913089,586,439,1
1764499913094,585,443,1
1764499913094,584,443,1
1764499913099,584,445,1
1764499913099,584,446,1
1764499913099,584,448,1
1764499913099,583,449,1
1764499913099,582,451,1
1764499913109,581,453,1
1764499913111,581,455,1
1764499913112,580,456,1
1764499913114,579,458,1
1764499913114,579,460,1
1764499913119,579,461,1
1764499913119,578,463,1
1764499913119,578,465,1
1764499913119,577,466,1
1764499913128,577,468,1
1764499913129,576,470,1
1764499913130,575,472,1
1764499913130,575,474,1
1764499913134,574,477,1
1764499913136,574,478,1
1764499913139,574,480,1
1764499913140,573,483,1
1764499913140,572,487,1
1764499913146,572,489,1
1764499913149,572,491,1
1764499913149,572,493,1
1764499913149,572,495,1
1764499913149,572,496,1
1764499913149,572,498,1
1764499913159,572,500,1
1764499913159,572,502,1
1764499913162,571,505,1
1764499913162,571,506,1
1764499913162,571,509,1
1764499913169,570,511,1
1764499913169,570,513,1
1764499913169,570,515,1
1764499913169,570,518,1
1764499913178,570,519,1
1764499913179,570,522,1
1764499913179,570,524,1
1764499913182,570,526,1
1764499913182,570,529,1
1764499913182,570,530,1
1764499913189,570,533,1
1764499913189,570,535,1
1764499913195,570,539,1
1764499913196,570,542,1
1764499913199,570,544,1
1764499913199,570,547,1
1764499913199,570,549,1
1764499913199,570,551,1
1764499913199,570,553,1
1764499913209,570,557,1
1764499913209,571,558,1
1764499913213,571,561,1
1764499913213,571,563,1
1764499913213,571,564,1
1764499913219,571,567,1
1764499913219,571,570,0
1764499913219,572,571,1
1764499913225,573,573,1
1764499913229,573,577,1
1764499913229,574,580,1
1764499913229,574,582,0
1764499913235,575,585,1
1764499913235,575,586,0
1764499913239,575,588,0
1764499913259,577,610,0
1764499913259,577,613,0
1764499913259,578,615,0
1764499913259,578,617,0
1764499913259,578,620,0
1764499913269,578,622,0
1764499913269,578,623,0
1764499913272,578,626,0
1764499913272,578,628,0
1764499913279,579,632,0
1764499913279,580,635,0
1764499913279,581,636,0
1764499913279,581,638,0
1764499913279,582,641,0
1764499913289,582,643,0
1764499913289,583,645,0
1764499913289,584,648,0
1764499913289,585,651,0
1764499913299,585,653,0
1764499913299,585,656,0
1764499913299,586,657,0
1764499913304,586,659,0
1764499913304,587,660,0
1764499913309,587,662,0
1764499913311,587,664,0
1764499913313,588,665,0
1764499913313,589,666,0
1764499913313,589,668,0
1764499913320,589,670,0
1764499913320,589,671,0
1764499913320,590,673,0
1764499913329,590,674,0
1764499913329,590,675,0
1764499913335,591,676,0
1764499913339,591,677,0
1764499913339,591,678,0
1764499913339,591,679,0
1764499913349,592,680,0
1764499913353,592,681,0
1764499913359,592,682,0
1764499913369,592,683,0
1764499913519,593,683,0
1764499913519,594,683,0
1764499913529,594,684,0
1764499913529,595,684,0
1764499913529,596,684,0
1764499913539,597,684,0
1764499913549,598,684,0
1764499913564,598,685,0
1764499913569,599,685,0
1764499913575,600,685,0
1764499913579,601,685,0
1764499913579,601,686,0
1764499913591,602,686,0
1764499915309,603,686,0
1764499915309,605,687,0
1764499915309,605,688,0
1764499915309,606,689,0
1764499915320,608,689,0
1764499915320,609,689,0
1764499915324,612,692,0
1764499915324,613,693,0
1764499915329,615,694,0
1764499915329,617,694,0
1764499915334,619,695,0
1764499915334,620,696,0
1764499915334,621,697,0
1764499915339,623,698,0
1764499915339,624,699,0
1764499915339,626,699,1
1764499915339,628,700,1
1764499915339,629,701,1
1764499915350,631,702,1
1764499915350,634,704,1
1764499915350,635,705,1
1764499915350,637,705,1
1764499915360,642,708,1
1764499915360,643,709,1
1764499915360,645,710,1
1764499915369,652,713,1
1764499915369,654,715,1
1764499915369,658,718,1
1764499915369,660,719,1
1764499915380,663,721,1
1764499915380,665,722,1
1764499915383,667,722,1
1764499915383,670,724,1
1764499915383,672,726,1
1764499915390,675,726,1
1764499915390,676,728,1
1764499915390,678,729,1
1764499915390,680,730,1
1764499915390,682,731,1
1764499915400,683,732,1
1764499915400,685,733,1
1764499915400,687,735,1
1764499915400,690,736,1
1764499915409,692,737,1
1764499915409,694,738,1
1764499915414,695,740,1
1764499915414,698,741,1
1764499915414,699,741,1
1764499915420,701,744,1
1764499915425,705,746,1
1764499915430,708,747,1
1764499915432,709,748,1
1764499915432,710,749,1
1764499915432,711,750,1
1764499915432,713,751,1
1764499915440,714,751,1
1764499915440,715,752,1
1764499915440,717,753,1
1764499915446,717,755,1
1764499915446,719,756,1
1764499915450,721,756,1
1764499915450,723,757,1
1764499915450,723,759,1
1764499915450,725,759,1
1764499915460,726,760,1
1764499915460,727,761,1
1764499915461,729,762,1
1764499915461,731,763,1
1764499915461,732,764,1
1764499915461,733,765,1
1764499915470,735,766,1
1764499915470,737,767,1
1764499915470,739,768,1
1764499915477,740,769,1
1764499915480,742,771,1
1764499915480,743,772,1
1764499915480,745,773,1
1764499915480,748,774,1
1764499915490,748,775,1
1764499915493,749,776,1
1764499915493,751,777,1
1764499915493,752,777,1
1764499915493,753,778,1
1764499915499,754,779,1
1764499915499,755,780,1
1764499915499,757,780,1
1764499915499,759,781,1
1764499915509,760,782,1
1764499915509,761,783,1
1764499915512,763,784,1
1764499915512,764,784,1
1764499915512,766,786,1
1764499915520,767,786,1
1764499915520,768,788,1
1764499915525,771,788,1
1764499915525,772,788,1
1764499915529,773,790,1
1764499915529,775,791,1
1764499915529,777,792,1
1764499915529,779,793,1
1764499915539,780,794,1
1764499915539,782,795,1
1764499915539,783,796,1
1764499915550,784,796,1
1764499915550,785,797,1
1764499915550,786,798,1
1764499915555,787,798,1
1764499915555,788,798,1
1764499915560,789,800,1
1764499915560,790,800,1
1764499915560,791,801,1
1764499915560,792,801,1
1764499915570,794,802,1
1764499915571,794,803,1
1764499915571,796,804,1
1764499915571,797,804,1
1764499915579,797,805,1
1764499915579,798,805,1
1764499915579,799,805,1
1764499915579,800,806,1
1764499915587,801,806,1
1764499915590,802,807,1
1764499915590,803,807,1
1764499915590,804,807,1
1764499915590,805,808,1
1764499915590,806,809,1
1764499915599,808,809,1
1764499915599,808,810,1
1764499915605,809,810,1
1764499915606,811,810,1
1764499915609,812,810,1
1764499915609,813,811,1
1764499915609,815,812,1
1764499915609,816,813,1
1764499915609,818,813,1
1764499915609,819,813,1
1764499915620,820,814,1
1764499915620,822,815,1
1764499915625,824,816,1
1764499915625,825,817,1
1764499915629,826,817,1
1764499915629,828,817,1
1764499915634,830,817,1
1764499915634,831,819,1
1764499915634,832,819,1
1764499915639,834,819,1
1764499915639,835,820,1
1764499915639,837,821,1
1764499915639,838,822,1
1764499915639,840,822,1
1764499915650,841,822,1
1764499915650,842,822,1
1764499915650,844,823,1
1764499915650,846,824,1
1764499915650,847,824,1
1764499915660,848,825,1
1764499915660,850,825,1
1764499915660,851,826,1
1764499915666,853,826,1
1764499915666,854,826,1
1764499915669,855,826,1
1764499915669,856,827,1
1764499915669,859,828,1
1764499915669,861,829,1
1764499915679,863,829,1
1764499915681,864,829,1
1764499915681,866,829,1
1764499915681,867,830,1
1764499915681,869,830,1
1764499915692,872,832,1
1764499915692,874,832,1
1764499915695,876,832,1
1764499915697,877,833,1
1764499915700,879,834,1
1764499915702,881,834,1
1764499915702,882,835,1
1764499915706,885,835,1
1764499915710,888,835,1
1764499915710,890,836,1
1764499915715,892,836,1
1764499915715,894,837,1
1764499915715,896,837,1
1764499915720,898,838,1
1764499915720,900,838,1
1764499915725,905,839,1
1764499915725,906,840,1
1764499915730,909,841,1
1764499915730,911,841,1
1764499915730,913,841,1
1764499915730,915,842,1
1764499915730,918,842,1
1764499915740,919,842,1
1764499915740,921,842,1
1764499915745,924,842,1
1764499915745,925,842,1
1764499915745,928,842,1
1764499915749,930,842,1
1764499915749,932,842,1
1764499915749,934,842,1
1764499915749,937,842,1
1764499915759,939,842,1
1764499915760,941,842,1
1764499915760,943,842,1
1764499915760,946,843,1
1764499915760,948,843,1
1764499915760,951,844,1
1764499915769,953,844,1
1764499915769,956,844,1
1764499915776,961,844,1
1764499915776,964,844,1
1764499915779,966,844,1
1764499915779,968,844,1
1764499915779,971,844,1
1764499915779,974,844,1
1764499915779,976,844,1
1764499915789,979,844,1
1764499915792,982,844,1
1764499915795,984,844,1
1764499915795,986,844,1
1764499915795,990,844,1
1764499915799,991,845,1
1764499915799,993,846,1
1764499915799,997,846,1
1764499915799,999,846,1
1764499915808,1001,846,1
1764499915810,1004,846,1
1764499915810,1006,846,1
1764499915810,1008,846,1
1764499915810,1011,846,1
1764499915810,1012,846,1
1764499915819,1014,846,1
1764499915819,1016,846,1
1764499915825,1021,846,1
1764499915825,1023,846,1
1764499915829,1025,846,1
1764499915829,1027,846,1
1764499915829,1028,846,1
1764499915829,1031,846,1
1764499915829,1032,846,1
1764499915839,1034,846,1
1764499915839,1036,846,1
1764499915839,1037,846,1
1764499915839,1039,846,1
1764499915839,1040,846,1
1764499915849,1041,846,1
1764499915849,1044,846,1
1764499915855,1045,846,1
1764499915855,1047,846,1
1764499915860,1049,846,1
1764499915864,1050,846,1
1764499915864,1051,846,1
1764499915871,1053,846,1
1764499915871,1054,846,1
1764499915871,1055,845,1
1764499915878,1056,845,1
1764499915879,1057,845,1
1764499915879,1058,845,1
1764499915879,1059,845,1
1764499915887,1061,844,1
1764499915890,1062,844,1
1764499915890,1063,844,1
1764499915890,1064,843,1
1764499915899,1065,843,1
1764499915899,1066,843,1
1764499915903,1067,842,1
1764499915910,1068,842,1
1764499915910,1069,842,1
1764499915910,1070,841,1
1764499915919,1072,840,1
1764499915925,1075,840,1
1764499915929,1076,840,1
1764499915929,1077,839,1
1764499915934,1077,838,1
1764499915934,1079,837,1
1764499915934,1080,837,1
1764499915942,1082,837,1
1764499915942,1084,836,1
1764499915942,1085,835,1
1764499915950,1087,835,1
1764499915952,1088,834,1
1764499915952,1089,834,1
1764499915952,1090,834,1
1764499915952,1091,833,1
1764499915959,1092,832,1
1764499915959,1094,832,1
1764499915959,1095,831,1
1764499915966,1097,831,1
1764499915966,1097,830,1
1764499915969,1098,829,1
1764499915969,1101,829,1
1764499915969,1103,828,1
1764499915969,1105,827,1
1764499915979,1106,826,1
1764499915982,1107,825,1
1764499915982,1109,824,1
1764499915982,1110,824,1
1764499915982,1112,823,1
1764499915989,1115,822,1
1764499915989,1117,821,1
1764499915989,1119,820,1
1764499915999,1119,819,1
1764499916000,1121,819,1
1764499916002,1123,818,1
1764499916002,1124,817,1
1764499916002,1126,816,1
1764499916009,1128,815,1
1764499916010,1129,815,1
1764499916010,1130,814,1
1764499916014,1132,813,1
1764499916014,1133,812,1
1764499916014,1134,812,1
1764499916019,1136,810,1
1764499916019,1137,810,1
1764499916025,1138,810,1
1764499916025,1140,809,1
1764499916025,1140,808,1
1764499916029,1142,808,1
1764499916029,1144,806,1
1764499916029,1146,805,1
1764499916029,1148,803,1
1764499916042,1150,802,1
1764499916042,1152,801,1
1764499916046,1152,800,1
1764499916046,1154,799,1
1764499916049,1155,798,1
1764499916049,1157,796,1
1764499916049,1158,795,1
1764499916049,1159,794,1
1764499916049,1161,793,1
1764499916059,1162,792,1
1764499916061,1163,790,1
1764499916064,1165,790,1
1764499916064,1167,789,1
1764499916064,1168,788,1
1764499916069,1169,786,1
1764499916069,1171,786,1
1764499916069,1173,784,1
1764499916069,1173,783,1
1764499916078,1175,783,1
1764499916080,1177,781,1
1764499916080,1177,780,1
1764499916080,1179,778,1
1764499916080,1180,778,1
1764499916080,1181,776,1
1764499916093,1184,775,1
1764499916093,1184,774,1
1764499916093,1186,774,1
1764499916093,1187,772,1
1764499916099,1187,771,1
1764499916099,1189,771,1
1764499916099,1190,770,1
1764499916099,1190,769,1
1764499916108,1191,768,1
1764499916109,1193,767,1
1764499916114,1194,765,1
1764499916114,1195,764,1
1764499916114,1196,764,1
1764499916119,1196,763,1
1764499916119,1197,762,1
1764499916125,1198,761,1
1764499916125,1199,761,1
1764499916125,1199,759,1
1764499916129,1200,757,1
1764499916129,1201,755,1
1764499916129,1202,753,1
1764499916139,1204,750,1
1764499916139,1204,749,1
1764499916139,1205,747,1
1764499916139,1206,747,1
1764499916149,1206,745,1
1764499916149,1207,744,1
1764499916149,1208,742,1
1764499916155,1208,741,1
1764499916157,1209,740,1
1764499916160,1210,737,1
1764499916160,1211,737,1
1764499916160,1211,736,1
1764499916160,1211,734,1
1764499916160,1213,732,1
1764499916169,1214,730,1
1764499916172,1215,729,1
1764499916172,1215,728,1
1764499916172,1217,726,1
1764499916172,1217,725,1
1764499916179,1218,722,1
1764499916179,1219,720,1
1764499916179,1220,720,1
1764499916187,1221,718,1
1764499916192,1222,716,1
1764499916192,1223,715,1
1764499916192,1224,713,1
1764499916199,1225,711,1
1764499916203,1225,709,1
1764499916205,1226,709,1
1764499916206,1227,707,1
1764499916206,1228,705,1
1764499916210,1229,704,1
1764499916210,1229,703,1
1764499916210,1229,702,1
1764499916210,1230,701,1
1764499916218,1231,698,1
1764499916219,1232,696,1
1764499916225,1232,694,1
1764499916225,1233,693,1
1764499916225,1234,691,1
1764499916229,1235,689,1
1764499916229,1236,688,1
1764499916235,1237,686,1
1764499916236,1237,684,1
1764499916236,1238,683,1
1764499916239,1239,679,1
1764499916239,1239,676,1
1764499916239,1240,676,1
1764499916239,1241,673,1
1764499916249,1242,672,1
1764499916249,1242,670,1
1764499916249,1243,667,1
1764499916249,1243,666,1
1764499916249,1243,664,0
1764499916260,1244,661,0
1764499916260,1245,660,0
1764499916260,1246,658,0
1764499916281,1254,638,0
1764499916281,1255,637,0
1764499916293,1256,634,0
1764499916293,1257,633,0
1764499916296,1258,631,0
1764499916297,1259,630,0
1764499916299,1259,629,0
1764499916299,1260,627,0
1764499916299,1261,625,0
1764499916299,1262,625,0
1764499916299,1263,623,0
1764499916309,1263,621,0
1764499916313,1265,619,0
1764499916313,1266,618,0
1764499916321,1267,615,0
1764499916321,1268,615,1
1764499916325,1268,613,0
1764499916325,1270,612,1
1764499916325,1270,611,1
1764499916330,1271,610,1
1764499916330,1272,608,1
1764499916330,1273,606,1
1764499916330,1274,604,1
1764499916339,1275,602,1
1764499916339,1275,601,1
1764499916346,1276,599,1
1764499916346,1277,598,1
1764499916350,1278,596,1
1764499916350,1279,595,1
1764499916350,1280,593,1
1764499916350,1281,591,1
1764499916362,1283,590,1
1764499916362,1283,589,1
1764499916366,1283,588,1
1764499916367,1283,587,1
1764499916369,1284,587,1
1764499916369,1285,586,1
1764499916369,1286,585,1
1764499916369,1286,584,1
1764499916377,1288,583,1
1764499916379,1288,582,1
1764499916379,1289,581,1
1764499916379,1290,581,1
1764499916379,1290,580,1
1764499916379,1292,579,1
1764499916389,1293,577,1
1764499916393,1294,576,1
1764499916393,1295,575,1
1764499916393,1296,575,1
1764499916399,1296,574,1
1764499916399,1297,573,1
1764499916399,1297,572,1
1764499916399,1298,571,1
1764499916399,1298,570,1
1764499916409,1299,569,1
1764499916409,1299,568,1
1764499916409,1300,567,1
1764499916409,1301,566,1
1764499916419,1301,565,1
1764499916419,1301,563,1
1764499916425,1303,563,1
1764499916425,1303,562,1
1764499916428,1304,561,1
1764499916430,1304,560,1
1764499916432,1305,559,1
1764499916432,1305,558,1
1764499916432,1305,557,1
1764499916432,1306,555,1
1764499916441,1308,553,1
1764499916441,1308,551,1
1764499916441,1309,549,1
1764499916441,1309,548,1
1764499916450,1309,546,1
1764499916450,1310,544,1
1764499916450,1310,543,1
1764499916457,1311,541,1
1764499916457,1311,539,1
1764499916460,1312,538,1
1764499916460,1312,537,1
1764499916460,1313,535,1
1764499916460,1313,534,1
1764499916460,1314,532,1
1764499916470,1314,531,1
1764499916473,1315,530,1
1764499916475,1315,529,1
1764499916475,1315,526,1
1764499916475,1316,524,1
1764499916479,1316,523,1
1764499916479,1317,521,1
1764499916479,1318,519,1
1764499916479,1318,518,1
1764499916489,1318,517,1
1764499916489,1319,514,1
1764499916489,1319,511,1
1764499916489,1320,511,1
1764499916489,1321,509,1
1764499916500,1321,506,1
1764499916504,1322,504,1
1764499916504,1322,502,1
1764499916509,1323,501,1
1764499916510,1323,499,1
1764499916510,1323,497,1
1764499916510,1323,496,1
1764499916510,1324,494,1
1764499916510,1325,492,1
1764499916521,1325,491,1
1764499916523,1326,488,1
1764499916525,1326,487,1
1764499916525,1326,486,1
1764499916525,1327,484,1
1764499916530,1327,483,1
1764499916530,1327,481,1
1764499916530,1328,478,1
1764499916535,1328,476,1
1764499916535,1328,474,1
1764499916540,1328,473,1
1764499916540,1328,472,1
1764499916540,1328,469,1
1764499916540,1328,467,1
1764499916540,1328,466,1
1764499916549,1328,464,1
1764499916551,1329,461,1
1764499916551,1329,460,1
1764499916551,1329,458,1
1764499916551,1330,457,1
1764499916559,1330,454,1
1764499916559,1330,452,1
1764499916559,1330,451,1
1764499916559,1330,449,1
1764499916568,1330,447,1
1764499916570,1330,445,1
1764499916570,1330,443,1
1764499916570,1331,443,1
1764499916570,1331,440,1
1764499916570,1331,439,1
1764499916580,1331,437,1
1764499916580,1331,435,1
1764499916583,1331,434,1
1764499916583,1331,432,1
1764499916583,1331,431,1
1764499916590,1331,426,1
1764499916590,1331,424,1
1764499916590,1331,423,1
1764499916590,1331,421,1
1764499916600,1331,418,1
1764499916600,1331,416,1
1764499916600,1331,413,1
1764499916609,1331,411,1
1764499916609,1331,410,1
1764499916609,1331,408,1
1764499916617,1331,406,1
1764499916617,1331,405,1
1764499916619,1331,404,1
1764499916619,1331,403,1
1764499916626,1331,401,0
1764499916626,1331,399,0
1764499916626,1331,398,0
1764499916629,1331,397,0
1764499916632,1331,395,0
1764499916632,1331,394,0
1764499916632,1331,393,0
1764499916632,1331,391,0
1764499916639,1331,388,0
1764499916639,1331,386,0
1764499916639,1331,385,0
1764499916647,1331,384,0
1764499916650,1331,382,0
1764499916650,1331,381,0
1764499916650,1331,379,0
1764499916659,1331,376,0
1764499916659,1331,374,0
1764499916663,1331,373,0
1764499916663,1331,372,0
1764499916663,1331,370,0
1764499916663,1331,369,0
1764499916669,1331,367,0
1764499916669,1330,365,0
1764499916669,1330,364,0
1764499916669,1330,362,0
1764499916679,1330,361,0
1764499916679,1329,360,0
1764499916679,1329,358,0
1764499916679,1329,357,0
1764499916686,1329,355,0
1764499916688,1328,353,0
1764499916692,1327,350,0
1764499916696,1326,348,0
1764499916696,1325,346,0
1764499916700,1325,344,0
1764499916700,1324,341,0
1764499916700,1323,339,0
1764499916709,1322,337,0
1764499916713,1321,337,0
1764499916713,1321,335,0
1764499916713,1320,333,0
1764499916713,1319,332,0
1764499916719,1318,330,0
1764499916719,1317,329,0
1764499916726,1317,328,0
1764499916726,1315,326,0
1764499916726,1315,325,0
1764499916729,1314,324,0
1764499916729,1313,322,0
1764499916729,1313,320,0
1764499916729,1312,320,0
1764499916729,1311,318,0
1764499916741,1309,316,0
1764499916741,1308,314,0
1764499916741,1308,313,0
1764499916741,1307,312,0
1764499916750,1305,311,0
1764499916750,1304,308,0
1764499916750,1304,307,0
1764499916757,1302,304,0
1764499916759,1300,302,0
1764499916759,1299,301,0
1764499916759,1299,299,0
1764499916759,1297,297,0
1764499916759,1296,295,0
1764499916770,1294,294,0
1764499916773,1292,292,0
1764499916775,1291,290,0
1764499916775,1290,288,0
1764499916775,1289,287,0
1764499916779,1287,285,0
1764499916779,1285,284,0
1764499916779,1285,282,0
1764499916779,1283,281,0
1764499916788,1281,280,0
1764499916791,1278,276,1
1764499916791,1277,275,1
1764499916791,1276,274,1
1764499916791,1274,272,1
1764499916799,1273,271,1
1764499916799,1273,270,1
1764499916804,1272,268,1
1764499916808,1268,265,1
1764499916810,1267,264,1
1764499916810,1267,263,1
1764499916810,1265,262,1
1764499916810,1264,260,1
1764499916810,1263,260,1
1764499916820,1261,259,1
1764499916823,1260,257,1
1764499916823,1258,256,1
1764499916826,1257,255,1
1764499916826,1256,254,1
1764499916830,1254,253,1
1764499916830,1252,252,1
1764499916830,1251,250,1
1764499916835,1250,249,1
1764499916835,1248,248,1
1764499916842,1246,248,1
1764499916842,1245,247,1
1764499916842,1243,246,1
1764499916842,1242,244,1
1764499916842,1240,242,1
1764499916849,1239,242,1
1764499916851,1237,241,1
1764499916851,1235,240,1
1764499916851,1233,238,1
1764499916860,1230,237,1
1764499916860,1227,235,1
1764499916860,1225,234,1
1764499916867,1225,233,1
1764499916870,1223,233,1
1764499916870,1221,232,1
1764499916875,1220,232,1
1764499916875,1218,229,1
1764499916875,1217,229,1
1764499916879,1215,227,1
1764499916883,1213,227,1
1764499916883,1211,225,1
1764499916886,1210,224,1
1764499916886,1208,223,1
1764499916889,1206,223,1
1764499916889,1204,221,1
1764499916889,1203,220,1
1764499916889,1201,218,1
1764499916898,1200,218,1
1764499916900,1198,217,1
1764499916902,1196,216,1
1764499916902,1195,215,1
1764499916902,1192,213,1
1764499916910,1190,212,1
1764499916910,1189,212,1
1764499916914,1188,211,1
1764499916914,1186,210,1
1764499916914,1185,209,1
1764499916920,1183,209,1
1764499916920,1183,208,1
1764499916920,1182,207,1
1764499916926,1180,206,1
1764499916926,1179,206,1
1764499916930,1178,206,1
1764499916930,1176,205,1
1764499916930,1176,204,1
1764499916930,1174,203,1
1764499916930,1173,203,1
1764499916939,1172,202,1
1764499916939,1170,202,1
1764499916939,1170,201,1
1764499916946,1169,200,1
1764499916946,1167,200,1
1764499916949,1165,199,1
1764499916949,1164,199,1
1764499916949,1163,197,1
1764499916949,1159,196,1
1764499916959,1159,195,1
1764499916961,1157,195,1
1764499916961,1156,194,1
1764499916961,1154,194,1
1764499916961,1153,192,1
1764499916969,1152,191,1
1764499916969,1150,191,1
1764499916969,1149,191,1
1764499916969,1148,190,1
1764499916977,1146,189,1
1764499916980,1145,189,1
1764499916980,1144,187,1
1764499916980,1141,187,1
1764499916980,1140,187,1
1764499916980,1140,186,1
1764499916990,1137,185,1
1764499916993,1135,185,1
1764499916996,1133,184,1
1764499916996,1133,183,1
1764499917000,1131,182,1
1764499917000,1129,182,1
1764499917010,1125,180,1
1764499917010,1124,180,1
1764499917010,1123,179,1
1764499917010,1122,179,1
1764499917010,1120,177,1
1764499917010,1118,177,1
1764499917019,1117,177,1
1764499917019,1116,177,1
1764499917024,1114,176,1
1764499917026,1113,175,1
1764499917028,1111,175,1
1764499917030,1109,173,1
1764499917032,1108,173,1
1764499917032,1107,173,1
1764499917032,1105,172,1
1764499917032,1104,171,1
1764499917040,1102,171,1
1764499917040,1100,171,1
1764499917040,1098,170,1
1764499917040,1097,169,1
1764499917040,1095,168,1
1764499917049,1093,167,1
1764499917049,1092,166,1
1764499917049,1091,166,1
1764499917056,1088,165,1
1764499917060,1085,164,1
1764499917060,1084,164,1
1764499917060,1083,163,1
1764499917060,1082,163,1
1764499917060,1080,162,1
1764499917069,1079,161,1
1764499917072,1078,161,1
1764499917074,1076,160,1
1764499917074,1075,160,1
1764499917074,1074,159,1
1764499917079,1072,159,1
1764499917079,1070,159,1
1764499917079,1070,158,1
1764499917079,1068,157,1
1764499917088,1066,157,1
1764499917089,1064,156,1
1764499917089,1062,155,1
1764499917089,1060,155,1
1764499917099,1059,155,1
1764499917099,1058,154,1
1764499917104,1056,154,1
1764499917104,1056,153,1
1764499917104,1054,153,1
1764499917109,1053,153,1
1764499917109,1052,153,1
1764499917109,1050,152,1
1764499917109,1049,152,1
1764499917109,1048,152,1
1764499917119,1047,151,1
1764499917122,1047,150,1
1764499917122,1046,150,1
1764499917126,1044,150,1
1764499917126,1043,149,1
1764499917129,1041,149,1
1764499917129,1039,148,1
1764499917129,1038,148,1
1764499917137,1037,148,1
1764499917137,1036,147,1
1764499917140,1034,147,1
1764499917140,1032,146,1
1764499917140,1029,145,1
1764499917140,1027,145,1
1764499917149,1024,144,1
1764499917152,1023,144,1
1764499917152,1022,144,1
1764499917152,1020,143,1
1764499917152,1018,143,1
1764499917159,1016,142,1
1764499917161,1014,142,1
1764499917163,1012,141,1
1764499917166,1010,141,1
1764499917167,1008,141,1
1764499917170,1006,140,1
1764499917170,1004,140,1
1764499917170,1003,140,1
1764499917170,1001,140,1
1764499917170,1000,139,1
1764499917180,997,139,1
1764499917180,995,139,1
1764499917185,994,139,1
1764499917186,992,139,1
1764499917186,989,139,1
1764499917190,988,138,1
1764499917190,986,138,1
1764499917190,984,137,1
1764499917190,983,137,1
1764499917199,981,137,1
1764499917200,979,136,1
1764499917200,977,136,1
1764499917200,975,136,1
1764499917200,972,136,1
1764499917200,970,136,1
1764499917209,969,135,1
1764499917209,968,135,1
1764499917214,966,135,1
1764499917214,963,135,1
1764499917214,962,135,1
1764499917219,959,135,1
1764499917219,956,134,1
1764499917226,954,134,1
1764499917226,951,134,1
1764499917230,950,134,1
1764499917230,948,134,1
1764499917230,946,134,1
1764499917230,945,134,1
1764499917230,942,133,1
1764499917240,941,133,1
1764499917240,939,133,1
1764499917240,937,133,1
1764499917246,936,133,1
1764499917246,934,132,1
1764499917249,932,132,1
1764499917249,931,132,1
1764499917249,929,132,1
1764499917249,928,132,1
1764499917249,926,132,1
1764499917260,923,132,1
1764499917262,922,131,1
1764499917262,919,131,1
1764499917262,917,131,1
1764499917262,916,131,1
1764499917269,913,131,1
1764499917269,912,131,1
1764499917269,910,131,1
1764499917269,907,131,1
1764499917289,892,131,1
1764499917289,891,131,1
1764499917289,888,131,1
1764499917293,885,131,1
1764499917293,884,131,1
1764499917293,881,131,1
1764499917300,878,131,1
1764499917300,877,131,1
1764499917300,874,131,1
1764499917300,871,131,1
1764499917300,870,131,1
1764499917310,867,131,1
1764499917310,866,131,1
1764499917310,863,131,1
1764499917310,861,131,1
1764499917310,859,131,1
1764499917320,857,131,1
1764499917320,854,131,1
1764499917320,853,131,1
1764499917327,850,131,1
1764499917327,847,131,1
1764499917330,846,131,1
1764499917330,843,131,1
1764499917330,842,131,1
1764499917330,839,131,1
1764499917330,836,131,1
1764499917340,834,131,1
1764499917343,832,132,1
1764499917343,829,132,1
1764499917343,826,132,1
1764499917343,825,133,1
1764499917350,822,133,1
1764499917350,819,133,1
1764499917350,817,134,1
1764499917350,814,134,1
1764499917358,812,135,1
1764499917360,810,135,1
1764499917360,807,136,1
1764499917360,804,136,1
1764499917360,802,137,1
1764499917360,800,137,1
1764499917370,797,138,1
1764499917374,793,139,1
1764499917374,791,140,1
1764499917374,788,141,1
1764499917380,787,141,1
1764499917380,784,142,1
1764499917380,781,142,1
1764499917380,780,142,1
1764499917380,777,143,1
1764499917390,775,144,1
1764499917390,772,144,1
1764499917390,770,145,1
1764499917390,768,146,1
1764499917390,765,147,1
1764499917400,763,147,1
1764499917400,761,148,1
1764499917400,758,149,1
1764499917405,755,150,1
1764499917405,754,150,0
1764499917410,752,152,1
1764499917410,749,152,0
1764499917410,747,153,0
1764499917410,746,155,0
1764499917410,744,155,0
1764499917420,741,156,0
1764499917421,739,158,0
1764499917421,737,158,0
1764499917426,734,159,0
1764499917426,732,160,0
1764499917430,731,160,0
1764499917430,728,161,0
1764499917430,726,162,0
1764499917430,724,163,0
1764499917438,722,164,0
1764499917440,719,165,0
1764499917440,716,166,0
1764499917440,715,168,0
1764499917440,713,168,0
1764499917440,711,168,0
1764499917450,708,170,0
1764499917453,707,170,0
1764499917453,705,172,0
1764499917453,703,173,0
1764499917453,702,175,0
1764499917460,699,175,0
1764499917460,697,176,0
1764499917460,695,177,0
1764499917460,694,178,0
1764499917469,692,179,0
1764499917471,689,180,0
1764499917472,689,181,0
1764499917472,687,181,0
1764499917472,685,182,0
1764499917472,683,183,0
1764499917479,681,183,0
1764499917479,679,185,0
1764499917484,677,186,0
1764499917484,676,187,0
1764499917484,675,187,0
1764499917489,673,189,0
1764499917489,672,189,0
1764499917489,670,191,0
1764499917489,669,192,0
1764499917489,667,192,0
1764499917500,666,193,0
1764499917502,665,195,0
1764499917502,664,195,0
1764499917502,662,196,0
1764499917502,661,198,0
1764499917510,660,199,0
1764499917510,659,200,0
1764499917510,657,201,0
1764499917516,656,202,0
1764499917518,655,204,0
1764499917520,654,204,0
1764499917522,653,206,0
1764499917522,652,207,0
1764499917526,651,208,0
1764499917526,649,210,0
1764499917532,648,212,0
1764499917532,647,213,0
1764499917532,646,215,0
1764499917532,645,216,0
1764499917539,645,218,0
1764499917539,643,219,0
1764499917539,643,221,0
1764499917539,642,222,0
1764499917548,640,224,0
1764499917550,639,227,0
1764499917550,639,229,0
1764499917550,638,231,0
1764499917550,638,232,0
1764499917560,637,234,0
1764499917560,636,236,0
1764499917564,635,237,0
1764499917567,635,239,0
1764499917567,634,240,0
1764499917570,633,244,0
1764499917570,632,245,0
1764499917570,631,246,0
1764499917580,631,247,0
1764499917582,631,249,0
1764499917582,630,251,0
1764499917582,630,252,0
1764499917582,629,253,0
1764499917589,629,254,0
1764499917589,629,255,0
1764499917596,629,256,0
1764499917596,628,258,0
1764499917600,627,259,0
1764499917600,627,260,0
1764499917600,627,261,0
1764499917600,627,262,0
1764499917610,627,263,0
1764499917611,626,263,0
1764499917611,626,265,0
1764499917611,626,266,0
1764499917619,626,267,0
1764499917619,626,268,0
1764499917619,626,269,0
1764499917628,626,270,0
1764499917630,626,271,0
1764499917634,625,272,0
1764499917634,625,273,0
1764499917640,625,274,1
1764499917650,625,275,1
1764499917650,625,276,1
1764499919791,625,278,1
1764499919791,625,279,1
1764499919791,625,281,1
1764499919791,625,282,1
1764499919800,625,283,1
1764499919800,625,284,1
1764499919800,625,285,1
1764499919807,624,286,1
1764499919807,624,287,1
1764499919810,624,289,1
1764499919810,624,290,1
1764499919810,624,291,1
1764499919810,624,293,1
1764499919823,624,295,1
1764499919825,624,297,1
1764499919826,624,298,1
1764499919826,624,300,1
1764499919830,624,301,1
1764499919830,623,302,1
1764499919830,623,304,1
1764499919830,623,305,1
1764499919839,623,307,1
1764499919840,622,309,1
1764499919840,622,311,1
1764499919840,622,312,1
1764499919840,621,314,1
1764499919840,621,316,1
1764499919850,621,317,1
1764499919850,620,319,1
1764499919855,620,321,1
1764499919855,620,323,1
1764499919855,619,325,1
1764499919860,618,327,1
1764499919860,618,330,1
1764499919860,617,331,1
1764499919860,616,333,1
1764499919860,615,335,1
1764499919870,614,338,1
1764499919870,614,340,1
1764499919870,613,342,1
1764499919870,612,344,1
1764499919880,611,346,1
1764499919880,610,347,1
1764499919880,610,348,1
1764499919886,609,351,1
1764499919889,609,353,1
1764499919890,609,355,1
1764499919890,607,357,1
1764499919890,606,359,1
1764499919900,606,360,1
1764499919903,605,361,1
1764499919903,605,363,1
1764499919903,605,364,1
1764499919910,605,366,1
1764499919910,604,367,1
1764499919910,604,368,1
1764499919918,604,369,1
1764499919920,603,369,1
1764499919920,603,371,1
1764499919920,603,372,1
1764499919920,602,372,1
1764499919930,602,373,1
1764499919930,602,374,1
1764499919938,602,375,1
1764499919940,601,376,1
1764499919940,601,377,1
1764499919940,601,379,1
1764499919949,600,379,1
1764499919950,600,380,1
1764499919955,599,382,1
1764499919960,599,383,1
1764499919960,599,384,1
1764499919965,599,385,1
1764499919967,598,386,1
1764499919967,598,387,1
1764499919970,598,388,1
1764499919970,597,388,1
1764499919970,597,390,1
1764499919970,597,391,1
1764499919980,597,392,1
1764499919985,597,393,1
1764499919989,597,394,1
1764499919990,597,396,1
1764499919990,597,397,1
1764499919996,596,398,1
1764499920001,596,399,1
1764499920001,596,401,1
1764499920001,596,402,1
1764499920010,596,404,1
1764499920012,595,404,1
1764499920014,595,405,1
1764499920018,595,407,1
1764499920023,595,409,1
1764499920023,595,410,1
1764499920030,595,411,1
1764499920030,595,412,1
1764499920030,595,413,1
1764499920038,595,415,1
1764499920040,595,416,1
1764499920040,595,417,1
1764499920044,595,418,1
1764499920044,595,419,1
1764499920044,595,421,1
1764499920050,595,422,1
1764499920050,595,424,1
1764499920050,595,425,1
1764499920056,595,426,1
1764499920056,595,428,1
1764499920060,595,429,1
1764499920060,595,431,1
1764499920060,595,432,1
1764499920060,595,433,1
1764499920060,595,435,1
1764499920070,595,438,1
1764499920070,595,440,1
1764499920077,595,441,1
1764499920077,596,443,1
1764499920080,596,444,1
1764499920080,596,445,1
1764499920080,597,447,1
1764499920080,597,449,1
1764499920080,597,450,1
1764499920090,597,452,1
1764499920092,597,454,1
1764499920092,597,455,1
1764499920092,597,457,1
1764499920092,597,458,1
1764499920100,598,460,1
1764499920100,598,461,1
1764499920100,598,462,1
1764499920100,598,464,1
1764499920108,598,466,1
1764499920110,598,468,1
1764499920110,598,469,1
1764499920110,598,470,1
1764499920110,598,471,1
1764499920110,598,472,1
1764499920123,598,476,1
1764499920123,598,477,1
1764499920123,598,478,1
1764499920123,598,479,1
1764499920130,598,480,1
1764499920130,599,482,1
1764499920130,599,484,1
1764499920138,599,485,1
1764499920140,599,486,1
1764499920140,599,487,1
1764499920140,599,489,1
1764499920140,599,491,1
1764499920140,599,492,1
1764499920140,599,493,1
1764499920150,599,494,1
1764499920150,600,496,1
1764499920155,600,498,1
1764499920155,601,500,1
1764499920160,601,502,1
1764499920160,601,503,1
1764499920160,601,505,1
1764499920160,601,506,1
1764499920160,602,507,1
1764499920171,602,510,1
1764499920171,602,511,1
1764499920171,602,512,1
1764499920171,602,514,1
1764499920180,602,515,1
1764499920180,602,517,1
1764499920180,602,518,1
1764499920187,603,521,1
1764499920190,603,523,1
1764499920190,603,525,1
1764499920190,603,526,1
1764499920190,603,528,1
1764499920200,603,530,1
1764499920203,604,530,1
1764499920206,604,532,1
1764499920206,604,533,1
1764499920206,604,535,1
1764499920210,604,537,1
1764499920210,604,540,1
1764499920210,604,541,1
1764499920218,604,542,1
1764499920220,605,546,1
1764499920220,605,548,1
1764499920220,605,550,1
1764499920220,606,551,1
1764499920230,606,553,1
1764499920230,606,554,1
1764499920235,607,557,1
1764499920238,607,560,1
1764499920240,607,562,1
1764499920240,607,564,1
1764499920240,608,565,1
1764499920240,608,566,1
1764499920240,608,568,1
1764499920251,608,570,1
1764499920252,608,572,1
1764499920252,609,573,1
1764499920252,609,574,1
1764499920252,609,576,1
1764499920260,610,577,1
1764499920260,610,579,1
1764499920260,610,581,1
1764499920266,611,582,1
1764499920270,611,583,1
1764499920270,611,585,1
1764499920270,611,587,1
1764499920270,612,589,1
1764499920280,612,591,1
1764499920285,612,593,1
1764499920285,612,595,1
1764499920290,612,596,1
1764499920290,612,597,1
1764499920290,612,599,1
1764499920290,612,600,1
1764499920313,616,612,1
1764499920313,616,614,1
1764499920313,616,615,1
1764499920321,617,617,1
1764499920323,617,619,1
1764499920323,618,620,1
1764499920323,619,622,1
1764499920330,620,624,1
1764499920330,620,625,1
1764499920333,620,626,1
1764499920333,621,628,1
1764499920338,622,631,1
1764499920340,622,632,1
1764499920340,622,633,1
1764499920345,623,634,1
1764499920345,623,636,1
1764499920345,624,637,1
1764499920350,625,638,1
1764499920350,625,640,1
1764499920350,625,641,1
1764499920350,625,642,1
1764499920360,626,643,1
1764499920360,626,644,1
1764499920360,627,645,1
1764499920360,627,647,1
1764499920370,627,649,1
1764499920370,628,649,1
1764499920370,629,651,1
1764499920377,629,652,1
1764499920379,630,653,1
1764499920381,630,655,1
1764499920381,630,656,1
1764499920381,632,659,1
1764499920390,633,661,1
1764499920392,633,662,1
1764499920392,634,664,1
1764499920392,634,665,1
1764499920392,634,666,1
1764499920401,635,668,1
1764499920403,636,670,1
1764499920403,637,672,1
1764499920403,637,673,1
1764499920409,638,675,1
1764499920410,639,677,1
1764499920410,640,679,1
1764499920410,641,681,1
1764499920410,642,682,1
1764499920420,643,684,1
1764499920420,644,687,1
1764499920424,645,689,1
1764499920424,646,692,1
1764499920430,648,693,1
1764499920430,649,695,1
1764499920430,649,696,1
1764499920440,652,700,1
1764499920440,653,702,1
1764499920440,654,704,1
1764499920440,654,705,1
1764499920440,656,707,1
1764499920440,656,709,1
1764499920450,658,709,1
1764499920450,659,711,1
1764499920455,660,713,1
1764499920455,660,715,1
1764499920455,661,716,1
1764499920460,662,717,1
1764499920460,663,719,1
1764499920460,664,720,1
1764499920460,665,722,1
1764499920460,665,723,1
1764499920471,666,724,1
1764499920473,667,725,1
1764499920473,667,726,1
1764499920473,669,728,1
1764499920473,669,729,1
1764499920480,669,730,1
1764499920480,670,731,1
1764499920480,671,733,1
1764499920487,672,735,1
1764499920490,672,736,1
1764499920490,673,738,1
1764499920490,674,738,1
1764499920490,674,740,1
1764499920490,675,740,1
1764499920500,675,742,1
1764499920503,675,743,1
1764499920503,676,743,1
1764499920503,677,744,1
1764499920503,677,746,1
1764499920510,678,746,1
1764499920510,678,747,1
1764499920510,678,748,1
1764499920510,679,748,1
1764499920519,679,749,1
1764499920520,680,749,1
1764499920520,680,750,1
1764499920520,680,751,1
1764499920520,681,752,1
1764499920530,682,753,1
1764499920530,683,753,1
1764499920534,683,754,1
1764499920540,684,755,1
1764499920540,684,756,1
1764499920540,685,756,1
1764499920550,687,757,1
1764499920550,688,758,1
1764499920550,689,759,1
1764499920560,690,759,1
1764499920560,691,760,1
1764499920566,691,761,1
1764499920566,692,762,1
1764499920570,694,762,1
1764499920570,694,763,1
1764499920570,695,763,1
1764499920570,695,764,1
1764499920570,697,765,1
1764499920582,698,765,1
1764499920582,699,766,1
1764499920582,700,767,1
1764499920590,701,767,1
1764499920590,702,767,1
1764499920590,702,768,1
1764499920590,704,769,1
1764499920598,705,769,1
1764499920601,705,770,1
1764499920601,706,770,1
1764499920601,707,770,1
1764499920601,708,771,1
1764499920610,710,772,1
1764499920614,711,773,1
1764499920614,712,773,1
1764499920614,713,773,1
1764499920622,714,774,1
1764499920622,714,775,1
1764499920622,715,775,1
1764499920622,716,775,1
1764499920629,717,775,1
1764499920631,717,776,1
1764499920633,719,777,1
1764499920638,721,778,1
1764499920640,722,778,1
1764499920645,723,778,1
1764499920645,724,778,1
1764499920645,725,779,1
1764499920650,726,779,1
1764499920650,727,780,1
1764499920655,728,780,1
1764499920655,730,780,1
1764499920661,733,781,1
1764499920661,734,781,1
1764499920661,736,782,1
1764499920661,737,782,1
1764499920670,738,782,1
1764499920670,739,782,1
1764499920670,740,782,1
1764499920677,742,782,1
1764499920677,744,783,1
1764499920680,745,783,1
1764499920680,746,783,1
1764499920680,748,784,1
1764499920680,752,784,1
1764499920690,755,785,1
1764499920693,757,785,1
1764499920695,759,786,1
1764499920697,761,786,1
1764499920697,763,786,1
1764499920700,766,787,1
1764499920700,768,788,1
1764499920700,770,788,1
1764499920700,772,788,1
1764499920708,775,788,1
1764499920710,778,789,1
1764499920710,780,790,1
1764499920710,782,790,1
1764499920710,784,790,1
1764499920720,786,790,1
1764499920720,788,791,1
1764499920724,791,791,1
1764499920727,792,792,1
1764499920729,795,792,1
1764499920731,797,793,1
1764499920733,798,793,1
1764499920733,801,794,1
1764499920739,804,795,1
1764499920740,807,795,0
1764499920740,808,795,0
1764499920740,810,795,0
1764499920740,812,795,0
1764499920740,815,796,0
1764499920750,816,796,0
1764499920750,818,796,0
1764499920750,819,797,0
1764499920756,820,797,0
1764499920756,822,797,0
1764499920760,823,798,0
1764499920760,825,799,0
1764499920760,826,799,0
1764499920760,827,799,0
1764499920760,828,800,0
1764499920772,830,800,0
1764499920772,831,800,0
1764499920772,833,800,0
1764499920780,834,800,0
1764499920780,836,800,0
1764499920780,836,801,0
1764499920788,838,801,0
1764499920790,839,801,0
1764499920790,840,802,0
1764499920790,841,802,0
1764499920790,842,802,0
1764499920800,844,802,0
1764499920806,845,803,0
1764499920806,846,803,0
1764499920806,847,803,0
1764499920810,848,803,0
1764499920810,849,803,0
1764499920810,850,803,0
1764499920810,851,803,0
1764499920810,853,804,0
1764499920820,853,805,0
1764499920820,855,805,0
1764499920820,856,805,0
1764499920820,857,805,0
1764499920830,858,805,0
1764499920830,859,805,0
1764499920830,860,805,0
1764499920839,861,805,0
1764499920839,862,806,0
1764499920840,865,807,0
1764499920840,866,807,0
1764499920840,867,807,0
1764499920840,868,808,0
1764499920851,870,808,0
1764499920851,872,809,0
1764499920851,874,809,0
1764499920860,876,810,0
1764499920860,877,810,0
1764499920860,879,810,0
1764499920868,881,811,0
1764499920868,882,812,0
1764499920870,885,812,0
1764499920870,887,813,0
1764499920870,888,813,0
1764499920870,890,813,0
1764499920870,892,814,0
1764499920880,894,814,0
1764499920883,896,814,0
1764499920883,898,815,0
1764499920889,902,815,0
1764499920890,904,815,0
1764499920890,905,816,0
1764499920890,908,816,0
1764499920890,910,816,0
1764499920900,911,817,0
1764499920900,914,817,0
1764499920900,917,819,0
1764499920900,919,819,0
1764499920900,921,819,0
1764499920910,923,819,0
1764499920910,925,820,0
1764499920915,927,820,0
1764499920915,928,820,0
1764499920915,931,821,0
1764499920920,932,821,0
1764499920920,934,821,0
1764499920920,936,821,0
1764499920920,937,821,0
1764499920920,940,822,0
1764499920930,941,822,0
1764499920930,942,822,0
1764499920930,945,822,0
1764499920939,948,822,0
1764499920940,950,823,0
1764499920940,951,823,0
1764499920940,953,823,0
1764499920946,955,823,0
1764499920946,956,823,0
1764499920950,958,823,0
1764499920950,961,823,0
1764499920950,963,824,0
1764499920950,964,824,0
1764499920960,967,824,0
1764499920962,969,824,0
1764499920962,971,824,0
1764499920962,972,824,0
1764499920962,974,824,0
1764499920970,977,824,0
1764499920970,979,825,0
1764499920970,980,825,0
1764499920970,983,825,0
1764499920978,986,825,0
1764499920981,987,825,0
1764499920983,989,825,0
1764499920983,992,825,0
1764499920983,993,826,1
1764499920983,996,826,1
1764499920990,999,826,1
1764499920993,1000,826,1
1764499920993,1002,826,1
1764499920993,1005,827,1
1764499921000,1008,827,1
1764499921000,1011,827,1
1764499921000,1012,827,1
1764499921010,1014,827,1
1764499921010,1015,827,1
1764499921010,1016,827,1
1764499921010,1018,827,1
1764499921020,1020,827,1
1764499921020,1021,827,1
1764499921020,1022,827,1
1764499921025,1023,827,1
1764499921027,1024,827,1
1764499921027,1025,827,1
1764499921030,1026,827,1
1764499921030,1027,827,1
1764499921030,1028,827,1
1764499921030,1029,827,1
1764499921040,1030,827,1
1764499921040,1032,827,1
1764499921040,1033,827,1
1764499921040,1034,827,1
1764499921050,1035,827,1
1764499921050,1036,827,1
1764499921056,1037,827,1
1764499921060,1038,827,1
1764499921060,1039,827,1
1764499921060,1040,827,1
1764499921072,1041,827,1
1764499921072,1042,827,1
1764499921072,1043,827,1
1764499921080,1044,827,1
1764499921080,1045,827,1
1764499921088,1046,827,1
1764499921090,1047,827,1
1764499921090,1048,827,1
1764499921090,1050,827,1
1764499921100,1051,827,1
1764499921104,1053,826,1
1764499921104,1054,826,1
1764499921104,1056,826,1
1764499921110,1056,825,1
1764499921110,1058,825,1
1764499921110,1059,825,1
1764499921110,1060,825,1
1764499921110,1062,824,1
1764499921120,1063,824,1
1764499921120,1064,823,1
1764499921120,1066,822,1
1764499921120,1067,822,1
1764499921120,1069,821,1
1764499921130,1070,821,1
1764499921130,1071,821,1
1764499921130,1073,819,1
1764499921136,1075,819,1
1764499921139,1077,819,1
1764499921140,1078,819,1
1764499921140,1080,818,1
1764499921140,1082,818,1
1764499921140,1084,817,1
1764499921140,1086,817,1
1764499921150,1087,817,1
1764499921154,1090,815,1
1764499921156,1092,815,1
1764499921156,1094,815,1
1764499921160,1095,815,1
1764499921160,1097,815,1
1764499921160,1100,815,1
1764499921160,1100,814,1
1764499921169,1102,814,1
1764499921170,1104,814,1
1764499921170,1105,813,1
1764499921170,1107,813,1
1764499921170,1108,813,1
1764499921170,1110,812,1
1764499921180,1111,812,1
1764499921183,1113,811,1
1764499921183,1114,811,1
1764499921183,1115,810,1
1764499921190,1116,810,1
1764499921190,1118,809,1
1764499921190,1119,809,1
1764499921190,1120,809,1
1764499921199,1121,808,1
1764499921201,1123,808,1
1764499921203,1125,806,1
1764499921203,1127,806,1
1764499921203,1128,805,1
1764499921210,1129,805,1
1764499921210,1130,804,1
1764499921215,1132,804,1
1764499921217,1132,803,1
1764499921217,1135,801,1
1764499921220,1136,801,1
1764499921220,1137,800,1
1764499921220,1139,799,1
1764499921220,1141,798,1
1764499921220,1142,797,1
1764499921230,1143,796,1
1764499921230,1145,795,1
1764499921230,1146,795,1
1764499921230,1148,793,1
1764499921239,1150,793,1
1764499921240,1150,791,1
1764499921240,1152,789,1
1764499921240,1155,788,1
1764499921246,1156,787,1
1764499921246,1159,785,1
1764499921250,1159,784,1
1764499921250,1163,780,1
1764499921250,1165,778,1
1764499921250,1167,776,1
1764499921260,1169,775,1
1764499921262,1171,773,1
1764499921265,1173,771,1
1764499921267,1175,770,1
1764499921269,1176,768,1
1764499921270,1178,767,1
1764499921270,1181,765,1
1764499921270,1183,763,1
1764499921270,1184,763,1
1764499921278,1186,762,1
1764499921280,1189,760,1
1764499921280,1190,759,1
1764499921280,1192,758,1
1764499921280,1194,758,1
1764499921280,1195,756,1
1764499921290,1197,755,1
1764499921293,1199,753,1
1764499921293,1200,753,1
1764499921293,1202,751,1
1764499921293,1204,751,1
1764499921300,1206,750,1
1764499921300,1209,748,1
1764499921300,1211,747,1
1764499921310,1219,743,1
1764499921330,1226,737,1
1764499921331,1228,737,1
1764499921331,1229,736,1
1764499921336,1230,734,1
1764499921339,1232,733,1
1764499921341,1232,731,1
1764499921343,1235,730,1
1764499921345,1236,730,1
1764499921347,1237,729,1
1764499921349,1238,728,1
1764499921350,1239,726,1
1764499921354,1242,724,1
1764499921356,1242,722,1
1764499921358,1244,722,1
1764499921360,1245,721,1
1764499921362,1247,719,1
1764499921364,1247,718,1
1764499921366,1249,716,1
1764499921368,1250,714,1
1764499921372,1252,709,1
1764499921374,1253,708,1
1764499921376,1255,705,1
1764499921378,1256,703,1
1764499921380,1258,700,1
1764499921382,1259,698,1
1764499921384,1261,695,1
1764499921388,1262,693,1
1764499921388,1262,689,1
1764499921390,1263,687,1
1764499921392,1265,684,1
1764499921394,1266,680,1
1764499921396,1267,678,1
1764499921398,1269,674,1
1764499921400,1270,671,1
1764499921404,1273,667,1
1764499921406,1275,663,1
1764499921408,1276,661,1
1764499921410,1277,659,1
1764499921412,1278,658,1
1764499921414,1279,656,1
1764499921416,1280,654,1
1764499921418,1282,654,1
1764499921420,1282,652,1
1764499921420,1282,650,1
1764499921420,1283,649,1
1764499921420,1284,649,1
1764499921420,1285,647,1
1764499921430,1286,646,1
1764499921430,1286,645,1
1764499921430,1288,644,1
1764499921436,1289,642,1
1764499921440,1290,640,1
1764499921440,1291,639,1
1764499921440,1292,638,1
1764499921440,1292,637,1
1764499921440,1292,636,1
1764499921450,1293,634,1
1764499921452,1295,631,1
1764499921452,1296,630,1
1764499921452,1296,628,1
1764499921460,1297,627,1
1764499921460,1297,625,1
1764499921460,1298,624,1
1764499921468,1299,623,1
1764499921470,1300,619,1
1764499921470,1300,618,1
1764499921470,1300,615,1
1764499921470,1300,614,1
1764499921470,1300,612,1
1764499921480,1301,610,1
1764499921483,1301,609,1
1764499921483,1301,606,1
1764499921483,1301,605,1
1764499921483,1301,603,1
1764499921490,1301,600,1
1764499921490,1301,599,1
1764499921490,1301,596,1
1764499921490,1301,594,1
1764499921499,1301,592,1
1764499921500,1301,591,1
1764499921500,1301,589,1
1764499921500,1301,587,1
1764499921500,1301,584,1
1764499921500,1301,583,1
1764499921510,1301,581,1
1764499921510,1301,580,1
1764499921515,1301,577,1
1764499921515,1301,576,1
1764499921515,1302,574,1
1764499921520,1302,573,1
1764499921520,1302,572,1
1764499921520,1302,570,1
1764499921520,1302,568,1
1764499921520,1302,567,1
1764499921531,1302,565,1
1764499921531,1302,564,1
1764499921531,1302,563,1
1764499921531,1302,561,1
1764499921539,1302,560,1
1764499921540,1302,558,1
1764499921540,1302,557,1
1764499921540,1302,556,1
1764499921547,1302,554,1
1764499921547,1302,553,1
1764499921550,1302,551,1
1764499921550,1302,550,1
1764499921550,1302,549,1
1764499921550,1302,547,1
1764499921562,1302,544,1
1764499921562,1302,543,1
1764499921562,1302,541,1
1764499921570,1302,540,1
1764499921570,1302,538,1
1764499921570,1302,536,1
1764499921580,1302,534,1
1764499921581,1302,533,1
1764499921581,1302,531,1
1764499921581,1302,530,1
1764499921587,1302,529,1
1764499921587,1302,528,1
1764499921590,1302,526,1
1764499921593,1302,522,1
1764499921593,1302,521,1
1764499921593,1302,519,1
1764499921600,1302,518,1
1764499921600,1302,516,1
1764499921600,1302,515,1
1764499921600,1302,513,1
1764499921610,1302,511,1
1764499921610,1302,510,1
1764499921613,1302,509,1
1764499921615,1302,508,1
1764499921615,1302,506,1
1764499921620,1302,503,1
1764499921620,1302,502,1
1764499921625,1302,501,1
1764499921625,1302,500,1
1764499921625,1302,499,1
1764499921630,1302,498,1
1764499921630,1302,496,1
1764499921630,1302,495,1
1764499921630,1302,494,1
1764499921639,1302,492,1
1764499921640,1302,491,1
1764499921640,1302,489,1
1764499921640,1303,487,1
1764499921650,1303,486,1
1764499921650,1303,483,1
1764499921657,1303,482,1
1764499921659,1303,481,1
1764499921660,1303,480,1
1764499921660,1303,477,1
1764499921660,1304,476,1
1764499921660,1304,475,1
1764499921672,1304,473,1
1764499921672,1304,472,1
1764499921672,1304,471,1
1764499921672,1304,470,1
1764499921672,1304,468,1
1764499921680,1304,467,1
1764499921680,1304,466,1
1764499921680,1304,464,1
1764499921688,1304,463,1
1764499921688,1304,462,1
1764499921690,1304,461,1
1764499921690,1304,460,1
1764499921690,1304,458,1
1764499921690,1304,456,1
1764499921700,1304,455,1
1764499921703,1304,453,1
1764499921708,1304,451,1
1764499921710,1304,450,1
1764499921710,1304,449,1
1764499921710,1304,447,1
1764499921710,1304,446,1
1764499921720,1304,444,1
1764499921720,1304,442,1
1764499921720,1304,441,1
1764499921720,1304,440,1
1764499921720,1304,439,1
1764499921730,1304,437,1
1764499921730,1304,436,1
1764499921735,1304,435,1
1764499921737,1304,434,1
1764499921739,1304,431,1
1764499921740,1304,429,1
1764499921740,1304,428,1
1764499921740,1304,426,1
1764499921751,1305,425,1
1764499921751,1305,422,1
1764499921751,1305,421,1
1764499921751,1305,420,1
1764499921751,1305,418,1
1764499921760,1305,415,1
1764499921760,1305,414,1
1764499921760,1305,412,1
1764499921766,1305,411,1
1764499921770,1305,410,1
1764499921770,1305,407,1
1764499921770,1304,406,1
1764499921770,1304,404,1
1764499921770,1304,401,1
1764499921770,1304,400,1
1764499921780,1304,398,1
1764499921782,1303,395,1
1764499921785,1302,394,1
1764499921785,1302,392,1
1764499921785,1302,389,1
1764499921790,1302,387,1
1764499921790,1301,385,1
1764499921790,1301,383,1
1764499921790,1300,382,1
1764499921799,1300,380,1
1764499921801,1299,378,1
1764499921801,1298,377,1
1764499921801,1298,374,1
1764499921801,1298,372,1
1764499921801,1297,372,1
1764499921810,1296,369,1
1764499921813,1296,368,1
1764499921813,1295,366,1
1764499921817,1295,364,1
1764499921820,1293,360,1
1764499921820,1293,358,1
1764499921820,1293,357,1
1764499921820,1292,355,1
1764499921829,1291,353,1
1764499921830,1291,352,1
1764499921833,1290,350,1
1764499921835,1289,348,1
1764499921835,1289,347,1
1764499921839,1288,346,1
1764499921840,1288,343,1
1764499921845,1287,342,1
1764499921845,1287,340,1
1764499921845,1286,340,1
1764499921850,1286,338,1
1764499921850,1286,337,1
1764499921850,1285,337,1
1764499921850,1285,336,1
1764499921860,1285,335,1
1764499921860,1285,334,1
1764499921860,1285,333,1
1764499921870,1284,332,1
1764499921870,1284,331,1
1764499921877,1284,330,1
1764499921877,1283,330,1
1764499921880,1283,329,1
1764499921880,1283,328,1
1764499921880,1283,327,1
1764499922301,1282,327,1
1764499924031,1282,326,1
1764499924031,1282,324,1
1764499924041,1281,324,1
1764499924041,1280,322,1
1764499924041,1280,321,1
1764499924047,1280,320,1
1764499924049,1278,318,1
1764499924051,1278,317,1
1764499924051,1277,315,1
1764499924051,1275,314,1
1764499924051,1274,312,1
1764499924061,1272,310,1
1764499924063,1271,308,1
1764499924063,1270,307,1
1764499924063,1269,303,1
1764499924071,1267,302,1
1764499924071,1267,301,1
1764499924071,1265,300,1
1764499924071,1264,298,1
1764499924079,1264,296,1
1764499924081,1262,296,1
1764499924081,1261,294,1
1764499924081,1260,293,1
1764499924081,1259,292,1
1764499924081,1258,290,1
1764499924091,1257,289,1
1764499924094,1256,288,1
1764499924094,1255,286,1
1764499924094,1254,284,1
1764499924094,1252,283,1
1764499924101,1251,282,1
1764499924101,1249,280,1
1764499924101,1249,278,1
1764499924101,1248,277,1
1764499924110,1246,276,1
1764499924111,1245,275,1
1764499924113,1243,273,1
1764499924113,1242,271,1
1764499924113,1240,270,1
1764499924121,1239,268,1
1764499924121,1238,267,1
1764499924125,1237,267,1
1764499924125,1236,265,1
1764499924125,1235,264,1
1764499924131,1234,263,1
1764499924131,1233,261,1
1764499924135,1232,261,1
1764499924135,1231,259,1
1764499924135,1229,258,1
1764499924141,1228,258,1
1764499924144,1228,256,1
1764499924144,1226,254,1
1764499924144,1225,254,1
1764499924149,1224,252,1
1764499924151,1223,252,1
1764499924151,1222,250,1
1764499924151,1221,250,1
1764499924156,1220,249,1
1764499924156,1220,247,1
1764499924161,1218,246,1
1764499924163,1216,246,1
1764499924163,1216,244,1
1764499924163,1213,242,1
1764499924171,1213,241,1
1764499924172,1211,240,1
1764499924176,1211,239,1
1764499924177,1210,238,1
1764499924179,1209,238,1
1764499924181,1209,236,1
1764499924181,1208,235,1
1764499924181,1207,234,1
1764499924188,1205,233,1
1764499924191,1204,232,1
1764499924191,1204,231,1
1764499924191,1202,229,1
1764499924201,1200,228,1
1764499924205,1200,227,1
1764499924205,1199,226,1
1764499924205,1198,226,1
1764499924205,1197,225,1
1764499924211,1196,224,1
1764499924211,1195,223,1
1764499924221,1192,220,1
1764499924221,1191,219,1
1764499924223,1191,218,1
1764499924223,1190,217,1
1764499924223,1188,216,1
1764499924231,1186,214,1
1764499924231,1185,213,1
1764499924237,1183,211,1
1764499924237,1181,210,1
1764499924241,1181,209,1
1764499924241,1178,208,1
1764499924241,1176,208,1
1764499924241,1176,207,1
1764499924249,1174,206,1
1764499924251,1173,206,1
1764499924251,1172,204,1
1764499924251,1170,204,1
1764499924251,1169,202,1
1764499924251,1167,201,1
1764499924261,1166,201,1
1764499924261,1165,200,1
1764499924261,1163,200,1
1764499924266,1161,197,1
1764499924271,1160,197,1
1764499924271,1159,196,1
1764499924271,1157,196,1
1764499924271,1157,195,1
1764499924271,1155,194,1
1764499924281,1155,193,1
1764499924283,1153,193,1
1764499924283,1152,193,1
1764499924287,1151,192,1
1764499924287,1150,190,1
1764499924291,1149,190,1
1764499924291,1148,189,1
1764499924291,1148,188,1
1764499924291,1145,188,1
1764499924299,1144,187,1
1764499924301,1144,186,1
1764499924301,1141,186,1
1764499924301,1140,186,1
1764499924301,1139,185,1
1764499924301,1138,185,1
1764499924311,1137,184,1
1764499924314,1135,183,1
1764499924314,1134,183,1
1764499924314,1131,183,1
1764499924321,1129,181,1
1764499924321,1128,181,1
1764499924321,1126,180,1
1764499924321,1125,179,1
1764499924343,1113,175,1
1764499924346,1111,175,1
1764499924346,1110,174,1
1764499924349,1107,173,1
1764499924352,1107,172,1
1764499924354,1105,172,1
1764499924354,1103,170,1
1764499924354,1102,170,1
1764499924354,1100,170,1
1764499924362,1098,169,1
1764499924364,1097,168,1
1764499924365,1095,167,1
1764499924369,1092,166,1
1764499924371,1090,165,1
1764499924371,1088,165,1
1764499924371,1087,164,1
1764499924378,1084,164,1
1764499924378,1082,163,1
1764499924381,1081,163,1
1764499924385,1076,161,1
1764499924385,1075,161,1
1764499924385,1073,161,1
1764499924391,1070,160,1
1764499924394,1069,159,1
1764499924394,1067,159,1
1764499924397,1065,158,1
1764499924399,1063,157,1
1764499924401,1061,157,1
1764499924401,1059,157,1
1764499924401,1057,157,1
1764499924401,1055,156,1
1764499924410,1053,156,1
1764499924411,1050,155,1
1764499924411,1047,154,1
1764499924411,1044,153,1
1764499924421,1042,153,1
1764499924421,1041,151,1
1764499924425,1038,151,1
1764499924427,1036,151,1
1764499924427,1035,151,1
1764499924431,1032,150,1
1764499924431,1028,150,1
1764499924431,1026,150,1
1764499924431,1024,149,1
1764499924441,1023,149,1
1764499924441,1020,149,1
1764499924441,1018,148,1
1764499924441,1017,147,1
1764499924449,1015,147,1
1764499924451,1012,146,1
1764499924451,1011,146,1
1764499924451,1008,145,1
1764499924457,1007,145,1
1764499924457,1005,144,1
1764499924461,1003,144,1
1764499924461,1001,144,1
1764499924469,997,142,1
1764499924471,995,142,1
1764499924473,993,142,1
1764499924475,992,142,1
1764499924475,990,141,1
1764499924475,988,140,1
1764499924481,987,140,1
1764499924481,983,139,1
1764499924481,982,139,1
1764499924488,980,139,1
1764499924491,979,139,1
1764499924491,977,139,1
1764499924491,975,139,1
1764499924491,974,139,1
1764499924491,972,138,1
1764499924501,971,138,1
1764499924504,968,138,1
1764499924504,966,138,1
1764499924504,965,138,1
1764499924504,963,138,1
1764499924511,960,138,1
1764499924511,958,138,1
1764499924511,956,138,1
1764499924511,954,138,1
1764499924521,952,138,1
1764499924521,950,138,1
1764499924523,947,138,1
1764499924523,946,138,1
1764499924523,944,138,1
1764499924523,942,138,1
1764499924531,940,137,1
1764499924535,936,137,1
1764499924538,934,137,1
1764499924539,931,137,1
1764499924541,930,137,1
1764499924541,928,137,1
1764499924541,926,136,1
1764499924549,923,136,1
1764499924551,919,136,1
1764499924551,917,136,1
1764499924551,916,136,1
1764499924551,913,136,1
1764499924561,911,136,1
1764499924561,909,136,1
1764499924561,907,136,1
1764499924569,903,136,1
1764499924571,901,136,1
1764499924571,899,136,1
1764499924571,897,136,1
1764499924571,896,136,1
1764499924571,894,136,1
1764499924581,891,136,1
1764499924583,887,136,1
1764499924583,885,136,1
1764499924583,884,136,1
1764499924591,882,136,1
1764499924591,880,136,1
1764499924591,879,136,1
1764499924591,877,136,1
1764499924601,875,136,1
1764499924603,871,136,1
1764499924603,870,136,1
1764499924603,867,136,1
1764499924609,866,136,1
1764499924611,864,136,1
1764499924614,862,137,1
1764499924614,857,137,1
1764499924621,856,137,1
1764499924621,854,137,1
1764499924621,852,137,1
1764499924621,851,137,1
1764499924631,848,137,1
1764499924631,847,137,1
1764499924635,843,137,1
1764499924637,842,138,1
1764499924639,840,138,1
1764499924641,838,138,1
1764499924646,835,139,1
1764499924646,835,140,1
1764499924649,833,140,1
1764499924653,830,140,1
1764499924653,829,140,1
1764499924655,827,140,1
1764499924657,825,141,1
1764499924659,824,141,1
1764499924662,822,142,1
1764499924662,820,142,1
1764499924662,817,143,1
1764499924662,817,144,1
1764499924671,815,144,1
1764499924673,812,145,1
1764499924678,810,146,1
1764499924680,808,147,1
1764499924681,807,147,1
1764499924686,803,148,1
1764499924686,802,149,1
1764499924686,799,149,1
1764499924691,797,150,1
1764499924694,797,151,1
1764499924694,795,151,1
1764499924694,792,152,1
1764499924694,791,152,1
1764499924701,789,153,1
1764499924701,787,154,1
1764499924701,785,155,1
1764499924701,784,155,1
1764499924709,782,156,1
1764499924711,780,157,1
1764499924711,779,157,1
1764499924711,777,158,1
1764499924711,774,158,1
1764499924711,773,159,1
1764499924721,771,160,1
1764499924721,770,161,1
1764499924725,769,161,1
1764499924725,767,162,1
1764499924725,765,163,1
1764499924731,764,163,1
1764499924731,761,165,1
1764499924731,760,166,1
1764499924731,758,167,1
1764499924741,757,167,1
1764499924741,756,169,1
1764499924741,755,169,1
1764499924741,753,170,1
1764499924749,752,171,1
1764499924751,750,172,1
1764499924751,748,173,1
1764499924757,747,174,1
1764499924757,746,175,1
1764499924761,745,175,1
1764499924761,744,176,1
1764499924761,743,177,1
1764499924761,742,177,1
1764499924761,741,178,1
1764499924771,740,178,1
1764499924774,738,180,1
1764499924776,737,181,1
1764499924776,735,182,1
1764499924781,735,183,1
1764499924781,732,184,1
1764499924781,731,186,1
1764499924781,731,187,1
1764499924792,730,188,1
1764499924792,729,188,1
1764499924792,729,189,1
1764499924792,728,191,1
1764499924792,727,192,1
1764499924801,726,193,1
1764499924801,725,194,1
1764499924801,725,195,1
1764499924801,724,195,1
1764499924809,723,197,1
1764499924811,722,198,1
1764499924813,722,199,1
1764499924813,721,200,1
1764499924813,720,201,1
1764499924813,719,202,1
1764499924821,718,203,1
1764499924821,717,204,1
1764499924824,716,205,1
1764499924824,716,206,1
1764499924824,715,207,1
1764499924831,714,209,1
1764499924831,713,210,1
1764499924831,712,211,1
1764499924831,711,212,1
1764499924840,710,213,1
1764499924841,709,215,1
1764499924841,708,215,1
1764499924841,707,216,1
1764499924841,707,217,1
1764499924849,706,217,1
1764499924851,705,218,1
1764499924851,704,219,1
1764499924856,704,220,1
1764499924856,703,220,1
1764499924859,702,222,1
1764499924861,701,223,1
1764499924861,700,224,1
1764499924861,699,225,1
1764499924872,699,226,1
1764499924872,698,227,1
1764499924872,697,228,1
1764499924872,697,229,1
1764499924881,696,229,1
1764499924881,695,230,1
1764499924888,694,232,1
1764499924891,693,233,1
1764499924891,691,234,1
1764499924891,691,235,1
1764499924891,691,236,1
1764499924901,690,236,1
1764499924904,689,237,1
1764499924904,688,238,1
1764499924911,687,239,1
1764499924911,686,240,1
1764499924911,686,241,1
1764499924911,685,241,1
1764499924920,684,243,1
1764499924921,683,243,1
1764499924921,683,244,1
1764499924921,682,244,1
1764499924921,680,245,1
1764499924921,680,246,1
1764499924931,679,247,1
1764499924935,677,248,1
1764499924935,676,250,1
1764499924935,675,251,1
1764499924941,674,251,1
1764499924941,674,252,1
1764499924941,672,254,1
1764499924941,671,254,1
1764499924949,671,255,1
1764499924951,669,257,1
1764499924951,667,257,1
1764499924951,666,259,1
1764499924951,665,261,1
1764499924951,664,262,1
1764499924961,662,263,1
1764499924961,661,264,1
1764499924961,660,265,1
1764499924966,657,266,1
1764499924966,657,267,1
1764499924971,655,269,1
1764499924971,654,271,1
1764499924971,652,272,1
1764499924971,649,274,1
1764499924971,648,274,1
1764499924981,646,276,1
1764499924982,643,280,1
1764499924988,642,281,1
1764499924988,640,283,1
1764499924991,639,285,1
1764499924991,637,287,1
1764499924991,636,289,1
1764499924991,634,290,1
1764499924998,633,292,1
1764499925001,631,294,1
1764499925001,629,295,1
1764499925001,628,296,1
1764499925001,627,299,1
1764499925001,626,301,1
1764499925011,624,303,1
1764499925014,622,305,1
1764499925014,621,305,1
1764499925014,621,307,1
1764499925014,619,309,1
1764499925021,618,310,1
1764499925021,617,312,1
1764499925021,615,314,1
1764499925021,615,315,1
1764499925030,614,316,1
1764499925031,613,318,1
1764499925031,612,319,1
1764499925031,611,320,1
1764499925031,610,322,1
1764499925031,610,323,1
1764499925041,608,325,1
1764499925041,607,326,1
1764499925045,607,327,1
1764499925045,606,328,1
1764499925049,606,330,1
1764499925051,604,332,1
1764499925051,604,334,1
1764499925051,603,335,1
1764499925051,603,337,1
1764499925051,602,339,1
1764499925061,602,340,1
1764499925061,602,341,1
1764499925061,602,344,1
1764499925061,601,345,1
1764499925061,600,347,1
1764499925071,600,349,1
1764499925071,599,350,1
1764499925071,598,352,1
1764499925076,598,354,1
1764499925081,597,357,1
1764499925081,597,358,1
1764499925081,596,360,1
1764499925081,596,362,1
1764499925081,596,363,1
1764499925091,596,365,1
1764499925092,595,366,1
1764499925095,595,367,1
1764499925095,595,369,1
1764499925095,595,370,1
1764499925101,595,371,1
1764499925101,594,373,1
1764499925101,594,374,1
1764499925108,594,376,1
1764499925108,594,377,1
1764499925111,593,379,1
1764499925111,593,380,1
1764499925111,593,381,1
1764499925111,593,382,1
1764499925111,593,384,1
1764499925121,593,385,1
1764499925124,593,386,1
1764499925124,592,388,1
1764499925124,592,389,1
1764499925124,592,390,1
1764499925131,592,391,1
1764499925131,592,393,1
1764499925131,592,394,1
1764499925131,592,395,1
1764499925141,592,397,1
1764499925141,592,398,1
1764499925141,592,400,1
1764499925141,592,402,1
1764499925151,592,404,1
1764499925151,592,405,1
1764499925155,592,407,1
1764499925155,592,408,1
1764499925155,592,409,1
1764499925161,592,411,1
1764499925161,592,412,1
1764499925161,592,413,1
1764499925161,592,414,1
1764499925161,592,415,1
1764499925171,592,417,1
1764499925173,592,418,1
1764499925175,592,420,1
1764499925177,592,422,1
1764499925181,592,424,1
1764499925185,592,425,1
1764499925185,592,426,1
1764499925187,592,429,1
1764499925187,592,430,1
1764499925191,592,432,1
1764499925191,592,434,1
1764499925191,592,435,1
1764499925203,592,437,1
1764499925203,592,439,1
1764499925203,592,441,1
1764499925203,592,442,1
1764499925211,592,443,1
1764499925211,592,445,1
1764499925211,593,446,1
1764499925218,593,447,1
1764499925218,593,449,1
1764499925221,593,450,1
1764499925221,593,452,1
1764499925221,593,453,1
1764499925221,594,455,1
1764499925221,594,457,1
1764499925231,595,458,1
1764499925234,595,461,1
1764499925238,596,463,1
1764499925238,596,466,1
1764499925241,597,468,1
1764499925241,597,469,1
1764499925241,597,471,1
1764499925241,598,473,1
1764499925251,598,476,1
1764499925251,598,478,1
1764499925251,598,481,1
1764499925251,599,482,1
1764499925251,599,483,1
1764499925261,599,485,1
1764499925261,599,487,1
1764499925266,599,488,1
1764499925268,599,491,1
1764499925268,599,492,1
1764499925271,599,493,1
1764499925271,599,495,1
1764499925271,599,496,1
1764499925271,599,498,1
1764499925271,599,499,1
1764499925282,599,501,1
1764499925285,599,503,1
1764499925285,599,504,1
1764499925285,599,505,1
1764499925285,599,507,1
1764499925291,599,509,1
1764499925291,599,511,1
1764499925291,598,512,1
1764499925298,598,514,1
1764499925301,598,519,1
1764499925301,598,521,1
1764499925301,598,522,1
1764499925301,598,525,1
1764499925301,598,527,1
1764499925311,598,529,1
1764499925313,598,531,1
1764499925313,598,533,1
1764499925313,598,534,1
1764499925313,598,537,1
1764499925321,598,540,1
1764499925321,598,541,1
1764499925321,598,544,1
1764499925321,598,545,1
1764499925329,598,547,1
1764499925331,598,550,1
1764499925331,598,554,1
1764499925331,598,556,1
1764499925331,598,557,1
1764499925341,598,560,1
1764499925341,598,561,1
1764499925361,598,577,1
1764499925361,598,579,1
1764499925361,598,582,1
1764499925361,598,584,1
1764499925368,598,586,1
1764499925368,598,589,1
1764499925371,599,589,1
1764499925371,599,592,1
1764499925371,599,594,1
1764499925377,599,596,1
1764499925377,599,598,1
1764499925381,599,601,1
1764499925381,600,602,1
1764499925381,600,605,1
1764499925381,600,607,1
1764499925381,600,608,1
1764499925391,600,611,1
1764499925392,600,613,1
1764499925392,600,614,1
1764499925396,600,616,1
1764499925401,601,620,1
1764499925401,601,621,1
1764499925401,601,623,1
1764499925409,602,625,1
1764499925409,602,627,1
1764499925411,602,628,1
1764499925411,602,631,1
1764499925411,602,632,1
1764499925411,602,634,1
1764499925411,602,636,1
1764499925421,603,637,1
1764499925424,603,639,1
1764499925424,603,641,1
1764499925424,603,642,1
1764499925424,603,644,1
1764499925431,604,646,1
1764499925431,604,647,1
1764499925431,604,649,1
1764499925431,605,650,1
1764499925439,605,651,1
1764499925441,605,653,1
1764499925441,606,654,1
1764499925441,606,656,1
1764499925441,606,657,1
1764499925451,607,660,1
1764499925451,608,661,1
1764499925455,608,662,1
1764499925455,608,664,1
1764499925461,608,665,1
1764499925461,609,667,1
1764499925461,610,668,1
1764499925461,610,671,1
1764499925472,610,672,1
1764499925473,611,674,1
1764499925473,612,675,1
1764499925473,612,677,0
1764499925473,613,679,0
1764499925481,614,682,0
1764499925487,615,684,0
1764499925487,615,686,0
1764499925491,616,687,0
1764499925491,617,689,0
1764499925491,617,691,0
1764499925491,618,691,0
1764499925503,619,695,0
1764499925503,620,697,0
1764499925503,620,698,0
1764499925503,621,699,0
1764499925511,622,700,0
1764499925511,622,701,0
1764499925511,623,703,0
1764499925518,624,705,0
1764499925518,625,706,0
1764499925521,626,707,0
1764499925521,626,709,0
1764499925521,628,712,0
1764499925521,629,712,0
1764499925521,630,714,0
1764499925531,632,715,0
1764499925534,633,718,0
1764499925537,635,720,0
1764499925537,636,722,0
1764499925541,638,723,0
1764499925541,639,726,0
1764499925541,640,727,0
1764499925541,641,730,0
1764499925552,643,733,0
1764499925552,644,734,0
1764499925552,647,737,0
1764499925552,648,738,0
1764499925552,650,739,0
1764499925561,652,741,0
1764499925561,653,743,0
1764499925566,654,745,0
1764499925566,657,746,0
1764499925566,659,748,0
1764499925571,660,750,0
1764499925571,661,752,0
1764499925571,663,753,0
1764499925571,665,755,0
1764499925571,666,758,0
1764499925582,669,760,0
1764499925585,669,761,0
1764499925585,671,763,0
1764499925587,673,765,0
1764499925587,674,766,0
1764499925591,675,768,0
1764499925591,677,769,0
1764499925591,678,771,0
1764499925598,680,772,0
1764499925601,683,776,0
1764499925601,684,778,0
1764499925601,686,779,0
1764499925601,688,781,0
1764499925601,689,782,0
1764499925611,691,784,0
1764499925614,694,786,0
1764499925614,696,788,0
1764499925614,699,791,0
1764499925621,701,792,0
1764499925621,703,793,0
1764499925621,705,795,0
1764499925621,707,796,0
1764499925629,710,797,0
1764499925631,711,798,0
1764499925631,713,800,0
1764499925631,715,802,0
1764499925631,718,803,0
1764499925631,719,804,0
1764499925641,721,805,0
1764499925641,724,807,0
1764499925645,725,808,0
1764499925645,727,809,0
1764499925651,732,812,0
1764499925651,733,813,0
1764499925651,735,814,0
1764499925651,738,815,0
1764499925651,740,816,0
1764499925661,741,816,0
1764499925661,743,818,0
1764499925661,746,819,0
1764499925661,747,820,0
1764499925661,749,821,0
1764499925671,750,822,0
1764499925671,752,823,0
1764499925671,754,824,0
1764499925677,755,825,0
1764499925679,757,826,0
1764499925681,759,826,0
1764499925681,761,827,0
1764499925681,762,828,0
1764499925681,764,828,0
1764499925681,766,830,0
1764499925691,768,831,0
1764499925692,769,832,0
1764499925692,772,832,0
1764499925692,773,832,0
1764499925701,778,834,1
1764499925701,779,834,1
1764499925701,781,835,1
1764499925701,783,836,1
1764499925708,784,836,1
1764499925711,787,837,1
1764499925711,789,838,1
1764499925711,792,839,1
1764499925711,794,839,1
1764499925711,797,840,1
1764499925721,800,840,1
1764499925724,802,840,1
1764499925724,804,841,1
1764499925724,807,842,1
1764499925730,810,843,1
1764499925731,812,845,1
1764499925731,818,846,1
1764499925731,821,847,1
1764499925740,823,848,1
1764499925741,826,849,1
1764499925741,828,849,1
1764499925741,830,849,1
1764499925741,833,851,1
1764499925751,838,852,1
1764499925751,840,853,1
1764499925755,842,853,1
1764499925755,845,854,1
1764499925755,847,854,1
1764499925761,850,856,1
1764499925761,852,856,1
1764499925761,853,856,1
1764499925761,856,858,1
1764499925761,859,859,1
1764499925771,862,859,1
1764499925771,863,860,1
1764499925771,866,860,1
1764499925771,868,861,1
1764499925771,870,861,1
1764499925781,873,861,1
1764499925781,876,862,1
1764499925781,878,863,1
1764499925787,880,863,1
1764499925787,882,864,1
1764499925791,885,864,1
1764499925791,887,865,1
1764499925791,890,865,1
1764499925791,893,867,1
1764499925801,896,867,1
1764499925803,899,868,1
1764499925803,900,868,1
1764499925803,903,869,1
1764499925803,906,869,1
1764499925811,909,869,1
1764499925811,910,870,1
1764499925819,916,871,1
1764499925819,917,871,1
1764499925821,920,872,1
1764499925821,922,872,1
1764499925821,924,872,1
1764499925821,927,873,1
1764499925821,930,873,1
1764499925831,932,873,1
1764499925834,937,874,1
1764499925834,938,874,1
1764499925834,941,874,1
1764499925841,944,875,0
1764499925841,946,875,0
1764499925841,948,876,0
1764499925841,951,877,0
1764499925851,952,877,0
1764499925851,956,877,0
1764499925853,959,877,0
1764499925853,961,878,0
1764499925853,962,878,0
1764499925853,965,878,0
1764499925861,967,878,0
1764499925861,969,878,0
1764499925866,973,878,0
1764499925866,975,879,0
1764499925871,978,879,0
1764499925871,979,879,0
1764499925871,981,879,0
1764499925871,983,879,0
1764499925871,984,879,0
1764499925882,987,880,0
1764499925884,989,880,0
1764499925884,991,880,0
1764499925884,992,880,0
1764499925884,993,880,0
1764499925891,995,880,0
1764499925891,997,880,0
1764499925898,1000,880,0
1764499925901,1003,880,0
1764499925901,1005,880,0
1764499925901,1006,880,0
1764499925901,1008,880,0
1764499925901,1009,880,0
1764499925911,1010,880,0
1764499925914,1013,880,0
1764499925918,1015,880,0
1764499925919,1016,880,0
1764499925921,1017,880,0
1764499925921,1019,880,0
1764499925921,1020,880,0
1764499925934,1021,880,0
1764499925934,1022,880,0
1764499925934,1023,880,0
1764499925951,1024,880,0
1764499925951,1024,879,0
1764499925951,1025,879,0
1764499925968,1025,878,0
1764499925971,1025,877,0
1764499926346,1026,877,0
1764499927942,1028,875,0
1764499927951,1029,874,0
1764499927954,1029,873,0
1764499927954,1032,872,0
1764499927954,1033,870,0
1764499927954,1034,870,0
1764499927961,1035,869,0
1764499927961,1038,868,0
1764499927966,1039,867,0
1764499927966,1040,866,0
1764499927969,1042,865,0
1764499927972,1044,865,0
1764499927972,1045,863,1
1764499927972,1046,863,1
1764499927972,1048,862,1
1764499927972,1048,860,1
1764499927981,1050,859,1
1764499927981,1052,859,1
1764499927985,1053,858,1
1764499927985,1054,856,1
1764499927985,1056,855,1
1764499927991,1058,855,1
1764499927991,1059,853,1
1764499927991,1061,852,1
1764499927991,1063,851,1
1764499928001,1066,849,1
1764499928002,1068,848,1
1764499928002,1071,847,1
1764499928002,1073,846,1
1764499928002,1075,845,1
1764499928012,1078,843,1
1764499928012,1080,842,1
1764499928016,1082,841,1
1764499928016,1085,839,1
1764499928016,1087,839,1
1764499928022,1090,838,1
1764499928022,1092,837,1
1764499928022,1093,836,1
1764499928022,1096,835,1
1764499928022,1097,833,1
1764499928032,1100,832,1
1764499928032,1103,831,1
1764499928032,1105,830,1
1764499928032,1107,829,1
1764499928032,1109,828,1
1764499928041,1111,826,1
1764499928041,1112,826,1
1764499928041,1114,824,1
1764499928047,1118,822,1
1764499928051,1118,821,1
1764499928054,1120,820,1
1764499928054,1122,819,1
1764499928054,1124,818,1
1764499928062,1125,817,1
1764499928063,1127,816,1
1764499928063,1129,815,1
1764499928063,1129,814,1
1764499928071,1130,814,1
1764499928071,1131,813,1
1764499928071,1132,813,1
1764499928071,1134,812,1
1764499928080,1134,811,1
1764499928081,1136,810,1
1764499928081,1137,809,1
1764499928081,1138,808,1
1764499928081,1139,808,1
1764499928081,1141,807,1
1764499928095,1143,807,1
1764499928095,1144,805,1
1764499928097,1145,805,1
1764499928097,1146,804,1
1764499928102,1147,804,1
1764499928102,1148,803,1
1764499928102,1149,803,1
1764499928102,1151,801,1
1764499928111,1153,800,1
1764499928111,1156,798,1
1764499928111,1157,798,1
1764499928111,1159,798,1
1764499928121,1160,797,1
1764499928121,1161,796,1
1764499928127,1162,796,1
1764499928128,1163,795,1
1764499928128,1165,795,1
1764499928131,1166,795,1
1764499928131,1166,794,1
1764499928131,1168,792,1
1764499928131,1169,792,1
1764499928131,1169,791,1
1764499928142,1171,791,1
1764499928142,1172,790,1
1764499928142,1173,789,1
1764499928142,1174,788,1
1764499928142,1175,788,1
1764499928152,1177,786,1
1764499928154,1178,786,1
1764499928154,1179,784,1
1764499928158,1181,783,1
1764499928158,1182,782,1
1764499928161,1184,782,1
1764499928161,1185,779,1
1764499928161,1187,779,1
1764499928161,1189,778,1
1764499928171,1191,777,1
1764499928174,1193,774,1
1764499928174,1194,774,1
1764499928174,1196,773,1
1764499928181,1197,772,1
1764499928181,1199,771,1
1764499928181,1199,769,1
1764499928181,1201,769,1
1764499928181,1203,768,1
1764499928191,1203,767,1
1764499928191,1206,766,1
1764499928191,1208,765,1
1764499928191,1209,764,1
1764499928191,1210,764,1
1764499928202,1212,762,1
1764499928202,1213,762,1
1764499928206,1214,761,1
1764499928206,1216,761,1
1764499928206,1216,759,1
1764499928211,1218,758,1
1764499928211,1220,756,1
1764499928211,1222,755,1
1764499928211,1223,754,1
1764499928222,1224,753,1
1764499928222,1225,753,1
1764499928222,1227,752,1
1764499928222,1227,751,1
1764499928222,1228,750,1
1764499928231,1230,750,1
1764499928231,1230,749,1
1764499928231,1231,749,1
1764499928238,1232,747,1
1764499928238,1234,745,1
1764499928241,1235,743,1
1764499928241,1236,742,1
1764499928241,1237,742,1
1764499928241,1238,741,1
1764499928252,1239,739,1
1764499928254,1240,738,1
1764499928254,1241,736,1
1764499928254,1242,734,1
1764499928254,1243,733,1
1764499928261,1243,732,1
1764499928261,1245,729,1
1764499928261,1247,727,1
1764499928270,1247,725,1
1764499928271,1248,724,1
1764499928271,1249,721,1
1764499928271,1250,719,1
1764499928271,1251,718,1
1764499928271,1253,716,1
1764499928281,1254,714,1
1764499928281,1254,712,1
1764499928286,1255,711,1
1764499928288,1256,709,1
1764499928288,1257,708,1
1764499928291,1258,707,1
1764499928291,1258,705,1
1764499928291,1260,703,1
1764499928291,1261,702,1
1764499928301,1263,700,1
1764499928301,1263,699,1
1764499928301,1263,696,1
1764499928301,1264,696,1
1764499928301,1265,694,1
1764499928311,1266,693,1
1764499928311,1267,691,1
1764499928317,1268,690,1
1764499928317,1269,689,1
1764499928321,1269,687,1
1764499928321,1270,687,1
1764499928321,1270,686,1
1764499928321,1271,684,1
1764499928321,1272,683,1
1764499928331,1273,682,1
1764499928333,1274,680,1
1764499928333,1274,679,1
1764499928333,1276,677,1
1764499928341,1276,675,1
1764499928341,1278,674,1
1764499928341,1278,672,1
1764499928349,1278,670,1
1764499928349,1279,669,1
1764499928352,1280,668,1
1764499928354,1281,666,1
1764499928354,1281,664,1
1764499928354,1281,663,1
1764499928354,1282,662,1
1764499928361,1282,660,1
1764499928381,1286,646,1
1764499928381,1288,643,1
1764499928381,1289,641,1
1764499928381,1289,638,1
1764499928381,1290,638,1
1764499928391,1290,636,1
1764499928391,1290,634,1
1764499928396,1291,634,1
1764499928399,1292,630,1
1764499928401,1293,630,1
1764499928401,1293,629,1
1764499928401,1293,628,1
1764499928401,1294,627,1
1764499928401,1294,626,1
1764499928412,1295,625,1
1764499928414,1296,622,1
1764499928414,1296,621,1
1764499928414,1296,620,1
1764499928421,1297,619,1
1764499928421,1297,618,1
1764499928421,1298,617,1
1764499928427,1299,616,1
1764499928432,1300,615,1
1764499928432,1300,614,1
1764499928432,1300,613,1
1764499928432,1301,612,1
1764499928432,1301,611,1
1764499928441,1302,610,1
1764499928443,1302,609,1
1764499928443,1302,608,1
1764499928443,1302,607,1
1764499928443,1302,606,1
1764499928451,1303,606,1
1764499928454,1303,604,1
1764499928454,1304,603,1
1764499928454,1304,602,1
1764499928459,1304,601,1
1764499928462,1305,600,1
1764499928462,1305,597,1
1764499928462,1305,596,1
1764499928462,1305,595,1
1764499928471,1306,594,1
1764499928471,1306,592,1
1764499928475,1306,591,1
1764499928478,1307,591,1
1764499928478,1307,589,1
1764499928481,1308,587,1
1764499928481,1308,586,1
1764499928481,1308,585,1
1764499928481,1308,584,1
1764499928481,1308,582,1
1764499928491,1308,580,1
1764499928491,1309,580,1
1764499928491,1309,579,1
1764499928491,1310,576,1
1764499928501,1311,575,1
1764499928501,1311,574,1
1764499928501,1312,572,1
1764499928507,1312,571,1
1764499928507,1312,570,1
1764499928511,1312,568,1
1764499928511,1312,566,1
1764499928511,1312,564,1
1764499928511,1312,563,1
1764499928521,1312,562,1
1764499928523,1313,560,1
1764499928523,1313,559,1
1764499928523,1313,557,1
1764499928523,1313,555,1
1764499928531,1313,552,1
1764499928531,1314,552,1
1764499928539,1314,550,1
1764499928539,1314,548,1
1764499928541,1314,547,1
1764499928541,1314,545,1
1764499928541,1314,544,1
1764499928551,1315,540,1
1764499928551,1315,539,1
1764499928554,1315,536,1
1764499928554,1315,534,1
1764499928554,1315,532,1
1764499928562,1315,531,1
1764499928565,1316,527,1
1764499928565,1316,526,1
1764499928570,1316,524,1
1764499928571,1316,523,1
1764499928571,1316,521,1
1764499928571,1316,520,1
1764499928571,1316,519,1
1764499928571,1316,517,1
1764499928581,1316,515,1
1764499928581,1316,514,1
1764499928586,1316,512,1
1764499928590,1316,509,1
1764499928592,1316,508,1
1764499928592,1316,507,1
1764499928592,1316,505,1
1764499928592,1316,504,1
1764499928592,1315,502,1
1764499928602,1315,500,1
1764499928602,1315,499,1
1764499928602,1315,498,1
1764499928602,1315,497,1
1764499928602,1315,495,1
1764499928611,1314,493,1
1764499928611,1314,490,1
1764499928617,1313,488,1
1764499928617,1313,487,1
1764499928621,1313,485,1
1764499928621,1313,484,1
1764499928621,1313,483,1
1764499928621,1313,480,1
1764499928633,1313,478,1
1764499928636,1313,475,1
1764499928636,1313,474,1
1764499928636,1313,473,1
1764499928641,1313,471,1
1764499928641,1312,470,1
1764499928641,1312,469,1
1764499928649,1312,467,1
1764499928649,1312,466,1
1764499928651,1311,464,1
1764499928654,1311,461,1
1764499928654,1311,459,1
1764499928654,1311,457,1
1764499928661,1311,456,1
1764499928664,1311,452,1
1764499928671,1310,450,1
1764499928672,1310,449,1
1764499928672,1309,447,1
1764499928672,1309,446,1
1764499928672,1308,444,1
1764499928681,1307,441,1
1764499928681,1307,440,1
1764499928681,1307,438,1
1764499928681,1306,436,1
1764499928681,1306,435,1
1764499928691,1306,433,1
1764499928691,1306,432,1
1764499928698,1305,428,1
1764499928701,1305,426,1
1764499928701,1304,424,1
1764499928701,1304,422,1
1764499928701,1303,421,1
1764499928711,1303,419,1
1764499928715,1303,417,1
1764499928715,1302,416,1
1764499928715,1302,415,1
1764499928721,1302,413,1
1764499928721,1302,412,1
1764499928721,1302,411,1
1764499928727,1301,410,1
1764499928731,1301,407,1
1764499928731,1301,406,1
1764499928731,1300,405,1
1764499928731,1300,403,1
1764499928743,1299,401,1
1764499928743,1299,400,1
1764499928743,1299,399,1
1764499928743,1299,398,1
1764499928743,1299,397,1
1764499928751,1299,396,1
1764499928754,1299,395,1
1764499928754,1298,394,1
1764499928754,1298,393,1
1764499928759,1298,392,1
1764499928761,1297,392,1
1764499928761,1297,390,1
1764499928761,1297,389,1
1764499928761,1297,388,1
1764499928761,1297,387,1
1764499928771,1297,386,1
1764499928776,1297,384,1
1764499928779,1296,384,1
1764499928781,1296,381,1
1764499928781,1295,379,1
1764499928781,1294,378,1
1764499928790,1294,377,1
1764499928791,1293,375,1
1764499928791,1293,373,1
1764499928791,1293,372,1
1764499928791,1292,370,1
1764499928801,1292,369,1
1764499928801,1291,368,1
1764499928806,1291,367,1
1764499928806,1290,367,1
1764499928806,1290,365,1
1764499928811,1290,363,1
1764499928811,1289,361,1
1764499928811,1288,360,1
1764499928811,1288,359,1
1764499928821,1287,358,1
1764499928821,1287,357,1
1764499928821,1287,356,1
1764499928821,1286,354,1
1764499928831,1285,353,1
1764499928831,1284,351,1
1764499928839,1284,349,1
1764499928839,1283,348,1
1764499928841,1282,347,1
1764499928841,1282,346,1
1764499928841,1281,345,1
1764499928851,1280,343,1
1764499928851,1280,342,1
1764499928854,1280,341,1
1764499928854,1279,340,1
1764499928854,1279,339,1
1764499928854,1278,338,1
1764499928861,1278,337,1
1764499928861,1277,336,1
1764499928861,1277,335,1
1764499928861,1277,334,1
1764499928869,1277,333,1
1764499928871,1276,332,1
1764499928871,1276,331,1
1764499928871,1275,330,1
1764499928881,1275,328,1
1764499928884,1274,327,1
1764499928886,1273,325,1
1764499928888,1273,324,1
1764499928888,1272,323,1
1764499928891,1271,321,1
1764499928891,1271,320,1
1764499928891,1271,319,1
1764499928891,1270,318,1
1764499928900,1269,316,1
1764499928904,1267,313,1
1764499928904,1267,312,1
1764499928904,1267,311,1
1764499928904,1266,310,1
1764499928911,1265,307,1
1764499928917,1264,306,1
1764499928917,1263,304,1
1764499928921,1263,303,1
1764499928921,1262,302,1
1764499928921,1261,301,1
1764499928921,1261,300,1
1764499928931,1260,297,1
1764499928931,1259,297,1
1764499928931,1258,295,1
1764499928931,1258,293,1
1764499928941,1257,292,1
1764499928941,1256,290,1
1764499928947,1255,288,1
1764499928947,1254,287,1
1764499928951,1254,286,1
1764499928954,1254,284,1
1764499928954,1253,284,1
1764499928954,1252,282,1
1764499928954,1251,281,1
1764499928963,1250,279,1
1764499928963,1250,278,1
1764499928963,1249,278,1
1764499928971,1249,277,1
1764499928971,1248,276,1
1764499928971,1248,275,1
1764499928971,1248,274,1
1764499928981,1246,273,1
1764499928981,1246,272,1
1764499928981,1246,270,1
1764499928981,1245,270,1
1764499928991,1244,269,1
1764499928994,1243,267,1
1764499928994,1243,266,1
1764499928994,1243,264,1
1764499929001,1242,264,1
1764499929001,1242,263,1
1764499929001,1242,262,1
1764499929001,1241,262,1
1764499929010,1240,261,1
1764499929011,1240,260,1
1764499929011,1240,259,1
1764499929011,1239,258,1
1764499929011,1239,257,1
1764499929011,1238,256,1
1764499929021,1238,255,1
1764499929026,1237,254,1
1764499929026,1236,253,1
1764499929031,1235,251,1
1764499929031,1235,250,1
1764499929031,1234,248,1
1764499929031,1234,247,1
1764499929042,1233,246,1
1764499929042,1232,245,1
1764499929042,1232,244,1
1764499929042,1231,243,1
1764499929042,1231,242,1
1764499929051,1230,242,1
1764499929054,1229,240,1
1764499929054,1229,239,1
1764499929058,1228,239,1
1764499929058,1227,238,1
1764499929061,1227,237,1
1764499929061,1225,235,1
1764499929061,1225,234,1
1764499929061,1223,233,1
1764499929071,1222,231,1
1764499929074,1221,231,1
1764499929074,1220,230,1
1764499929074,1219,230,1
1764499929081,1218,228,1
1764499929081,1216,226,1
1764499929081,1214,225,1
1764499929081,1213,223,1
1764499929091,1212,222,1
1764499929091,1211,222,1
1764499929091,1209,221,1
1764499929091,1206,219,1
1764499929101,1205,218,1
1764499929101,1203,217,1
1764499929106,1202,216,1
1764499929106,1200,215,1
1764499929106,1198,214,1
1764499929111,1197,213,1
1764499929111,1193,211,1
1764499929111,1191,210,1
1764499929122,1188,207,1
1764499929122,1186,206,1
1764499929122,1184,206,1
1764499929122,1182,206,1
1764499929122,1180,205,1
1764499929131,1179,204,1
1764499929131,1177,203,1
1764499929131,1175,201,1
1764499929137,1173,201,1
1764499929137,1171,199,1
1764499929141,1168,199,1
1764499929141,1166,197,1
1764499929141,1164,196,1
1764499929141,1161,196,1
1764499929153,1160,194,1
1764499929154,1156,193,1
1764499929156,1155,192,1
1764499929158,1153,192,1
1764499929161,1151,191,1
1764499929165,1148,189,1
1764499929167,1146,188,1
1764499929169,1145,188,1
1764499929171,1144,187,1
1764499929173,1142,186,1
1764499929175,1140,185,1
1764499929177,1140,184,1
1764499929179,1138,184,1
1764499929181,1136,183,1
1764499929187,1132,182,1
1764499929191,1130,181,1
1764499929193,1129,180,1
1764499929196,1128,180,1
1764499929200,1125,179,1
1764499929202,1123,178,1
1764499929204,1122,178,1
1764499929206,1120,177,1
1764499929208,1118,176,1
1764499929210,1117,176,1
1764499929211,1115,175,1
1764499929215,1112,175,1
1764499929217,1110,174,1
1764499929219,1108,174,1
1764499929221,1107,173,1
1764499929224,1105,172,1
1764499929226,1103,172,1
1764499929228,1101,172,1
1764499929233,1097,170,1
1764499929235,1095,170,1
1764499929237,1092,169,1
1764499929239,1091,169,1
1764499929241,1089,168,1
1764499929244,1087,168,1
1764499929246,1086,167,1
1764499929249,1082,166,1
1764499929251,1081,166,1
1764499929253,1079,165,1
1764499929254,1076,165,1
1764499929256,1075,165,1
1764499929258,1073,164,1
1764499929262,1071,164,1
1764499929265,1068,163,1
1764499929267,1066,163,1
1764499929269,1064,163,1
1764499929271,1062,162,1
1764499929273,1061,161,1
1764499929275,1059,161,1
1764499929278,1056,161,0
1764499929284,1051,160,0
1764499929286,1050,160,0
1764499929288,1048,160,0
1764499929290,1046,160,0
1764499929291,1044,159,0
1764499929291,1042,159,0
1764499929297,1038,158,0
1764499929297,1036,157,0
1764499929302,1035,157,0
1764499929307,1031,156,0
1764499929313,1025,155,0
1764499929317,1019,153,0
1764499929317,1017,153,0
1764499929321,1015,153,0
1764499929321,1012,153,0
1764499929321,1010,152,0
1764499929321,1008,151,0
1764499929329,1006,151,0
1764499929332,1005,151,0
1764499929333,1002,151,0
1764499929335,1000,150,0
1764499929335,998,150,0
1764499929335,996,148,0
1764499929341,994,148,0
1764499929341,991,147,0
1764499929345,990,146,1
1764499929345,987,146,0
1764499929345,986,146,0
1764499929351,983,145,1
1764499929351,981,145,1
1764499929354,979,145,1
1764499929354,978,145,1
1764499929354,975,145,0
1764499929361,973,144,1
1764499929361,970,143,1
1764499929361,968,143,1
1764499929361,967,142,1
1764499929361,964,142,1
1764499929372,963,141,1
1764499929372,961,141,1
1764499929382,949,140,1
1764499929391,946,140,1
1764499929391,945,140,1
1764499929391,944,140,1
1764499929391,941,140,1
1764499929391,940,139,1
1764499929402,938,139,1
1764499929402,936,138,1
1764499929402,935,138,1
1764499929407,933,138,1
1764499929407,931,138,1
1764499929411,930,137,1
1764499929411,927,137,1
1764499929411,925,137,1
1764499929411,922,136,1
1764499929421,921,136,1
1764499929423,920,136,1
1764499929423,917,135,1
1764499929423,916,135,1
1764499929423,914,135,1
1764499929431,913,135,1
1764499929431,911,135,1
1764499929431,909,135,1
1764499929431,908,135,1
1764499929439,905,135,1
1764499929442,904,135,1
1764499929442,903,135,1
1764499929442,901,135,1
1764499929442,899,135,1
1764499929442,897,135,1
1764499929451,895,135,1
1764499929451,894,135,1
1764499929454,892,135,1
1764499929454,890,135,1
1764499929454,888,135,1
1764499929461,886,135,1
1764499929461,882,135,1
1764499929461,880,135,1
1764499929461,879,135,1
1764499929472,877,135,1
1764499929472,876,135,1
1764499929472,873,135,1
1764499929472,871,135,1
1764499929472,870,135,1
1764499929481,868,135,1
1764499929481,867,135,1
1764499929481,864,135,1
1764499929486,862,135,1
1764499929486,860,135,1
1764499929491,858,135,1
1764499929491,856,135,1
1764499929491,854,135,1
1764499929491,852,135,1
1764499929491,851,135,1
1764499929502,849,135,1
1764499929502,846,135,1
1764499929502,845,135,1
1764499929502,843,135,1
1764499929502,841,135,1
1764499929511,840,135,1
1764499929511,837,135,1
1764499929511,835,136,1
1764499929518,834,137,1
1764499929518,832,137,1
1764499929521,830,138,1
1764499929521,829,138,1
1764499929521,826,139,1
1764499929521,824,140,1
1764499929521,822,140,1
1764499929531,821,140,1
1764499929533,819,140,1
1764499929533,817,141,1
1764499929533,815,141,1
1764499929533,813,142,1
1764499929541,812,143,1
1764499929541,809,143,1
1764499929541,807,144,1
1764499929541,806,145,1
1764499929549,804,145,1
1764499929551,802,146,1
1764499929551,801,146,1
1764499929555,799,147,1
1764499929555,797,147,1
1764499929555,795,149,1
1764499929561,794,149,1
1764499929565,790,152,1
1764499929565,789,152,1
1764499929565,787,153,1
1764499929571,784,153,1
1764499929571,784,154,1
1764499929571,782,155,1
1764499929571,780,156,1
1764499929571,779,157,1
1764499929581,777,158,1
1764499929581,775,158,1
1764499929581,773,160,1
1764499929581,772,161,1
1764499929581,770,162,1
1764499929591,769,163,1
1764499929591,768,163,1
1764499929591,766,164,1
1764499929597,763,167,1
1764499929602,762,168,1
1764499929602,761,168,1
1764499929602,759,170,1
1764499929602,758,170,1
1764499929602,756,171,1
1764499929612,755,172,1
1764499929615,752,174,1
1764499929622,747,177,1
1764499929622,746,178,1
1764499929622,744,179,1
1764499929622,744,180,1
1764499929629,742,181,1
1764499929631,741,182,1
1764499929631,740,182,1
1764499929631,738,184,1
1764499929631,736,185,1
1764499929631,735,186,1
1764499929641,734,187,1
1764499929641,732,188,1
1764499929644,731,189,1
1764499929644,730,190,1
1764499929644,728,191,1
1764499929651,727,191,1
1764499929651,726,193,1
1764499929655,725,194,1
1764499929655,724,194,1
1764499929655,723,195,1
1764499929661,722,197,1
1764499929661,720,199,1
1764499929661,719,199,1
1764499929661,718,201,1
1764499929661,718,202,1
1764499929672,716,202,1
1764499929672,716,204,1
1764499929672,715,205,1
1764499929678,713,207,1
1764499929679,712,208,1
1764499929682,710,209,1
1764499929682,708,210,1
1764499929682,708,212,1
1764499929682,706,214,1
1764499929682,705,215,1
1764499929691,704,217,1
1764499929691,702,218,1
1764499929691,702,220,1
1764499929691,700,222,1
1764499929691,698,224,1
1764499929691,696,225,1
1764499929702,694,226,1
1764499929702,694,228,1
1764499929707,693,230,1
1764499929707,691,231,1
1764499929712,689,233,1
1764499929712,687,236,1
1764499929712,687,238,1
1764499929712,685,238,1
1764499929712,683,240,1
1764499929722,682,243,1
1764499929723,680,244,1
1764499929723,679,246,1
1764499929723,678,248,1
1764499929723,677,249,1
1764499929731,675,251,1
1764499929731,675,252,1
1764499929731,673,254,1
1764499929731,672,256,1
1764499929739,670,258,1
1764499929741,669,258,1
1764499929741,669,261,1
1764499929741,668,262,1
1764499929741,667,263,1
1764499929741,666,265,1
1764499929752,665,266,1
1764499929752,665,267,1
1764499929755,664,269,1
1764499929755,663,270,1
1764499929755,662,271,1
1764499929755,662,273,1
1764499929762,661,273,1
1764499929762,660,275,1
1764499929762,659,275,1
1764499929762,659,276,1
1764499929771,658,278,1
1764499929771,658,280,1
1764499929771,657,281,1
1764499929771,656,281,1
1764499929771,655,282,1
1764499929782,655,283,1
1764499929782,655,284,1
1764499929782,654,284,1
1764499929787,654,285,1
1764499929787,653,286,1
1764499929791,653,287,1
1764499929791,652,287,1
1764499929791,652,288,1
1764499929791,651,289,1
1764499929803,650,290,1
1764499929811,650,291,1
1764499929822,649,291,1
0,0,0,0
1764499950965,649,294,1
1764499950965,648,296,1
1764499950965,647,297,1
1764499950965,647,299,1
1764499950975,646,301,1
1764499950978,645,303,1
1764499950978,644,308,1
1764499950978,643,309,1
1764499950985,643,312,1
1764499950985,642,313,1
1764499950985,641,315,1
1764499950985,641,316,1
1764499950993,640,318,1
1764499950995,640,320,1
1764499950995,638,321,1
1764499950995,637,323,1
1764499950995,637,324,1
1764499950995,636,326,1
1764499951005,635,327,1
1764499951005,635,328,1
1764499951009,635,329,1
1764499951009,634,331,1
1764499951015,633,331,1
1764499951015,633,333,1
1764499951015,632,334,1
1764499951015,632,336,1
1764499951015,632,337,1
1764499951026,631,338,1
1764499951027,630,339,1
1764499951027,630,341,1
1764499951027,630,342,1
1764499951035,630,343,1
1764499951035,630,344,1
1764499951035,629,345,1
1764499951041,628,346,1
1764499951045,628,348,1
1764499951045,627,348,1
1764499951045,627,349,1
1764499951045,627,350,1
1764499951055,627,351,1
1764499951057,626,353,1
1764499951057,626,354,1
1764499951065,625,355,1
1764499951065,625,356,1
1764499951065,625,357,1
1764499951065,624,358,1
1764499951073,624,359,1
1764499951075,624,360,1
1764499951075,624,362,1
1764499951075,623,362,1
1764499951085,623,364,1
1764499951085,623,365,1
1764499951088,623,366,1
1764499951095,623,367,1
1764499951095,622,367,1
1764499951095,622,369,1
1764499951104,622,370,1
1764499951105,622,371,1
1764499951105,622,372,1
1764499951105,622,373,1
1764499951115,621,373,1
1764499951115,621,374,1
1764499951121,621,375,1
1764499951123,620,375,1
1764499951127,620,377,1
1764499951127,619,377,1
1764499951127,619,378,1
1764499951137,619,379,1
1764499951141,619,380,1
1764499951141,618,380,1
1764499951145,618,381,1
1764499951145,618,382,1
1764499951152,617,383,1
1764499951155,617,384,1
1764499951155,617,385,1
1764499951165,617,386,1
1764499951168,616,386,1
1764499951168,616,388,1
1764499951168,616,389,1
1764499951175,615,391,1
1764499951175,615,393,1
1764499951184,615,394,1
1764499951186,615,396,1
1764499951187,614,396,1
1764499951187,614,398,1
1764499951187,614,399,1
1764499951187,614,400,1
1764499951195,614,402,1
1764499951195,613,403,1
1764499951200,613,405,1
1764499951200,613,407,1
1764499951205,613,409,1
1764499951205,613,411,1
1764499951205,613,413,1
1764499951205,613,414,1
1764499951215,613,416,1
1764499951215,613,417,1
1764499951215,612,419,1
1764499951215,612,422,1
1764499951225,611,424,1
1764499951225,611,426,1
1764499951231,610,429,1
1764499951233,610,430,1
1764499951235,610,431,1
1764499951237,609,433,1
1764499951237,609,434,1
1764499951241,609,436,1
1764499951241,608,438,1
1764499951247,608,440,1
1764499951249,608,442,1
1764499951249,608,443,1
1764499951249,608,445,1
1764499951255,608,446,1
1764499951255,608,447,1
1764499951255,608,449,1
1764499951255,608,451,1
1764499951265,608,452,1
1764499951265,608,454,1
1764499951265,607,455,1
1764499951265,607,457,1
1764499951265,607,458,1
1764499951265,607,459,1
1764499951275,607,461,1
1764499951278,607,462,1
1764499951278,607,465,1
1764499951278,606,467,1
1764499951285,606,468,1
1764499951285,606,470,1
1764499951285,606,471,1
1764499951285,606,473,1
1764499951295,606,476,1
1764499951295,606,477,1
1764499951295,606,479,1
1764499951305,606,481,1
1764499951305,606,483,1
1764499951310,606,484,1
1764499951310,606,486,1
1764499951310,606,487,1
1764499951315,606,488,1
1764499951315,606,490,1
1764499951315,605,490,1
1764499951315,605,492,1
1764499951315,605,494,1
1764499951325,605,496,1
1764499951325,605,497,1
1764499951325,605,499,1
1764499951325,605,502,1
1764499951335,605,503,1
1764499951335,605,504,1
1764499951335,605,506,1
1764499951341,605,507,1
1764499951341,605,509,1
1764499951345,605,510,1
1764499951345,605,512,1
1764499951345,605,514,1
1764499951345,605,515,1
1764499951345,605,517,1
1764499951355,605,519,1
1764499951357,605,520,1
1764499951357,605,522,1
1764499951357,605,523,1
1764499951357,605,525,1
1764499951365,605,526,1
1764499951365,606,528,1
1764499951365,606,529,1
1764499951365,606,530,1
1764499951373,606,532,1
1764499951375,606,534,1
1764499951375,606,535,1
1764499951375,606,537,1
1764499951375,606,539,1
1764499951385,606,540,1
1764499951385,606,541,1
1764499951388,606,543,1
1764499951388,606,544,1
1764499951388,606,545,1
1764499951395,606,547,1
1764499951395,606,549,1
1764499951395,606,550,1
1764499951395,606,552,1
1764499951405,607,553,1
1764499951408,607,554,1
1764499951408,607,557,1
1764499951408,607,558,1
1764499951415,607,559,1
1764499951415,607,561,1
1764499951415,607,562,1
1764499951420,607,564,1
1764499951420,608,567,1
1764499951420,608,568,1
1764499951425,608,569,1
1764499951425,608,571,1
1764499951425,609,573,1
1764499951425,609,575,1
1764499951425,609,577,1
1764499951436,610,578,1
1764499951437,610,579,1
1764499951437,610,581,1
1764499951442,610,582,1
1764499951442,611,583,1
1764499951445,612,586,1
1764499951445,612,589,1
1764499951452,612,591,1
1764499951455,612,594,1
1764499951455,613,594,1
1764499951455,613,596,1
1764499951455,614,598,1
1764499951465,614,599,1
1764499951465,614,601,1
1764499951468,615,602,1
1764499951468,615,604,1
1764499951468,616,606,1
1764499951468,616,607,1
1764499951475,616,608,1
1764499951475,616,610,1
1764499951475,617,612,1
1764499951483,617,614,1
1764499951485,617,615,1
1764499951485,618,616,1
1764499951485,618,617,1
1764499951485,619,618,1
1764499951485,619,620,1
1764499951495,620,623,1
1764499951499,620,624,1
1764499951499,620,625,1
1764499951499,621,627,1
1764499951505,621,628,1
1764499951505,622,629,1
1764499951505,623,632,1
1764499951505,623,634,1
1764499951517,624,636,1
1764499951517,624,637,1
1764499951517,625,639,1
1764499951517,626,641,1
1764499951517,626,642,1
1764499951525,627,644,1
1764499951525,628,645,1
1764499951531,628,648,1
1764499951531,629,649,1
1764499951535,630,650,1
1764499951535,630,652,1
1764499951535,631,652,1
1764499951542,631,654,1
1764499951542,631,656,1
1764499951547,632,658,1
1764499951547,632,659,1
1764499951547,633,660,1
1764499951547,633,661,1
1764499951555,634,662,1
1764499951555,634,663,1
1764499951555,634,664,1
1764499951555,634,665,1
1764499951565,635,667,1
1764499951565,636,668,1
1764499951565,636,669,1
1764499951575,637,671,1
1764499951575,637,672,1
1764499951578,638,672,1
1764499951581,638,675,1
1764499951581,639,676,1
1764499951585,640,678,1
1764499951585,640,679,1
1764499951585,641,680,1
1764499951594,641,681,1
1764499951595,642,683,1
1764499951595,643,685,1
1764499951605,644,686,1
1764499951605,644,687,1
1764499951605,644,689,1
1764499951610,645,689,1
1764499951610,645,690,1
1764499951610,646,692,1
1764499951615,646,693,1
1764499951615,647,694,1
1764499951615,647,695,1
1764499951615,648,696,1
1764499951615,648,697,1
1764499951635,654,707,1
1764499951642,655,708,1
1764499951642,655,710,1
1764499951648,657,713,1
1764499951648,657,715,1
1764499951648,659,716,1
1764499951648,660,717,1
1764499951655,661,719,1
1764499951657,661,720,1
1764499951657,662,721,1
1764499951657,663,723,1
1764499951665,663,724,1
1764499951665,665,725,1
1764499951665,666,727,1
1764499951665,666,728,1
1764499951673,667,731,1
1764499951675,669,732,1
1764499951677,670,733,1
1764499951677,670,735,1
1764499951677,671,736,1
1764499951677,671,737,1
1764499951685,672,738,1
1764499951685,673,739,1
1764499951688,673,740,1
1764499951688,675,742,1
1764499951688,675,743,1
1764499951695,677,745,1
1764499951695,678,746,1
1764499951695,679,747,1
1764499951704,680,749,1
1764499951705,681,749,1
1764499951705,682,751,1
1764499951705,682,752,1
1764499951705,683,753,1
1764499951715,684,753,1
1764499951715,685,755,1
1764499951715,686,756,1
1764499951720,687,758,1
1764499951720,688,758,1
1764499951720,689,759,1
1764499951725,690,760,1
1764499951725,691,761,1
1764499951725,693,762,1
1764499951725,694,764,1
1764499951725,694,765,1
1764499951736,696,766,1
1764499951736,698,767,1
1764499951736,699,769,1
1764499951736,699,770,1
1764499951742,701,770,1
1764499951745,703,773,1
1764499951745,704,774,1
1764499951752,706,775,1
1764499951752,706,776,1
1764499951755,708,777,1
1764499951755,710,778,1
1764499951755,711,780,1
1764499951755,713,781,1
1764499951765,715,782,1
1764499951767,716,783,1
1764499951767,717,783,1
1764499951767,718,784,1
1764499951767,719,785,1
1764499951775,721,786,1
1764499951775,723,788,1
1764499951775,725,788,1
1764499951775,725,789,1
1764499951784,728,790,1
1764499951785,729,791,1
1764499951787,730,791,1
1764499951787,732,793,1
1764499951787,733,793,1
1764499951787,734,794,1
1764499951795,737,795,1
1764499951799,739,796,1
1764499951799,741,797,1
1764499951799,741,798,1
1764499951805,743,798,1
1764499951805,744,799,1
1764499951805,745,799,1
1764499951805,746,800,1
1764499951805,747,800,1
1764499951816,748,801,1
1764499951818,750,801,1
1764499951818,752,801,1
1764499951818,753,802,1
1764499951825,753,803,1
1764499951825,755,803,1
1764499951831,757,803,1
1764499951831,758,804,1
1764499951835,759,804,1
1764499951835,761,805,1
1764499951842,763,805,1
1764499951847,764,806,1
1764499951847,766,807,1
1764499951847,768,807,1
1764499951855,770,807,1
1764499951855,771,808,1
1764499951855,772,808,1
1764499951855,772,809,1
1764499951863,774,809,1
1764499951865,775,810,1
1764499951868,776,810,1
1764499951869,778,810,1
1764499951869,779,810,1
1764499951869,780,810,1
1764499951875,781,811,1
1764499951878,781,812,1
1764499951878,784,812,1
1764499951885,785,813,1
1764499951885,787,813,1
1764499951885,790,813,1
1764499951894,790,814,1
1764499951897,793,815,1
1764499951897,794,816,1
1764499951897,797,816,1
1764499951897,799,816,1
1764499951905,802,817,1
1764499951910,803,817,1
1764499951915,808,818,1
1764499951915,809,819,1
1764499951915,812,819,1
1764499951915,813,820,1
1764499951915,815,820,1
1764499951915,818,821,1
1764499951926,820,821,1
1764499951926,821,822,1
1764499951926,824,822,1
1764499951926,826,823,1
1764499951926,828,824,1
1764499951935,830,824,1
1764499951935,833,825,1
1764499951935,835,826,1
1764499951943,836,827,1
1764499951943,839,827,1
1764499951945,842,828,1
1764499951945,845,828,1
1764499951945,847,828,1
1764499951945,848,829,1
1764499951955,851,830,1
1764499951957,853,830,1
1764499951957,855,830,1
1764499951957,858,831,1
1764499951957,860,832,1
1764499951965,862,832,1
1764499951965,864,833,1
1764499951965,867,834,1
1764499951965,869,835,1
1764499951975,871,835,1
1764499951975,873,835,1
1764499951978,874,835,1
1764499951978,876,835,1
1764499951978,879,836,1
1764499951978,881,836,1
1764499951985,884,837,1
1764499951985,887,837,1
1764499951990,890,838,1
1764499951990,891,839,1
1764499951990,894,840,1
1764499951995,900,842,1
1764499951995,902,843,1
1764499951995,905,843,1
1764499951995,908,844,1
1764499952006,910,845,1
1764499952007,912,845,1
1764499952007,915,847,1
1764499952007,918,847,1
1764499952007,919,847,1
1764499952015,922,847,1
1764499952015,925,847,1
1764499952015,926,848,1
1764499952021,929,848,1
1764499952021,931,849,1
1764499952025,933,850,1
1764499952025,936,850,1
1764499952025,938,851,1
1764499952025,939,852,1
1764499952025,942,852,1
1764499952035,945,853,1
1764499952037,946,853,1
1764499952037,947,853,1
1764499952037,949,853,1
1764499952043,950,854,1
1764499952045,955,854,1
1764499952045,956,854,1
1764499952045,959,854,1
1764499952052,961,854,1
1764499952055,963,854,1
1764499952055,964,854,1
1764499952055,966,854,1
1764499952055,968,854,1
1764499952064,970,855,1
1764499952065,971,855,1
1764499952068,973,855,1
1764499952070,975,855,1
1764499952071,977,855,1
1764499952071,979,855,1
1764499952075,980,855,1
1764499952075,981,855,1
1764499952080,983,856,1
1764499952080,984,856,1
1764499952080,986,856,1
1764499952085,987,856,1
1764499952085,988,856,1
1764499952085,989,856,1
1764499952085,990,856,1
1764499952085,991,856,1
1764499952097,993,856,1
1764499952101,995,856,1
1764499952101,996,856,1
1764499952105,997,856,1
1764499952105,998,856,1
1764499952105,999,856,1
1764499952105,1000,856,1
1764499952105,1001,856,1
1764499952118,1002,856,1
1764499952118,1003,856,1
1764499952125,1004,856,1
1764499952125,1005,856,1
1764499952125,1006,856,1
1764499952125,1006,855,1
1764499952132,1007,855,1
1764499952132,1008,855,1
1764499952135,1009,855,1
1764499952135,1010,855,1
1764499952135,1011,855,1
1764499952147,1014,855,1
1764499952147,1015,855,1
1764499952155,1017,854,1
1764499952155,1018,853,1
1764499952155,1019,853,1
1764499952163,1020,853,1
1764499952165,1021,852,1
1764499952165,1024,851,1
1764499952165,1025,851,1
1764499952165,1026,851,1
1764499952175,1027,851,1
1764499952175,1029,851,1
1764499952182,1031,851,1
1764499952184,1032,850,1
1764499952186,1033,850,1
1764499952186,1034,850,1
1764499952186,1036,849,1
1764499952186,1037,849,1
1764499952195,1038,848,1
1764499952195,1040,848,1
1764499952195,1041,848,1
1764499952205,1042,848,1
1764499952205,1043,848,1
1764499952211,1046,847,1
1764499952215,1046,846,1
1764499952215,1047,846,1
1764499952215,1048,846,1
1764499952215,1049,846,1
1764499952215,1050,846,1
1764499952225,1051,845,1
1764499952227,1051,844,1
1764499952227,1052,844,1
1764499952227,1054,843,1
1764499952227,1055,842,1
1764499952235,1056,842,1
1764499952235,1058,842,1
1764499952235,1059,842,1
1764499952235,1060,841,1
1764499952243,1061,840,1
1764499952245,1064,840,1
1764499952245,1065,839,1
1764499952245,1066,839,1
1764499952245,1068,838,1
1764499952255,1068,837,1
1764499952255,1070,837,1
1764499952260,1071,837,1
1764499952262,1073,835,1
1764499952265,1074,835,1
1764499952265,1075,834,1
1764499952265,1077,834,1
1764499952265,1078,833,1
1764499952265,1078,832,1
1764499952275,1080,831,1
1764499952275,1081,831,1
1764499952275,1082,830,1
1764499952275,1084,830,1
1764499952275,1084,829,1
1764499952285,1086,828,1
1764499952285,1087,827,1
1764499952285,1088,827,1
1764499952291,1090,826,1
1764499952291,1091,825,1
1764499952295,1093,824,1
1764499952295,1095,823,1
1764499952295,1096,822,1
1764499952295,1097,822,1
1764499952305,1098,820,1
1764499952308,1099,820,1
1764499952308,1101,819,1
1764499952315,1104,818,1
1764499952315,1106,817,1
1764499952315,1108,817,1
1764499952315,1110,815,1
1764499952324,1112,814,1
1764499952325,1114,813,1
1764499952325,1115,813,1
1764499952325,1116,813,1
1764499952325,1118,812,1
1764499952325,1119,811,1
1764499952335,1121,811,1
1764499952338,1123,810,1
1764499952338,1123,809,1
1764499952338,1126,809,1
1764499952347,1130,807,1
1764499952347,1131,807,1
1764499952347,1133,807,1
1764499952354,1133,805,1
1764499952356,1135,805,1
1764499952356,1137,804,1
1764499952356,1138,804,1
1764499952365,1142,803,1
1764499952365,1144,801,1
1764499952365,1145,800,1
1764499952370,1147,799,1
1764499952372,1148,799,1
1764499952372,1149,799,1
1764499952375,1151,798,1
1764499952375,1153,797,1
1764499952375,1153,796,1
1764499952375,1154,795,1
1764499952375,1157,794,1
1764499952385,1159,792,1
1764499952385,1160,791,1
1764499952395,1162,790,1
1764499952395,1163,789,1
1764499952395,1164,788,1
1764499952395,1165,788,1
1764499952402,1166,787,1
1764499952402,1166,785,1
1764499952405,1168,785,1
1764499952405,1169,783,1
1764499952405,1170,783,1
1764499952415,1172,779,1
1764499952415,1174,779,1
1764499952417,1175,778,1
1764499952420,1175,776,1
1764499952422,1177,775,1
1764499952424,1178,774,1
1764499952425,1179,773,1
1764499952425,1181,772,1
1764499952425,1183,771,1
1764499952432,1184,770,1
1764499952432,1185,769,1
1764499952435,1186,768,1
1764499952435,1188,767,1
1764499952435,1189,765,1
1764499952443,1191,765,1
1764499952447,1192,764,1
1764499952448,1192,763,1
1764499952448,1193,763,1
1764499952448,1194,763,1
1764499952448,1195,762,1
1764499952455,1195,761,1
1764499952455,1197,761,1
1764499952455,1198,760,1
1764499952465,1200,758,1
1764499952465,1201,758,1
1764499952465,1201,757,1
1764499952465,1202,756,1
1764499952465,1203,756,1
1764499952465,1204,755,1
1764499952475,1205,755,1
1764499952475,1206,753,1
1764499952480,1207,753,1
1764499952480,1208,752,1
1764499952480,1209,750,1
1764499952485,1210,750,1
1764499952485,1211,750,1
1764499952485,1212,748,1
1764499952485,1214,748,1
1764499952485,1214,746,1
1764499952496,1217,746,1
1764499952498,1217,745,1
1764499952498,1218,744,1
1764499952498,1219,743,1
1764499952498,1220,742,1
1764499952505,1221,741,1
1764499952505,1222,740,1
1764499952505,1222,739,1
1764499952515,1225,737,1
1764499952516,1226,737,1
1764499952516,1226,736,1
1764499952516,1228,734,1
1764499952516,1228,733,1
1764499952516,1230,731,1
1764499952525,1230,730,1
1764499952528,1231,729,1
1764499952528,1232,727,1
1764499952528,1233,726,1
1764499952528,1234,725,1
1764499952535,1235,722,1
1764499952535,1236,721,1
1764499952535,1237,720,1
1764499952535,1238,718,1
1764499952544,1238,716,1
1764499952545,1240,715,1
1764499952545,1240,714,1
1764499952545,1241,712,1
1764499952545,1243,711,1
1764499952545,1244,709,1
1764499952555,1244,708,1
1764499952559,1245,706,1
1764499952559,1247,704,1
1764499952565,1247,703,1
1764499952565,1248,703,1
1764499952565,1248,700,1
1764499952565,1250,698,1
1764499952575,1251,697,1
1764499952577,1251,696,1
1764499952577,1252,694,1
1764499952577,1253,694,1
1764499952577,1254,692,1
1764499952585,1254,691,1
1764499952585,1255,691,1
1764499952585,1256,689,1
1764499952591,1256,687,1
1764499952591,1257,687,1
1764499952595,1258,685,1
1764499952595,1258,684,1
1764499952595,1260,683,1
1764499952595,1260,682,1
1764499952595,1261,680,1
1764499952605,1263,679,1
1764499952607,1263,677,1
1764499952607,1264,676,1
1764499952615,1266,674,1
1764499952615,1266,671,1
1764499952615,1267,670,1
1764499952619,1269,667,1
1764499952619,1270,666,1
1764499952625,1271,664,1
1764499952625,1271,662,1
1764499952625,1272,660,1
1764499952625,1274,658,1
1764499952625,1275,655,1
1764499952625,1276,653,1
1764499952635,1277,651,1
1764499952638,1278,649,1
1764499952655,1283,634,1
1764499952655,1284,633,1
1764499952655,1286,631,1
1764499952655,1286,629,1
1764499952665,1288,627,1
1764499952665,1289,624,1
1764499952670,1289,622,1
1764499952673,1290,622,1
1764499952674,1290,620,1
1764499952675,1291,618,1
1764499952675,1292,617,1
1764499952675,1293,615,1
1764499952675,1294,613,1
1764499952675,1294,612,1
1764499952685,1295,610,1
1764499952685,1295,608,1
1764499952685,1296,606,1
1764499952685,1296,605,1
1764499952685,1297,603,1
1764499952697,1298,600,1
1764499952697,1299,597,1
1764499952705,1301,592,1
1764499952705,1301,589,1
1764499952705,1302,587,1
1764499952705,1303,585,1
1764499952715,1303,584,1
1764499952717,1304,582,1
1764499952717,1304,581,1
1764499952717,1305,579,1
1764499952717,1306,577,1
1764499952725,1307,575,1
1764499952725,1307,573,1
1764499952725,1307,570,1
1764499952733,1308,570,1
1764499952735,1308,567,1
1764499952735,1309,567,1
1764499952735,1309,565,1
1764499952735,1310,563,1
1764499952745,1311,561,1
1764499952749,1311,558,1
1764499952749,1312,557,1
1764499952749,1312,555,1
1764499952749,1313,553,1
1764499952755,1314,552,1
1764499952755,1314,551,1
1764499952755,1315,549,1
1764499952765,1316,546,1
1764499952765,1317,544,1
1764499952765,1317,542,1
1764499952765,1318,539,1
1764499952765,1319,538,1
1764499952765,1319,536,1
1764499952775,1320,533,1
1764499952775,1320,531,1
1764499952780,1321,530,1
1764499952780,1322,528,1
1764499952780,1323,525,1
1764499952785,1323,524,1
1764499952785,1324,521,1
1764499952785,1325,518,1
1764499952785,1326,515,1
1764499952797,1327,514,1
1764499952797,1327,512,1
1764499952797,1328,509,1
1764499952797,1328,508,1
1764499952797,1329,506,1
1764499952805,1329,504,1
1764499952805,1329,503,1
1764499952805,1329,501,1
1764499952811,1330,497,1
1764499952815,1330,495,1
1764499952815,1331,494,1
1764499952815,1331,492,1
1764499952815,1331,489,1
1764499952815,1332,488,1
1764499952825,1332,486,1
1764499952827,1332,484,1
1764499952827,1333,482,1
1764499952827,1333,480,1
1764499952827,1333,478,1
1764499952835,1333,477,1
1764499952835,1333,475,1
1764499952835,1334,474,1
1764499952835,1334,472,1
1764499952843,1334,470,1
1764499952846,1334,469,1
1764499952846,1334,468,1
1764499952846,1334,466,1
1764499952846,1334,465,1
1764499952846,1334,464,1
1764499952855,1334,463,1
1764499952855,1334,461,1
1764499952860,1334,460,1
1764499952861,1334,459,1
1764499952861,1334,457,1
1764499952865,1334,456,1
1764499952865,1334,455,1
1764499952865,1334,453,1
1764499952865,1334,452,1
1764499952865,1334,450,1
1764499952876,1334,447,1
1764499952876,1334,445,1
1764499952876,1334,444,1
1764499952876,1334,443,1
1764499952885,1334,441,1
1764499952885,1334,439,1
1764499952885,1334,436,1
1764499952891,1334,435,1
1764499952891,1334,433,1
1764499952895,1333,431,1
1764499952895,1333,429,1
1764499952895,1332,428,1
1764499952895,1332,426,1
1764499952905,1332,424,1
1764499952907,1332,423,1
1764499952907,1331,422,1
1764499952907,1331,420,1
1764499952907,1331,419,1
1764499952915,1330,416,1
1764499952915,1330,415,1
1764499952915,1330,414,1
1764499952915,1330,412,1
1764499952922,1330,411,1
1764499952925,1329,410,1
1764499952925,1329,408,1
1764499952925,1328,406,1
1764499952925,1328,405,1
1764499952935,1328,403,1
1764499952938,1328,402,1
1764499952938,1327,401,1
1764499952938,1327,399,1
1764499952943,1327,398,1
1764499952945,1327,397,1
1764499952945,1327,396,1
1764499952945,1327,395,1
1764499952945,1326,393,1
1764499952954,1325,392,1
1764499952956,1325,391,1
1764499952956,1325,389,1
1764499952956,1324,387,1
1764499952956,1323,385,1
1764499952965,1322,382,1
1764499952970,1322,380,1
1764499952970,1321,379,1
1764499952970,1320,378,1
1764499952975,1319,376,1
1764499952975,1318,373,1
1764499952975,1318,371,1
1764499952985,1317,369,1
1764499952988,1317,368,1
1764499952988,1317,366,1
1764499952988,1316,365,1
1764499952988,1315,365,1
1764499952995,1315,363,1
1764499952995,1314,362,1
1764499952995,1314,361,1
1764499953001,1314,359,1
1764499953004,1313,359,1
1764499953006,1312,357,1
1764499953008,1312,356,1
1764499953008,1312,355,1
1764499953008,1311,353,1
1764499953008,1310,351,1
1764499953017,1309,350,1
1764499953017,1308,348,1
1764499953017,1308,347,1
1764499953017,1308,346,1
1764499953025,1307,345,1
1764499953025,1306,343,1
1764499953025,1305,342,1
1764499953033,1304,340,1
1764499953035,1304,339,1
1764499953035,1304,338,1
1764499953035,1304,337,1
1764499953035,1302,336,1
1764499953043,1302,334,1
1764499953045,1301,334,1
1764499953045,1301,333,1
1764499953049,1301,331,1
1764499953049,1300,331,1
1764499953049,1300,329,1
1764499953055,1299,328,1
1764499953055,1298,327,1
1764499953055,1298,326,1
1764499953055,1297,325,1
1764499953055,1296,323,1
1764499953067,1296,322,1
1764499953068,1295,321,1
1764499953068,1295,320,1
1764499953068,1294,318,1
1764499953068,1293,317,1
1764499953075,1292,316,1
1764499953075,1291,314,1
1764499953081,1291,312,1
1764499953081,1290,310,1
1764499953085,1289,310,1
1764499953085,1288,309,1
1764499953085,1287,307,1
1764499953085,1287,306,1
1764499953085,1286,305,1
1764499953097,1285,303,1
1764499953097,1284,301,1
1764499953097,1283,300,1
1764499953097,1281,298,1
1764499953097,1280,297,1
1764499953105,1278,295,1
1764499953105,1278,293,1
1764499953105,1276,292,1
1764499953112,1275,290,1
1764499953112,1272,288,1
1764499953116,1271,288,1
1764499953118,1270,285,1
1764499953118,1268,283,1
1764499953118,1267,283,1
1764499953118,1266,281,1
1764499953125,1264,279,1
1764499953128,1261,276,1
1764499953128,1260,274,1
1764499953128,1259,272,1
1764499953135,1257,271,1
1764499953135,1255,270,1
1764499953135,1254,268,1
1764499953135,1254,267,1
1764499953143,1252,266,1
1764499953145,1252,264,1
1764499953145,1250,264,1
1764499953145,1250,263,1
1764499953145,1250,262,1
1764499953145,1248,260,1
1764499953155,1247,259,1
1764499953155,1247,258,1
1764499953159,1245,258,1
1764499953159,1244,257,1
1764499953159,1244,256,1
1764499953165,1242,255,1
1764499953165,1241,254,1
1764499953165,1241,253,1
1764499953165,1240,252,1
1764499953165,1239,252,1
1764499953175,1238,251,1
1764499953178,1237,250,1
1764499953178,1236,248,1
1764499953182,1235,248,1
1764499953184,1235,247,1
1764499953185,1234,245,1
1764499953185,1232,245,1
1764499953185,1232,244,1
1764499953191,1231,243,1
1764499953191,1231,242,1
1764499953195,1229,242,1
1764499953195,1228,241,1
1764499953195,1228,240,1
1764499953195,1226,240,1
1764499953195,1225,239,1
1764499953205,1224,237,1
1764499953208,1223,236,1
1764499953208,1222,236,1
1764499953208,1222,235,1
1764499953208,1220,233,1
1764499953215,1219,233,1
1764499953215,1219,232,1
1764499953215,1217,231,1
1764499953215,1216,231,1
1764499953223,1215,230,1
1764499953225,1215,228,1
1764499953225,1213,228,1
1764499953225,1211,227,1
1764499953225,1211,226,1
1764499953225,1210,226,1
1764499953235,1209,225,1
1764499953239,1208,224,1
1764499953240,1207,223,1
1764499953243,1206,223,1
1764499953245,1205,222,1
1764499953245,1205,221,1
1764499953245,1204,221,1
1764499953255,1203,221,1
1764499953255,1203,220,1
1764499955372,1201,219,1
1764499955372,1200,218,1
1764499955376,1198,217,1
1764499955376,1198,216,1
1764499955376,1196,215,1
1764499955376,1194,215,1
1764499955386,1194,214,1
1764499955388,1192,213,1
1764499955388,1190,211,1
1764499955388,1188,210,1
1764499955396,1186,210,1
1764499955396,1184,209,1
1764499955396,1182,208,1
1764499955396,1181,207,1
1764499955404,1178,205,1
1764499955406,1176,204,1
1764499955406,1174,202,1
1764499955406,1169,201,1
1764499955406,1167,199,1
1764499955406,1164,198,1
1764499955416,1161,196,1
1764499955419,1160,195,1
1764499955419,1157,193,1
1764499955419,1154,192,1
1764499955419,1151,192,1
1764499955428,1147,190,1
1764499955428,1145,189,1
1764499955428,1142,187,1
1764499955428,1139,186,1
1764499955436,1136,185,1
1764499955438,1134,182,1
1764499955438,1131,181,1
1764499955438,1128,180,1
1764499955446,1123,177,1
1764499955447,1119,176,1
1764499955447,1116,175,1
1764499955451,1110,172,1
1764499955451,1108,170,1
1764499955456,1105,169,1
1764499955456,1102,169,1
1764499955456,1097,166,1
1764499955456,1095,165,1
1764499955467,1092,164,1
1764499955467,1090,164,1
1764499955467,1089,163,1
1764499955467,1087,163,1
1764499955467,1084,161,1
1764499955478,1082,159,1
1764499955478,1080,159,1
1764499955483,1077,158,1
1764499955486,1076,158,1
1764499955486,1075,157,1
1764499955486,1074,156,1
1764499955486,1072,155,1
1764499955486,1071,155,1
1764499955496,1069,155,1
1764499955498,1068,154,1
1764499955500,1067,154,1
1764499955502,1066,153,1
1764499955506,1063,153,1
1764499955506,1063,152,1
1764499955506,1062,152,1
1764499955506,1062,151,1
1764499955514,1059,150,1
1764499955516,1058,150,1
1764499955516,1057,149,1
1764499955516,1055,148,1
1764499955516,1054,148,1
1764499955526,1052,147,1
1764499955530,1051,146,1
1764499955530,1049,145,1
1764499955536,1046,145,1
1764499955536,1045,145,1
1764499955544,1045,144,1
1764499955547,1043,144,1
1764499955549,1042,144,1
1764499955549,1042,143,1
1764499955549,1040,143,1
1764499955549,1039,143,1
1764499955562,1036,142,1
1764499955565,1035,142,1
1764499955566,1034,142,1
1764499955566,1033,141,1
1764499955566,1031,140,1
1764499955578,1028,140,1
1764499955578,1027,140,1
1764499955578,1026,140,1
1764499955578,1025,140,1
1764499955586,1023,140,1
1764499955589,1023,139,1
1764499955589,1021,139,1
1764499955593,1020,138,1
1764499955596,1018,138,1
1764499955596,1017,138,1
1764499955596,1016,138,1
1764499955596,1015,137,1
1764499955596,1014,137,1
1764499955606,1012,137,1
1764499955606,1011,137,1
1764499955611,1010,136,1
1764499955616,1007,135,1
1764499955616,1006,134,1
1764499955616,1004,134,1
1764499955626,1002,134,1
1764499955626,1000,133,1
1764499955626,999,133,1
1764499955626,998,132,1
1764499955636,997,132,1
1764499955636,995,131,1
1764499955640,994,131,1
1764499955642,993,130,1
1764499955645,992,130,1
1764499955646,991,130,1
1764499955647,989,130,1
1764499955647,988,130,1
1764499955647,987,130,1
1764499955647,985,130,1
1764499955671,973,128,1
1764499955671,972,128,1
1764499955679,969,128,1
1764499955681,967,128,1
1764499955681,965,128,1
1764499955686,964,128,1
1764499955688,963,128,1
1764499955688,962,128,1
1764499955688,961,128,1
1764499955688,959,128,1
1764499955696,958,128,1
1764499955696,957,128,1
1764499955696,955,128,1
1764499955703,952,128,1
1764499955706,951,128,1
1764499955708,950,128,1
1764499955708,948,128,1
1764499955708,947,128,1
1764499955708,946,128,1
1764499955716,944,128,1
1764499955719,943,128,1
1764499955719,941,128,1
1764499955719,940,128,1
1764499955726,938,128,1
1764499955728,936,128,1
1764499955728,934,128,1
1764499955728,933,128,1
1764499955736,929,129,1
1764499955736,928,130,1
1764499955736,926,130,1
1764499955736,925,130,1
1764499955736,924,130,1
1764499955747,922,130,1
1764499955747,922,131,1
1764499955750,920,131,1
1764499955750,918,133,1
1764499955750,917,133,1
1764499955756,915,133,1
1764499955756,913,134,1
1764499955756,912,135,1
1764499955756,910,136,1
1764499955756,908,136,1
1764499955766,907,136,1
1764499955766,904,137,1
1764499955766,903,138,1
1764499955766,900,138,1
1764499955776,898,139,1
1764499955776,896,139,1
1764499955781,894,140,1
1764499955781,893,141,1
1764499955786,890,142,1
1764499955786,889,142,1
1764499955786,888,143,1
1764499955786,884,144,1
1764499955796,883,144,1
1764499955797,882,144,1
1764499955800,881,145,1
1764499955802,878,145,1
1764499955804,877,146,1
1764499955806,876,146,1
1764499955806,874,147,1
1764499955806,872,148,1
1764499955814,870,148,1
1764499955816,868,148,1
1764499955816,867,149,1
1764499955816,865,150,1
1764499955816,864,150,1
1764499955816,863,151,1
1764499955826,861,152,1
1764499955826,859,153,1
1764499955830,857,153,1
1764499955833,856,153,1
1764499955836,853,154,1
1764499955836,851,155,1
1764499955836,849,156,1
1764499955836,846,157,1
1764499955845,845,157,1
1764499955848,844,157,1
1764499955848,842,158,1
1764499955848,841,158,1
1764499955848,840,159,1
1764499955856,839,160,1
1764499955856,838,160,1
1764499955861,836,160,1
1764499955861,834,160,1
1764499955861,834,161,1
1764499955866,832,162,1
1764499955866,831,162,1
1764499955866,829,163,1
1764499955866,828,163,1
1764499955866,827,163,1
1764499955878,825,163,1
1764499955878,824,164,1
1764499955878,823,164,1
1764499955878,822,165,1
1764499955878,821,165,1
1764499955886,820,166,1
1764499955886,818,166,1
1764499955886,817,166,1
1764499955893,814,167,1
1764499955896,813,167,1
1764499955896,812,168,1
1764499955896,809,169,1
1764499955906,807,169,1
1764499955909,805,170,1
1764499955909,804,171,1
1764499955909,803,171,1
1764499955916,802,171,1
1764499955916,801,172,1
1764499955916,800,172,1
1764499955916,799,173,1
1764499955925,798,173,1
1764499955925,797,173,1
1764499955925,796,174,1
1764499955925,796,175,1
1764499955925,795,175,1
1764499955936,793,175,1
1764499955942,791,175,1
1764499955946,790,176,1
1764499955948,788,177,1
1764499955948,786,178,1
1764499955957,785,178,1
1764499955957,784,178,1
1764499955957,783,179,1
1764499955966,782,179,1
1764499955966,780,180,1
1764499955975,779,180,1
1764499955976,778,181,1
1764499955976,777,181,1
1764499955976,776,182,1
1764499955976,775,182,1
1764499955985,774,183,1
1764499955988,772,184,1
1764499955988,771,185,1
1764499955995,769,186,1
1764499955995,768,186,1
1764499955995,767,187,1
1764499955995,766,188,1
1764499956004,765,188,1
1764499956006,764,188,1
1764499956008,762,189,1
1764499956008,761,190,1
1764499956008,760,190,1
1764499956008,758,191,1
1764499956016,756,192,1
1764499956020,754,192,1
1764499956023,752,193,1
1764499956023,751,194,1
1764499956026,749,194,1
1764499956026,747,195,1
1764499956026,746,196,1
1764499956026,744,197,1
1764499956026,741,198,1
1764499956036,740,198,1
1764499956036,738,199,1
1764499956036,736,199,1
1764499956044,732,201,1
1764499956045,730,202,1
1764499956048,728,203,1
1764499956048,726,204,1
1764499956053,724,206,1
1764499956054,722,206,1
1764499956056,720,207,1
1764499956056,719,208,1
1764499956056,716,209,1
1764499956056,714,211,1
1764499956056,712,212,1
1764499956066,711,212,1
1764499956067,709,213,1
1764499956067,707,214,1
1764499956067,706,216,1
1764499956067,703,217,1
1764499956078,701,218,1
1764499956078,699,220,1
1764499956078,698,220,1
1764499956078,696,220,1
1764499956083,694,223,1
1764499956086,692,224,1
1764499956086,691,225,1
1764499956086,689,226,1
1764499956086,686,228,1
1764499956096,684,229,1
1764499956099,682,231,1
1764499956099,680,232,1
1764499956099,679,234,1
1764499956099,677,234,1
1764499956106,675,235,1
1764499956106,672,236,1
1764499956111,672,238,1
1764499956111,670,239,1
1764499956115,668,240,1
1764499956116,666,241,1
1764499956116,666,242,1
1764499956116,664,243,1
1764499956116,662,245,1
1764499956116,661,246,1
1764499956126,660,246,1
1764499956126,658,247,1
1764499956130,657,248,1
1764499956130,656,249,1
1764499956130,654,249,1
1764499956136,654,250,1
1764499956136,652,252,1
1764499956136,651,252,1
1764499956142,649,254,1
1764499956146,648,255,1
1764499956148,647,256,1
1764499956148,646,257,1
1764499956148,645,258,1
1764499956156,644,260,1
1764499956156,643,261,1
1764499956160,642,261,1
1764499956162,642,262,1
1764499956162,641,263,1
1764499956166,640,264,1
1764499956166,638,265,1
1764499956166,638,266,1
1764499956166,637,268,1
1764499956166,636,268,1
1764499956178,635,270,1
1764499956178,633,271,1
1764499956178,633,273,1
1764499956178,632,274,1
1764499956186,631,275,1
1764499956186,630,276,1
1764499956186,629,277,1
1764499956193,628,279,1
1764499956196,627,281,1
1764499956199,626,281,1
1764499956199,625,283,1
1764499956199,625,284,1
1764499956199,624,285,1
1764499956206,623,287,1
1764499956209,623,288,1
1764499956209,621,289,1
1764499956209,621,290,1
1764499956209,621,292,1
1764499956216,620,292,1
1764499956216,620,294,1
1764499956216,619,295,1
1764499956226,618,297,1
1764499956228,617,299,1
1764499956228,616,300,1
1764499956228,616,301,1
1764499956228,616,303,1
1764499956236,615,304,1
1764499956241,614,306,1
1764499956244,614,308,1
1764499956246,613,308,1
1764499956248,613,310,1
1764499956248,613,311,1
1764499956248,613,312,1
1764499956248,612,313,1
1764499956256,612,314,1
1764499956257,611,315,1
1764499956260,610,317,1
1764499956260,610,318,1
1764499956260,610,319,1
1764499956266,610,320,1
1764499956266,610,321,1
1764499956266,609,322,1
1764499956276,608,325,1
1764499956276,607,327,1
1764499956276,607,329,1
1764499956276,607,330,1
1764499956276,607,331,1
1764499956286,606,333,1
1764499956289,606,335,1
1764499956294,606,337,1
1764499956296,605,339,1
1764499956296,605,340,1
1764499956296,604,340,1
1764499956296,604,342,1
1764499956305,604,343,1
1764499956306,604,344,1
1764499956306,604,346,1
1764499956310,604,347,1
1764499956310,604,349,1
1764499956310,604,350,1
1764499956315,603,353,1
1764499956322,603,355,1
1764499956322,603,357,1
1764499956326,603,358,1
1764499956326,603,360,1
1764499956326,603,362,1
1764499956337,603,363,1
1764499956337,603,365,1
1764499956337,603,366,1
1764499956337,602,369,1
1764499956346,602,370,1
1764499956349,602,371,1
1764499956349,602,373,1
1764499956352,602,374,1
1764499956352,602,376,1
1764499956355,602,377,1
1764499956355,602,378,1
1764499956355,602,380,1
1764499956355,602,381,1
1764499956355,602,383,1
1764499956366,602,384,1
1764499956368,601,386,1
1764499956370,601,388,1
1764499956370,601,389,1
1764499956370,601,391,1
1764499956375,600,394,1
1764499956379,600,396,1
1764499956379,600,397,1
1764499956384,600,400,1
1764499956385,600,402,1
1764499956385,600,403,1
1764499956385,600,405,1
1764499956385,599,407,1
1764499956385,599,408,1
1764499956396,599,410,1
1764499956396,599,411,1
1764499956400,599,413,1
1764499956400,599,415,1
1764499956400,599,417,1
1764499956406,599,418,1
1764499956406,599,421,1
1764499956406,598,423,1
1764499956406,598,425,1
1764499956416,598,426,1
1764499956416,598,428,1
1764499956416,597,430,1
1764499956416,597,432,1
1764499956426,597,433,1
1764499956426,596,434,1
1764499956426,596,435,1
1764499956433,596,437,1
1764499956434,596,438,1
1764499956436,596,439,1
1764499956436,596,441,1
1764499956436,596,443,1
1764499956444,596,446,1
1764499956446,596,447,1
1764499956449,596,448,1
1764499956449,596,450,1
1764499956449,596,451,1
1764499956449,595,453,1
1764499956456,595,454,1
1764499956460,595,458,1
1764499956463,595,461,1
1764499956465,595,463,1
1764499956465,595,466,1
1764499956475,595,468,1
1764499956475,595,469,1
1764499956475,595,471,1
1764499956479,595,473,1
1764499956479,595,474,1
1764499956479,595,476,1
1764499956486,595,477,1
1764499956486,595,479,1
1764499956486,595,480,1
1764499956494,595,484,1
1764499956496,595,487,1
1764499956496,595,489,1
1764499956496,595,490,1
1764499956506,595,491,1
1764499956510,595,493,1
1764499956511,595,495,1
1764499956511,595,496,1
1764499956516,595,497,1
1764499956516,595,499,1
1764499956516,595,500,1
1764499956516,595,501,1
1764499956516,595,502,1
1764499956527,595,504,1
1764499956527,595,506,1
1764499956527,595,507,1
1764499956527,595,508,1
1764499956527,595,509,1
1764499956536,595,511,1
1764499956536,595,513,1
1764499956536,595,514,1
1764499956543,595,517,1
1764499956546,595,518,1
1764499956546,595,521,1
1764499956549,595,523,1
1764499956549,595,524,1
1764499956549,595,526,1
1764499956556,596,528,1
1764499956559,596,531,1
1764499956559,596,532,1
1764499956559,596,534,1
1764499956566,596,536,1
1764499956566,597,538,1
1764499956566,597,539,1
1764499956566,597,540,1
1764499956576,598,541,1
1764499956576,598,544,1
1764499956576,598,545,1
1764499956580,599,547,1
1764499956583,599,548,1
1764499956584,599,550,1
1764499956586,600,553,1
1764499956586,600,554,1
1764499956590,600,557,1
1764499956590,600,558,1
1764499956596,601,559,1
1764499956596,601,561,1
1764499956596,602,562,1
1764499956596,602,564,1
1764499956596,603,567,1
1764499956606,604,567,1
1764499956606,604,570,1
1764499956606,604,572,1
1764499956606,605,574,1
1764499956616,606,577,1
1764499956616,606,578,1
1764499956621,607,579,1
1764499956625,608,581,1
1764499956626,608,583,1
1764499956631,609,585,1
1764499956631,609,586,1
1764499956631,610,588,1
1764499956637,611,590,1
1764499956637,611,591,1
1764499956639,612,593,1
1764499956641,612,596,1
1764499956641,613,597,1
1764499956646,613,598,1
1764499956646,613,600,1
1764499956649,613,601,1
1764499956649,614,603,1
1764499956653,615,605,1
1764499956656,616,606,1
1764499956661,617,610,1
1764499956661,617,611,1
1764499956661,618,613,1
1764499956666,618,615,1
1764499956666,619,616,1
1764499956686,624,631,1
1764499956686,625,633,1
1764499956686,626,634,1
1764499956686,627,637,1
1764499956686,628,638,1
1764499956686,629,640,1
1764499956696,629,642,1
1764499956696,630,644,1
1764499956696,631,645,1
1764499956702,632,647,1
1764499956702,633,649,1
1764499956706,634,651,1
1764499956706,635,654,1
1764499956706,635,656,1
1764499956706,636,657,1
1764499956716,636,659,1
1764499956717,638,661,1
1764499956717,639,662,1
1764499956717,640,664,1
1764499956717,641,666,1
1764499956726,641,667,1
1764499956726,643,668,1
1764499956726,644,670,1
1764499956726,645,672,1
1764499956733,646,673,1
1764499956736,647,675,1
1764499956736,647,676,1
1764499956736,649,677,1
1764499956736,651,679,1
1764499956736,652,681,1
1764499956746,652,683,1
1764499956746,654,683,1
1764499956750,656,686,1
1764499956750,658,687,1
1764499956750,658,688,1
1764499956756,659,689,1
1764499956756,662,693,1
1764499956756,663,694,1
1764499956756,664,695,1
1764499956766,665,696,1
1764499956769,666,697,1
1764499956769,667,698,1
1764499956769,668,699,1
1764499956769,670,701,1
1764499956776,671,703,1
1764499956776,672,704,1
1764499956781,673,705,1
1764499956781,674,706,1
1764499956786,676,708,1
1764499956786,678,710,1
1764499956786,679,711,1
1764499956796,680,713,1
1764499956797,682,714,1
1764499956797,683,715,1
1764499956797,684,717,1
1764499956806,686,717,1
1764499956806,688,719,1
1764499956806,689,721,1
1764499956813,691,722,1
1764499956816,692,723,1
1764499956816,693,723,1
1764499956816,694,724,1
1764499956816,695,725,1
1764499956816,697,727,1
1764499956826,698,727,1
1764499956826,699,727,1
1764499956829,700,729,1
1764499956829,701,729,1
1764499956829,703,730,1
1764499956836,704,732,1
1764499956836,706,732,1
1764499956836,707,734,1
1764499956845,708,734,1
1764499956846,710,735,1
1764499956846,711,736,1
1764499956850,713,737,1
1764499956850,714,738,1
1764499956856,715,739,1
1764499956861,718,739,1
1764499956861,719,742,1
1764499956861,721,743,1
1764499956866,722,745,1
1764499956866,723,745,1
1764499956866,726,746,1
1764499956866,728,747,1
1764499956866,730,747,0
1764499956877,731,748,1
1764499956877,733,750,1
1764499956877,735,750,0
1764499956877,738,752,0
1764499956877,740,753,0
1764499956886,741,753,0
1764499956886,743,754,0
1764499956886,746,756,0
1764499956893,748,756,0
1764499956893,750,758,0
1764499956895,751,759,0
1764499956895,754,759,0
1764499956895,756,760,0
1764499956895,758,761,0
1764499956895,760,761,0
1764499956906,763,762,0
1764499956909,767,765,0
1764499956909,770,765,0
1764499956909,772,767,0
1764499956916,775,768,0
1764499956916,776,769,0
1764499956916,779,770,0
1764499956916,782,770,0
1764499956926,785,772,0
1764499956926,787,772,0
1764499956926,789,773,0
1764499956926,793,775,0
1764499956926,795,776,0
1764499956926,797,777,0
1764499956936,800,778,0
1764499956936,803,779,0
1764499956940,806,781,0
1764499956940,809,782,0
1764499956940,811,782,0
1764499956946,814,783,0
1764499956946,817,784,0
1764499956950,819,785,0
1764499956950,823,787,0
1764499956950,826,788,0
1764499956956,828,789,0
1764499956956,835,791,0
1764499956956,837,793,0
1764499956956,840,793,0
1764499956966,843,795,0
1764499956966,845,796,0
1764499956966,847,796,0
1764499956972,850,797,0
1764499956972,853,798,0
1764499956976,855,799,0
1764499956976,858,800,0
1764499956976,861,801,0
1764499956976,863,801,0
1764499956976,865,802,0
1764499956986,868,803,0
1764499956988,870,805,0
1764499956988,873,805,0
1764499956988,875,806,0
1764499956988,878,806,0
1764499956995,880,807,0
1764499956995,883,808,0
1764499956995,885,809,0
1764499956995,889,810,0
1764499957004,892,811,0
1764499957006,895,812,0
1764499957006,901,814,0
1764499957006,904,816,0
1764499957006,908,816,0
1764499957016,911,818,0
1764499957016,914,819,0
1764499957019,917,819,0
1764499957019,922,820,0
1764499957026,926,823,0
1764499957026,929,823,0
1764499957026,934,824,0
1764499957026,938,825,0
1764499957026,942,828,1
1764499957035,946,828,1
1764499957036,949,829,1
1764499957038,953,830,1
1764499957038,958,833,1
1764499957044,961,834,1
1764499957044,965,834,1
1764499957046,969,834,1
1764499957046,973,835,1
1764499957051,975,837,1
1764499957051,979,837,1
1764499957054,982,838,1
1764499957056,986,839,1
1764499957056,989,839,1
1764499957056,992,839,1
1764499957056,996,841,1
1764499957056,998,841,1
1764499957067,1002,842,1
1764499957067,1004,842,1
1764499957067,1008,843,1
1764499957067,1010,843,1
1764499957067,1013,843,1
1764499957076,1015,843,1
1764499957076,1019,844,1
1764499957076,1022,845,1
1764499957083,1024,845,1
1764499957083,1027,845,1
1764499957086,1031,845,1
1764499957086,1032,845,1
1764499957086,1035,845,1
1764499957086,1038,845,1
1764499957086,1040,845,1
1764499957096,1042,846,1
1764499957098,1044,846,1
1764499957098,1047,846,1
1764499957098,1050,846,1
1764499957098,1052,846,1
1764499957106,1053,846,1
1764499957106,1057,846,1
1764499957106,1059,846,1
1764499957114,1061,846,1
1764499957115,1062,846,1
1764499957115,1064,846,1
1764499957115,1065,846,1
1764499957115,1067,846,1
1764499957115,1069,846,1
1764499957126,1071,846,1
1764499957130,1072,846,1
1764499957130,1073,846,1
1764499957130,1074,846,1
1764499957136,1075,846,1
1764499957136,1077,846,1
1764499957136,1078,846,1
1764499957136,1080,846,1
1764499957146,1081,846,1
1764499957146,1082,846,1
1764499957150,1083,846,1
1764499957150,1084,846,1
1764499957150,1085,846,1
1764499957156,1086,846,1
1764499957156,1087,845,1
1764499957161,1089,844,1
1764499957166,1090,844,1
1764499957166,1091,844,1
1764499957166,1091,843,1
1764499957176,1092,843,1
1764499957177,1093,842,1
1764499957177,1094,842,1
1764499957177,1095,842,1
1764499957186,1096,841,1
1764499957186,1097,841,1
1764499957193,1098,839,1
1764499957193,1099,839,1
1764499957196,1100,839,1
1764499957198,1100,838,1
1764499957198,1101,837,1
1764499957198,1102,837,1
1764499957206,1103,836,1
1764499957209,1106,835,1
1764499957209,1106,834,1
1764499957209,1108,834,1
1764499957216,1108,833,1
1764499957216,1109,833,1
1764499957216,1110,832,1
1764499957216,1111,831,1
1764499957228,1113,830,1
1764499957228,1114,829,1
1764499957228,1115,828,1
1764499957228,1117,827,1
1764499957236,1118,826,1
1764499957236,1119,825,1
1764499957240,1120,825,1
1764499957240,1121,824,1
1764499957240,1121,822,1
1764499957246,1123,821,1
1764499957246,1124,821,1
1764499957250,1124,820,1
1764499957250,1125,819,1
1764499957250,1126,819,1
1764499957256,1127,817,1
1764499957256,1128,817,1
1764499957256,1130,815,1
1764499957266,1131,814,1
1764499957266,1131,813,1
1764499957266,1132,813,1
1764499957272,1134,812,1
1764499957276,1134,810,1
1764499957276,1135,809,1
1764499957276,1135,808,1
1764499957276,1136,807,1
1764499957276,1137,806,1
1764499957286,1137,805,1
1764499957287,1138,804,1
1764499957287,1139,803,1
1764499957287,1140,802,1
1764499957287,1140,801,1
1764499957296,1142,800,1
1764499957296,1143,799,1
1764499957296,1143,798,1
1764499957296,1145,797,1
1764499957303,1147,795,1
1764499957306,1148,795,1
1764499957306,1148,793,1
1764499957306,1149,791,1
1764499957306,1151,791,1
1764499957306,1152,789,1
1764499957316,1152,788,1
1764499957319,1153,787,1
1764499957319,1155,787,1
1764499957319,1156,785,1
1764499957326,1159,783,1
1764499957326,1160,782,1
1764499957326,1161,782,1
1764499957326,1162,781,1
1764499957335,1164,779,1
1764499957338,1166,778,1
1764499957338,1167,776,1
1764499957338,1167,775,1
1764499957338,1169,775,1
1764499957346,1170,774,1
1764499957346,1171,773,1
1764499957350,1172,771,1
1764499957350,1174,771,1
1764499957350,1175,770,1
1764499957356,1176,769,1
1764499957356,1177,767,1
1764499957356,1179,767,1
1764499957356,1180,766,1
1764499957356,1181,765,1
1764499957366,1184,763,1
1764499957366,1186,762,1
1764499957366,1187,760,1
1764499957376,1190,757,1
1764499957376,1192,757,1
1764499957376,1193,755,1
1764499957383,1194,754,1
1764499957384,1196,752,1
1764499957386,1197,751,1
1764499957386,1198,750,1
1764499957386,1199,749,1
1764499957386,1201,746,1
1764499957386,1202,746,1
1764499957396,1204,743,1
1764499957397,1204,741,1
1764499957397,1205,740,1
1764499957397,1207,738,1
1764499957397,1208,736,1
1764499957406,1209,734,1
1764499957406,1210,731,1
1764499957413,1211,730,1
1764499957413,1213,728,1
1764499957416,1214,726,1
1764499957416,1215,724,1
1764499957416,1216,724,1
1764499957416,1217,721,1
1764499957426,1219,719,1
1764499957429,1220,717,1
1764499957429,1220,716,1
1764499957429,1221,715,1
1764499957429,1223,713,1
1764499957436,1223,712,1
1764499957436,1224,711,1
1764499957436,1225,709,1
1764499957436,1226,708,1
1764499957444,1227,707,1
1764499957446,1227,706,1
1764499957448,1229,704,1
1764499957450,1230,704,1
1764499957450,1230,702,1
1764499957450,1231,700,1
1764499957456,1232,700,1
1764499957456,1234,699,1
1764499957460,1234,697,1
1764499957460,1235,695,1
1764499957460,1236,694,1
1764499957466,1238,693,1
1764499957466,1239,691,1
1764499957466,1239,690,1
1764499957466,1240,689,1
1764499957476,1242,686,1
1764499957479,1243,686,1
1764499957479,1244,684,1
1764499957479,1244,683,1
1764499957479,1245,682,1
1764499957486,1246,681,1
1764499957486,1246,680,1
1764499957491,1247,679,1
1764499957491,1249,678,1
1764499957491,1249,676,1
1764499957496,1251,675,1
1764499957496,1251,673,1
1764499957496,1252,671,1
1764499957496,1253,670,1
1764499957496,1253,669,1
1764499957506,1255,667,1
1764499957507,1256,666,1
1764499957507,1256,664,1
1764499957507,1256,663,1
1764499957507,1257,662,1
1764499957516,1258,660,1
1764499957516,1259,658,1
1764499957516,1260,656,1
1764499957516,1261,655,1
1764499957526,1262,653,1
1764499957526,1262,651,1
1764499957526,1263,649,1
1764499957526,1264,647,1
1764499957526,1265,644,1
1764499957526,1267,643,1
1764499957539,1268,639,1
1764499957539,1269,638,1
1764499957539,1270,636,1
1764499957539,1271,635,1
1764499957546,1272,633,1
1764499957546,1272,631,1
1764499957550,1273,629,1
1764499957555,1274,627,1
1764499957556,1275,626,1
1764499957556,1275,624,1
1764499957556,1276,624,1
1764499957556,1276,623,1
1764499957566,1277,622,1
1764499957566,1278,621,1
1764499957576,1279,619,1
1764499957576,1280,619,1
1764499957576,1280,618,1
1764499957576,1280,617,1
1764499957588,1281,616,1
1764499957588,1281,615,1
1764499957596,1282,615,1
1764499957602,1282,614,1
1764499957619,1283,614,1
1764499957626,1283,613,1
1764499959797,1283,612,1
1764499959797,1283,611,1
1764499959797,1284,610,1
1764499959802,1284,608,1
1764499959807,1285,606,1
1764499959807,1285,605,1
1764499959807,1285,604,1
1764499959807,1286,604,1
1764499959807,1286,602,1
1764499959818,1286,601,1
1764499959818,1287,600,1
1764499959818,1287,599,1
1764499959818,1288,599,1
1764499959826,1288,597,1
1764499959826,1288,596,1
1764499959826,1288,595,1
1764499959834,1289,593,1
1764499959834,1289,592,1
1764499959837,1290,591,1
1764499959837,1291,589,1
1764499959837,1291,587,1
1764499959837,1291,586,1
1764499959846,1291,585,1
1764499959846,1291,583,1
1764499959850,1292,581,1
1764499959850,1292,579,1
1764499959850,1293,577,1
1764499959857,1295,573,1
1764499959857,1295,571,1
1764499959857,1296,569,1
1764499959857,1296,567,1
1764499959866,1296,566,1
1764499959866,1297,564,1
1764499959866,1297,563,1
1764499959866,1297,560,1
1764499959866,1297,558,1
1764499959876,1298,556,1
1764499959876,1298,555,1
1764499959876,1298,553,1
1764499959882,1299,551,1
1764499959884,1299,548,1
1764499959884,1299,546,1
1764499959886,1300,545,1
1764499959886,1300,543,1
1764499959886,1300,541,1
1764499959886,1301,540,1
1764499959897,1301,538,1
1764499959898,1301,536,1
1764499959900,1301,535,1
1764499959902,1302,532,1
1764499959902,1302,530,1
1764499959906,1303,527,1
1764499959906,1303,526,1
1764499959906,1303,524,1
1764499959914,1303,521,1
1764499959916,1303,519,1
1764499959916,1303,518,1
1764499959916,1303,516,1
1764499959916,1303,514,1
1764499959916,1303,512,1
1764499959926,1304,511,1
1764499959926,1304,508,1
1764499959929,1304,506,1
1764499959929,1304,505,1
1764499959929,1304,503,1
1764499959929,1304,501,1
1764499959937,1304,500,1
1764499959937,1304,497,1
1764499959937,1305,495,1
1764499959937,1305,494,1
1764499959946,1305,492,1
1764499959948,1305,491,1
1764499959948,1305,489,1
1764499959948,1305,486,1
1764499959957,1306,482,1
1764499959957,1306,481,1
1764499959961,1306,478,1
1764499959961,1306,477,1
1764499959966,1306,475,1
1764499959966,1306,474,1
1764499959966,1306,471,1
1764499959966,1306,470,1
1764499959966,1306,469,1
1764499959966,1307,467,1
1764499959978,1307,465,1
1764499959980,1307,464,1
1764499959980,1307,462,1
1764499959980,1307,460,1
1764499959980,1307,458,1
1764499959986,1307,455,1
1764499959986,1307,454,1
1764499959993,1307,453,1
1764499959993,1307,452,1
1764499959993,1308,450,1
1764499959997,1308,448,1
1764499959997,1308,447,1
1764499959997,1308,445,1
1764499959997,1308,442,1
1764499960009,1308,439,1
1764499960009,1308,437,1
1764499960009,1308,435,1
1764499960009,1308,434,1
1764499960016,1308,433,1
1764499960016,1308,432,1
1764499960016,1309,430,1
1764499960024,1309,429,1
1764499960026,1309,428,1
1764499960028,1309,426,1
1764499960028,1309,425,1
1764499960028,1309,424,1
1764499960028,1309,423,1
1764499960036,1309,422,1
1764499960036,1309,420,1
1764499960040,1309,418,1
1764499960040,1309,417,1
1764499960040,1310,416,1
1764499960046,1310,415,1
1764499960046,1310,413,1
1764499960046,1310,412,1
1764499960046,1310,409,1
1764499960057,1310,407,1
1764499960057,1311,406,1
1764499960057,1311,405,1
1764499960057,1311,403,1
1764499960057,1311,402,1
1764499960067,1312,401,1
1764499960067,1312,399,1
1764499960072,1312,398,1
1764499960074,1312,397,1
1764499960074,1312,395,1
1764499960077,1312,393,1
1764499960077,1312,391,1
1764499960077,1312,390,1
1764499960077,1312,388,1
1764499960086,1312,387,1
1764499960088,1312,386,1
1764499960088,1312,384,1
1764499960088,1312,383,1
1764499960088,1312,381,1
1764499960096,1312,379,1
1764499960096,1312,378,1
1764499960096,1312,376,1
1764499960096,1312,375,1
1764499960104,1312,372,1
1764499960107,1312,369,1
1764499960107,1312,367,1
1764499960107,1312,365,1
1764499960107,1312,363,1
1764499960107,1312,361,1
1764499960117,1312,360,1
1764499960119,1312,357,1
1764499960119,1312,355,1
1764499960119,1312,354,1
1764499960126,1312,352,1
1764499960126,1312,351,1
1764499960126,1312,349,1
1764499960126,1312,347,1
1764499960126,1312,346,1
1764499960137,1311,344,1
1764499960137,1311,342,1
1764499960137,1311,341,1
1764499960137,1310,339,1
1764499960137,1310,337,1
1764499960146,1310,336,0
1764499960146,1310,335,0
1764499960146,1309,333,0
1764499960151,1309,332,0
1764499960158,1308,328,0
1764499960158,1308,327,0
1764499960158,1307,325,0
1764499960158,1307,324,0
1764499960166,1306,323,0
1764499960168,1306,321,0
1764499960170,1305,320,0
1764499960170,1304,318,0
1764499960170,1304,316,0
1764499960176,1303,315,0
1764499960176,1303,312,0
1764499960176,1302,311,0
1764499960176,1301,310,0
1764499960183,1300,308,0
1764499960186,1300,306,0
1764499960186,1298,305,0
1764499960186,1298,303,0
1764499960186,1297,301,0
1764499960186,1296,298,0
1764499960196,1295,298,0
1764499960196,1293,295,0
1764499960199,1293,294,0
1764499960202,1292,292,0
1764499960202,1290,290,0
1764499960206,1288,287,0
1764499960206,1287,285,0
1764499960206,1285,283,0
1764499960206,1284,282,0
1764499960216,1283,281,0
1764499960216,1282,279,0
1764499960216,1281,278,0
1764499960216,1280,276,0
1764499960216,1279,275,0
1764499960216,1278,273,0
1764499960227,1277,273,0
1764499960230,1276,272,0
1764499960230,1275,270,0
1764499960230,1273,269,1
1764499960230,1271,267,1
1764499960237,1271,266,1
1764499960237,1269,265,1
1764499960237,1269,264,1
1764499960237,1267,262,1
1764499960246,1264,261,1
1764499960246,1263,259,1
1764499960246,1261,258,1
1764499960246,1259,256,1
1764499960258,1257,255,1
1764499960258,1255,254,1
1764499960262,1254,252,1
1764499960262,1253,252,1
1764499960266,1251,250,1
1764499960269,1250,249,1
1764499960269,1248,248,1
1764499960269,1246,247,1
1764499960269,1244,246,1
1764499960278,1243,244,1
1764499960278,1241,243,1
1764499960278,1239,243,1
1764499960286,1237,241,1
1764499960286,1236,240,1
1764499960291,1234,239,1
1764499960291,1232,238,1
1764499960294,1231,238,1
1764499960296,1230,237,1
1764499960296,1229,236,1
1764499960296,1228,235,1
1764499960296,1226,235,1
1764499960296,1224,234,1
1764499960306,1222,232,1
1764499960310,1220,231,1
1764499960310,1219,231,1
1764499960310,1217,231,1
1764499960316,1216,230,1
1764499960316,1215,229,1
1764499960316,1214,228,1
1764499960316,1213,228,1
1764499960316,1211,227,1
1764499960326,1209,226,1
1764499960326,1208,226,1
1764499960330,1207,225,1
1764499960330,1205,224,1
1764499960330,1203,223,1
1764499960336,1201,223,1
1764499960342,1198,221,1
1764499960344,1197,219,1
1764499960346,1195,218,1
1764499960346,1193,217,1
1764499960346,1192,217,1
1764499960346,1191,216,1
1764499960346,1190,215,1
1764499960358,1186,212,1
1764499960358,1184,212,1
1764499960358,1183,211,1
1764499960358,1181,211,1
1764499960366,1179,209,1
1764499960366,1179,208,1
1764499960366,1176,207,1
1764499960372,1174,206,1
1764499960376,1172,205,1
1764499960376,1170,204,1
1764499960376,1169,203,1
1764499960376,1168,203,1
1764499960376,1166,201,1
1764499960387,1164,200,1
1764499960388,1162,200,1
1764499960388,1160,199,1
1764499960388,1159,198,1
1764499960388,1157,198,1
1764499960396,1155,197,1
1764499960396,1154,197,1
1764499960396,1152,196,1
1764499960396,1150,195,1
1764499960405,1148,194,1
1764499960406,1145,192,1
1764499960406,1143,192,1
1764499960406,1142,191,1
1764499960406,1140,190,1
1764499960416,1138,189,1
1764499960416,1137,189,1
1764499960420,1135,188,1
1764499960422,1132,187,1
1764499960426,1130,186,1
1764499960426,1128,186,1
1764499960426,1127,186,1
1764499960426,1126,185,1
1764499960426,1124,184,1
1764499960437,1122,183,1
1764499960437,1120,183,1
1764499960437,1118,182,1
1764499960437,1116,181,1
1764499960446,1115,180,1
1764499960446,1114,180,1
1764499960446,1112,178,1
1764499960451,1110,177,1
1764499960451,1109,177,1
1764499960457,1107,177,1
1764499960458,1105,177,1
1764499960458,1104,175,1
1764499960458,1102,175,1
1764499960458,1100,174,1
1764499960458,1099,173,1
1764499960467,1098,172,1
1764499960467,1096,172,1
1764499960467,1094,171,1
1764499960476,1092,170,1
1764499960476,1091,169,1
1764499960476,1089,168,1
1764499960483,1087,167,1
1764499960484,1086,167,1
1764499960486,1084,166,1
1764499960486,1082,166,1
1764499960486,1081,164,1
1764499960491,1079,164,1
1764499960491,1077,163,1
1764499960496,1076,162,1
1764499960498,1074,161,1
1764499960498,1073,161,1
1764499960498,1072,161,1
1764499960498,1070,160,1
1764499960507,1067,159,1
1764499960507,1066,158,1
1764499960507,1065,157,1
1764499960507,1063,157,1
1764499960514,1062,157,1
1764499960516,1060,156,1
1764499960517,1057,155,1
1764499960517,1054,154,1
1764499960517,1052,153,1
1764499960526,1050,152,1
1764499960526,1049,152,1
1764499960530,1047,151,1
1764499960530,1045,151,1
1764499960530,1044,150,1
1764499960536,1041,149,1
1764499960536,1039,148,1
1764499960536,1038,147,1
1764499960536,1036,147,1
1764499960536,1033,145,1
1764499960546,1031,144,1
1764499960546,1030,144,1
1764499960546,1028,144,1
1764499960546,1025,143,1
1764499960546,1024,143,1
1764499960557,1022,143,1
1764499960558,1020,142,1
1764499960558,1019,141,1
1764499960561,1017,141,1
1764499960561,1016,140,1
1764499960566,1015,140,1
1764499960566,1012,139,1
1764499960566,1011,139,1
1764499960566,1007,138,1
1764499960576,1005,138,1
1764499960577,1004,138,1
1764499960577,1002,138,1
1764499960577,1000,137,1
1764499960577,998,136,1
1764499960586,997,136,1
1764499960586,994,136,1
1764499960586,993,135,1
1764499960586,992,135,1
1764499960593,989,134,1
1764499960596,987,134,1
1764499960596,986,134,1
1764499960596,984,134,1
1764499960596,982,134,1
1764499960596,981,134,1
1764499960606,979,134,1
1764499960606,976,133,1
1764499960609,975,133,1
1764499960609,973,132,1
1764499960609,972,132,1
1764499960616,970,132,1
1764499960616,969,131,1
1764499960616,968,131,1
1764499960616,964,131,1
1764499960627,963,131,1
1764499960627,961,131,1
1764499960627,960,130,1
1764499960627,958,130,1
1764499960627,956,130,1
1764499960636,954,130,1
1764499960641,953,130,1
1764499960641,951,130,1
1764499960641,949,130,1
1764499960646,948,130,1
1764499960646,946,129,1
1764499960646,945,129,1
1764499960646,944,129,1
1764499960646,942,129,1
1764499960658,939,129,1
1764499960658,937,129,1
1764499960658,936,129,1
1764499960658,935,129,1
1764499960666,934,129,1
1764499960666,932,129,1
1764499960666,930,129,1
1764499960672,927,129,1
1764499960677,926,129,1
1764499960677,925,129,1
1764499960677,924,129,1
1764499960677,923,129,1
1764499960677,921,129,1
1764499960686,920,129,1
1764499960688,919,129,1
1764499960691,917,129,1
1764499960691,915,129,1
1764499960696,914,129,1
1764499960696,913,129,1
1764499960696,911,129,1
1764499960696,910,129,1
1764499960704,909,129,1
1764499960706,907,129,1
1764499960706,905,129,1
1764499960706,904,129,1
1764499960706,902,129,1
1764499960716,901,129,1
1764499960716,900,129,1
1764499960726,888,129,1
1764499960726,886,129,1
1764499960736,884,129,1
1764499960736,883,129,1
1764499960736,880,129,1
1764499960736,878,129,1
1764499960736,876,130,1
1764499960746,875,130,1
1764499960746,872,130,1
1764499960746,870,131,1
1764499960751,867,131,1
1764499960751,865,132,1
1764499960756,863,132,1
1764499960759,861,133,1
1764499960759,859,133,1
1764499960759,857,134,1
1764499960759,855,134,1
1764499960759,852,135,1
1764499960767,850,136,1
1764499960770,848,136,1
1764499960771,844,137,1
1764499960776,841,138,1
1764499960776,839,139,1
1764499960776,838,139,1
1764499960782,836,140,1
1764499960782,832,141,1
1764499960786,830,141,1
1764499960786,829,142,1
1764499960786,826,143,1
1764499960786,824,143,1
1764499960786,823,144,1
1764499960796,820,144,1
1764499960798,817,145,1
1764499960800,815,146,1
1764499960802,814,147,1
1764499960802,810,148,1
1764499960806,808,149,1
1764499960806,806,150,1
1764499960806,804,151,1
1764499960806,802,151,1
1764499960814,799,152,1
1764499960816,796,153,1
1764499960818,795,154,1
1764499960818,793,155,1
1764499960818,789,157,1
1764499960826,786,157,1
1764499960826,784,158,1
1764499960832,780,160,1
1764499960832,777,160,1
1764499960836,775,162,1
1764499960836,774,163,1
1764499960841,771,164,1
1764499960841,769,164,1
1764499960841,767,165,1
1764499960846,766,165,1
1764499960846,763,167,1
1764499960846,761,168,1
1764499960846,759,169,1
1764499960846,757,170,1
1764499960856,755,171,1
1764499960859,753,172,1
1764499960859,752,173,1
1764499960862,750,173,1
1764499960862,748,174,1
1764499960866,746,175,1
1764499960866,744,176,1
1764499960866,742,178,1
1764499960866,740,179,1
1764499960866,739,180,1
1764499960876,737,180,1
1764499960878,734,182,1
1764499960878,733,182,1
1764499960878,731,184,1
1764499960878,729,185,1
1764499960886,727,187,1
1764499960886,726,188,1
1764499960886,724,188,1
1764499960886,722,189,1
1764499960894,720,190,1
1764499960896,719,191,1
1764499960896,718,192,1
1764499960896,716,192,1
1764499960896,716,194,1
1764499960896,714,194,1
1764499960906,712,195,1
1764499960906,712,196,1
1764499960909,710,196,1
1764499960909,710,197,1
1764499960909,708,199,1
1764499960916,707,199,1
1764499960916,706,199,1
1764499960916,705,200,1
1764499960916,705,201,1
1764499960916,703,202,1
1764499960926,701,202,1
1764499960926,700,204,1
1764499960926,699,205,1
1764499960926,698,205,1
1764499960936,697,207,1
1764499960936,696,207,1
1764499960936,695,208,1
1764499960941,693,210,1
1764499960941,692,210,1
1764499960946,691,210,1
1764499960946,690,212,1
1764499960946,688,213,1
1764499960946,687,213,1
1764499960946,687,214,1
1764499960956,685,216,1
1764499960956,684,217,1
1764499960959,683,218,1
1764499960959,682,219,1
1764499960959,681,220,1
1764499960966,680,221,1
1764499960966,678,222,1
1764499960966,677,223,1
1764499960972,675,224,1
1764499960976,674,226,1
1764499960976,673,227,1
1764499960976,672,228,1
1764499960976,670,228,1
1764499960976,669,230,1
1764499960986,668,232,1
1764499960988,667,233,1
1764499960988,666,234,1
1764499960988,664,235,1
1764499960988,663,237,1
1764499960996,662,238,1
1764499960996,661,239,1
1764499960996,660,240,1
1764499960996,658,242,1
1764499961004,658,243,1
1764499961006,656,244,1
1764499961006,654,246,1
1764499961006,653,248,1
1764499961006,652,249,1
1764499961006,651,251,1
1764499961016,649,253,1
1764499961016,648,254,1
1764499961021,647,255,1
1764499961021,646,257,1
1764499961021,644,260,1
1764499961026,643,262,1
1764499961028,642,263,1
1764499961028,640,265,1
1764499961028,640,267,1
1764499961028,638,268,1
1764499961036,637,271,1
1764499961036,635,274,1
1764499961036,634,275,1
1764499961036,633,277,1
1764499961046,632,279,1
1764499961046,630,280,1
1764499961046,629,282,1
1764499961053,628,284,1
1764499961054,627,286,1
1764499961056,625,287,1
1764499961056,625,289,1
1764499961059,623,291,1
1764499961059,622,293,1
1764499961059,620,294,1
1764499961066,620,296,1
1764499961068,619,298,1
1764499961068,618,299,1
1764499961068,616,303,1
1764499961076,614,305,1
1764499961076,614,306,1
1764499961076,612,309,1
1764499961076,610,311,1
1764499961084,609,313,1
1764499961087,608,314,1
1764499961087,606,318,1
1764499961087,606,320,1
1764499961087,606,321,1
1764499961097,604,323,1
1764499961097,603,324,1
1764499961100,602,326,1
1764499961102,601,328,1
1764499961104,600,331,1
1764499961106,600,332,1
1764499961106,599,334,1
1764499961106,599,336,1
1764499961106,598,338,1
1764499961106,597,340,1
1764499961116,596,342,1
1764499961116,595,344,1
1764499961116,595,345,1
1764499961123,594,350,1
1764499961126,593,352,1
1764499961126,592,353,1
1764499961126,592,355,1
1764499961131,591,357,1
1764499961131,591,359,1
1764499961136,590,360,1
1764499961136,588,365,1
1764499961136,588,366,1
1764499961136,588,368,1
1764499961147,587,370,1
1764499961147,586,373,1
1764499961147,586,374,1
1764499961147,585,377,1
1764499961147,584,379,1
1764499961156,583,380,1
1764499961156,582,383,1
1764499961159,582,385,1
1764499961162,581,386,1
1764499961162,581,388,1
1764499961166,581,391,1
1764499961166,580,394,1
1764499961166,580,395,1
1764499961173,579,400,1
1764499961176,578,402,1
1764499961178,578,404,1
1764499961180,578,405,1
1764499961182,577,407,1
1764499961182,576,410,1
1764499961186,576,412,1
1764499961186,575,416,1
1764499961186,575,418,1
1764499961194,575,419,1
1764499961196,574,422,1
1764499961196,574,425,1
1764499961196,574,428,1
1764499961196,574,429,1
1764499961206,574,431,1
1764499961206,573,433,1
1764499961210,573,435,1
1764499961210,573,436,1
1764499961217,573,439,1
1764499961217,573,440,1
1764499961217,573,441,1
1764499961217,573,443,1
1764499961217,573,446,1
1764499961226,573,447,1
1764499961228,573,448,1
1764499961228,573,450,1
1764499961228,573,451,1
1764499961228,573,453,1
1764499961236,573,455,1
1764499961241,573,457,1
1764499961243,573,459,1
1764499961243,573,461,1
1764499961246,573,463,1
1764499961246,573,464,1
1764499961246,574,467,1
1764499961246,574,468,1
1764499961256,574,469,1
1764499961259,574,471,1
1764499961259,574,472,1
1764499961259,574,474,1
1764499961259,574,476,1
1764499961267,574,477,1
1764499961267,574,479,1
1764499961273,574,482,1
1764499961277,574,484,1
1764499961277,574,485,1
1764499961277,574,487,1
1764499961277,574,489,1
1764499961289,574,492,1
1764499961289,574,494,1
1764499961289,574,497,1
1764499961296,574,500,1
1764499961296,574,501,1
1764499961296,574,503,1
1764499961304,574,506,1
1764499961306,574,508,1
1764499961306,574,511,1
1764499961306,574,512,1
1764499961306,574,514,1
1764499961316,575,515,1
1764499961316,575,517,1
1764499961320,575,519,1
1764499961320,575,520,1
1764499961320,575,522,1
1764499961326,576,525,1
1764499961326,576,526,1
1764499961326,576,528,1
1764499961326,576,529,1
1764499961326,576,531,1
1764499961336,577,534,1
1764499961341,577,536,1
1764499961341,577,538,1
1764499961344,577,540,1
1764499961346,578,542,1
1764499961348,578,543,1
1764499961348,578,545,1
1764499961352,579,547,1
1764499961356,579,550,1
1764499961359,579,552,1
1764499961359,580,554,1
1764499961359,580,555,1
1764499961366,580,557,1
1764499961368,580,558,1
1764499961368,580,560,1
1764499961368,581,561,1
1764499961368,581,562,1
1764499961376,581,564,1
1764499961376,581,565,1
1764499961376,582,567,1
1764499961376,582,568,1
1764499961384,582,569,1
1764499961386,582,571,1
1764499961386,582,574,1
1764499961386,582,576,1
1764499961386,583,578,1
1764499961396,584,579,1
1764499961396,584,581,1
1764499961401,585,584,1
1764499961402,586,585,1
1764499961402,587,587,1
1764499961406,587,589,1
1764499961406,588,590,1
1764499961406,589,593,1
1764499961406,589,595,1
1764499961406,589,596,1
1764499961416,590,599,1
1764499961416,591,600,1
1764499961416,592,602,1
1764499961416,593,604,1
1764499961416,593,606,1
1764499961426,594,608,1
1764499961426,594,610,1
1764499961426,595,612,1
1764499961431,596,613,1
1764499961434,598,615,1
1764499961436,598,617,1
1764499961436,600,620,1
1764499961436,600,622,1
1764499961436,601,625,1
1764499961446,602,626,1
1764499961446,603,628,1
1764499961446,604,631,1
1764499961446,605,632,1
1764499961446,606,634,1
1764499961456,607,636,1
1764499961456,608,639,1
1764499961460,610,640,1
1764499961462,611,642,1
1764499961462,613,644,1
1764499961466,615,647,1
1764499961466,615,648,1
1764499961466,617,651,1
1764499961466,619,653,1
1764499961466,620,656,1
1764499961476,622,657,1
1764499961478,624,659,1
1764499961481,625,661,1
1764499961482,627,663,1
1764499961482,628,665,1
1764499961486,630,667,1
1764499961486,632,670,1
1764499961486,634,671,1
1764499961494,636,673,1
1764499961496,637,675,1
1764499961496,638,677,1
1764499961496,641,679,1
1764499961496,642,680,1
1764499961496,644,682,1
1764499961506,645,683,1
1764499961506,647,685,1
1764499961510,649,687,1
1764499961510,651,688,1
1764499961510,653,690,1
1764499961516,654,692,1
1764499961516,656,694,1
1764499961516,659,697,1
1764499961516,661,698,1
1764499961516,664,700,1
1764499961526,665,703,1
1764499961526,668,705,1
1764499961526,671,706,1
1764499961526,674,709,1
1764499961526,677,711,1
1764499961537,678,712,1
1764499961537,684,717,1
1764499961541,686,719,1
1764499961541,689,720,1
1764499961546,691,723,1
1764499961546,693,723,1
1764499961546,695,726,1
1764499961546,697,728,1
1764499961546,700,730,1
1764499961557,702,732,1
1764499961557,703,733,1
1764499961560,706,734,1
1764499961560,708,736,1
1764499961560,710,737,1
1764499961566,710,739,1
1764499961566,713,740,1
1764499961566,715,741,1
1764499961573,717,743,1
1764499961573,719,744,1
1764499961576,721,746,1
1764499961576,723,747,1
1764499961576,725,751,1
1764499961576,727,752,1
1764499961576,728,752,1
1764499961586,730,754,1
1764499961589,735,756,1
1764499961589,737,758,1
1764499961589,740,759,1
1764499961596,741,762,1
1764499961596,744,763,1
1764499961596,747,765,1
1764499961596,748,767,1
1764499961605,750,768,1
1764499961607,754,771,1
1764499961607,756,772,1
1764499961607,758,774,1
1764499961607,760,775,1
1764499961607,762,776,1
1764499961617,764,777,1
1764499961617,766,779,1
1764499961621,767,780,1
1764499961621,770,782,1
1764499961621,772,783,1
1764499961626,774,783,1
1764499961626,776,784,1
1764499961626,778,786,1
1764499961626,780,787,1
1764499961626,782,789,1
1764499961637,783,790,1
1764499961641,788,792,1
1764499961641,790,793,1
1764499961641,791,795,1
1764499961647,793,795,1
1764499961647,795,796,1
1764499961650,796,798,1
1764499961653,799,798,1
1764499961655,800,799,1
1764499961657,802,800,1
1764499961657,805,801,1
1764499961660,807,802,1
1764499961660,810,803,1
1764499961660,812,804,1
1764499961667,813,804,1
1764499961668,815,804,1
1764499961668,816,804,1
1764499961668,819,805,1
1764499961668,822,806,1
1764499961676,824,807,1
1764499961676,825,807,1
1764499961676,827,808,1
1764499961676,830,809,1
1764499961684,831,810,1
1764499961687,834,811,1
1764499961687,836,811,1
1764499961687,837,811,1
1764499961687,839,812,1
1764499961687,842,812,1
1764499961696,844,813,1
1764499961696,845,814,1
1764499961700,847,814,1
1764499961700,848,814,1
1764499961700,850,815,1
1764499961706,852,816,1
1764499961706,853,816,1
1764499961706,854,817,1
1764499961706,856,817,1
1764499961706,858,818,1
1764499961716,859,818,1
1764499961716,861,819,1
1764499961716,863,820,1
1764499961716,864,820,1
1764499961716,865,820,1
1764499961727,866,822,1
1764499961727,868,822,1
1764499961727,870,822,1
1764499961739,878,826,1
1764499961739,880,827,1
1764499961739,882,827,1
1764499961739,883,828,1
1764499961747,886,828,1
1764499961747,888,829,1
1764499961747,890,830,1
1764499961747,892,831,1
1764499961756,894,832,1
1764499961756,896,832,1
1764499961760,897,833,1
1764499961762,900,833,1
1764499961762,901,834,1
1764499961767,904,835,1
1764499961767,906,836,1
1764499961767,908,837,1
1764499961767,909,838,1
1764499961767,912,839,1
1764499961776,915,839,1
1764499961778,916,840,1
1764499961778,918,840,1
1764499961778,920,840,1
1764499961778,922,841,1
1764499961786,924,841,1
1764499961786,927,843,1
1764499961786,929,843,1
1764499961786,931,845,1
1764499961794,934,845,1
1764499961797,937,846,1
1764499961797,938,847,1
1764499961797,940,847,1
1764499961797,943,848,1
1764499961797,945,849,1
1764499961806,947,849,1
1764499961806,949,849,1
1764499961809,951,849,1
1764499961809,953,850,1
1764499961809,956,851,1
1764499961817,958,851,1
1764499961817,960,852,1
1764499961817,962,852,1
1764499961817,963,852,1
1764499961817,965,853,1
1764499961826,966,853,1
1764499961826,967,853,1
1764499961826,969,853,1
1764499961826,970,853,1
1764499961826,970,854,1
1764499961837,972,854,1
1764499961841,973,854,1
1764499961841,974,854,1
1764499961846,975,854,1
1764499964067,976,853,1
1764499964067,978,852,1
1764499964070,979,852,1
1764499964070,980,851,1
1764499964070,982,851,1
1764499964077,984,849,1
1764499964080,987,848,1
1764499964080,988,847,1
1764499964080,989,846,1
1764499964087,991,846,1
1764499964087,992,846,1
1764499964087,994,845,1
1764499964087,995,845,1
1764499964087,996,844,1
1764499964097,998,843,1
1764499964097,1000,842,1
1764499964097,1001,842,1
1764499964097,1004,842,1
1764499964107,1006,840,1
1764499964107,1008,840,1
1764499964107,1009,839,1
1764499964112,1012,838,1
1764499964114,1015,837,1
1764499964114,1017,836,1
1764499964117,1019,835,1
1764499964117,1022,835,1
1764499964117,1025,834,1
1764499964117,1028,833,1
1764499964127,1030,832,1
1764499964127,1033,831,1
1764499964127,1035,829,1
1764499964127,1039,828,1
1764499964127,1040,827,1
1764499964137,1043,826,1
1764499964137,1045,825,1
1764499964137,1048,825,1
1764499964143,1049,823,1
1764499964145,1052,821,1
1764499964147,1054,820,1
1764499964149,1056,818,1
1764499964149,1058,816,1
1764499964149,1061,815,1
1764499964157,1063,814,1
1764499964159,1064,813,1
1764499964159,1066,812,1
1764499964159,1068,811,1
1764499964159,1069,810,1
1764499964166,1070,810,1
1764499964167,1071,808,1
1764499964167,1073,807,1
1764499964167,1073,806,1
1764499964174,1074,806,1
1764499964177,1076,806,1
1764499964177,1076,805,1
1764499964177,1077,804,1
1764499964177,1078,803,0
1764499964177,1079,803,0
1764499964187,1080,802,0
1764499964187,1081,802,0
1764499964190,1082,801,0
1764499964190,1082,800,0
1764499964190,1083,800,0
1764499964197,1084,800,0
1764499964197,1084,798,0
1764499964197,1087,797,0
1764499964207,1088,796,0
1764499964207,1089,796,0
1764499964207,1090,795,0
1764499964217,1091,794,0
1764499964217,1092,793,0
1764499964217,1093,792,0
1764499964224,1094,792,0
1764499964227,1096,791,0
1764499964227,1096,790,0
1764499964227,1097,790,0
1764499964227,1098,790,0
1764499964227,1098,789,0
1764499964237,1099,789,0
1764499964237,1100,789,0
1764499964237,1101,788,0
1764499964237,1101,787,0
1764499964237,1103,787,0
1764499964247,1104,786,0
1764499964247,1104,785,0
1764499964247,1105,784,0
1764499964255,1107,783,0
1764499964257,1108,782,0
1764499964257,1109,782,0
1764499964257,1110,781,0
1764499964257,1111,781,0
1764499964257,1112,780,0
1764499964266,1113,778,0
1764499964269,1114,778,0
1764499964271,1115,778,0
1764499964271,1115,777,0
1764499964271,1116,776,0
1764499964277,1118,775,0
1764499964277,1119,774,0
1764499964277,1120,773,0
1764499964285,1121,772,0
1764499964287,1123,772,0
1764499964287,1124,771,0
1764499964287,1125,770,0
1764499964287,1127,769,0
1764499964297,1128,769,0
1764499964297,1129,768,0
1764499964300,1130,767,0
1764499964300,1133,766,0
1764499964300,1134,765,0
1764499964307,1135,764,0
1764499964307,1136,763,0
1764499964307,1138,763,0
1764499964317,1140,762,0
1764499964317,1141,761,0
1764499964317,1142,760,0
1764499964317,1144,759,0
1764499964317,1145,759,0
1764499964327,1146,758,0
1764499964327,1148,758,0
1764499964327,1149,757,0
1764499964332,1150,756,0
1764499964332,1152,756,0
1764499964337,1153,755,0
1764499964337,1154,754,0
1764499964337,1155,754,0
1764499964337,1156,753,0
1764499964337,1157,753,0
1764499964337,1158,752,0
1764499964348,1159,752,0
1764499964348,1160,751,0
1764499964348,1163,749,0
1764499964357,1164,748,0
1764499964357,1165,748,0
1764499964357,1166,747,0
1764499964364,1168,747,0
1764499964367,1168,746,0
1764499964367,1169,744,0
1764499964367,1171,744,0
1764499964367,1173,743,0
1764499964377,1174,742,0
1764499964377,1176,741,0
1764499964380,1177,740,0
1764499964380,1178,740,0
1764499964380,1179,739,0
1764499964387,1181,737,0
1764499964387,1182,736,0
1764499964387,1183,736,0
1764499964387,1184,736,0
1764499964387,1184,734,0
1764499964397,1187,733,0
1764499964398,1188,732,0
1764499964400,1189,732,1
1764499964400,1192,730,1
1764499964407,1193,730,1
1764499964407,1195,727,1
1764499964407,1197,727,1
1764499964412,1198,726,1
1764499964412,1199,726,1
1764499964417,1201,725,1
1764499964417,1202,723,1
1764499964417,1203,723,1
1764499964417,1204,721,1
1764499964417,1206,721,1
1764499964427,1207,721,1
1764499964427,1208,720,1
1764499964427,1210,719,1
1764499964427,1212,718,1
1764499964437,1212,716,1
1764499964437,1214,716,1
1764499964437,1215,716,1
1764499964443,1216,716,1
1764499964443,1217,715,1
1764499964447,1218,714,1
1764499964447,1219,713,1
1764499964447,1220,713,1
1764499964447,1221,712,1
1764499964447,1222,710,1
1764499964447,1223,710,1
1764499964459,1225,709,1
1764499964459,1225,708,1
1764499964463,1227,707,1
1764499964463,1228,706,1
1764499964467,1228,705,1
1764499964467,1230,704,1
1764499964467,1231,704,1
1764499964467,1231,702,1
1764499964475,1233,701,1
1764499964477,1234,700,1
1764499964479,1235,699,1
1764499964479,1236,698,1
1764499964479,1237,696,1
1764499964479,1238,696,1
1764499964487,1239,695,1
1764499964487,1240,693,1
1764499964490,1241,693,1
1764499964490,1242,691,1
1764499964490,1242,690,1
1764499964497,1243,688,1
1764499964497,1245,687,1
1764499964497,1246,685,1
1764499964497,1247,684,1
1764499964507,1247,683,1
1764499964507,1248,681,1
1764499964507,1249,680,1
1764499964507,1250,678,1
1764499964507,1252,676,1
1764499964517,1253,675,1
1764499964517,1253,673,1
1764499964517,1253,672,1
1764499964522,1255,670,1
1764499964527,1256,668,1
1764499964527,1257,667,1
1764499964527,1258,665,1
1764499964527,1259,664,1
1764499964527,1260,663,1
1764499964538,1260,662,1
1764499964538,1261,660,1
1764499964538,1262,659,1
1764499964538,1263,658,1
1764499964547,1263,656,1
1764499964547,1264,656,1
1764499964547,1264,655,1
1764499964553,1265,654,1
1764499964557,1266,653,1
1764499964557,1266,652,1
1764499964557,1266,651,1
1764499964557,1268,650,1
1764499964567,1268,649,1
1764499964569,1269,648,1
1764499964569,1269,647,1
1764499964569,1269,646,1
1764499964577,1270,646,1
1764499964577,1270,645,1
1764499964577,1271,644,1
1764499964577,1271,643,1
1764499964587,1272,641,1
1764499964587,1272,640,1
1764499964587,1273,639,1
1764499964587,1273,638,1
1764499964587,1274,638,1
1764499964597,1274,636,1
1764499964597,1274,635,1
1764499964601,1275,634,1
1764499964604,1276,630,1
1764499964607,1276,629,1
1764499964607,1277,627,1
1764499964607,1278,624,1
1764499964607,1279,624,1
1764499964607,1279,622,1
1764499964617,1279,619,1
1764499964617,1279,617,1
1764499964617,1280,615,1
1764499964617,1280,614,1
1764499964617,1281,612,1
1764499964627,1282,609,1
1764499964627,1283,607,1
1764499964627,1283,606,1
1764499964633,1284,603,1
1764499964633,1284,601,1
1764499964637,1285,600,1
1764499964637,1285,597,1
1764499964637,1285,595,1
1764499964637,1285,594,1
1764499964637,1286,591,1
1764499964647,1286,590,1
1764499964648,1286,589,1
1764499964648,1286,586,1
1764499964648,1287,583,1
1764499964657,1287,581,1
1764499964657,1288,581,1
1764499964657,1288,579,1
1764499964657,1289,578,1
1764499964664,1289,577,1
1764499964667,1289,575,1
1764499964667,1289,574,1
1764499964667,1289,573,1
1764499964667,1290,571,1
1764499964667,1290,569,1
1764499964667,1291,568,1
1764499964677,1291,567,1
1764499964680,1291,565,1
1764499964680,1292,563,1
1764499964685,1292,562,1
1764499964687,1293,558,1
1764499964687,1293,557,1
1764499964687,1293,555,1
1764499964697,1293,553,1
1764499964697,1294,551,1
1764499964701,1294,550,1
1764499964701,1294,548,1
1764499964701,1295,547,1
1764499964707,1295,546,1
1764499964707,1296,544,1
1764499964712,1297,542,1
1764499964712,1297,540,1
1764499964717,1297,539,1
1764499964717,1297,536,1
1764499964717,1298,535,1
1764499964717,1299,533,1
1764499964727,1299,530,1
1764499964727,1299,529,1
1764499964727,1300,528,1
1764499964727,1300,527,1
1764499964727,1300,525,1
1764499964737,1301,523,1
1764499964737,1302,521,1
1764499964743,1302,519,1
1764499964743,1302,518,1
1764499964747,1302,516,1
1764499964747,1303,514,1
1764499964747,1303,513,1
1764499964747,1303,512,1
1764499964747,1303,510,1
1764499964757,1304,509,1
1764499964772,1306,498,1
1764499964772,1307,496,1
1764499964775,1307,495,1
1764499964777,1307,494,1
1764499964778,1307,492,1
1764499964780,1307,491,1
1764499964782,1307,489,1
1764499964784,1307,488,1
1764499964787,1307,486,1
1764499964787,1307,485,1
1764499964791,1308,483,1
1764499964791,1308,481,1
1764499964797,1308,478,1
1764499964797,1308,476,1
1764499964797,1308,474,1
1764499964797,1309,473,1
1764499964807,1309,471,1
1764499964807,1309,470,1
1764499964807,1309,468,1
1764499964807,1309,466,1
1764499964807,1309,465,1
1764499964817,1309,463,1
1764499964817,1309,460,1
1764499964823,1309,458,1
1764499964827,1309,457,1
1764499964827,1309,455,1
1764499964827,1309,454,1
1764499964827,1309,452,1
1764499964827,1309,451,1
1764499964837,1309,449,1
1764499964839,1309,447,1
1764499964839,1309,445,1
1764499964839,1309,443,1
1764499964847,1309,440,1
1764499964847,1309,439,1
1764499964855,1309,436,1
1764499964856,1309,435,1
1764499964857,1309,433,1
1764499964857,1309,432,1
1764499964857,1309,431,1
1764499964857,1309,430,1
1764499964867,1309,429,1
1764499964870,1309,425,1
1764499964870,1309,424,1
1764499964870,1309,422,1
1764499964877,1309,420,1
1764499964877,1309,419,1
1764499964877,1308,417,1
1764499964877,1308,415,1
1764499964877,1308,414,1
1764499964887,1308,412,1
1764499964887,1308,411,1
1764499964887,1308,408,1
1764499964887,1307,406,1
1764499964897,1307,403,1
1764499964897,1307,401,1
1764499964897,1307,400,1
1764499964901,1306,396,1
1764499964907,1305,395,1
1764499964907,1304,392,1
1764499964907,1304,390,1
1764499964907,1303,389,1
1764499964907,1302,387,1
1764499964917,1302,385,1
1764499964917,1301,382,1
1764499964917,1300,379,1
1764499964917,1300,378,1
1764499964917,1299,377,1
1764499964927,1298,375,1
1764499964927,1298,374,1
1764499964933,1297,372,1
1764499964933,1296,370,1
1764499964937,1296,369,1
1764499964937,1296,367,1
1764499964937,1295,365,1
1764499964937,1294,364,1
1764499964937,1294,362,1
1764499964947,1293,360,1
1764499964950,1292,359,1
1764499964950,1291,358,1
1764499964950,1291,356,1
1764499964950,1289,356,1
1764499964957,1289,353,1
1764499964957,1288,352,1
1764499964957,1288,351,1
1764499964957,1287,349,1
1764499964964,1287,347,1
1764499964964,1286,346,1
1764499964967,1284,342,1
1764499964967,1282,341,1
1764499964967,1282,340,1
1764499964977,1281,338,1
1764499964977,1281,336,1
1764499964980,1280,335,1
1764499964980,1280,334,1
1764499964984,1278,332,1
1764499964987,1278,331,1
1764499964987,1277,330,1
1764499964987,1277,328,1
1764499964987,1276,327,1
1764499964987,1275,325,1
1764499964997,1274,324,1
1764499964997,1273,323,1
1764499964997,1272,321,1
1764499964997,1271,320,1
1764499964997,1270,319,1
1764499965007,1269,317,1
1764499965007,1269,316,1
1764499965007,1268,315,1
1764499965012,1267,313,1
1764499965012,1265,311,1
1764499965017,1265,310,1
1764499965017,1262,308,1
1764499965017,1261,306,1
1764499965017,1260,305,1
1764499965027,1259,304,1
1764499965028,1258,302,1
1764499965028,1256,301,1
1764499965028,1255,299,1
1764499965028,1254,298,1
1764499965037,1252,297,1
1764499965037,1252,296,1
1764499965037,1250,294,1
1764499965037,1249,293,1
1764499965044,1247,292,1
1764499965047,1246,290,1
1764499965047,1246,289,1
1764499965047,1244,288,1
1764499965047,1242,286,1
1764499965047,1240,284,1
1764499965057,1240,283,1
1764499965057,1238,283,1
1764499965059,1237,281,1
1764499965062,1236,280,1
1764499965062,1234,278,1
1764499965067,1233,277,1
1764499965067,1232,276,1
1764499965067,1230,274,1
1764499965067,1228,273,1
1764499965075,1227,273,1
1764499965077,1227,272,1
1764499965077,1225,271,1
1764499965077,1223,270,1
1764499965077,1222,268,1
1764499965077,1221,268,1
1764499965087,1219,267,1
1764499965087,1219,266,1
1764499965091,1217,265,1
1764499965091,1216,265,1
1764499965091,1215,264,1
1764499965097,1213,263,1
1764499965097,1211,262,1
1764499965097,1211,261,1
1764499965097,1209,260,1
1764499965097,1207,259,1
1764499965107,1206,258,1
1764499965109,1205,257,0
1764499965109,1203,257,0
1764499965109,1202,256,0
1764499965109,1201,255,0
1764499965117,1199,255,0
1764499965117,1198,254,0
1764499965117,1197,253,0
1764499965123,1195,252,0
1764499965125,1194,252,0
1764499965127,1193,252,0
1764499965128,1192,251,0
1764499965128,1191,250,0
1764499965128,1190,249,0
1764499965137,1189,249,0
1764499965139,1189,248,0
1764499965139,1188,247,0
1764499965139,1186,247,0
1764499965139,1186,246,0
1764499965147,1185,246,0
1764499965147,1185,245,0
1764499965147,1183,244,0
1764499965154,1182,243,0
1764499965157,1181,242,0
1764499965157,1180,242,0
1764499965157,1179,241,0
1764499965157,1178,240,0
1764499965157,1177,239,0
1764499965167,1176,239,0
1764499965172,1174,237,0
1764499965172,1173,237,0
1764499965172,1172,235,0
1764499965177,1171,235,0
1764499965177,1170,233,0
1764499965177,1169,233,0
1764499965177,1167,233,0
1764499965177,1165,232,0
1764499965187,1164,230,0
1764499965187,1163,229,0
1764499965187,1161,228,0
1764499965187,1159,227,0
1764499965187,1157,226,0
1764499965197,1156,225,0
1764499965197,1155,224,0
1764499965197,1153,223,0
1764499965202,1152,221,0
1764499965202,1150,221,0
1764499965207,1149,220,0
1764499965207,1148,219,0
1764499965207,1145,217,0
1764499965207,1143,216,0
1764499965207,1142,216,0
1764499965217,1141,215,0
1764499965218,1138,213,0
1764499965218,1137,213,0
1764499965218,1135,212,0
1764499965227,1133,210,0
1764499965227,1132,210,0
1764499965227,1130,209,0
1764499965227,1129,207,0
1764499965237,1127,207,0
1764499965237,1125,207,0
1764499965241,1124,205,0
1764499965243,1123,205,0
1764499965243,1121,204,0
1764499965243,1120,202,0
1764499965247,1118,202,0
1764499965250,1117,201,0
1764499965250,1114,200,0
1764499965250,1113,199,0
1764499965257,1112,198,0
1764499965257,1111,198,0
1764499965257,1109,197,0
1764499965257,1108,196,0
1764499965265,1106,195,0
1764499965267,1104,195,0
1764499965270,1103,193,0
1764499965270,1102,193,0
1764499965270,1101,192,0
1764499965270,1100,192,0
1764499965277,1098,191,0
1764499965277,1097,190,0
1764499965282,1096,190,0
1764499965284,1095,190,0
1764499965287,1093,189,0
1764499965287,1091,188,0
1764499965287,1091,187,0
1764499965287,1089,186,0
1764499965287,1087,185,0
1764499965297,1086,185,0
1764499965297,1085,184,0
1764499965297,1082,183,0
1764499965307,1080,182,0
1764499965307,1078,181,0
1764499965307,1077,181,0
1764499965314,1076,180,0
1764499965318,1074,179,0
1764499965318,1073,179,0
1764499965318,1071,178,0
1764499965318,1070,177,0
1764499965318,1069,177,0
1764499965327,1068,176,0
1764499965329,1067,176,0
1764499965329,1065,175,0
1764499965329,1064,174,0
1764499965329,1063,174,0
1764499965337,1061,173,0
1764499965337,1060,173,0
1764499965337,1058,172,0
1764499965344,1056,171,0
1764499965344,1055,171,0
1764499965347,1053,171,0
1764499965347,1051,171,0
1764499965347,1049,169,0
1764499965347,1046,168,0
1764499965357,1045,167,0
1764499965360,1040,166,0
1764499965364,1039,166,0
1764499965364,1037,165,0
1764499965367,1035,165,0
1764499965367,1034,164,0
1764499965367,1032,164,0
1764499965367,1029,163,0
1764499965376,1028,162,0
1764499965378,1025,161,0
1764499965378,1023,161,0
1764499965378,1019,159,0
1764499965387,1017,159,0
1764499965387,1016,159,0
1764499965387,1014,158,0
1764499965392,1012,158,0
1764499965392,1009,157,0
1764499965392,1008,156,0
1764499965397,1006,156,0
1764499965397,1005,156,0
1764499965397,1003,155,0
1764499965397,1001,155,0
1764499965397,1000,154,0
1764499965408,998,153,0
1764499965410,996,153,0
1764499965410,995,153,0
1764499965410,994,153,0
1764499965410,992,153,0
1764499965417,991,152,0
1764499965420,989,151,0
1764499965420,987,151,0
1764499965423,986,150,0
1764499965427,984,150,0
1764499965427,984,149,0
1764499965427,983,149,0
1764499965427,982,149,0
1764499965427,979,149,0
1764499965437,979,148,0
1764499965437,977,148,0
1764499965439,976,147,0
1764499965439,975,146,0
1764499965439,972,146,0
1764499965447,970,146,0
1764499965447,967,144,1
1764499965455,965,144,1
1764499965457,964,143,1
1764499965457,962,143,1
1764499965457,960,143,1
1764499965457,958,142,1
1764499965457,957,142,1
1764499965467,954,142,1
1764499965470,953,141,1
1764499965470,951,141,1
1764499965470,948,141,1
1764499965470,947,140,1
1764499965477,945,140,1
1764499965477,942,140,1
1764499965477,939,140,1
1764499965487,938,139,1
1764499965487,935,138,1
1764499965490,933,138,1
1764499965490,932,138,1
1764499965490,930,137,1
1764499965490,928,137,1
1764499965497,924,136,1
1764499965497,923,136,1
1764499965502,919,136,1
1764499965506,917,136,1
1764499965507,914,135,1
1764499965507,912,135,1
1764499965507,909,135,1
1764499965507,907,134,1
1764499965507,905,134,1
1764499965518,902,134,1
1764499965518,900,133,1
1764499965518,897,133,1
1764499965518,895,133,1
1764499965518,892,133,1
1764499965527,890,133,1
1764499965527,888,133,1
1764499965527,885,133,1
1764499965534,882,133,1
1764499965534,880,133,1
1764499965537,877,133,1
1764499965537,876,133,1
1764499965537,873,132,1
1764499965537,870,132,1
1764499965537,867,131,1
1764499965547,865,131,1
1764499965549,863,131,1
1764499965549,858,131,1
1764499965549,855,131,1
1764499965557,852,131,1
1764499965557,851,131,1
1764499965557,848,131,1
1764499965557,845,131,1
1764499965566,843,130,1
1764499965568,840,130,1
1764499965568,838,130,1
1764499965568,837,130,1
1764499965568,834,130,1
1764499965568,833,130,1
1764499965577,830,130,1
1764499965577,828,130,1
1764499965581,827,130,1
1764499965581,825,130,1
1764499965587,823,130,1
1764499965587,822,130,1
1764499965587,819,130,1
1764499965587,817,131,1
1764499965587,816,131,1
1764499965587,814,131,1
1764499965597,813,131,1
1764499965597,811,132,1
1764499965597,809,132,1
1764499965597,808,133,1
1764499965597,806,133,1
1764499965607,804,134,1
1764499965607,803,135,1
1764499965607,801,135,1
1764499965614,799,136,1
1764499965616,798,137,1
1764499965618,797,138,1
1764499965618,795,138,1
1764499965618,793,139,1
1764499965618,793,140,1
1764499965618,790,141,1
1764499965627,788,142,1
1764499965629,787,142,1
1764499965629,785,143,1
1764499965629,783,143,1
1764499965629,782,144,1
1764499965637,780,146,1
1764499965637,779,146,1
1764499965637,778,146,1
1764499965637,776,147,1
1764499965645,775,148,1
1764499965647,774,148,1
1764499965647,772,150,1
1764499965647,768,152,1
1764499965657,766,154,1
1764499965660,764,154,1
1764499965660,763,156,1
1764499965660,761,158,1
1764499965667,759,159,1
1764499965667,758,160,1
1764499965667,756,162,1
1764499965677,753,163,1
1764499965677,753,164,1
1764499965677,752,165,1
1764499965677,750,165,1
1764499965677,750,166,1
1764499965687,748,168,1
1764499965687,747,169,1
1764499965692,745,170,1
1764499965692,745,171,1
1764499965692,743,173,1
1764499965697,742,173,1
1764499965697,741,174,1
1764499965697,740,176,1
1764499965697,739,176,1
1764499965697,737,177,1
1764499965708,737,178,1
1764499965708,735,180,1
1764499965708,734,180,1
1764499965708,733,182,1
1764499965708,732,182,1
1764499965717,731,184,1
1764499965717,731,185,1
1764499965717,730,186,1
1764499965723,728,187,1
1764499965723,728,188,1
1764499965727,727,189,1
1764499965727,726,190,1
1764499965727,724,192,1
1764499965727,724,193,1
1764499965727,723,194,1
1764499965737,723,196,1
1764499965739,721,197,1
1764499965739,720,198,1
1764499965739,719,199,1
1764499965747,718,201,1
1764499965747,717,202,1
1764499965747,716,204,1
1764499965747,715,204,1
1764499965755,714,205,1
1764499965757,713,206,1
1764499965757,712,207,1
1764499965757,710,208,1
1764499965757,709,209,1
1764499965767,707,211,1
1764499965777,702,214,1
1764499965777,701,214,1
1764499965777,701,215,1
1764499965777,701,216,1
1764499965787,699,217,1
1764499965787,698,218,1
1764499965787,698,219,1
1764499965787,697,219,1
1764499965797,696,220,1
1764499965797,695,221,1
1764499965803,695,222,1
1764499965803,694,222,1
1764499965803,693,223,1
1764499965807,693,225,1
1764499965807,692,225,1
1764499965807,692,226,1
1764499965807,690,227,1
1764499965819,688,229,1
1764499965819,688,230,1
1764499965819,687,231,1
1764499965826,685,232,1
1764499965828,685,233,1
1764499965828,684,234,1
1764499965828,683,234,1
1764499965835,682,235,1
1764499965835,682,236,1
1764499965837,681,238,1
1764499965837,680,238,1
1764499965837,679,239,1
1764499965837,679,240,1
1764499965837,678,241,1
1764499965847,676,242,1
1764499965850,676,243,1
1764499965850,675,244,1
1764499965850,674,245,1
1764499965850,673,245,1
1764499965857,673,247,1
1764499965857,672,248,1
1764499965857,671,249,1
1764499965857,670,249,1
1764499965867,670,251,1
1764499965867,669,252,1
1764499965867,669,253,1
1764499965867,667,254,1
1764499965867,667,255,1
1764499965867,665,256,1
1764499965877,665,258,1
1764499965877,663,259,1
1764499965882,661,262,1
1764499965882,660,263,1
1764499965887,658,265,1
1764499965887,657,267,1
1764499965887,654,268,1
1764499965887,654,269,1
1764499965899,652,272,1
1764499965899,651,273,1
1764499965899,650,274,1
1764499965899,648,276,1
1764499965907,648,277,1
1764499965907,647,279,1
1764499965907,645,280,1
1764499965913,644,282,1
1764499965915,643,283,1
1764499965917,643,284,1
1764499965917,642,286,1
1764499965917,641,287,1
1764499965917,639,289,1
1764499965917,638,291,1
1764499965927,638,292,1
1764499965930,637,293,1
1764499965930,635,295,1
1764499965930,633,298,1
1764499965937,632,298,1
1764499965937,631,301,1
1764499965937,630,302,1
1764499965937,629,303,1
1764499965946,628,305,1
1764499965947,628,307,1
1764499965947,626,307,1
1764499965947,625,309,1
1764499965947,624,311,1
1764499965947,623,313,1
1764499965960,622,316,1
1764499965960,621,316,1
1764499965960,620,318,1
1764499965960,619,320,1
1764499965967,618,323,1
1764499965967,617,325,1
1764499965967,616,327,1
1764499965967,615,327,1
1764499965977,615,329,1
1764499965977,614,331,1
1764499965977,614,332,1
1764499965977,613,334,1
1764499965977,612,336,1
1764499965987,612,338,1
1764499965987,610,339,1
1764499965992,610,341,1
1764499965992,609,342,1
1764499965992,609,344,1
1764499965997,608,345,1
1764499965997,607,346,1
1764499965997,607,348,1
1764499965997,606,350,1
1764499966008,605,351,1
1764499966008,605,353,1
1764499966008,604,354,1
1764499966008,603,355,1
1764499966008,603,357,1
1764499966017,602,357,1
1764499966017,602,358,1
1764499966017,602,359,1
1764499966024,601,361,1
1764499966027,600,362,1
1764499966027,599,363,1
1764499966027,599,364,1
1764499966037,599,365,1
1764499966044,598,366,1
1764499966044,598,367,1
1764499966047,598,368,1
1764499966057,597,369,1
1764499967893,597,371,1
1764499967893,597,374,1
1764499967898,597,379,1
1764499967908,597,382,1
1764499967908,596,384,1
1764499967908,596,386,1
1764499967918,596,388,1
1764499967918,596,390,1
1764499967923,595,391,1
1764499967923,595,394,1
1764499967923,594,395,1
1764499967928,594,397,1
1764499967928,594,398,1
1764499967928,594,399,1
1764499967928,593,400,1
1764499967937,593,401,1
1764499967938,593,403,1
1764499967938,593,405,1
1764499967938,593,406,1
1764499967938,593,407,1
1764499967947,593,409,1
1764499967947,593,411,1
1764499967952,593,412,1
1764499967952,593,413,1
1764499967954,593,415,1
1764499967958,593,416,1
1764499967958,593,418,1
1764499967958,593,420,1
1764499967958,593,421,1
1764499967958,593,423,1
1764499967968,593,424,1
1764499967970,593,426,1
1764499967970,593,428,1
1764499967970,593,429,1
1764499967970,592,431,1
1764499967970,592,432,1
1764499967978,592,436,1
1764499967978,592,437,1
1764499967986,592,440,1
1764499967988,592,441,1
1764499967988,592,443,1
1764499967988,592,444,1
1764499967994,592,446,1
1764499967994,592,447,1
1764499967998,592,449,1
1764499968002,591,451,1
1764499968002,591,453,1
1764499968002,591,455,1
1764499968008,591,457,1
1764499968008,591,458,1
1764499968008,591,459,1
1764499968018,591,462,1
1764499968018,591,463,1
1764499968018,591,465,1
1764499968018,591,467,1
1764499968028,591,468,1
1764499968028,591,470,1
1764499968033,591,471,1
1764499968037,591,472,1
1764499968037,591,474,1
1764499968037,591,475,1
1764499968037,591,477,1
1764499968049,591,478,1
1764499968049,591,480,1
1764499968049,591,482,1
1764499968057,591,483,1
1764499968057,591,484,1
1764499968057,591,485,1
1764499968068,591,486,1
1764499968068,591,489,1
1764499968068,592,490,1
1764499968068,592,492,1
1764499968078,592,493,1
1764499968078,592,494,1
1764499968082,592,495,1
1764499968082,592,496,1
1764499968082,592,499,1
1764499968088,592,501,1
1764499968088,592,502,1
1764499968094,593,504,1
1764499968096,593,505,1
1764499968098,593,506,1
1764499968098,593,509,1
1764499968098,593,510,1
1764499968098,594,511,1
1764499968098,594,513,1
1764499968108,594,515,1
1764499968108,594,516,1
1764499968113,594,518,1
1764499968115,594,519,1
1764499968118,595,521,1
1764499968118,595,522,1
1764499968118,595,524,1
1764499968118,595,525,1
1764499968118,595,526,1
1764499968118,595,528,1
1764499968128,595,530,1
1764499968128,595,531,1
1764499968128,596,533,1
1764499968128,596,535,1
1764499968138,596,537,1
1764499968138,596,538,1
1764499968138,596,540,1
1764499968144,596,541,1
1764499968144,596,542,1
1764499968148,596,544,1
1764499968148,596,546,1
1764499968148,596,548,1
1764499968148,596,552,1
1764499968158,596,553,1
1764499968160,596,554,1
1764499968160,596,556,1
1764499968160,597,559,1
1764499968168,597,563,1
1764499968168,597,564,1
1764499968168,597,567,1
1764499968168,597,568,1
1764499968177,597,570,1
1764499968180,598,572,1
1764499968181,598,575,1
1764499968184,598,579,1
1764499968188,598,582,1
1764499968188,598,583,1
1764499968192,598,586,1
1764499968194,598,589,1
1764499968194,599,591,1
1764499968197,600,593,1
1764499968201,600,599,1
1764499968201,601,602,1
1764499968201,601,604,1
1764499968201,601,606,1
1764499968208,601,609,1
1764499968208,602,612,1
1764499968208,602,614,1
1764499968208,602,617,1
1764499968217,602,620,1
1764499968217,603,622,1
1764499968217,604,624,1
1764499968224,604,626,1
1764499968224,604,630,1
1764499968227,604,631,1
1764499968227,605,634,1
1764499968227,605,637,1
1764499968234,606,641,1
1764499968238,607,644,1
1764499968239,607,645,1
1764499968239,607,648,1
1764499968239,608,651,1
1764499968239,609,653,1
1764499968239,609,655,1
1764499968251,611,660,1
1764499968251,611,662,1
1764499968255,611,664,1
1764499968257,612,667,1
1764499968257,613,669,1
1764499968257,613,671,1
1764499968257,614,673,1
1764499968257,614,676,1
1764499968267,615,677,1
1764499968267,616,678,1
1764499968271,617,680,1
1764499968271,617,681,1
1764499968271,618,684,1
1764499968277,618,685,1
1764499968277,620,687,1
1764499968277,621,689,1
1764499968284,622,692,1
1764499968287,622,694,0
1764499968287,622,695,0
1764499968287,624,697,0
1764499968294,625,699,0
1764499968298,626,702,0
1764499968301,628,704,0
1764499968303,629,706,0
1764499968305,629,708,0
1764499968308,631,708,0
1764499968308,631,709,0
1764499968308,632,711,0
1764499968308,633,711,0
1764499968308,634,713,0
1764499968318,635,715,0
1764499968319,636,718,0
1764499968319,638,719,0
1764499968328,639,720,0
1764499968328,640,722,0
1764499968328,642,723,0
1764499968335,643,725,0
1764499968338,645,727,0
1764499968338,646,727,1
1764499968338,647,729,0
1764499968338,648,730,0
1764499968338,649,731,1
1764499968348,650,732,1
1764499968350,653,734,1
1764499968350,654,735,1
1764499968350,655,737,1
1764499968358,657,738,1
1764499968358,658,738,1
1764499968358,658,739,1
1764499968358,659,740,1
1764499968358,661,741,1
1764499968369,663,743,1
1764499968371,665,743,1
1764499968371,665,745,1
1764499968371,666,745,1
1764499968371,667,745,1
1764499968378,668,747,1
1764499968382,670,749,1
1764499968388,672,750,1
1764499968388,673,751,1
1764499968388,675,752,1
1764499968398,676,753,1
1764499968402,677,754,1
1764499968402,678,755,1
1764499968402,679,756,1
1764499968408,680,757,1
1764499968408,681,757,1
1764499968408,682,758,1
1764499968408,683,759,1
1764499968415,684,760,1
1764499968418,685,760,1
1764499968420,686,761,1
1764499968420,687,762,1
1764499968420,689,762,1
1764499968420,689,763,1
1764499968420,691,763,1
1764499968427,692,765,1
1764499968429,693,766,1
1764499968429,694,766,1
1764499968429,696,767,1
1764499968429,698,768,1
1764499968438,699,769,1
1764499968438,701,770,1
1764499968445,702,771,1
1764499968448,703,771,1
1764499968448,705,771,1
1764499968448,705,772,1
1764499968448,707,773,1
1764499968448,708,774,1
1764499968457,710,774,1
1764499968461,711,774,1
1764499968461,712,775,1
1764499968461,713,776,1
1764499968467,713,777,1
1764499968467,715,777,1
1764499968467,716,777,1
1764499968467,716,778,1
1764499968467,717,779,1
1764499968476,718,780,1
1764499968477,719,780,1
1764499968481,721,780,1
1764499968481,722,781,1
1764499968481,723,781,1
1764499968492,725,782,1
1764499968492,725,783,1
1764499968494,727,783,1
1764499968498,727,784,1
1764499968498,728,784,1
1764499968498,729,784,1
1764499968498,729,785,1
1764499968508,731,785,1
1764499968508,732,786,1
1764499968508,733,786,1
1764499968518,735,786,1
1764499968518,735,787,1
1764499968518,736,787,1
1764499968523,737,788,1
1764499968523,738,789,1
1764499968528,739,789,1
1764499968528,740,789,1
1764499968528,741,789,1
1764499968528,742,789,1
1764499968528,744,791,1
1764499968537,745,791,1
1764499968539,746,791,1
1764499968539,747,792,1
1764499968539,748,793,1
1764499968539,750,793,1
1764499968547,751,793,1
1764499968547,752,794,1
1764499968547,754,795,1
1764499968547,756,796,1
1764499968556,757,796,1
1764499968558,758,797,1
1764499968558,760,797,1
1764499968558,762,798,1
1764499968558,763,798,1
1764499968558,765,799,1
1764499968568,766,800,1
1764499968568,767,801,1
1764499968571,770,802,1
1764499968571,772,802,1
1764499968577,774,803,1
1764499968577,775,803,1
1764499968577,778,804,1
1764499968577,780,805,1
1764499968577,783,805,1
1764499968588,784,807,1
1764499968590,786,808,1
1764499968590,789,808,1
1764499968594,793,809,1
1764499968597,796,809,1
1764499968597,798,810,1
1764499968597,800,811,1
1764499968603,802,811,1
1764499968606,804,812,1
1764499968608,806,813,1
1764499968608,808,814,1
1764499968608,811,814,1
1764499968608,812,814,1
1764499968617,815,815,1
1764499968617,817,815,1
1764499968619,818,816,1
1764499968619,821,816,1
1764499968619,823,816,1
1764499968619,824,816,1
1764499968628,826,816,1
1764499968628,828,816,1
1764499968628,830,817,1
1764499968628,833,817,1
1764499968635,834,818,1
1764499968638,836,818,1
1764499968638,838,818,1
1764499968638,839,819,1
1764499968638,842,819,1
1764499968638,844,820,1
1764499968648,846,820,1
1764499968651,848,820,1
1764499968651,851,821,1
1764499968651,852,821,1
1764499968651,855,822,1
1764499968658,857,822,1
1764499968658,861,822,1
1764499968658,863,822,1
1764499968667,865,823,1
1764499968667,867,823,1
1764499968670,869,824,1
1764499968670,871,824,1
1764499968670,873,824,1
1764499968670,875,824,1
1764499968678,877,825,1
1764499968678,879,826,1
1764499968682,882,826,1
1764499968682,885,826,1
1764499968687,887,827,1
1764499968687,890,827,1
1764499968694,891,827,1
1764499968694,893,828,1
1764499968698,894,828,1
1764499968698,896,829,1
1764499968698,898,829,1
1764499968698,900,829,1
1764499968698,902,829,1
1764499968707,904,829,1
1764499968707,906,829,1
1764499968707,909,830,1
1764499968713,912,830,1
1764499968713,913,830,1
1764499968718,916,831,1
1764499968718,918,831,1
1764499968718,922,832,1
1764499968718,923,832,1
1764499968728,925,832,1
1764499968728,929,833,1
1764499968729,930,833,1
1764499968729,932,833,1
1764499968729,935,834,1
1764499968729,936,834,1
1764499968738,939,834,1
1764499968738,941,835,1
1764499968738,943,835,1
1764499968738,944,835,1
1764499968745,946,835,1
1764499968748,950,836,1
1764499968748,951,836,1
1764499968748,954,836,1
1764499968748,956,836,1
1764499968757,957,836,1
1764499968757,958,836,1
1764499968761,959,836,1
1764499968761,961,836,1
1764499968761,964,836,1
1764499968768,965,837,1
1764499968768,969,837,1
1764499968768,971,837,1
1764499968777,973,837,1
1764499968778,974,837,1
1764499968778,976,837,1
1764499968778,979,837,1
1764499968778,980,837,1
1764499968778,982,838,1
1764499968788,984,838,1
1764499968788,985,838,1
1764499968802,996,838,1
1764499968802,997,838,1
1764499968802,1000,838,1
1764499968808,1001,838,1
1764499968808,1002,838,1
1764499968808,1004,838,1
1764499968818,1006,838,1
1764499968818,1008,838,1
1764499968818,1009,838,1
1764499968818,1011,837,1
1764499968824,1012,837,1
1764499968824,1014,837,1
1764499968828,1015,837,1
1764499968828,1017,837,1
1764499968828,1018,837,1
1764499968828,1019,837,1
1764499968838,1020,837,1
1764499968838,1021,837,1
1764499968840,1022,837,1
1764499968840,1022,836,1
1764499968843,1024,836,1
1764499968845,1025,836,1
1764499968848,1026,836,1
1764499968852,1028,835,1
1764499968856,1029,835,1
1764499968858,1029,834,1
1764499968858,1031,834,1
1764499968868,1032,834,1
1764499968868,1033,834,1
1764499968868,1034,833,1
1764499968872,1034,832,1
1764499968872,1035,832,1
1764499968872,1036,832,1
1764499968878,1037,832,1
1764499968878,1038,831,1
1764499968878,1039,831,1
1764499968888,1039,830,1
1764499968888,1041,830,1
1764499968888,1042,830,1
1764499968888,1042,829,1
1764499968894,1043,829,1
1764499968898,1045,829,1
1764499968898,1046,829,1
1764499968903,1048,829,1
1764499968903,1048,828,1
1764499968908,1049,828,1
1764499968908,1051,827,1
1764499968908,1052,827,1
1764499968918,1054,826,1
1764499968921,1056,826,1
1764499968923,1057,826,1
1764499968925,1058,826,1
1764499968925,1060,825,1
1764499968928,1062,824,1
1764499968928,1064,823,1
1764499968938,1065,823,1
1764499968938,1067,822,1
1764499968938,1069,822,1
1764499968938,1071,822,1
1764499968948,1072,821,1
1764499968951,1074,821,1
1764499968951,1075,820,1
1764499968951,1076,820,1
1764499968951,1077,819,1
1764499968957,1078,819,1
1764499968957,1080,818,1
1764499968957,1082,818,1
1764499968957,1083,818,1
1764499968967,1084,817,1
1764499968969,1086,816,1
1764499968969,1088,816,1
1764499968969,1090,815,1
1764499968969,1092,814,1
1764499968969,1093,814,1
1764499968978,1095,814,1
1764499968978,1097,814,1
1764499968982,1099,813,1
1764499968985,1101,812,1
1764499968987,1103,812,1
1764499968987,1104,812,1
1764499968987,1106,811,1
1764499968987,1108,810,1
1764499968994,1109,810,1
1764499968998,1111,809,1
1764499968998,1112,809,1
1764499968998,1114,808,1
1764499968998,1116,808,1
1764499968998,1117,808,1
1764499968998,1119,807,1
1764499969008,1120,806,1
1764499969008,1121,806,1
1764499969014,1123,805,1
1764499969015,1124,805,1
1764499969018,1125,804,1
1764499969018,1126,804,1
1764499969018,1128,803,1
1764499969018,1129,802,1
1764499969018,1130,801,1
1764499969028,1132,801,1
1764499969029,1134,800,1
1764499969029,1135,799,1
1764499969029,1136,798,1
1764499969029,1138,796,1
1764499969037,1140,796,1
1764499969037,1140,795,1
1764499969037,1143,793,1
1764499969037,1144,792,1
1764499969046,1145,791,1
1764499969048,1146,790,1
1764499969050,1149,788,1
1764499969050,1150,787,1
1764499969050,1152,786,1
1764499969058,1154,785,1
1764499969058,1154,784,1
1764499969058,1156,783,1
1764499969062,1158,782,1
1764499969065,1160,781,1
1764499969065,1160,780,1
1764499969068,1162,778,1
1764499969068,1165,777,1
1764499969068,1165,776,1
1764499969068,1167,775,1
1764499969068,1169,774,1
1764499969078,1171,772,1
1764499969078,1171,771,1
1764499969078,1173,770,1
1764499969078,1175,768,1
1764499969078,1177,766,1
1764499969088,1179,764,1
1764499969093,1180,763,1
1764499969094,1182,761,1
1764499969094,1182,760,1
1764499969098,1185,758,1
1764499969098,1186,757,1
1764499969098,1188,755,1
1764499969098,1189,755,1
1764499969098,1191,753,1
1764499969109,1193,751,1
1764499969109,1195,749,1
1764499969109,1198,746,1
1764499969109,1199,745,1
1764499969118,1200,744,1
1764499969118,1202,742,1
1764499969124,1206,737,1
1764499969124,1207,736,1
1764499969128,1209,733,1
1764499969128,1211,731,1
1764499969128,1212,729,1
1764499969128,1214,727,1
1764499969128,1215,725,1
1764499969138,1217,723,1
1764499969140,1219,721,1
1764499969140,1221,719,1
1764499969140,1224,715,1
1764499969148,1226,713,1
1764499969148,1227,711,1
1764499969148,1229,710,1
1764499969148,1231,707,1
1764499969156,1233,705,1
1764499969157,1234,702,1
1764499969157,1236,700,1
1764499969157,1238,699,1
1764499969157,1240,697,1
1764499969168,1242,695,1
1764499969168,1243,692,1
1764499969168,1245,690,1
1764499969172,1247,689,1
1764499969174,1249,687,1
1764499969177,1251,684,1
1764499969178,1252,682,1
1764499969178,1255,679,1
1764499969178,1256,677,1
1764499969178,1258,675,1
1764499969178,1260,672,1
1764499969188,1262,670,1
1764499969188,1264,667,1
1764499969188,1264,665,1
1764499969195,1266,662,1
1764499969195,1267,659,1
1764499969198,1269,656,1
1764499969198,1270,654,1
1764499969198,1271,651,1
1764499969204,1273,648,1
1764499969204,1274,645,1
1764499969208,1275,641,1
1764499969208,1277,636,1
1764499969208,1277,634,1
1764499969208,1279,630,1
1764499969219,1280,628,1
1764499969219,1281,625,1
1764499969219,1282,622,1
1764499969219,1283,619,1
1764499969219,1284,618,1
1764499969228,1285,615,1
1764499969228,1285,612,1
1764499969228,1286,609,1
1764499969238,1287,606,1
1764499969238,1288,605,1
1764499969238,1289,602,1
1764499969238,1290,600,1
1764499969238,1290,597,1
1764499969238,1292,595,1
1764499969248,1292,593,1
1764499969251,1292,590,1
1764499969251,1293,589,1
1764499969251,1294,586,1
1764499969251,1294,584,1
1764499969258,1294,582,1
1764499969258,1294,580,1
1764499969258,1295,577,1
1764499969268,1296,573,1
1764499969268,1296,570,1
1764499969268,1296,568,1
1764499969268,1297,565,1
1764499969268,1297,563,1
1764499969278,1297,561,1
1764499969278,1298,558,1
1764499969278,1298,556,1
1764499969282,1298,554,1
1764499969282,1299,551,1
1764499969287,1299,548,1
1764499969287,1299,545,1
1764499969287,1300,543,1
1764499969287,1301,540,1
1764499969295,1301,537,1
1764499969298,1301,535,1
1764499969298,1301,531,1
1764499969298,1301,528,1
1764499969298,1301,527,1
1764499969298,1301,524,1
1764499969307,1301,521,1
1764499969307,1302,519,1
1764499969307,1302,517,1
1764499969314,1303,515,1
1764499969315,1303,513,1
1764499969318,1303,511,1
1764499969318,1303,509,1
1764499969318,1304,506,1
1764499969318,1304,505,1
1764499969318,1305,503,1
1764499969328,1305,501,1
1764499969330,1306,499,1
1764499969330,1306,496,1
1764499969330,1307,493,1
1764499969330,1307,491,1
1764499969330,1308,489,1
1764499969338,1308,487,1
1764499969338,1309,485,1
1764499969338,1309,483,1
1764499969345,1309,479,1
1764499969348,1310,478,1
1764499969348,1310,474,1
1764499969348,1310,472,1
1764499969348,1310,471,1
1764499969348,1310,467,1
1764499969348,1310,465,1
1764499969358,1310,463,1
1764499969361,1310,460,1
1764499969364,1310,457,1
1764499969365,1310,455,1
1764499969368,1310,452,1
1764499969368,1310,449,1
1764499969368,1310,447,1
1764499969368,1310,444,1
1764499969368,1310,441,1
1764499969378,1310,440,1
1764499969378,1309,436,1
1764499969378,1309,433,1
1764499969378,1309,430,1
1764499969378,1308,427,1
1764499969388,1308,425,1
1764499969388,1308,422,1
1764499969388,1308,421,1
1764499969394,1307,417,1
1764499969395,1307,415,1
1764499969398,1307,412,1
1764499969398,1306,409,1
1764499969398,1306,407,1
1764499969398,1306,403,1
1764499969398,1305,402,1
1764499969398,1305,398,1
1764499969410,1304,395,1
1764499969410,1304,393,1
1764499969410,1303,390,1
1764499969410,1302,387,1
1764499969417,1302,384,1
1764499969417,1301,381,1
1764499969417,1301,379,1
1764499969417,1300,375,1
1764499969425,1299,373,1
1764499969428,1298,369,1
1764499969428,1297,367,1
1764499969428,1297,364,1
1764499969428,1297,361,1
1764499969428,1296,359,1
1764499969438,1295,356,1
1764499969438,1294,353,1
1764499969441,1293,350,1
1764499969441,1292,348,1
1764499969441,1291,346,1
1764499969441,1291,343,1
1764499969448,1290,341,1
1764499969448,1289,339,1
1764499969448,1289,337,1
1764499969448,1289,335,1
1764499969448,1288,333,1
1764499969458,1287,331,1
1764499969458,1286,329,1
1764499969458,1285,326,1
1764499969458,1284,325,1
1764499969468,1284,323,1
1764499969468,1283,321,1
1764499969468,1282,320,1
1764499969474,1282,318,1
1764499969474,1282,316,1
1764499969478,1282,314,1
1764499969478,1281,312,1
1764499969478,1280,310,1
1764499969483,1279,309,1
1764499969483,1278,307,1
1764499969488,1277,306,1
1764499969489,1277,305,1
1764499969489,1277,303,1
1764499969489,1276,301,1
1764499969495,1275,300,1
1764499969498,1273,297,1
1764499969498,1273,295,1
1764499969498,1272,293,1
1764499969498,1271,291,1
1764499969505,1269,289,1
1764499969508,1269,287,1
1764499969509,1267,285,1
1764499969509,1266,284,1
1764499969509,1265,281,1
1764499969509,1263,279,1
1764499969518,1262,278,1
1764499969518,1262,276,1
1764499969521,1260,273,1
1764499969521,1259,270,1
1764499969521,1258,270,1
1764499969521,1257,267,1
1764499969528,1255,265,1
1764499969528,1254,262,1
1764499969528,1252,260,1
1764499969538,1251,260,1
1764499969538,1251,258,1
1764499969538,1250,256,1
1764499969538,1248,254,1
1764499969538,1247,254,1
1764499969548,1247,251,1
1764499969548,1245,249,1
1764499969548,1244,248,1
1764499969553,1243,246,1
1764499969553,1242,244,1
1764499969558,1240,242,1
1764499969558,1239,241,1
1764499969558,1238,239,1
1764499969558,1236,239,1
1764499969558,1234,236,1
1764499969568,1232,235,1
1764499969569,1232,234,1
1764499969572,1230,232,1
1764499969572,1228,230,1
1764499969575,1226,229,1
1764499969575,1224,226,1
1764499969578,1223,225,1
1764499969578,1221,224,1
1764499969578,1218,222,1
1764499969585,1216,221,1
1764499969585,1214,219,1
1764499969588,1212,217,1
1764499969588,1210,217,1
1764499969588,1207,215,1
1764499969588,1204,213,1
1764499969595,1203,212,1
1764499969598,1201,210,1
1764499969601,1198,209,1
1764499969602,1196,207,1
1764499969605,1194,206,1
1764499969608,1189,203,1
1764499969608,1186,201,1
1764499969608,1184,200,1
1764499969608,1182,199,1
1764499969617,1179,197,1
1764499969618,1176,196,1
1764499969618,1175,195,1
1764499969618,1171,193,1
1764499969618,1168,192,1
1764499969618,1166,191,1
1764499969628,1162,189,1
1764499969628,1159,188,1
1764499969632,1157,186,1
1764499969632,1154,185,1
1764499969632,1151,184,1
1764499969638,1147,183,1
1764499969638,1145,182,1
1764499969638,1142,182,1
1764499969638,1139,180,1
1764499969638,1136,180,1
1764499969648,1133,178,1
1764499969648,1130,177,1
1764499969648,1127,177,1
1764499969648,1124,176,1
1764499969648,1121,175,1
1764499969658,1119,174,1
1764499969658,1116,173,1
1764499969658,1113,172,1
1764499969663,1110,171,1
1764499969663,1108,171,1
1764499969668,1105,170,1
1764499969668,1102,170,1
1764499969668,1097,169,1
1764499969668,1094,169,1
1764499969678,1092,168,1
1764499969679,1090,167,1
1764499969679,1086,167,1
1764499969679,1083,166,1
1764499969679,1082,166,1
1764499969688,1079,165,1
1764499969688,1077,164,1
1764499969688,1075,164,1
1764499969695,1072,163,1
1764499969695,1070,163,1
1764499969698,1067,162,1
1764499969698,1065,161,1
1764499969698,1063,161,1
1764499969698,1060,160,1
1764499969698,1058,160,1
1764499969708,1056,160,1
1764499969711,1053,159,1
1764499969711,1052,159,1
1764499969711,1049,157,1
1764499969718,1047,156,1
1764499969718,1044,155,1
1764499969718,1042,155,1
1764499969718,1040,154,1
1764499969718,1038,153,1
1764499969728,1037,152,1
1764499969728,1034,152,1
1764499969730,1032,151,1
1764499969732,1030,150,1
1764499969732,1029,149,1
1764499969732,1026,148,1
1764499969738,1023,148,1
1764499969738,1022,147,1
1764499969742,1019,146,1
1764499969742,1017,145,1
1764499969742,1017,144,1
1764499969748,1011,144,1
1764499969748,1009,144,1
1764499969748,1007,143,1
1764499969748,1006,141,1
1764499969758,1003,141,1
1764499969758,1001,140,1
1764499969758,998,140,1
1764499969758,997,140,1
1764499969758,994,140,1
1764499969768,992,139,1
1764499969768,989,139,1
1764499969768,987,138,1
1764499969773,985,137,1
1764499969773,982,137,1
1764499969778,979,136,1
1764499969778,978,136,1
1764499969778,976,135,1
1764499969778,973,135,1
1764499969778,972,135,1
1764499969788,969,135,1
1764499969789,967,134,1
1764499969789,966,134,1
1764499969789,964,133,1
1764499969795,963,133,1
1764499969798,961,133,1
1764499969798,959,133,1
1764499969798,957,133,1
1764499969807,955,133,1
1764499969818,949,132,1
1764499969818,948,131,1
1764499969825,947,131,1
1764499969826,946,131,1
1764499969828,944,131,1
1764499969830,943,131,1
1764499969830,942,131,1
1764499969830,941,131,1
1764499969830,940,131,1
1764499969838,939,131,1
1764499969840,938,131,1
1764499969840,937,131,1
1764499969840,936,131,1
1764499969840,935,131,1
1764499969848,934,131,1
1764499969848,933,131,1
1764499969858,932,131,1
1764499969858,931,131,1
1764499969858,930,131,1
1764499969872,929,131,1
1764499969872,928,130,1
0,0,0,0
1764499991441,926,130,1
1764499991443,925,130,1
1764499991443,924,131,1
1764499991443,922,131,1
1764499991449,920,131,1
1764499991451,919,132,1
1764499991453,916,132,1
1764499991455,913,133,1
1764499991457,912,134,1
1764499991459,909,134,1
1764499991461,906,134,1
1764499991463,904,135,1
1764499991463,900,137,1
1764499991463,899,137,1
1764499991471,896,137,1
1764499991473,894,138,1
1764499991475,892,139,1
1764499991475,891,139,1
1764499991478,888,141,1
1764499991481,886,142,1
1764499991481,885,143,1
1764499991481,883,143,1
1764499991481,881,144,1
1764499991481,880,144,1
1764499991491,877,144,1
1764499991491,876,144,1
1764499991491,875,145,1
1764499991496,873,145,1
1764499991498,870,146,1
1764499991501,869,147,1
1764499991501,866,148,1
1764499991501,864,149,1
1764499991507,861,150,1
1764499991507,860,150,1
1764499991511,857,150,1
1764499991513,854,151,1
1764499991515,852,151,1
1764499991517,849,152,1
1764499991519,847,152,1
1764499991521,845,153,1
1764499991523,842,153,1
1764499991525,839,154,1
1764499991527,838,154,1
1764499991529,835,154,1
1764499991531,833,154,1
1764499991531,830,155,1
1764499991531,829,156,1
1764499991537,827,156,1
1764499991538,825,156,1
1764499991541,823,156,1
1764499991541,821,157,1
1764499991541,820,157,1
1764499991541,818,159,1
1764499991541,816,159,1
1764499991551,813,159,1
1764499991554,812,159,1
1764499991554,810,159,1
1764499991561,809,160,1
1764499991561,807,161,1
1764499991561,805,162,1
1764499991573,803,162,1
1764499991573,803,163,1
1764499991581,801,163,1
1764499991581,801,165,1
1764499991581,800,165,1
1764499991586,799,165,1
1764499991591,798,165,1
1764499991591,797,166,1
1764499991591,797,167,1
1764499991601,796,167,1
1764499991602,795,168,1
1764499991602,795,169,1
1764499991611,794,169,1
1764499991611,793,170,1
1764499991618,792,171,1
1764499991621,791,171,1
1764499991621,790,172,1
1764499991621,790,173,1
1764499991621,789,173,1
1764499991631,788,174,1
1764499991631,788,175,1
1764499991634,787,175,1
1764499991634,786,175,1
1764499991634,785,176,1
1764499991641,784,177,1
1764499991641,782,178,1
1764499991641,781,179,1
1764499991641,779,180,1
1764499991651,778,181,1
1764499991651,777,182,1
1764499991651,776,182,1
1764499991651,775,184,1
1764499991661,773,185,1
1764499991666,771,186,1
1764499991666,770,187,1
1764499991671,768,188,1
1764499991673,767,190,1
1764499991673,766,190,1
1764499991675,765,190,1
1764499991677,764,191,1
1764499991681,763,192,1
1764499991683,762,192,1
1764499991683,761,193,1
1764499991683,760,194,1
1764499991683,758,195,1
1764499991691,757,196,1
1764499991691,756,196,1
1764499991691,755,197,1
1764499991697,754,197,1
1764499991699,752,199,1
1764499991703,749,201,1
1764499991705,748,201,1
1764499991709,746,202,1
1764499991711,744,203,1
1764499991713,744,204,1
1764499991713,742,205,1
1764499991713,740,206,1
1764499991721,738,208,1
1764499991721,736,209,1
1764499991721,734,210,1
1764499991729,733,211,1
1764499991731,732,212,1
1764499991731,731,213,1
1764499991731,730,214,1
1764499991731,729,215,1
1764499991731,727,215,1
1764499991741,726,217,1
1764499991741,724,218,1
1764499991744,724,219,1
1764499991744,722,220,1
1764499991744,721,220,1
1764499991751,720,221,1
1764499991751,719,223,1
1764499991754,717,224,1
1764499991756,716,226,1
1764499991758,715,226,1
1764499991761,714,227,1
1764499991761,712,228,1
1764499991761,711,230,1
1764499991761,711,231,1
1764499991761,709,231,1
1764499991771,707,232,1
1764499991773,706,234,1
1764499991773,704,234,1
1764499991776,703,236,1
1764499991779,702,237,1
1764499991781,701,237,1
1764499991781,699,238,1
1764499991781,699,239,1
1764499991781,697,239,1
1764499991781,695,240,1
1764499991791,694,242,1
1764499991793,693,243,1
1764499991793,692,244,1
1764499991795,691,245,1
1764499991795,689,247,1
1764499991801,688,249,1
1764499991801,686,249,1
1764499991807,685,251,1
1764499991807,684,252,1
1764499991807,683,253,1
1764499991811,681,255,1
1764499991811,680,256,1
1764499991811,678,257,1
1764499991811,677,259,1
1764499991823,676,260,1
1764499991823,675,261,1
1764499991823,674,262,1
1764499991823,672,264,1
1764499991831,671,266,1
1764499991831,669,267,1
1764499991831,668,269,1
1764499991839,667,271,1
1764499991839,666,272,1
1764499991841,665,273,1
1764499991841,663,275,1
1764499991841,662,276,1
1764499991841,661,277,1
1764499991851,660,278,1
1764499991851,659,280,1
1764499991855,658,282,1
1764499991861,654,287,1
1764499991861,652,288,1
1764499991861,652,289,1
1764499991861,650,291,1
1764499991861,649,291,1
1764499991873,649,293,1
1764499991873,647,294,1
1764499991873,646,295,1
1764499991873,645,296,1
1764499991881,645,298,1
1764499991881,643,300,1
1764499991881,642,300,1
1764499991887,641,301,1
1764499991887,641,303,1
1764499991891,640,304,1
1764499991891,639,306,1
1764499991891,638,307,1
1764499991891,637,308,1
1764499991891,637,310,1
1764499991901,636,310,1
1764499991903,635,312,1
1764499991903,634,314,1
1764499991903,633,316,1
1764499991903,632,317,1
1764499991911,631,318,1
1764499991911,630,320,1
1764499991911,630,321,1
1764499991918,629,321,1
1764499991921,629,322,1
1764499991921,628,324,1
1764499991921,627,325,1
1764499991921,627,327,1
1764499991921,626,329,1
1764499991931,625,329,1
1764499991931,625,331,1
1764499991934,624,333,1
1764499991934,623,333,1
1764499991934,623,335,1
1764499991941,622,337,1
1764499991941,622,338,1
1764499991941,621,339,1
1764499991941,620,341,1
1764499991941,619,342,1
1764499991951,619,343,1
1764499991951,618,345,1
1764499991951,618,346,1
1764499991951,617,348,1
1764499991951,616,349,1
1764499991951,615,350,1
1764499991961,615,352,1
1764499991961,615,353,1
1764499991966,614,354,1
1764499991966,613,356,1
1764499991971,612,356,1
1764499991971,612,357,1
1764499991974,612,359,1
1764499991974,612,360,1
1764499991974,611,361,1
1764499991982,609,363,1
1764499991982,609,365,1
1764499991982,608,367,1
1764499991982,607,367,1
1764499991991,607,369,1
1764499991991,606,370,1
1764499991991,605,372,1
1764499991991,605,373,1
1764499992000,605,374,1
1764499992001,604,376,1
1764499992001,603,378,1
1764499992001,603,379,1
1764499992001,602,381,1
1764499992001,601,383,1
1764499992001,601,384,1
1764499992011,600,387,1
1764499992013,600,388,1
1764499992013,600,389,1
1764499992013,600,391,1
1764499992021,600,393,1
1764499992021,600,394,1
1764499992021,599,396,1
1764499992021,599,398,1
1764499992029,598,399,1
1764499992031,597,402,1
1764499992031,596,405,1
1764499992031,596,407,1
1764499992031,596,409,1
1764499992041,596,410,1
1764499992045,595,412,1
1764499992045,595,415,1
1764499992051,594,416,1
1764499992051,594,418,1
1764499992051,594,420,1
1764499992051,593,421,1
1764499992051,593,423,1
1764499992051,592,425,1
1764499992071,591,434,1
1764499992074,591,436,1
1764499992077,591,438,1
1764499992077,591,440,1
1764499992081,591,443,1
1764499992081,591,445,1
1764499992081,591,448,1
1764499992081,591,449,1
1764499992091,591,451,1
1764499992093,591,453,1
1764499992093,591,455,1
1764499992093,591,458,1
1764499992093,591,459,1
1764499992101,590,461,1
1764499992101,590,464,1
1764499992101,590,465,1
1764499992101,590,467,1
1764499992109,590,469,1
1764499992111,590,471,1
1764499992111,590,473,1
1764499992111,590,474,1
1764499992111,590,476,1
1764499992111,590,479,1
1764499992121,590,480,1
1764499992121,591,483,1
1764499992125,591,484,1
1764499992125,591,485,1
1764499992125,591,489,1
1764499992131,591,490,1
1764499992131,591,491,1
1764499992131,591,493,1
1764499992131,591,494,1
1764499992131,592,498,1
1764499992141,592,499,1
1764499992143,592,501,1
1764499992145,592,503,1
1764499992145,593,505,1
1764499992151,593,507,1
1764499992151,593,510,1
1764499992157,594,512,1
1764499992157,594,513,1
1764499992157,594,515,1
1764499992161,594,516,1
1764499992161,595,517,1
1764499992161,595,519,1
1764499992161,595,522,1
1764499992173,596,524,1
1764499992174,596,525,1
1764499992174,596,526,1
1764499992174,596,529,1
1764499992181,597,530,1
1764499992181,598,531,1
1764499992181,598,533,1
1764499992187,598,535,1
1764499992187,598,536,1
1764499992191,598,537,1
1764499992191,598,539,1
1764499992191,599,542,1
1764499992191,600,543,1
1764499992191,600,545,1
1764499992191,600,546,1
1764499992203,601,547,1
1764499992205,601,549,1
1764499992207,602,549,1
1764499992209,602,551,1
1764499992211,602,553,1
1764499992211,602,556,1
1764499992211,603,556,1
1764499992219,603,558,1
1764499992219,603,559,1
1764499992221,604,561,1
1764499992221,604,562,1
1764499992221,604,563,1
1764499992221,604,565,1
1764499992231,605,567,1
1764499992231,606,567,1
1764499992235,606,569,1
1764499992237,606,571,1
1764499992239,606,572,1
1764499992241,606,573,1
1764499992241,606,575,1
1764499992241,606,576,1
1764499992241,607,578,1
1764499992241,607,579,1
1764499992251,608,581,1
1764499992251,609,585,1
1764499992251,609,586,1
1764499992251,610,588,1
1764499992261,611,590,1
1764499992261,611,592,1
1764499992266,611,595,1
1764499992266,612,596,1
1764499992271,613,597,1
1764499992271,613,599,1
1764499992274,614,601,1
1764499992274,615,603,1
1764499992274,616,605,1
1764499992283,616,606,1
1764499992283,616,608,1
1764499992283,616,609,1
1764499992283,617,610,1
1764499992283,618,613,1
1764499992291,619,615,1
1764499992291,619,617,1
1764499992291,620,618,1
1764499992300,620,620,1
1764499992301,620,622,1
1764499992301,621,622,1
1764499992301,621,624,1
1764499992301,622,625,1
1764499992301,623,627,1
1764499992311,623,629,1
1764499992311,623,630,1
1764499992313,624,631,1
1764499992313,624,633,1
1764499992313,624,634,1
1764499992321,624,636,1
1764499992321,625,638,1
1764499992321,625,639,1
1764499992321,626,641,1
1764499992329,627,643,1
1764499992331,628,644,1
1764499992331,628,646,1
1764499992331,629,648,1
1764499992331,630,650,1
1764499992331,630,652,1
1764499992331,630,654,1
1764499992341,631,655,1
1764499992345,632,657,1
1764499992345,632,660,1
1764499992349,633,660,1
1764499992351,634,663,1
1764499992351,634,665,1
1764499992351,636,667,1
1764499992351,636,670,1
1764499992351,637,671,1
1764499992361,638,673,1
1764499992363,639,675,1
1764499992363,640,677,1
1764499992363,641,679,1
1764499992363,641,681,1
1764499992371,642,682,1
1764499992371,644,684,1
1764499992374,645,686,1
1764499992378,646,688,1
1764499992379,646,689,1
1764499992381,647,691,1
1764499992381,649,693,1
1764499992381,649,694,1
1764499992381,650,694,1
1764499992381,651,697,1
1764499992393,652,698,1
1764499992393,653,700,1
1764499992393,654,702,1
1764499992401,656,704,1
1764499992401,656,705,1
1764499992401,657,705,1
1764499992401,657,707,1
1764499992409,658,708,1
1764499992411,659,710,1
1764499992411,659,711,1
1764499992411,660,712,1
1764499992411,661,713,1
1764499992411,661,714,1
1764499992411,662,715,1
1764499992425,664,717,1
1764499992425,665,719,1
1764499992431,666,721,1
1764499992431,667,723,1
1764499992431,669,723,1
1764499992431,669,725,1
1764499992431,670,726,1
1764499992441,671,729,1
1764499992441,673,730,1
1764499992441,674,732,1
1764499992441,676,735,1
1764499992451,677,736,1
1764499992451,679,738,1
1764499992451,681,740,1
1764499992457,681,742,1
1764499992457,683,743,1
1764499992461,685,745,1
1764499992461,686,747,1
1764499992461,687,748,1
1764499992461,688,749,1
1764499992461,690,751,1
1764499992471,691,752,1
1764499992473,692,754,1
1764499992474,694,755,1
1764499992474,695,757,1
1764499992474,697,758,1
1764499992481,698,759,1
1764499992481,699,761,1
1764499992481,701,763,1
1764499992481,703,765,1
1764499992491,706,767,1
1764499992491,707,768,1
1764499992491,708,769,1
1764499992491,710,771,1
1764499992491,712,773,1
1764499992501,714,774,1
1764499992501,715,776,1
1764499992505,717,777,1
1764499992505,720,779,1
1764499992505,722,781,1
1764499992505,723,782,1
1764499992511,726,785,1
1764499992511,728,786,1
1764499992511,731,787,1
1764499992511,732,788,1
1764499992521,734,790,1
1764499992523,736,792,1
1764499992523,739,793,1
1764499992523,740,794,1
1764499992523,743,796,1
1764499992531,745,797,1
1764499992531,748,799,1
1764499992531,748,800,1
1764499992537,751,800,1
1764499992537,753,802,1
1764499992537,755,803,1
1764499992541,757,805,1
1764499992541,759,806,1
1764499992541,760,807,1
1764499992541,762,807,1
1764499992551,764,808,1
1764499992551,766,810,1
1764499992551,767,810,1
1764499992551,770,811,1
1764499992551,772,813,1
1764499992551,774,813,1
1764499992561,776,814,1
1764499992561,777,814,1
1764499992567,779,814,1
1764499992567,781,816,1
1764499992571,783,816,1
1764499992571,784,817,1
1764499992574,786,818,1
1764499992574,788,818,1
1764499992583,793,820,1
1764499992587,795,820,1
1764499992587,796,821,1
1764499992591,798,821,1
1764499992591,801,822,1
1764499992591,802,822,1
1764499992599,806,823,1
1764499992601,807,824,1
1764499992601,808,824,1
1764499992601,810,824,1
1764499992601,811,824,1
1764499992601,812,824,1
1764499992601,814,824,1
1764499992611,815,825,1
1764499992614,817,826,1
1764499992617,819,826,1
1764499992619,820,826,1
1764499992621,821,826,1
1764499992621,822,827,1
1764499992621,823,827,1
1764499992621,825,827,1
1764499992621,826,827,1
1764499992631,827,827,1
1764499992631,829,828,1
1764499992631,831,828,1
1764499992631,832,829,1
1764499992631,833,829,1
1764499992641,835,829,1
1764499992646,836,829,1
1764499992646,837,829,1
1764499992651,838,829,1
1764499992651,838,830,1
1764499992651,840,830,1
1764499992651,840,831,1
1764499992661,842,831,1
1764499992663,843,831,1
1764499992663,844,831,1
1764499992663,845,831,1
1764499992671,846,831,1
1764499992677,847,831,1
1764499992677,848,831,1
1764499992681,849,831,1
1764499992681,850,831,1
1764499992681,851,831,1
1764499992691,852,832,1
1764499992693,853,832,1
1764499992693,855,833,1
1764499992701,856,833,1
1764499992701,857,833,1
1764499992701,858,834,1
1764499992708,859,834,1
1764499992711,861,834,1
1764499992711,862,834,1
1764499992711,863,834,1
1764499992711,864,834,1
1764499992721,865,834,1
1764499992725,866,835,1
1764499992725,868,835,1
1764499992731,869,835,1
1764499992731,871,835,1
1764499992731,872,835,1
1764499992741,874,835,1
1764499992741,874,836,1
1764499992741,876,836,1
1764499992741,878,836,1
1764499992751,880,836,1
1764499992751,881,836,1
1764499992751,882,836,1
1764499992756,884,836,1
1764499992756,885,836,1
1764499992761,886,836,1
1764499992761,888,837,1
1764499992761,889,837,1
1764499992761,891,837,1
1764499992772,893,837,1
1764499992772,895,837,1
1764499992774,896,837,1
1764499992774,897,837,1
1764499992774,898,837,1
1764499992781,900,837,1
1764499992781,902,838,1
1764499992788,905,838,1
1764499992788,906,838,1
1764499992791,907,838,1
1764499992791,909,838,1
1764499992791,910,839,1
1764499992791,913,839,1
1764499992791,914,839,1
1764499992791,915,840,1
1764499992803,916,840,1
1764499992803,919,841,1
1764499992803,922,842,1
1764499992803,924,842,1
1764499992811,925,842,1
1764499992811,927,842,1
1764499992811,929,843,1
1764499992819,933,843,1
1764499992821,936,844,1
1764499992821,940,844,1
1764499992821,942,844,1
1764499992831,946,845,1
1764499992831,949,845,1
1764499992835,952,846,1
1764499992838,954,846,1
1764499992840,956,847,1
1764499992842,959,847,1
1764499992842,960,847,1
1764499992842,966,849,1
1764499992842,969,849,1
1764499992851,970,849,1
1764499992851,973,849,1
1764499992851,975,849,1
1764499992851,977,849,1
1764499992851,980,849,1
1764499992861,982,850,1
1764499992861,984,850,1
1764499992861,987,850,1
1764499992867,990,850,1
1764499992867,993,851,1
1764499992872,995,851,1
1764499992874,998,852,1
1764499992874,1000,852,1
1764499992874,1003,852,1
1764499992881,1005,852,1
1764499992881,1007,852,1
1764499992883,1010,852,1
1764499992883,1012,853,1
1764499992883,1014,853,1
1764499992891,1020,853,1
1764499992891,1021,853,1
1764499992891,1024,854,1
1764499992899,1027,854,1
1764499992899,1028,854,1
1764499992902,1031,854,1
1764499992902,1033,854,1
1764499992902,1034,854,1
1764499992902,1036,854,1
1764499992902,1039,854,1
1764499992911,1040,854,1
1764499992915,1043,854,1
1764499992915,1044,854,1
1764499992915,1046,854,1
1764499992915,1049,854,1
1764499992921,1050,854,1
1764499992921,1052,854,1
1764499992921,1053,854,1
1764499992921,1056,854,1
1764499992931,1059,854,1
1764499992931,1060,854,1
1764499992931,1065,854,1
1764499992931,1066,853,1
1764499992931,1068,853,1
1764499992941,1071,853,1
1764499992941,1072,853,1
1764499992946,1075,853,1
1764499992946,1077,853,1
1764499992946,1079,852,1
1764499992951,1081,852,1
1764499992951,1083,851,1
1764499992951,1085,851,1
1764499992951,1087,850,1
1764499992951,1089,850,0
1764499992962,1091,850,0
1764499992962,1093,850,0
1764499992962,1095,850,0
1764499992962,1096,850,0
1764499992962,1098,849,0
1764499992971,1100,849,0
1764499992974,1101,848,0
1764499992974,1102,847,0
1764499992978,1103,847,0
1764499992981,1107,846,0
1764499992981,1109,846,0
1764499992988,1111,846,0
1764499992988,1112,845,0
1764499992991,1112,844,0
1764499992994,1114,844,0
1764499992994,1115,843,0
1764499992994,1117,843,0
1764499993001,1118,842,0
1764499993001,1120,841,0
1764499993001,1121,840,0
1764499993012,1122,840,0
1764499993012,1123,838,0
1764499993012,1124,837,0
1764499993012,1125,837,0
1764499993012,1126,836,0
1764499993021,1128,835,0
1764499993021,1128,833,0
1764499993028,1129,832,0
1764499993031,1130,830,1
1764499993031,1131,829,1
1764499993031,1131,826,1
1764499993031,1133,824,1
1764499993031,1133,823,1
1764499993041,1133,822,1
1764499993041,1135,821,1
1764499993041,1136,820,1
1764499993041,1136,818,1
1764499993041,1137,816,1
1764499993051,1139,813,1
1764499993051,1140,811,1
1764499993057,1142,810,1
1764499993057,1142,808,1
1764499993061,1143,807,1
1764499993061,1144,806,1
1764499993061,1145,805,1
1764499993061,1147,803,1
1764499993061,1148,802,1
1764499993071,1149,800,1
1764499993082,1155,795,1
1764499993082,1156,794,1
1764499993082,1157,792,1
1764499993082,1159,791,1
1764499993089,1160,791,1
1764499993091,1161,790,1
1764499993091,1162,788,1
1764499993091,1164,787,1
1764499993091,1165,786,1
1764499993091,1166,785,1
1764499993101,1168,784,1
1764499993104,1169,782,1
1764499993105,1171,781,1
1764499993105,1172,780,1
1764499993105,1173,779,1
1764499993111,1174,777,1
1764499993111,1176,775,1
1764499993111,1177,773,1
1764499993120,1179,772,1
1764499993122,1181,770,1
1764499993124,1182,769,1
1764499993124,1184,767,1
1764499993124,1184,766,1
1764499993131,1187,763,1
1764499993131,1189,761,1
1764499993136,1189,760,1
1764499993136,1191,759,1
1764499993140,1192,757,1
1764499993141,1193,756,1
1764499993141,1194,755,1
1764499993141,1195,754,1
1764499993141,1196,752,1
1764499993141,1197,751,1
1764499993151,1199,749,1
1764499993151,1201,747,1
1764499993151,1201,746,1
1764499993151,1203,745,1
1764499993151,1204,743,1
1764499993161,1205,742,1
1764499993161,1206,740,1
1764499993161,1207,738,1
1764499993168,1209,737,1
1764499993168,1210,735,1
1764499993171,1212,732,1
1764499993171,1213,730,1
1764499993175,1214,729,1
1764499993175,1215,727,1
1764499993181,1217,724,1
1764499993181,1218,722,1
1764499993183,1219,721,1
1764499993183,1221,719,1
1764499993183,1221,716,1
1764499993183,1223,714,1
1764499993191,1224,712,1
1764499993191,1225,710,1
1764499993191,1227,708,1
1764499993191,1228,705,1
1764499993199,1229,704,1
1764499993201,1230,701,1
1764499993201,1230,699,1
1764499993201,1232,697,1
1764499993201,1233,696,1
1764499993201,1235,693,1
1764499993211,1235,691,1
1764499993211,1236,689,1
1764499993215,1238,687,1
1764499993215,1238,685,1
1764499993215,1239,682,1
1764499993221,1240,681,1
1764499993221,1242,679,1
1764499993221,1242,677,1
1764499993221,1243,676,1
1764499993231,1245,671,1
1764499993231,1246,669,1
1764499993231,1247,668,1
1764499993231,1249,666,1
1764499993241,1249,665,1
1764499993241,1249,663,1
1764499993241,1250,662,1
1764499993247,1251,661,1
1764499993247,1252,659,1
1764499993251,1253,657,1
1764499993251,1253,656,1
1764499993251,1253,655,1
1764499993251,1254,653,1
1764499993251,1255,652,1
1764499993261,1255,651,1
1764499993263,1256,649,1
1764499993263,1257,648,1
1764499993263,1257,646,1
1764499993263,1258,645,1
1764499993271,1259,644,1
1764499993271,1259,642,1
1764499993275,1260,640,1
1764499993282,1261,637,1
1764499993282,1262,636,1
1764499993282,1263,634,1
1764499993282,1264,632,1
1764499993282,1265,630,1
1764499993282,1266,629,1
1764499993291,1266,627,1
1764499993294,1266,625,1
1764499993294,1267,623,1
1764499993294,1268,621,1
1764499993294,1269,620,1
1764499993301,1270,618,1
1764499993301,1271,616,1
1764499993301,1271,614,1
1764499993301,1272,612,1
1764499993310,1273,611,1
1764499993312,1274,609,1
1764499993312,1274,608,1
1764499993312,1276,606,1
1764499993312,1276,605,1
1764499993312,1277,604,1
1764499993321,1278,602,1
1764499993321,1280,600,1
1764499993326,1281,599,1
1764499993326,1281,598,1
1764499993331,1282,596,1
1764499993331,1283,595,1
1764499993331,1284,593,1
1764499993331,1285,590,1
1764499993331,1286,588,1
1764499993331,1286,587,1
1764499993342,1287,585,1
1764499993344,1289,582,1
1764499993344,1289,581,1
1764499993344,1290,579,1
1764499993344,1292,577,1
1764499993351,1293,574,1
1764499993351,1294,573,1
1764499993351,1294,571,1
1764499993357,1294,569,1
1764499993357,1295,567,1
1764499993361,1296,564,1
1764499993361,1297,561,1
1764499993361,1298,558,1
1764499993361,1299,557,1
1764499993361,1300,554,1
1764499993371,1300,552,1
1764499993374,1301,551,1
1764499993376,1302,549,1
1764499993376,1302,547,1
1764499993381,1302,546,1
1764499993381,1302,544,1
1764499993381,1303,543,1
1764499993381,1303,542,1
1764499993381,1304,541,1
1764499993389,1304,540,1
1764499993391,1304,539,1
1764499993391,1305,538,1
1764499993391,1305,536,1
1764499993391,1305,535,1
1764499993401,1306,534,1
1764499993407,1306,532,1
1764499993410,1306,531,1
1764499993411,1307,531,1
1764499993411,1307,530,1
1764499993411,1307,529,1
1764499993422,1307,528,1
1764499993432,1307,527,1
1764499995382,1307,526,1
1764499995382,1307,525,1
1764499995382,1307,523,1
1764499995382,1307,521,1
1764499995382,1307,519,1
1764499995382,1307,517,1
1764499995393,1308,515,1
1764499995393,1308,514,1
1764499995393,1308,512,1
1764499995393,1308,510,1
1764499995393,1308,508,1
1764499995402,1308,507,1
1764499995402,1308,504,1
1764499995402,1308,503,1
1764499995409,1308,501,1
1764499995412,1308,498,1
1764499995412,1308,496,1
1764499995412,1308,494,1
1764499995412,1308,493,1
1764499995412,1307,491,1
1764499995422,1307,489,1
1764499995425,1306,488,1
1764499995428,1306,486,1
1764499995428,1305,484,1
1764499995428,1305,483,1
1764499995432,1305,481,1
1764499995432,1305,480,1
1764499995432,1304,478,1
1764499995432,1304,476,1
1764499995442,1304,474,1
1764499995442,1304,472,1
1764499995442,1303,469,1
1764499995442,1303,468,1
1764499995442,1302,465,1
1764499995442,1302,463,1
1764499995452,1302,461,1
1764499995452,1302,459,1
1764499995456,1301,456,1
1764499995456,1301,455,1
1764499995462,1300,450,1
1764499995466,1300,448,1
1764499995468,1300,446,1
1764499995468,1300,443,1
1764499995472,1300,441,1
1764499995472,1299,439,1
1764499995472,1299,437,1
1764499995472,1299,435,1
1764499995472,1298,433,1
1764499995482,1298,430,1
1764499995482,1298,429,1
1764499995482,1297,426,1
1764499995487,1297,423,1
1764499995487,1297,422,1
1764499995492,1296,420,1
1764499995494,1295,417,1
1764499995496,1295,416,1
1764499995496,1294,413,1
1764499995496,1294,411,1
1764499995502,1293,409,1
1764499995506,1293,404,1
1764499995506,1292,403,1
1764499995506,1292,400,1
1764499995514,1290,396,1
1764499995514,1290,394,1
1764499995518,1289,391,1
1764499995520,1288,389,1
1764499995522,1287,388,1
1764499995522,1286,386,1
1764499995522,1286,384,1
1764499995522,1286,383,1
1764499995530,1286,380,1
1764499995532,1285,378,1
1764499995534,1284,377,1
1764499995536,1284,375,1
1764499995536,1283,373,1
1764499995536,1282,372,1
1764499995542,1282,370,1
1764499995542,1281,368,1
1764499995542,1281,367,1
1764499995542,1280,366,1
1764499995542,1280,364,1
1764499995542,1279,363,1
1764499995552,1278,361,1
1764499995552,1278,359,1
1764499995552,1277,358,1
1764499995552,1276,356,1
1764499995562,1276,352,1
1764499995568,1274,350,1
1764499995572,1274,348,1
1764499995572,1273,347,1
1764499995572,1273,346,1
1764499995572,1273,345,1
1764499995572,1272,344,1
1764499995582,1271,343,1
1764499995584,1271,341,1
1764499995586,1270,340,1
1764499995588,1270,339,1
1764499995588,1270,337,1
1764499995590,1269,336,1
1764499995594,1268,334,1
1764499995596,1267,333,1
1764499995598,1267,331,1
1764499995600,1265,330,1
1764499995602,1265,328,1
1764499995606,1264,324,1
1764499995608,1263,324,1
1764499995608,1262,322,1
1764499995612,1262,320,1
1764499995615,1261,318,1
1764499995615,1260,317,1
1764499995615,1260,315,1
1764499995615,1259,313,1
1764499995622,1258,312,1
1764499995622,1258,311,1
1764499995622,1258,309,1
1764499995622,1258,308,1
1764499995632,1258,306,1
1764499995632,1257,305,1
1764499995632,1256,304,1
1764499995632,1256,301,1
1764499995632,1255,299,1
1764499995632,1254,298,1
1764499995642,1254,297,1
1764499995642,1254,295,1
1764499995648,1253,294,1
1764499995648,1252,292,1
1764499995652,1251,291,1
1764499995652,1250,289,1
1764499995652,1249,287,1
1764499995652,1249,285,1
1764499995652,1248,285,1
1764499995664,1246,282,1
1764499995664,1246,281,1
1764499995664,1244,279,1
1764499995664,1243,279,1
1764499995664,1242,277,1
1764499995672,1242,275,1
1764499995672,1241,275,1
1764499995672,1240,273,1
1764499995679,1239,271,1
1764499995682,1238,270,1
1764499995682,1238,269,1
1764499995682,1237,266,1
1764499995682,1236,266,1
1764499995682,1235,265,1
1764499995682,1235,263,1
1764499995692,1234,261,1
1764499995695,1233,260,1
1764499995695,1232,259,1
1764499995695,1231,257,1
1764499995695,1230,256,1
1764499995702,1230,254,1
1764499995702,1229,253,1
1764499995702,1228,252,1
1764499995702,1227,250,1
1764499995712,1225,247,1
1764499995712,1225,246,1
1764499995712,1224,244,1
1764499995712,1222,242,1
1764499995722,1221,241,1
1764499995722,1219,239,1
1764499995722,1219,236,1
1764499995728,1218,236,1
1764499995728,1216,234,1
1764499995732,1215,233,1
1764499995732,1214,232,1
1764499995732,1213,230,1
1764499995732,1212,228,1
1764499995732,1211,227,1
1764499995742,1210,226,1
1764499995744,1209,223,1
1764499995744,1208,222,1
1764499995744,1207,221,1
1764499995744,1205,219,1
1764499995752,1205,218,1
1764499995752,1203,217,1
1764499995752,1203,216,1
1764499995752,1201,214,1
1764499995760,1200,214,1
1764499995762,1198,211,1
1764499995762,1197,210,1
1764499995762,1195,209,1
1764499995762,1194,208,1
1764499995772,1193,207,1
1764499995772,1191,206,1
1764499995776,1191,205,1
1764499995776,1190,203,1
1764499995776,1187,203,1
1764499995781,1186,202,1
1764499995782,1186,201,1
1764499995782,1184,200,1
1764499995782,1182,199,1
1764499995782,1181,198,1
1764499995792,1180,197,1
1764499995792,1178,196,1
1764499995792,1175,195,1
1764499995792,1175,194,1
1764499995792,1173,193,1
1764499995792,1172,192,1
1764499995802,1170,191,1
1764499995802,1169,190,1
1764499995808,1167,189,1
1764499995808,1165,188,1
1764499995812,1163,187,1
1764499995812,1161,186,1
1764499995812,1160,186,1
1764499995812,1158,184,1
1764499995812,1157,183,1
1764499995824,1156,182,1
1764499995825,1153,182,1
1764499995825,1152,181,1
1764499995825,1151,180,1
1764499995832,1149,179,1
1764499995832,1147,178,1
1764499995832,1145,178,1
1764499995832,1143,177,1
1764499995840,1141,176,1
1764499995842,1139,175,1
1764499995842,1138,174,1
1764499995842,1135,173,1
1764499995842,1133,173,1
1764499995842,1131,171,1
1764499995852,1129,170,1
1764499995852,1127,170,1
1764499995856,1124,169,1
1764499995857,1123,168,1
1764499995857,1121,166,1
1764499995862,1116,165,1
1764499995862,1112,163,1
1764499995862,1111,162,1
1764499995862,1108,161,1
1764499995872,1105,160,1
1764499995872,1104,160,1
1764499995872,1101,159,1
1764499995872,1098,158,1
1764499995872,1096,157,1
1764499995882,1094,156,1
1764499995882,1091,155,1
1764499995882,1089,154,1
1764499995888,1086,154,1
1764499995888,1084,153,1
1764499995888,1082,152,1
1764499995892,1079,152,1
1764499995892,1076,151,1
1764499995892,1074,150,1
1764499995892,1071,149,1
1764499995902,1068,148,1
1764499995903,1067,147,1
1764499995903,1064,146,1
1764499995903,1062,146,1
1764499995903,1059,145,1
1764499995912,1055,143,1
1764499995912,1052,143,1
1764499995912,1051,142,1
1764499995919,1048,141,1
1764499995922,1045,141,1
1764499995922,1042,140,1
1764499995922,1040,139,1
1764499995922,1037,138,1
1764499995922,1035,137,1
1764499995932,1032,136,1
1764499995932,1030,135,1
1764499995935,1028,134,1
1764499995935,1025,134,1
1764499995935,1022,133,1
1764499995935,1021,132,1
1764499995942,1018,132,1
1764499995942,1016,131,1
1764499995942,1014,130,1
1764499995942,1012,129,1
1764499995952,1009,129,1
1764499995952,1008,128,1
1764499995952,1006,127,1
1764499995952,1003,127,1
1764499995952,1001,127,1
1764499995962,997,126,1
1764499995962,996,126,1
1764499995966,993,125,1
1764499995966,991,124,1
1764499995966,988,123,1
1764499995972,987,123,1
1764499995972,985,123,1
1764499995972,981,121,1
1764499995982,979,121,1
1764499995984,977,120,1
1764499995984,975,120,1
1764499995984,973,120,1
1764499995984,971,119,1
1764499995984,970,119,1
1764499995992,968,119,1
1764499995992,966,119,1
1764499995997,964,118,1
1764499995997,962,117,1
1764499996002,960,117,1
1764499996002,959,116,1
1764499996002,957,116,1
1764499996002,954,116,1
1764499996002,954,115,1
1764499996014,951,115,1
1764499996016,948,115,1
1764499996016,947,115,1
1764499996016,945,115,1
1764499996022,942,115,1
1764499996022,939,115,1
1764499996029,937,114,1
1764499996032,934,114,1
1764499996032,933,114,1
1764499996032,932,114,1
1764499996032,930,114,1
1764499996032,929,113,1
1764499996042,927,113,1
1764499996042,926,113,1
1764499996045,924,113,1
1764499996047,923,113,1
1764499996047,922,113,1
1764499996052,920,113,1
1764499996052,919,113,1
1764499996052,918,113,1
1764499996052,917,113,1
1764499996052,915,113,1
1764499996062,912,113,1
1764499996062,911,113,1
1764499996062,909,113,1
1764499996062,908,113,1
1764499996072,906,113,1
1764499996072,905,113,1
1764499996072,903,113,1
1764499996077,900,113,1
1764499996082,898,113,1
1764499996082,897,113,1
1764499996082,895,113,1
1764499996082,893,113,1
1764499996082,891,113,1
1764499996082,889,113,1
1764499996108,873,115,1
1764499996108,871,115,1
1764499996113,866,117,1
1764499996115,863,118,1
1764499996115,862,118,1
1764499996115,860,118,1
1764499996115,857,119,1
1764499996124,854,119,1
1764499996124,853,120,1
1764499996124,849,122,1
1764499996132,847,123,1
1764499996132,845,124,1
1764499996132,842,124,1
1764499996132,840,126,1
1764499996140,839,126,1
1764499996142,836,127,1
1764499996143,834,128,1
1764499996146,832,128,1
1764499996146,829,130,1
1764499996146,827,131,1
1764499996152,825,132,1
1764499996152,823,134,1
1764499996155,821,134,1
1764499996155,818,137,1
1764499996155,815,137,1
1764499996162,812,139,1
1764499996162,810,140,1
1764499996162,809,140,1
1764499996162,807,142,1
1764499996172,805,143,1
1764499996173,803,144,1
1764499996173,802,144,1
1764499996173,797,146,1
1764499996182,796,148,1
1764499996182,794,149,1
1764499996182,792,150,1
1764499996187,790,151,1
1764499996189,789,151,1
1764499996192,787,153,1
1764499996192,784,153,1
1764499996192,783,154,1
1764499996192,782,156,1
1764499996192,780,157,1
1764499996202,778,157,1
1764499996203,776,160,1
1764499996203,774,161,1
1764499996203,773,162,1
1764499996212,772,163,1
1764499996212,770,164,1
1764499996212,768,164,1
1764499996212,767,165,1
1764499996219,766,166,1
1764499996222,764,167,1
1764499996222,762,169,1
1764499996222,760,170,1
1764499996222,759,171,1
1764499996232,756,171,1
1764499996235,755,172,1
1764499996235,754,173,1
1764499996235,752,173,1
1764499996242,752,174,1
1764499996242,750,176,1
1764499996242,748,177,1
1764499996242,747,178,1
1764499996252,744,179,1
1764499996252,744,180,1
1764499996252,743,180,1
1764499996252,742,181,1
1764499996252,741,181,1
1764499996262,738,182,1
1764499996262,737,183,1
1764499996267,735,185,1
1764499996269,733,186,1
1764499996273,731,187,1
1764499996275,730,188,1
1764499996275,727,190,1
1764499996282,726,190,1
1764499996282,725,191,1
1764499996282,723,192,1
1764499996282,721,193,1
1764499996282,721,195,1
1764499996292,719,195,1
1764499996292,717,195,1
1764499996296,716,197,1
1764499996298,715,198,1
1764499996298,713,199,1
1764499996302,712,200,1
1764499996302,711,201,1
1764499996302,709,202,1
1764499996302,707,203,1
1764499996302,706,205,1
1764499996312,705,205,1
1764499996313,703,207,1
1764499996313,702,208,1
1764499996313,700,209,1
1764499996313,699,210,1
1764499996322,697,211,1
1764499996322,696,213,1
1764499996322,694,214,1
1764499996330,691,217,1
1764499996332,690,218,1
1764499996333,689,220,1
1764499996333,688,221,1
1764499996333,687,222,1
1764499996333,685,224,1
1764499996342,683,227,1
1764499996342,683,228,1
1764499996345,681,229,1
1764499996345,680,232,1
1764499996345,680,233,1
1764499996352,678,235,1
1764499996352,677,236,1
1764499996352,676,238,1
1764499996352,675,239,1
1764499996352,674,240,1
1764499996362,672,242,1
1764499996362,671,243,1
1764499996362,670,245,1
1764499996362,669,246,1
1764499996362,668,248,1
1764499996372,666,251,1
1764499996372,665,252,1
1764499996372,664,252,1
1764499996379,661,256,1
1764499996382,661,257,1
1764499996382,659,259,1
1764499996382,659,260,1
1764499996382,657,261,1
1764499996382,656,263,1
1764499996392,656,264,1
1764499996392,655,265,1
1764499996396,654,267,1
1764499996396,653,268,1
1764499996396,652,269,1
1764499996402,652,271,1
1764499996402,651,273,1
1764499996402,650,273,1
1764499996408,650,274,1
1764499996408,648,276,1
1764499996412,648,277,1
1764499996412,648,279,1
1764499996412,647,280,1
1764499996412,646,281,1
1764499996412,645,283,1
1764499996422,645,284,1
1764499996423,644,285,1
1764499996423,643,286,1
1764499996423,641,289,1
1764499996432,641,291,1
1764499996432,640,292,1
1764499996432,640,293,1
1764499996432,638,295,1
1764499996439,638,296,1
1764499996442,637,298,1
1764499996442,637,299,1
1764499996446,636,301,1
1764499996446,635,302,1
1764499996446,634,303,1
1764499996452,634,305,1
1764499996452,633,306,1
1764499996455,633,309,1
1764499996458,632,309,1
1764499996459,631,311,1
1764499996462,630,312,1
1764499996462,630,313,1
1764499996462,629,315,1
1764499996462,629,316,1
1764499996462,628,317,1
1764499996472,627,319,1
1764499996472,626,320,1
1764499996476,626,321,1
1764499996480,626,324,1
1764499996482,625,325,1
1764499996482,624,326,1
1764499996482,624,327,1
1764499996486,623,329,1
1764499996486,623,330,1
1764499996492,623,331,1
1764499996492,623,332,1
1764499996492,622,333,1
1764499996492,621,335,1
1764499996492,621,337,1
1764499996502,620,338,1
1764499996502,619,340,1
1764499996502,619,341,1
1764499996502,619,342,1
1764499996512,619,344,1
1764499996512,618,344,1
1764499996512,618,346,1
1764499996518,617,348,1
1764499996518,617,349,1
1764499996522,617,350,1
1764499996522,616,351,1
1764499996522,615,353,1
1764499996522,615,355,1
1764499996532,615,356,1
1764499996534,614,358,1
1764499996534,614,359,1
1764499996534,613,360,1
1764499996534,613,361,1
1764499996542,612,363,1
1764499996542,612,364,1
1764499996542,612,365,1
1764499996542,612,367,1
1764499996542,611,368,1
1764499996552,611,369,1
1764499996553,610,370,1
1764499996553,610,371,1
1764499996553,609,372,1
1764499996553,609,374,1
1764499996562,608,375,1
1764499996562,608,377,1
1764499996565,607,379,1
1764499996567,607,381,1
1764499996572,606,384,1
1764499996572,605,385,1
1764499996572,605,386,1
1764499996572,604,389,1
1764499996572,604,390,1
1764499996581,604,392,1
1764499996583,604,394,1
1764499996583,604,395,1
1764499996583,603,397,1
1764499996583,603,398,1
1764499996583,603,400,1
1764499996592,603,402,1
1764499996592,602,403,1
1764499996596,602,405,1
1764499996596,602,407,1
1764499996596,602,408,1
1764499996602,602,410,1
1764499996602,601,411,1
1764499996602,601,413,1
1764499996602,601,416,1
1764499996612,601,418,1
1764499996612,601,420,1
1764499996612,601,421,1
1764499996612,601,423,1
1764499996622,601,425,1
1764499996622,601,427,1
1764499996622,601,428,1
1764499996627,600,430,1
1764499996632,600,433,1
1764499996632,600,435,1
1764499996632,599,435,1
1764499996632,599,437,1
1764499996632,599,438,1
1764499996642,599,440,1
1764499996643,599,441,1
1764499996643,599,442,1
1764499996643,599,445,1
1764499996643,598,446,1
1764499996652,598,447,1
1764499996652,598,449,1
1764499996652,598,450,1
1764499996652,597,452,1
1764499996662,597,455,1
1764499996662,597,457,1
1764499996662,596,458,1
1764499996662,596,460,1
1764499996662,596,462,1
1764499996672,596,463,1
1764499996675,596,466,1
1764499996675,596,468,1
1764499996675,596,469,1
1764499996675,596,471,1
1764499996682,596,472,1
1764499996682,596,474,1
1764499996682,596,477,1
1764499996691,596,480,1
1764499996692,596,481,1
1764499996692,596,483,1
1764499996692,596,485,1
1764499996692,596,486,1
1764499996692,596,488,1
1764499996702,596,489,1
1764499996702,596,491,1
1764499996706,596,493,1
1764499996706,596,494,1
1764499996712,596,497,1
1764499996712,596,499,1
1764499996712,596,501,1
1764499996712,596,502,1
1764499996712,596,504,1
1764499996722,596,506,1
1764499996722,596,508,1
1764499996722,596,510,1
1764499996722,597,511,1
1764499996722,597,513,1
1764499996732,597,515,1
1764499996732,597,516,1
1764499996732,597,518,1
1764499996738,598,519,1
1764499996740,598,522,1
1764499996742,598,524,1
1764499996742,598,525,1
1764499996742,598,526,1
1764499996742,598,528,1
1764499996742,599,529,1
1764499996752,599,531,1
1764499996753,600,534,1
1764499996753,600,536,1
1764499996753,600,538,1
1764499996762,600,539,1
1764499996762,601,543,1
1764499996762,601,545,1
1764499996762,602,548,1
1764499996769,603,550,1
1764499996770,603,553,1
1764499996772,604,556,1
1764499996772,605,559,1
1764499996772,605,561,1
1764499996779,606,564,1
1764499996779,607,567,1
1764499996782,607,569,1
1764499996785,609,574,1
1764499996785,610,577,1
1764499996785,611,578,1
1764499996792,612,581,1
1764499996792,613,584,1
1764499996792,613,585,1
1764499996792,613,588,1
1764499996800,614,591,1
1764499996802,615,593,1
1764499996804,615,594,1
1764499996804,617,599,1
1764499996812,619,603,1
1764499996812,620,605,1
1764499996817,621,608,1
1764499996817,621,610,1
1764499996817,621,612,1
1764499996822,622,615,1
1764499996822,623,618,1
1764499996822,624,620,1
1764499996822,625,623,1
1764499996822,626,625,1
1764499996832,628,628,1
1764499996832,629,630,1
1764499996832,630,632,1
1764499996832,630,635,1
1764499996832,632,636,1
1764499996842,633,639,1
1764499996842,634,641,1
1764499996842,636,645,1
1764499996848,637,647,1
1764499996848,639,648,1
1764499996852,640,651,1
1764499996852,640,653,1
1764499996852,641,655,1
1764499996852,643,657,1
1764499996862,646,662,1
1764499996864,646,664,1
1764499996866,649,666,1
1764499996866,650,668,1
1764499996866,651,670,1
1764499996872,652,672,1
1764499996872,653,673,1
1764499996872,654,676,1
1764499996880,656,678,1
1764499996880,657,680,1
1764499996883,658,681,1
1764499996883,660,683,1
1764499996883,661,685,1
1764499996883,662,686,1
1764499996883,664,689,1
1764499996892,664,690,1
1764499996895,666,692,1
1764499996895,667,694,1
1764499996895,668,696,1
1764499996895,669,698,1
1764499996902,671,699,1
1764499996902,672,702,1
1764499996902,674,704,1
1764499996902,676,707,1
1764499996912,678,711,1
1764499996912,681,714,1
1764499996912,682,716,1
1764499996912,684,719,1
1764499996912,686,720,1
1764499996922,688,722,1
1764499996922,690,725,1
1764499996927,692,727,1
1764499996927,693,730,1
1764499996927,695,731,1
1764499996932,697,734,1
1764499996932,699,737,1
1764499996932,701,739,1
1764499996932,703,742,1
1764499996932,704,743,1
1764499996943,706,746,1
1764499996945,708,749,1
1764499996945,710,751,1
1764499996945,712,754,1
1764499996945,713,756,1
1764499996952,715,758,1
1764499996952,717,760,1
1764499996952,718,762,1
1764499996959,720,765,1
1764499996962,724,769,1
1764499996962,726,771,1
1764499996962,728,773,1
1764499996962,730,776,1
1764499996962,731,777,1
1764499996972,733,780,1
1764499996974,735,782,1
1764499996974,739,786,1
1764499996974,741,788,1
1764499996983,743,790,1
1764499996983,745,792,1
1764499996983,746,794,1
1764499996983,748,795,1
1764499996990,751,797,1
1764499996992,753,799,1
1764499996992,754,801,1
1764499996992,756,803,1
1764499996992,759,804,1
1764499996992,760,806,1
1764499997002,763,807,1
1764499997002,765,810,1
1764499997006,766,812,1
1764499997006,769,813,1
1764499997012,774,816,1
1764499997012,776,817,1
1764499997012,779,819,1
1764499997012,781,820,1
1764499997012,784,822,1
1764499997023,785,824,1
1764499997023,788,825,1
1764499997023,794,828,1
1764499997023,796,829,1
1764499997032,798,830,1
1764499997032,801,831,1
1764499997032,804,832,1
1764499997037,805,833,1
1764499997037,808,834,1
1764499997042,811,835,1
1764499997042,814,835,1
1764499997042,815,836,1
1764499997042,817,837,1
1764499997042,820,839,1
1764499997052,823,840,1
1764499997053,824,840,1
1764499997053,826,841,1
1764499997053,829,842,1
1764499997062,833,843,1
1764499997062,835,843,1
1764499997062,836,844,1
1764499997069,838,844,1
1764499997069,840,844,1
1764499997072,842,845,1
1764499997072,844,845,1
1764499997072,847,847,1
1764499997072,849,847,1
1764499997083,852,847,1
1764499997088,854,847,1
1764499997088,857,847,1
1764499997088,858,847,1
1764499997092,860,848,1
1764499997092,861,848,1
1764499997092,863,848,1
1764499997092,865,848,1
1764499997117,884,851,1
1764499997117,886,851,1
1764499997117,888,852,1
1764499997122,891,853,1
1764499997122,892,853,1
1764499997122,897,854,1
1764499997122,900,855,1
1764499997132,901,856,1
1764499997132,903,857,1
1764499997132,906,857,1
1764499997132,908,858,1
1764499997132,911,859,1
1764499997142,913,859,1
1764499997142,915,859,1
1764499997142,917,860,1
1764499997148,919,860,1
1764499997148,923,862,1
1764499997152,924,862,1
1764499997152,927,863,1
1764499997152,930,863,1
1764499997152,933,864,1
1764499997164,937,865,1
1764499997164,940,866,1
1764499997164,942,866,1
1764499997164,944,866,1
1764499997164,947,867,1
1764499997172,948,867,1
1764499997172,951,867,1
1764499997180,955,867,1
1764499997180,958,867,1
1764499997183,961,867,1
1764499997183,962,867,1
1764499997183,965,868,1
1764499997183,966,868,1
1764499997183,968,868,1
1764499997192,970,868,1
1764499997195,972,868,1
1764499997195,974,868,1
1764499997198,977,868,1
1764499997198,978,868,1
1764499997202,980,868,1
1764499997202,983,868,1
1764499997202,985,868,1
1764499997202,987,868,1
1764499997212,991,868,1
1764499997212,993,868,1
1764499997212,994,868,1
1764499997212,997,868,1
1764499997212,999,868,1
1764499997222,1000,868,1
1764499997222,1003,868,1
1764499997227,1006,868,1
1764499997227,1007,868,1
1764499997232,1009,868,1
1764499997232,1011,868,1
1764499997232,1013,868,1
1764499997232,1014,868,1
1764499997242,1015,868,1
1764499997242,1017,867,1
1764499997242,1018,867,1
1764499997242,1019,867,1
1764499997242,1020,867,1
1764499997252,1021,867,1
1764499997252,1022,867,1
1764499997252,1024,867,1
1764499997258,1025,867,1
1764499997258,1027,867,1
1764499997262,1027,866,1
1764499997262,1029,866,1
1764499997262,1031,866,1
1764499997262,1032,866,1
1764499997262,1034,866,1
1764499997272,1035,866,0
1764499997274,1036,866,0
1764499997274,1038,866,0
1764499997274,1039,865,0
1764499997274,1041,865,0
1764499997282,1043,865,0
1764499997283,1044,865,0
1764499997283,1046,865,0
1764499997283,1047,865,0
1764499997289,1049,864,0
1764499997292,1050,864,0
1764499997292,1052,864,0
1764499997292,1054,863,0
1764499997292,1055,863,0
1764499997292,1057,863,0
1764499997302,1059,863,0
1764499997305,1062,862,0
1764499997305,1065,862,0
1764499997305,1066,862,0
1764499997312,1068,861,0
1764499997312,1070,861,0
1764499997312,1071,861,0
1764499997312,1073,861,0
1764499997322,1076,860,0
1764499997322,1078,860,0
1764499997322,1080,860,0
1764499997322,1082,860,0
1764499997332,1083,860,0
1764499997332,1085,859,0
1764499997338,1086,858,0
1764499997338,1088,858,0
1764499997342,1088,857,0
1764499997342,1090,857,0
1764499997342,1091,857,0
1764499997342,1092,856,0
1764499997353,1093,855,0
1764499997353,1094,854,0
1764499997353,1095,854,0
1764499997353,1096,853,0
1764499997353,1096,852,0
1764499997362,1098,852,0
1764499997362,1099,852,0
1764499997362,1099,850,0
1764499997369,1100,849,0
1764499997371,1101,849,0
1764499997373,1102,849,0
1764499997373,1103,847,0
1764499997373,1105,846,0
1764499997373,1106,845,0
1764499997373,1107,844,0
1764499997382,1108,843,0
1764499997384,1109,842,0
1764499997384,1110,840,1
1764499997384,1110,839,1
1764499997384,1112,839,1
1764499997392,1113,837,1
1764499997392,1114,836,1
1764499997392,1116,834,1
1764499997400,1117,833,1
1764499997405,1119,831,1
1764499997405,1120,831,1
1764499997412,1120,830,1
1764499997412,1121,829,1
1764499997412,1122,829,1
1764499997416,1123,829,1
1764499997416,1124,828,1
1764499997416,1125,827,1
1764499997422,1126,827,1
1764499997422,1127,826,1
1764499997422,1128,826,1
1764499997422,1129,825,1
1764499997422,1130,824,1
1764499997432,1131,824,1
1764499997435,1132,823,1
1764499997435,1133,823,1
1764499997435,1135,822,1
1764499997435,1136,821,1
1764499997442,1137,820,1
1764499997442,1138,820,1
1764499997442,1139,819,1
1764499997449,1140,818,1
1764499997451,1142,817,1
1764499997452,1143,817,1
1764499997452,1144,816,1
1764499997452,1146,815,1
1764499997452,1146,814,1
1764499997452,1148,813,1
1764499997462,1149,812,1
1764499997464,1150,811,1
1764499997464,1152,810,1
1764499997464,1153,809,1
1764499997464,1153,808,1
1764499997472,1154,807,1
1764499997472,1155,807,1
1764499997472,1156,806,1
1764499997479,1156,805,1
1764499997479,1157,804,1
1764499997484,1158,804,1
1764499997484,1158,803,1
1764499997484,1159,802,1
1764499997495,1161,801,1
1764499997495,1161,800,1
1764499997495,1162,799,1
1764499997502,1163,799,1
1764499997502,1163,797,1
1764499997512,1164,796,1
1764499997512,1165,795,1
1764499997512,1165,794,1
1764499997522,1166,794,1
1764499997522,1166,793,1
1764499997526,1166,792,1
1764499997532,1167,791,1
1764499997532,1167,790,1
1764499997532,1168,789,1
1764499997542,1168,788,1
1764499997552,1168,787,1
1764499997552,1169,787,1
1764499997562,1169,786,1
1764499997576,1170,786,1
1764499997639,1170,785,1
1764499999773,1171,784,1
1764499999783,1172,784,1
1764499999783,1172,783,1
1764499999792,1173,783,1
1764499999795,1173,782,1
1764499999803,1174,782,1
1764499999811,1175,781,1
1764499999813,1176,781,1
1764499999813,1176,779,1
1764499999823,1177,779,1
1764499999827,1178,779,1
1764499999829,1179,777,1
1764499999833,1180,777,1
1764499999833,1181,776,1
1764499999845,1184,774,1
1764499999845,1185,773,1
1764499999845,1187,771,1
1764499999845,1188,770,1
1764499999853,1189,769,1
1764499999853,1190,768,1
1764499999853,1191,767,1
1764499999853,1192,765,1
1764499999860,1194,764,1
1764499999863,1195,763,1
1764499999863,1196,761,1
1764499999863,1198,760,1
1764499999863,1199,759,1
1764499999863,1200,757,1
1764499999873,1202,755,1
1764499999876,1205,753,1
1764499999876,1207,751,1
1764499999876,1207,749,1
1764499999882,1209,749,1
1764499999882,1210,747,1
1764499999882,1212,745,1
1764499999882,1213,743,1
1764499999892,1216,740,1
1764499999892,1218,738,1
1764499999892,1219,736,1
1764499999892,1220,735,1
1764499999892,1221,732,1
1764499999902,1222,731,1
1764499999902,1223,728,1
1764499999902,1225,726,1
1764499999908,1225,725,1
1764499999908,1227,723,1
1764499999913,1227,722,1
1764499999913,1229,720,1
1764499999913,1231,717,1
1764499999913,1232,715,1
1764499999913,1233,713,1
1764499999923,1235,711,1
1764499999924,1236,706,1
1764499999924,1237,705,1
1764499999924,1239,702,1
1764499999933,1240,700,1
1764499999933,1241,697,1
1764499999933,1242,696,1
1764499999933,1243,694,1
1764499999943,1244,690,1
1764499999943,1245,688,1
1764499999943,1245,685,1
1764499999943,1246,682,1
1764499999943,1247,681,1
1764499999953,1248,678,1
1764499999953,1249,676,1
1764499999956,1249,675,1
1764499999956,1250,672,1
1764499999956,1250,670,1
1764499999963,1251,669,1
1764499999963,1251,666,1
1764499999963,1252,665,1
1764499999963,1253,663,1
1764499999972,1253,661,1
1764499999973,1254,659,1
1764499999973,1255,656,1
1764499999973,1255,654,1
1764499999973,1255,653,1
1764499999983,1256,651,1
1764499999987,1257,646,1
1764499999987,1258,645,1
1764499999992,1259,643,1
1764499999992,1259,642,1
1764499999992,1259,641,1
1764499999992,1260,639,1
1764499999992,1260,638,1
1764500000003,1262,637,1
1764500000003,1263,635,1
1764500000003,1263,633,1
1764500000003,1264,631,1
1764500000013,1265,629,1
1764500000013,1265,628,1
1764500000013,1266,627,1
1764500000018,1267,626,1
1764500000018,1267,624,1
1764500000023,1267,622,1
1764500000023,1268,619,1
1764500000023,1268,618,1
1764500000023,1269,617,1
1764500000033,1269,616,1
1764500000034,1270,614,1
1764500000034,1270,612,1
1764500000034,1271,611,1
1764500000042,1271,608,1
1764500000042,1272,606,1
1764500000050,1273,603,1
1764500000053,1274,599,1
1764500000053,1275,598,1
1764500000053,1275,597,1
1764500000053,1275,595,0
1764500000066,1276,593,1
1764500000066,1276,592,0
1764500000066,1276,591,0
1764500000066,1277,589,0
1764500000073,1278,587,1
1764500000073,1278,585,0
1764500000082,1279,584,1
1764500000082,1279,583,1
1764500000082,1279,582,0
1764500000082,1279,580,0
1764500000092,1280,578,0
1764500000092,1280,577,0
1764500000097,1281,576,1
1764500000097,1281,574,0
1764500000102,1281,573,0
1764500000102,1281,572,0
1764500000102,1282,570,0
1764500000113,1282,569,0
1764500000113,1282,568,0
1764500000113,1283,567,0
1764500000113,1283,566,0
1764500000113,1283,565,0
1764500000123,1283,564,0
1764500000123,1284,563,0
1764500000123,1284,562,0
1764500000142,1285,554,0
1764500000144,1288,548,1
1764500000144,1288,547,1
1764500000144,1288,545,1
1764500000153,1289,544,1
1764500000153,1289,542,1
1764500000153,1289,541,1
1764500000160,1290,537,1
1764500000162,1291,536,1
1764500000162,1291,534,1
1764500000162,1292,532,1
1764500000162,1293,532,1
1764500000162,1293,529,1
1764500000176,1294,527,1
1764500000176,1294,525,1
1764500000176,1294,524,1
1764500000176,1295,522,1
1764500000183,1295,520,1
1764500000183,1296,519,1
1764500000183,1296,518,1
1764500000183,1297,516,1
1764500000192,1297,513,1
1764500000192,1298,510,1
1764500000192,1298,509,1
1764500000192,1299,507,1
1764500000203,1299,505,1
1764500000203,1299,504,1
1764500000207,1299,502,1
1764500000210,1299,499,1
1764500000213,1300,496,1
1764500000213,1300,495,1
1764500000213,1300,492,1
1764500000213,1301,489,1
1764500000213,1301,488,1
1764500000222,1301,486,1
1764500000222,1301,484,1
1764500000222,1301,482,1
1764500000222,1301,480,1
1764500000222,1301,478,1
1764500000233,1301,477,1
1764500000233,1301,475,1
1764500000233,1302,474,1
1764500000238,1302,471,1
1764500000243,1302,468,1
1764500000243,1302,467,1
1764500000243,1303,465,1
1764500000243,1303,464,1
1764500000243,1303,462,1
1764500000253,1303,461,1
1764500000254,1303,459,1
1764500000254,1303,457,1
1764500000254,1304,456,1
1764500000254,1304,454,1
1764500000263,1304,453,1
1764500000263,1304,450,1
1764500000263,1304,449,1
1764500000263,1304,447,1
1764500000272,1304,445,1
1764500000273,1304,444,1
1764500000273,1304,442,1
1764500000273,1304,440,1
1764500000273,1304,439,1
1764500000273,1304,436,1
1764500000283,1304,435,1
1764500000283,1304,433,1
1764500000286,1304,431,1
1764500000286,1304,430,1
1764500000292,1304,425,1
1764500000292,1304,424,1
1764500000292,1304,422,1
1764500000292,1304,421,1
1764500000292,1304,419,1
1764500000303,1304,417,1
1764500000303,1304,416,1
1764500000303,1304,414,1
1764500000303,1304,413,1
1764500000303,1304,410,1
1764500000313,1304,409,1
1764500000313,1304,407,1
1764500000318,1304,405,1
1764500000318,1304,404,1
1764500000323,1304,403,1
1764500000323,1304,402,1
1764500000323,1304,400,1
1764500000323,1304,398,1
1764500000323,1303,397,1
1764500000332,1303,395,1
1764500000334,1303,394,1
1764500000334,1303,393,1
1764500000334,1303,391,1
1764500000343,1303,390,1
1764500000343,1302,388,1
1764500000343,1302,386,1
1764500000343,1301,385,1
1764500000343,1301,383,1
1764500000352,1301,381,1
1764500000353,1300,380,1
1764500000353,1299,378,1
1764500000353,1299,375,1
1764500000353,1298,374,1
1764500000353,1298,373,1
1764500000363,1297,370,1
1764500000366,1297,369,1
1764500000366,1296,367,1
1764500000366,1295,365,1
1764500000366,1295,364,1
1764500000373,1294,363,1
1764500000373,1294,361,1
1764500000373,1293,360,1
1764500000373,1292,358,1
1764500000382,1292,356,1
1764500000382,1291,355,1
1764500000382,1291,354,1
1764500000382,1290,352,1
1764500000382,1289,350,1
1764500000392,1289,348,1
1764500000392,1288,346,1
1764500000397,1287,345,1
1764500000400,1286,344,1
1764500000401,1286,342,1
1764500000403,1285,340,1
1764500000405,1285,339,1
1764500000405,1284,338,1
1764500000405,1284,336,1
1764500000405,1283,335,1
1764500000413,1282,333,1
1764500000413,1281,331,1
1764500000413,1280,329,1
1764500000413,1279,327,1
1764500000423,1279,326,1
1764500000423,1278,325,1
1764500000423,1277,323,1
1764500000428,1277,322,1
1764500000428,1276,320,1
1764500000432,1275,318,1
1764500000432,1274,317,1
1764500000432,1273,316,1
1764500000432,1273,315,1
1764500000443,1271,312,1
1764500000444,1270,310,1
1764500000444,1269,309,1
1764500000444,1268,307,1
1764500000452,1267,306,1
1764500000452,1266,305,1
1764500000452,1266,303,1
1764500000460,1265,303,1
1764500000460,1263,302,1
1764500000463,1262,300,1
1764500000463,1262,298,1
1764500000463,1261,297,1
1764500000463,1260,296,1
1764500000463,1259,295,1
1764500000473,1259,294,1
1764500000476,1257,293,1
1764500000476,1256,291,1
1764500000479,1255,289,1
1764500000479,1253,288,1
1764500000482,1252,286,1
1764500000482,1250,285,1
1764500000482,1249,284,1
1764500000493,1247,281,1
1764500000493,1244,280,1
1764500000493,1244,279,1
1764500000493,1242,277,1
1764500000493,1240,276,1
1764500000503,1239,276,1
1764500000503,1238,273,1
1764500000507,1235,272,1
1764500000507,1233,270,1
1764500000507,1231,268,1
1764500000513,1230,267,1
1764500000513,1229,267,1
1764500000513,1228,265,1
1764500000513,1226,264,1
1764500000513,1225,263,1
1764500000523,1222,261,1
1764500000523,1221,260,1
1764500000523,1219,258,1
1764500000523,1218,258,1
1764500000523,1216,256,1
1764500000532,1215,255,1
1764500000532,1214,253,1
1764500000532,1212,253,1
1764500000538,1211,251,1
1764500000543,1207,249,1
1764500000543,1205,247,1
1764500000543,1203,246,1
1764500000543,1202,246,1
1764500000543,1200,244,1
1764500000553,1198,243,1
1764500000554,1196,242,1
1764500000554,1193,239,1
1764500000554,1190,238,1
1764500000563,1188,237,1
1764500000563,1186,235,1
1764500000563,1184,234,1
1764500000563,1181,232,1
1764500000570,1180,231,1
1764500000573,1179,230,1
1764500000573,1176,229,0
1764500000573,1174,228,0
1764500000573,1172,226,0
1764500000573,1170,225,0
1764500000582,1168,225,0
1764500000586,1165,224,0
1764500000586,1164,221,0
1764500000586,1162,220,0
1764500000593,1157,218,0
1764500000593,1155,216,0
1764500000593,1154,216,0
1764500000593,1151,215,0
1764500000602,1148,212,0
1764500000602,1146,210,0
1764500000602,1142,209,0
1764500000602,1141,208,0
1764500000612,1138,207,0
1764500000612,1137,206,0
1764500000617,1136,204,0
1764500000617,1133,204,0
1764500000617,1131,203,0
1764500000622,1129,202,0
1764500000626,1128,200,0
1764500000626,1126,200,0
1764500000626,1124,198,0
1764500000626,1123,197,0
1764500000634,1121,197,0
1764500000636,1119,196,0
1764500000636,1117,194,0
1764500000636,1116,194,0
1764500000642,1112,192,0
1764500000642,1111,190,0
1764500000642,1108,190,0
1764500000648,1106,190,0
1764500000651,1104,188,0
1764500000653,1103,188,0
1764500000653,1101,187,0
1764500000653,1098,185,0
1764500000653,1096,184,0
1764500000663,1094,183,0
1764500000664,1092,182,0
1764500000664,1090,182,0
1764500000664,1088,182,0
1764500000664,1086,180,0
1764500000672,1085,179,0
1764500000672,1082,178,0
1764500000672,1080,177,0
1764500000672,1079,176,0
1764500000680,1077,175,0
1764500000683,1075,175,0
1764500000683,1074,174,0
1764500000683,1072,172,0
1764500000683,1070,172,0
1764500000693,1068,170,0
1764500000693,1066,170,0
1764500000693,1063,169,0
1764500000696,1061,168,0
1764500000696,1060,167,0
1764500000696,1057,165,0
1764500000702,1054,164,0
1764500000702,1052,163,0
1764500000710,1048,161,0
1764500000710,1045,161,0
1764500000713,1044,160,0
1764500000713,1042,158,0
1764500000713,1039,157,0
1764500000713,1037,155,0
1764500000713,1035,154,1
1764500000722,1034,154,1
1764500000722,1031,153,1
1764500000727,1030,152,1
1764500000727,1028,151,1
1764500000727,1026,150,1
1764500000733,1026,149,1
1764500000733,1023,149,1
1764500000733,1022,149,1
1764500000733,1020,148,1
1764500000743,1019,147,1
1764500000744,1018,146,1
1764500000744,1017,146,1
1764500000744,1015,145,1
1764500000744,1014,145,1
1764500000744,1012,145,1
1764500000752,1010,143,1
1764500000752,1010,142,1
1764500000759,1006,141,1
1764500000759,1005,141,1
1764500000763,1003,140,1
1764500000763,1001,139,1
1764500000763,999,138,1
1764500000763,998,138,1
1764500000773,997,137,1
1764500000775,994,137,1
1764500000775,993,136,1
1764500000775,992,136,1
1764500000775,990,135,1
1764500000783,989,135,1
1764500000783,988,134,1
1764500000783,986,133,1
1764500000783,984,133,1
1764500000792,983,132,1
1764500000792,982,132,1
1764500000792,981,132,1
1764500000792,979,132,1
1764500000792,977,131,1
1764500000792,975,130,1
1764500000803,974,130,1
1764500000803,972,129,1
1764500000807,969,128,1
1764500000807,967,127,1
1764500000812,966,127,1
1764500000812,964,127,1
1764500000812,962,127,1
1764500000812,961,127,1
1764500000812,959,126,1
1764500000823,957,126,1
1764500000823,955,126,1
1764500000823,953,126,1
1764500000823,951,125,1
1764500000823,949,124,1
1764500000833,947,124,1
1764500000833,945,124,1
1764500000833,943,124,1
1764500000838,941,123,1
1764500000842,938,123,1
1764500000842,937,123,1
1764500000842,934,123,1
1764500000842,931,123,1
1764500000842,929,123,1
1764500000842,927,123,1
1764500000852,924,123,1
1764500000854,922,123,1
1764500000854,916,123,1
1764500000854,915,122,1
1764500000863,912,122,1
1764500000863,909,122,1
1764500000863,908,122,1
1764500000863,905,122,1
1764500000870,904,122,1
1764500000873,901,122,1
1764500000875,899,122,1
1764500000875,897,122,1
1764500000875,895,122,1
1764500000875,892,122,1
1764500000886,890,122,1
1764500000886,887,122,1
1764500000889,886,122,1
1764500000893,885,122,1
1764500000893,884,121,1
1764500000893,882,121,1
1764500000893,880,121,1
1764500000902,878,121,1
1764500000902,877,121,1
1764500000905,876,121,1
1764500000905,874,121,1
1764500000905,873,121,1
1764500000912,871,121,1
1764500000917,869,121,1
1764500000920,868,121,1
1764500000920,867,121,1
1764500000923,866,121,1
1764500000923,865,121,1
1764500000923,864,121,1
1764500000923,863,121,1
1764500000923,862,121,1
1764500000933,861,121,1
1764500000933,860,121,1
1764500000933,858,121,1
1764500000933,857,122,1
1764500000943,856,123,1
1764500000943,855,123,1
1764500000943,854,123,1
1764500000943,853,124,1
1764500000950,852,124,1
1764500000951,851,124,1
1764500000953,850,124,1
1764500000953,849,125,1
1764500000953,847,126,1
1764500000953,846,126,1
1764500000963,845,126,1
1764500000964,844,126,1
1764500000964,843,128,1
1764500000964,841,128,1
1764500000964,841,129,1
1764500000973,839,130,1
1764500000973,838,130,1
1764500000980,836,131,1
1764500000980,835,132,1
1764500000983,834,133,1
1764500000983,833,133,1
1764500000983,831,134,1
1764500000983,830,134,1
1764500000993,828,136,1
1764500000996,827,138,1
1764500000996,826,138,1
1764500000996,824,140,1
1764500000996,824,141,1
1764500001002,822,141,1
1764500001002,820,142,1
1764500001002,817,145,1
1764500001012,815,147,1
1764500001013,813,148,1
1764500001013,811,149,1
1764500001013,810,150,1
1764500001013,807,152,1
1764500001013,806,153,1
1764500001022,804,154,1
1764500001026,802,155,1
1764500001028,799,159,1
1764500001028,797,160,1
1764500001033,794,161,1
1764500001033,792,162,1
1764500001033,790,164,1
1764500001033,788,165,1
1764500001044,781,170,1
1764500001044,779,171,1
1764500001044,776,173,1
1764500001044,774,174,1
1764500001052,771,176,1
1764500001052,770,177,1
1764500001059,765,180,1
1764500001059,763,181,1
1764500001063,762,184,1
1764500001063,759,185,1
1764500001063,757,187,1
1764500001063,755,188,1
1764500001063,754,189,1
1764500001073,751,190,1
1764500001076,749,191,1
1764500001078,747,193,1
1764500001078,746,195,1
1764500001078,744,197,1
1764500001082,742,198,1
1764500001082,740,200,1
1764500001082,738,202,1
1764500001082,737,203,1
1764500001092,735,205,1
1764500001093,733,206,1
1764500001093,731,208,1
1764500001093,730,210,1
1764500001093,728,212,1
1764500001093,726,213,1
1764500001103,725,215,1
1764500001103,723,217,1
1764500001109,720,220,1
1764500001109,718,222,1
1764500001113,715,226,1
1764500001113,714,228,1
1764500001113,712,229,1
1764500001113,711,231,1
1764500001123,711,232,1
1764500001125,709,233,1
1764500001125,709,234,1
1764500001125,708,235,1
1764500001125,706,237,1
1764500001133,706,238,1
1764500001133,705,239,1
1764500001133,704,240,1
1764500001154,697,248,1
1764500001154,696,248,1
1764500001154,694,249,1
1764500001154,694,250,1
1764500001163,693,250,1
1764500001163,692,251,1
1764500001170,691,252,1
1764500001170,690,252,1
1764500001173,689,253,1
1764500001173,688,254,1
1764500001182,688,255,1
1764500001186,687,255,1
1764500001186,686,256,1
1764500001186,685,257,1
1764500001193,684,257,1
1764500001193,683,257,1
1764500001193,683,258,1
1764500001201,682,259,1
1764500001202,681,260,1
1764500001202,680,260,1
1764500001202,679,261,1
1764500001202,678,262,1
1764500001213,677,262,1
1764500001217,676,263,1
1764500001217,675,264,1
1764500001217,675,265,1
1764500001223,673,265,1
1764500001223,672,266,1
1764500001223,671,267,1
1764500001223,670,268,1
1764500001233,669,268,1
1764500001235,667,270,1
1764500001235,666,270,1
1764500001235,666,271,1
1764500001235,665,272,1
1764500001243,663,273,1
1764500001243,662,274,1
1764500001243,661,276,1
1764500001248,659,276,1
1764500001248,658,278,1
1764500001253,656,279,1
1764500001253,656,281,1
1764500001253,655,281,1
1764500001253,653,283,1
1764500001253,653,285,1
1764500001263,652,286,1
1764500001264,651,287,1
1764500001264,650,289,1
1764500001264,648,290,1
1764500001264,648,291,1
1764500001273,646,295,1
1764500001273,644,297,1
1764500001273,643,299,1
1764500001280,642,300,1
1764500001283,641,302,1
1764500001286,641,304,1
1764500001286,640,306,1
1764500001286,638,308,1
1764500001286,637,309,1
1764500001294,636,311,1
1764500001294,635,313,1
1764500001297,634,315,1
1764500001297,634,316,1
1764500001297,633,317,1
1764500001303,631,319,1
1764500001303,630,322,1
1764500001303,629,324,1
1764500001303,629,326,1
1764500001312,627,327,1
1764500001313,626,330,1
1764500001313,625,333,1
1764500001313,624,335,1
1764500001313,622,339,1
1764500001313,621,340,1
1764500001323,620,345,1
1764500001327,619,346,1
1764500001327,618,349,1
1764500001327,617,351,1
1764500001333,616,353,1
1764500001333,615,354,1
1764500001333,614,357,1
1764500001333,613,360,1
1764500001333,613,361,1
1764500001343,612,363,1
1764500001343,612,366,1
1764500001343,611,368,1
1764500001343,610,370,1
1764500001343,609,372,1
1764500001352,609,374,1
1764500001352,609,376,1
1764500001358,608,381,1
1764500001358,607,382,1
1764500001363,607,384,1
1764500001363,607,387,1
1764500001363,606,388,1
1764500001363,606,390,1
1764500001363,606,393,1
1764500001376,606,397,1
1764500001376,606,399,1
1764500001376,605,401,1
1764500001376,605,403,1
1764500001382,605,405,1
1764500001382,605,407,1
1764500001382,605,410,1
1764500001382,605,411,1
1764500001393,605,415,1
1764500001393,605,416,1
1764500001393,605,418,1
1764500001393,605,419,1
1764500001393,605,421,1
1764500001402,605,424,1
1764500001406,605,426,1
1764500001406,605,428,1
1764500001406,604,430,1
1764500001406,604,432,1
1764500001413,604,434,1
1764500001413,603,436,1
1764500001413,603,438,1
1764500001413,603,441,1
1764500001422,602,443,1
1764500001423,602,447,1
1764500001423,602,451,1
1764500001423,602,452,1
1764500001423,602,455,1
1764500001433,601,458,1
1764500001433,601,460,1
1764500001438,601,463,1
1764500001438,601,466,1
1764500001442,601,467,1
1764500001442,601,471,1
1764500001442,600,473,1
1764500001442,600,475,1
1764500001442,599,477,1
1764500001442,599,481,1
1764500001453,599,482,1
1764500001453,599,486,1
1764500001453,599,489,1
1764500001453,599,490,1
1764500001453,599,493,1
1764500001463,599,496,1
1764500001463,599,498,1
1764500001463,599,501,1
1764500001468,599,504,1
1764500001473,599,509,1
1764500001473,599,512,1
1764500001473,599,515,1
1764500001473,599,517,1
1764500001473,599,519,1
1764500001482,600,523,1
1764500001484,600,524,1
1764500001484,600,527,1
1764500001484,600,530,1
1764500001484,601,531,1
1764500001493,601,534,1
1764500001493,601,536,1
1764500001493,601,538,1
1764500001493,602,540,1
1764500001500,602,543,1
1764500001503,602,544,1
1764500001505,602,547,1
1764500001507,603,549,1
1764500001509,603,550,1
1764500001509,603,553,1
1764500001513,604,555,1
1764500001516,605,558,1
1764500001516,605,561,1
1764500001516,606,562,1
1764500001522,606,565,1
1764500001522,606,567,1
1764500001522,606,568,1
1764500001522,607,570,1
1764500001522,608,573,1
1764500001533,609,574,1
1764500001534,609,576,1
1764500001534,611,582,1
1764500001543,612,585,1
1764500001543,613,587,1
1764500001543,613,590,1
1764500001548,613,591,1
1764500001551,613,593,1
1764500001552,614,594,1
1764500001552,615,596,1
1764500001557,616,598,1
1764500001557,617,603,1
1764500001564,618,604,1
1764500001564,618,607,1
1764500001564,618,609,1
1764500001564,619,612,1
1764500001564,619,614,1
1764500001572,619,616,1
1764500001575,620,619,1
1764500001575,621,620,1
1764500001575,622,623,1
1764500001583,623,628,1
1764500001583,624,631,1
1764500001583,626,634,1
1764500001583,626,636,1
1764500001593,627,641,1
1764500001593,628,644,1
1764500001595,629,647,1
1764500001595,630,648,1
1764500001595,631,651,1
1764500001603,633,655,1
1764500001603,634,659,1
1764500001603,636,662,1
1764500001603,637,664,1
1764500001613,638,667,1
1764500001613,639,669,1
1764500001613,640,672,1
1764500001613,642,674,1
1764500001613,644,677,1
1764500001623,646,678,1
1764500001623,648,681,1
1764500001623,648,683,1
1764500001627,649,686,1
1764500001627,651,689,1
1764500001633,653,690,1
1764500001633,655,693,1
1764500001633,656,696,1
1764500001633,658,698,1
1764500001643,661,701,1
1764500001643,663,704,1
1764500001643,667,708,1
1764500001643,668,709,1
1764500001653,670,711,1
1764500001653,671,713,1
1764500001653,674,714,1
1764500001658,675,715,1
1764500001658,676,717,1
1764500001663,678,719,1
1764500001663,680,720,1
1764500001663,682,722,1
1764500001663,685,724,1
1764500001673,686,726,1
1764500001674,688,728,1
1764500001677,689,730,1
1764500001678,691,730,1
1764500001678,693,732,1
1764500001683,695,733,1
1764500001683,697,736,1
1764500001683,698,737,1
1764500001683,700,738,1
1764500001693,704,741,1
1764500001693,705,743,1
1764500001693,707,745,1
1764500001693,709,746,1
1764500001693,712,747,1
1764500001702,713,749,1
1764500001702,715,752,1
1764500001706,719,754,1
1764500001706,720,755,1
1764500001713,725,759,1
1764500001713,727,760,1
1764500001713,729,763,1
1764500001713,731,764,1
1764500001723,733,765,1
1764500001723,735,767,1
1764500001723,737,769,1
1764500001723,738,771,1
1764500001723,740,773,1
1764500001733,742,774,1
1764500001733,745,776,1
1764500001733,747,778,1
1764500001739,748,779,1
1764500001743,753,783,1
1764500001743,756,785,1
1764500001743,758,786,1
1764500001743,759,788,1
1764500001743,762,789,1
1764500001753,764,791,1
1764500001753,766,793,1
1764500001753,770,795,1
1764500001753,773,797,1
1764500001763,775,798,1
1764500001763,777,800,1
1764500001763,779,802,1
1764500001769,785,804,1
1764500001773,786,805,1
1764500001773,789,807,1
1764500001773,792,808,1
1764500001773,794,810,1
1764500001773,797,811,1
1764500001783,798,813,1
1764500001785,801,814,1
1764500001785,803,815,1
1764500001785,807,816,1
1764500001785,808,817,1
1764500001793,811,817,1
1764500001793,814,819,1
1764500001793,817,820,1
1764500001793,819,821,1
1764500001800,822,822,1
1764500001803,825,823,1
1764500001803,828,824,1
1764500001803,830,825,1
1764500001803,833,826,1
1764500001803,836,827,1
1764500001813,838,828,1
1764500001813,841,829,1
1764500001816,844,830,1
1764500001816,847,830,1
1764500001816,850,831,1
1764500001822,853,832,1
1764500001822,855,833,1
1764500001822,859,834,1
1764500001822,862,835,1
1764500001822,863,835,1
1764500001833,867,835,1
1764500001833,870,836,1
1764500001833,873,837,1
1764500001833,875,838,1
1764500001833,878,838,1
1764500001842,881,840,1
1764500001842,884,840,1
1764500001842,886,841,1
1764500001849,889,842,1
1764500001849,892,842,1
1764500001852,894,843,1
1764500001852,897,844,1
1764500001852,900,845,1
1764500001852,902,845,1
1764500001852,905,846,1
1764500001863,908,846,1
1764500001864,910,847,1
1764500001867,913,847,1
1764500001867,915,848,1
1764500001867,918,849,1
1764500001873,921,850,1
1764500001873,923,851,1
1764500001873,925,852,1
1764500001873,928,852,1
1764500001881,931,853,1
1764500001883,933,853,1
1764500001883,936,854,1
1764500001883,939,855,1
1764500001883,942,855,1
1764500001883,944,855,1
1764500001892,947,856,1
1764500001893,949,857,1
1764500001896,951,857,1
1764500001899,953,858,1
1764500001899,956,858,1
1764500001902,958,858,1
1764500001902,961,859,1
1764500001902,963,859,1
1764500001902,965,859,1
1764500001902,968,859,1
1764500001913,970,860,1
1764500001913,972,860,1
1764500001913,974,860,1
1764500001913,976,860,1
1764500001913,977,861,1
1764500001923,979,861,1
1764500001923,981,861,1
1764500001929,983,861,1
1764500001933,985,861,1
1764500001933,986,861,1
1764500001933,987,861,1
1764500001952,988,861,1
1764500004104,989,860,1
1764500004104,990,860,1
1764500004104,990,859,1
1764500004113,992,859,1
1764500004113,994,859,1
1764500004120,995,858,1
1764500004123,996,857,1
1764500004123,997,857,1
1764500004123,999,856,1
1764500004123,1000,856,1
1764500004123,1002,856,1
1764500004133,1004,855,1
1764500004133,1004,854,1
1764500004136,1007,854,1
1764500004136,1008,853,1
1764500004136,1010,852,1
1764500004136,1012,851,1
1764500004143,1013,851,1
1764500004143,1015,851,1
1764500004143,1018,849,1
1764500004143,1020,849,1
1764500004153,1021,848,1
1764500004153,1026,847,1
1764500004153,1028,845,1
1764500004153,1031,844,1
1764500004163,1033,843,1
1764500004163,1036,842,1
1764500004180,1056,834,1
1764500004183,1058,833,1
1764500004183,1060,832,1
1764500004183,1062,832,1
1764500004183,1064,831,1
1764500004183,1066,830,1
1764500004193,1068,829,1
1764500004193,1069,828,1
1764500004193,1071,827,1
1764500004199,1073,827,1
1764500004201,1074,826,1
1764500004201,1076,825,1
1764500004204,1079,823,1
1764500004204,1081,822,1
1764500004204,1083,821,1
1764500004204,1085,820,1
1764500004215,1086,820,1
1764500004217,1087,819,1
1764500004217,1089,818,1
1764500004217,1090,818,1
1764500004223,1092,816,1
1764500004223,1094,815,1
1764500004223,1096,814,1
1764500004231,1096,813,1
1764500004233,1098,812,1
1764500004234,1100,811,1
1764500004234,1101,810,1
1764500004234,1103,808,1
1764500004234,1104,808,1
1764500004243,1106,807,1
1764500004243,1107,806,1
1764500004247,1108,804,1
1764500004247,1110,803,1
1764500004247,1111,803,1
1764500004253,1112,802,1
1764500004253,1115,800,1
1764500004253,1116,798,1
1764500004253,1117,798,1
1764500004253,1118,797,1
1764500004263,1120,796,1
1764500004263,1121,795,1
1764500004263,1122,795,1
1764500004263,1122,793,1
1764500004273,1124,793,1
1764500004273,1126,793,1
1764500004273,1126,792,1
1764500004279,1127,792,1
1764500004279,1128,791,1
1764500004283,1129,791,1
1764500004283,1129,789,1
1764500004283,1130,789,1
1764500004283,1131,789,1
1764500004283,1131,788,1
1764500004293,1132,787,1
1764500004295,1133,786,1
1764500004295,1134,785,1
1764500004301,1135,784,1
1764500004303,1136,784,1
1764500004303,1137,782,1
1764500004303,1139,782,1
1764500004311,1140,782,1
1764500004313,1141,780,1
1764500004313,1143,780,1
1764500004313,1143,779,1
1764500004313,1144,779,1
1764500004323,1146,778,1
1764500004323,1147,777,1
1764500004329,1149,776,1
1764500004333,1151,775,1
1764500004333,1152,775,1
1764500004333,1154,774,1
1764500004333,1155,774,1
1764500004343,1155,773,1
1764500004345,1156,773,1
1764500004345,1157,773,1
1764500004345,1158,772,1
1764500004345,1160,772,1
1764500004345,1161,771,1
1764500004353,1163,770,1
1764500004358,1164,770,1
1764500004358,1165,770,1
1764500004363,1166,770,1
1764500004363,1167,769,1
1764500004363,1168,769,1
1764500004363,1169,768,1
1764500004363,1170,767,1
1764500004373,1171,767,1
1764500004373,1173,766,1
1764500004373,1174,766,1
1764500004373,1175,765,1
1764500004383,1177,765,1
1764500004383,1177,764,1
1764500004383,1179,763,1
1764500004390,1180,762,1
1764500004393,1182,761,1
1764500004393,1183,760,1
1764500004393,1183,759,1
1764500004393,1185,758,1
1764500004393,1186,757,1
1764500004403,1187,756,1
1764500004405,1190,753,1
1764500004405,1193,751,1
1764500004405,1194,749,1
1764500004413,1195,746,1
1764500004413,1197,745,1
1764500004413,1199,743,1
1764500004424,1201,741,1
1764500004424,1203,740,1
1764500004427,1204,737,1
1764500004427,1206,736,1
1764500004427,1207,733,1
1764500004433,1208,732,1
1764500004433,1210,730,1
1764500004436,1211,728,1
1764500004436,1212,726,1
1764500004436,1214,725,1
1764500004436,1216,722,1
1764500004443,1218,720,1
1764500004443,1219,718,1
1764500004443,1220,718,1
1764500004443,1222,716,1
1764500004453,1223,714,1
1764500004453,1225,712,1
1764500004453,1226,711,1
1764500004453,1227,709,1
1764500004453,1228,707,1
1764500004453,1230,705,1
1764500004463,1231,703,1
1764500004463,1233,701,1
1764500004468,1233,699,1
1764500004468,1235,697,1
1764500004473,1235,695,1
1764500004473,1237,694,1
1764500004473,1237,692,1
1764500004473,1239,689,1
1764500004473,1240,688,1
1764500004483,1242,686,1
1764500004483,1243,683,1
1764500004483,1244,681,1
1764500004483,1245,680,1
1764500004483,1247,678,1
1764500004483,1247,676,1
1764500004493,1249,673,1
1764500004493,1250,672,1
1764500004500,1251,670,1
1764500004500,1252,668,1
1764500004503,1253,667,1
1764500004503,1256,663,1
1764500004503,1257,661,1
1764500004503,1258,660,1
1764500004513,1258,658,1
1764500004515,1259,656,1
1764500004517,1260,655,1
1764500004519,1262,653,1
1764500004523,1263,651,1
1764500004523,1264,648,1
1764500004523,1264,647,1
1764500004523,1265,645,1
1764500004531,1266,643,1
1764500004533,1267,641,1
1764500004533,1268,639,1
1764500004533,1270,637,1
1764500004533,1270,635,1
1764500004533,1271,633,1
1764500004543,1272,631,1
1764500004543,1274,628,1
1764500004547,1275,626,1
1764500004549,1276,624,1
1764500004551,1277,623,1
1764500004553,1278,620,1
1764500004556,1280,615,1
1764500004556,1281,611,1
1764500004556,1282,610,1
1764500004563,1283,607,1
1764500004563,1284,604,1
1764500004563,1284,603,1
1764500004569,1285,600,1
1764500004571,1286,597,1
1764500004573,1287,595,1
1764500004573,1287,594,1
1764500004577,1288,591,1
1764500004579,1288,589,1
1764500004581,1289,588,1
1764500004583,1290,586,1
1764500004583,1290,584,1
1764500004583,1291,582,1
1764500004589,1292,581,1
1764500004589,1292,579,1
1764500004593,1293,578,1
1764500004595,1293,575,1
1764500004595,1294,574,1
1764500004595,1294,573,1
1764500004595,1295,571,1
1764500004603,1296,569,1
1764500004606,1296,568,1
1764500004606,1297,567,1
1764500004606,1297,565,1
1764500004611,1297,564,1
1764500004613,1298,562,1
1764500004613,1299,561,1
1764500004613,1299,559,1
1764500004613,1300,557,1
1764500004623,1301,556,1
1764500004623,1301,554,1
1764500004627,1301,553,1
1764500004627,1302,551,1
1764500004627,1303,548,1
1764500004633,1303,547,1
1764500004633,1304,544,1
1764500004633,1305,542,1
1764500004639,1305,541,1
1764500004639,1306,539,1
1764500004643,1306,537,1
1764500004645,1306,535,1
1764500004645,1307,533,1
1764500004645,1307,531,1
1764500004645,1307,530,1
1764500004653,1308,527,1
1764500004653,1308,525,1
1764500004653,1308,524,1
1764500004658,1308,522,1
1764500004662,1309,520,1
1764500004663,1309,518,1
1764500004665,1309,517,1
1764500004667,1309,516,1
1764500004667,1310,514,1
1764500004673,1310,511,1
1764500004673,1311,510,1
1764500004677,1311,509,1
1764500004677,1312,507,1
1764500004677,1312,506,1
1764500004683,1312,505,1
1764500004683,1312,503,1
1764500004683,1313,501,1
1764500004689,1313,498,1
1764500004693,1314,497,1
1764500004695,1314,496,1
1764500004697,1315,494,1
1764500004699,1315,491,1
1764500004699,1315,490,1
1764500004703,1315,489,1
1764500004705,1315,485,1
1764500004705,1315,483,1
1764500004705,1315,482,1
1764500004713,1315,480,1
1764500004713,1315,477,1
1764500004713,1315,476,1
1764500004713,1315,474,1
1764500004723,1315,471,1
1764500004723,1315,469,1
1764500004723,1315,468,1
1764500004723,1315,466,1
1764500004723,1314,464,1
1764500004733,1314,463,1
1764500004733,1313,461,1
1764500004737,1313,460,1
1764500004737,1313,457,1
1764500004741,1312,455,1
1764500004743,1312,454,1
1764500004743,1312,453,1
1764500004743,1311,451,1
1764500004743,1310,449,1
1764500004753,1310,447,1
1764500004753,1309,447,1
1764500004753,1309,445,1
1764500004753,1309,443,1
1764500004753,1308,442,1
1764500004763,1308,440,1
1764500004763,1307,439,1
1764500004770,1306,437,1
1764500004771,1305,434,1
1764500004773,1305,432,1
1764500004773,1305,431,1
1764500004773,1305,429,1
1764500004773,1304,427,1
1764500004783,1304,426,1
1764500004784,1303,424,1
1764500004784,1303,422,1
1764500004784,1302,421,1
1764500004784,1301,420,1
1764500004784,1301,418,1
1764500004793,1300,417,1
1764500004793,1300,415,1
1764500004793,1300,413,1
1764500004801,1299,412,1
1764500004803,1298,410,1
1764500004803,1298,408,1
1764500004803,1297,407,1
1764500004803,1296,406,1
1764500004803,1296,404,1
1764500004813,1296,403,1
1764500004816,1295,400,1
1764500004817,1294,399,1
1764500004819,1294,397,1
1764500004823,1292,394,1
1764500004824,1292,392,1
1764500004826,1291,390,1
1764500004829,1290,387,1
1764500004833,1289,386,1
1764500004833,1288,385,1
1764500004833,1288,383,1
1764500004833,1287,382,1
1764500004833,1287,380,1
1764500004843,1287,378,1
1764500004845,1286,377,1
1764500004845,1285,376,1
1764500004845,1284,374,1
1764500004845,1283,373,1
1764500004853,1283,372,1
1764500004853,1283,369,1
1764500004853,1282,369,1
1764500004853,1282,368,1
1764500004861,1281,366,1
1764500004863,1280,365,1
1764500004863,1280,363,1
1764500004863,1279,361,1
1764500004863,1279,360,1
1764500004873,1278,357,1
1764500004873,1277,357,1
1764500004877,1276,355,1
1764500004879,1275,353,1
1764500004879,1274,352,1
1764500004883,1274,351,1
1764500004883,1274,349,1
1764500004883,1273,348,1
1764500004883,1272,347,1
1764500004883,1271,345,1
1764500004893,1271,344,1
1764500004893,1270,343,1
1764500004893,1268,341,1
1764500004893,1268,340,1
1764500004893,1266,338,1
1764500004903,1266,336,1
1764500004903,1266,335,1
1764500004903,1265,333,1
1764500004909,1264,331,1
1764500004909,1263,330,1
1764500004913,1262,328,1
1764500004913,1261,327,1
1764500004913,1261,326,1
1764500004913,1259,324,1
1764500004923,1257,322,1
1764500004925,1257,320,1
1764500004925,1256,319,1
1764500004929,1255,318,1
1764500004929,1254,317,1
1764500004929,1254,316,1
1764500004933,1253,315,1
1764500004933,1251,314,1
1764500004933,1251,312,1
1764500004941,1249,310,1
1764500004943,1248,309,1
1764500004943,1247,307,1
1764500004943,1246,306,1
1764500004943,1246,305,1
1764500004953,1245,304,1
1764500004956,1244,303,1
1764500004957,1243,302,1
1764500004957,1243,300,1
1764500004957,1241,298,1
1764500004963,1239,295,1
1764500004963,1238,294,1
1764500004963,1237,293,1
1764500004973,1236,291,1
1764500004973,1235,290,1
1764500004973,1234,288,1
1764500004973,1233,286,1
1764500004973,1233,285,1
1764500004983,1231,284,1
1764500004983,1229,283,1
1764500004983,1229,281,1
1764500004988,1228,281,1
1764500004988,1227,280,1
1764500004993,1226,278,1
1764500004993,1224,276,1
1764500004993,1223,274,1
1764500004993,1221,273,1
1764500005002,1220,272,1
1764500005003,1219,270,1
1764500005003,1217,269,1
1764500005003,1216,267,1
1764500005003,1214,266,1
1764500005013,1214,265,1
1764500005013,1212,264,1
1764500005013,1211,263,1
1764500005019,1210,262,1
1764500005023,1207,260,0
1764500005023,1206,259,0
1764500005023,1205,258,0
1764500005023,1203,257,0
1764500005023,1202,256,0
1764500005033,1201,254,0
1764500005035,1200,254,0
1764500005035,1198,252,0
1764500005035,1197,251,0
1764500005035,1196,250,0
1764500005043,1194,250,0
1764500005043,1193,248,0
1764500005043,1192,247,0
1764500005043,1191,246,0
1764500005051,1190,246,0
1764500005053,1189,244,0
1764500005053,1187,243,0
1764500005053,1185,242,0
1764500005053,1184,242,0
1764500005053,1184,241,0
1764500005063,1182,239,0
1764500005063,1181,239,0
1764500005067,1180,238,0
1764500005067,1178,237,0
1764500005073,1176,235,0
1764500005073,1175,235,0
1764500005073,1173,233,0
1764500005073,1173,232,0
1764500005073,1171,231,0
1764500005083,1169,231,0
1764500005083,1169,230,0
1764500005083,1167,229,0
1764500005083,1166,228,0
1764500005083,1165,228,0
1764500005093,1164,227,0
1764500005093,1163,225,0
1764500005093,1162,225,0
1764500005099,1161,224,0
1764500005101,1159,223,0
1764500005103,1158,221,0
1764500005103,1157,221,0
1764500005103,1155,220,0
1764500005103,1154,219,0
1764500005103,1153,218,0
1764500005113,1151,217,0
1764500005115,1149,216,0
1764500005115,1149,215,0
1764500005115,1147,215,0
1764500005123,1144,212,0
1764500005123,1142,211,0
1764500005123,1140,210,0
1764500005123,1139,210,0
1764500005130,1137,209,0
1764500005133,1135,208,0
1764500005133,1134,208,0
1764500005133,1132,206,0
1764500005133,1130,205,0
1764500005133,1128,205,0
1764500005143,1127,204,0
1764500005143,1125,203,0
1764500005146,1123,202,0
1764500005149,1122,201,0
1764500005149,1120,200,0
1764500005153,1118,199,0
1764500005156,1116,198,0
1764500005156,1115,198,0
1764500005156,1113,197,0
1764500005156,1111,195,0
1764500005163,1110,194,0
1764500005165,1108,193,0
1764500005165,1106,192,0
1764500005165,1104,191,0
1764500005173,1100,190,0
1764500005173,1098,189,0
1764500005173,1098,188,0
1764500005193,1079,177,0
1764500005193,1077,175,0
1764500005193,1076,174,0
1764500005193,1074,172,0
1764500005203,1071,171,0
1764500005203,1069,170,0
1764500005203,1068,170,0
1764500005209,1065,168,0
1764500005211,1063,167,0
1764500005213,1061,165,0
1764500005213,1060,164,0
1764500005213,1057,163,0
1764500005213,1055,161,0
1764500005223,1051,160,0
1764500005225,1049,160,0
1764500005225,1047,159,0
1764500005225,1046,157,1
1764500005225,1044,156,1
1764500005233,1041,156,1
1764500005233,1040,154,1
1764500005233,1036,154,1
1764500005241,1035,153,1
1764500005243,1033,152,1
1764500005243,1031,152,1
1764500005243,1030,151,1
1764500005243,1028,150,1
1764500005243,1026,149,1
1764500005253,1023,148,1
1764500005253,1022,147,1
1764500005256,1020,147,1
1764500005256,1018,147,1
1764500005256,1017,146,1
1764500005263,1016,145,1
1764500005263,1014,145,1
1764500005263,1012,144,1
1764500005263,1010,143,1
1764500005272,1008,143,1
1764500005274,1007,142,1
1764500005274,1005,142,1
1764500005274,1003,142,1
1764500005274,1002,141,1
1764500005274,1000,140,1
1764500005283,998,139,1
1764500005283,997,139,1
1764500005288,993,137,1
1764500005288,992,137,1
1764500005293,990,137,1
1764500005293,988,136,1
1764500005293,987,135,1
1764500005293,985,134,1
1764500005293,984,134,1
1764500005303,983,134,1
1764500005304,981,133,1
1764500005304,978,133,1
1764500005304,975,132,1
1764500005313,974,132,1
1764500005313,973,131,1
1764500005313,970,131,1
1764500005313,969,131,1
1764500005320,967,131,1
1764500005323,965,131,1
1764500005323,964,131,1
1764500005323,962,131,1
1764500005323,961,131,1
1764500005323,958,130,1
1764500005333,956,130,1
1764500005335,955,130,1
1764500005337,950,130,1
1764500005343,947,130,1
1764500005343,946,130,1
1764500005343,945,130,1
1764500005343,942,130,1
1764500005352,941,130,1
1764500005353,939,130,1
1764500005353,937,130,1
1764500005353,935,130,1
1764500005353,933,130,1
1764500005353,932,130,1
1764500005353,930,130,1
1764500005363,928,130,1
1764500005367,926,130,1
1764500005367,924,130,1
1764500005367,923,130,1
1764500005373,921,130,1
1764500005373,920,130,1
1764500005373,918,130,1
1764500005373,916,131,1
1764500005373,913,131,1
1764500005383,912,131,1
1764500005383,910,131,1
1764500005383,908,132,1
1764500005383,905,132,1
1764500005393,904,133,1
1764500005393,902,134,1
1764500005393,900,134,1
1764500005401,897,135,1
1764500005403,896,135,1
1764500005403,895,135,1
1764500005403,893,136,1
1764500005403,892,136,1
1764500005403,890,137,1
1764500005413,888,137,1
1764500005415,886,138,1
1764500005415,885,138,1
1764500005415,883,139,1
1764500005415,881,140,1
1764500005423,879,141,1
1764500005423,877,141,1
1764500005423,876,141,1
1764500005423,874,142,1
1764500005431,871,143,1
1764500005433,870,143,1
1764500005433,868,144,1
1764500005433,863,146,1
1764500005433,862,147,1
1764500005443,859,148,1
1764500005443,857,148,1
1764500005447,856,149,1
1764500005447,853,151,1
1764500005447,851,151,1
1764500005453,849,152,1
1764500005453,847,153,1
1764500005453,845,155,1
1764500005453,843,156,1
1764500005453,840,156,1
1764500005463,839,157,1
1764500005463,837,158,1
1764500005463,835,159,1
1764500005463,833,160,1
1764500005463,830,161,1
1764500005473,828,163,1
1764500005473,826,163,1
1764500005473,824,164,1
1764500005478,822,165,1
1764500005481,819,167,1
1764500005483,818,168,1
1764500005483,817,169,1
1764500005483,812,171,1
1764500005483,811,172,1
1764500005493,809,173,1
1764500005494,807,174,1
1764500005494,805,175,1
1764500005494,804,176,1
1764500005494,802,176,1
1764500005503,800,177,1
1764500005503,799,179,1
1764500005503,798,179,1
1764500005503,796,180,1
1764500005510,795,181,1
1764500005513,793,182,1
1764500005513,792,182,1
1764500005513,790,183,1
1764500005513,789,184,1
1764500005513,788,185,1
1764500005523,787,186,0
1764500005523,785,186,1
1764500005526,784,188,0
1764500005529,781,188,1
1764500005529,781,189,1
1764500005533,779,189,1
1764500005533,778,189,1
1764500005533,775,190,1
1764500005533,774,192,1
1764500005543,772,192,1
1764500005543,770,193,1
1764500005543,768,195,1
1764500005543,767,195,1
1764500005543,766,195,1
1764500005553,764,196,1
1764500005553,762,197,1
1764500005558,760,198,1
1764500005558,758,199,1
1764500005558,757,200,1
1764500005563,755,201,1
1764500005563,753,201,1
1764500005563,751,202,1
1764500005563,749,203,1
1764500005572,746,204,1
1764500005573,744,205,1
1764500005573,743,206,1
1764500005573,740,207,1
1764500005573,738,208,1
1764500005573,736,208,1
1764500005583,734,208,1
1764500005583,732,210,1
1764500005589,726,212,1
1764500005589,724,213,1
1764500005593,721,213,1
1764500005593,718,214,1
1764500005593,717,215,1
1764500005593,714,216,1
1764500005593,711,217,1
1764500005603,709,217,1
1764500005605,706,218,1
1764500005605,703,219,1
1764500005609,701,220,1
1764500005611,699,221,1
1764500005613,696,222,1
1764500005613,693,223,1
1764500005613,691,224,1
1764500005613,688,225,1
1764500005621,686,226,1
1764500005624,683,226,1
1764500005624,679,227,1
1764500005624,678,227,1
1764500005624,675,229,1
1764500005624,672,230,1
1764500005633,669,231,1
1764500005633,667,232,1
1764500005637,662,234,1
1764500005637,659,234,1
1764500005643,657,236,1
1764500005643,654,237,1
1764500005643,651,238,0
1764500005643,649,238,0
1764500005643,648,240,0
1764500005653,646,241,0
1764500005653,643,242,0
1764500005653,640,244,0
1764500005653,639,245,0
1764500005653,637,246,0
1764500005663,635,247,0
1764500005663,632,249,0
1764500005663,631,251,0
1764500005669,629,252,0
1764500005671,627,253,0
1764500005673,625,254,0
1764500005673,625,255,0
1764500005673,623,256,0
1764500005673,621,258,0
1764500005673,621,259,0
1764500005683,619,260,0
1764500005685,617,261,0
1764500005685,615,265,0
1764500005685,614,266,0
1764500005693,612,268,0
1764500005693,611,270,0
1764500005693,610,272,0
1764500005693,609,272,0
1764500005702,609,274,0
1764500005704,605,277,0
1764500005704,604,279,0
1764500005704,604,281,0
1764500005704,602,282,0
1764500005713,602,284,0
1764500005713,602,286,0
1764500005716,601,287,0
1764500005719,600,289,0
1764500005719,599,291,0
1764500005723,598,294,0
1764500005723,597,295,0
1764500005723,597,297,0
1764500005723,596,300,0
1764500005734,596,303,0
1764500005734,595,305,0
1764500005734,594,307,0
1764500005734,593,310,0
1764500005734,592,311,0
1764500005743,591,313,0
1764500005743,591,315,0
1764500005743,591,316,0
1764500005748,590,318,0
1764500005748,589,321,0
1764500005753,589,323,0
1764500005753,588,324,0
1764500005753,587,327,0
1764500005753,586,329,0
1764500005753,586,330,0
1764500005763,585,333,0
1764500005763,584,335,0
1764500005763,583,336,0
1764500005763,583,338,0
1764500005763,583,341,0
1764500005773,583,342,0
1764500005773,582,345,0
1764500005773,582,348,0
1764500005779,581,351,0
1764500005779,581,352,0
1764500005783,581,354,0
1764500005783,580,355,0
1764500005783,579,358,0
1764500005783,579,361,0
1764500005783,579,364,0
1764500005795,579,367,0
1764500005795,579,368,0
1764500005795,579,371,0
1764500005795,579,373,1
1764500005803,579,375,1
1764500005803,579,377,1
1764500005803,578,379,1
1764500005803,578,381,1
1764500005811,578,383,1
1764500005813,578,384,1
1764500005813,578,387,1
1764500005813,577,389,1
1764500005813,577,391,1
1764500005813,577,393,1
1764500005823,577,395,1
1764500005823,577,396,1
1764500005827,577,399,1
1764500005827,576,401,1
1764500005827,576,403,1
1764500005833,576,405,1
1764500005833,576,406,1
1764500005833,576,408,1
1764500005833,576,410,1
1764500005833,576,411,1
1764500005843,576,414,1
1764500005845,575,417,1
1764500005845,575,418,1
1764500005845,575,420,1
1764500005845,575,423,1
1764500005853,575,424,1
1764500005853,574,427,1
1764500005853,574,429,1
1764500005859,574,431,1
1764500005859,574,434,1
1764500005863,574,437,1
1764500005863,574,439,1
1764500005863,574,442,1
1764500005863,574,445,1
1764500005863,574,447,1
1764500005873,574,450,1
1764500005875,574,453,1
1764500005877,574,455,1
1764500005877,574,458,1
1764500005877,574,461,1
1764500005883,574,464,1
1764500005883,574,467,1
1764500005883,574,469,1
1764500005883,574,472,1
1764500005891,574,475,1
1764500005893,574,478,1
1764500005893,575,481,1
1764500005893,575,483,1
1764500005893,575,485,1
1764500005893,576,488,1
1764500005903,576,489,1
1764500005903,576,491,1
1764500005907,576,494,1
1764500005909,576,495,1
1764500005909,577,497,1
1764500005913,577,498,1
1764500005913,578,500,1
1764500005913,579,502,1
1764500005913,580,504,1
1764500005913,580,505,1
1764500005923,580,507,1
1764500005923,582,510,1
1764500005923,582,511,1
1764500005923,583,513,1
1764500005923,583,515,1
1764500005933,583,516,1
1764500005933,584,518,1
1764500005938,585,521,1
1764500005938,586,521,1
1764500005941,586,523,1
1764500005943,587,526,1
1764500005945,588,527,1
1764500005945,589,529,1
1764500005945,589,531,1
1764500005945,590,532,1
1764500005954,591,536,1
1764500005954,592,536,1
1764500005954,592,538,1
1764500005954,593,540,1
1764500005963,593,542,1
1764500005963,594,543,1
1764500005969,594,544,1
1764500005969,594,545,1
1764500005973,595,547,1
1764500005975,596,547,1
1764500005975,596,548,1
1764500005975,597,549,1
1764500005975,597,550,1
1764500005975,597,551,1
1764500005985,597,552,1
1764500005985,598,552,1
1764500005985,598,554,1
1764500005985,599,555,1
1764500005993,599,556,1
1764500005993,600,557,1
1764500005993,600,558,1
1764500006002,600,559,1
1764500006003,601,561,1
1764500006003,602,563,1
1764500006013,603,564,1
1764500006017,603,565,1
1764500006017,603,566,1
1764500006023,603,567,1
1764500006033,605,568,1
1764500007934,605,569,1
1764500007937,606,573,1
1764500007937,607,573,1
1764500007941,607,575,1
1764500007944,608,577,1
1764500007944,608,578,1
1764500007944,609,580,1
1764500007944,609,582,1
1764500007944,610,583,1
1764500007954,610,585,1
1764500007954,610,587,1
1764500007957,611,588,1
1764500007957,611,590,1
1764500007957,612,592,1
1764500007964,612,593,1
1764500007964,613,595,1
1764500007964,614,597,1
1764500007964,614,598,1
1764500007964,615,600,1
1764500007974,616,602,1
1764500007974,616,603,1
1764500007974,616,605,1
1764500007974,617,607,1
1764500007974,617,608,1
1764500007984,619,611,1
1764500007984,619,612,1
1764500007984,620,614,1
1764500007989,622,616,1
1764500007989,623,618,1
1764500007994,624,619,1
1764500007994,624,621,1
1764500007994,625,624,1
1764500007994,626,626,1
1764500007994,627,628,1
1764500008004,629,630,1
1764500008004,630,633,1
1764500008004,631,634,1
1764500008004,631,636,1
1764500008004,633,639,1
1764500008004,634,641,1
1764500008014,635,643,1
1764500008014,637,645,1
1764500008020,638,647,1
1764500008020,640,649,1
1764500008024,640,651,1
1764500008025,641,653,1
1764500008027,643,655,1
1764500008027,644,657,1
1764500008027,645,657,1
1764500008034,645,660,1
1764500008036,648,664,1
1764500008036,649,665,1
1764500008036,650,667,1
1764500008036,651,669,1
1764500008044,652,671,1
1764500008044,653,673,1
1764500008044,655,674,1
1764500008051,656,675,1
1764500008054,657,678,1
1764500008054,658,679,1
1764500008054,659,681,1
1764500008054,660,681,1
1764500008054,662,683,1
1764500008064,662,685,1
1764500008064,664,686,1
1764500008067,665,688,1
1764500008067,666,690,1
1764500008067,668,692,1
1764500008067,669,693,1
1764500008074,670,694,1
1764500008074,672,696,1
1764500008074,673,697,1
1764500008074,674,699,1
1764500008084,676,700,1
1764500008085,679,703,1
1764500008085,680,706,1
1764500008085,682,707,1
1764500008085,683,709,1
1764500008094,684,711,1
1764500008094,686,712,1
1764500008099,688,714,1
1764500008104,690,718,1
1764500008104,692,719,1
1764500008104,693,720,1
1764500008104,694,722,1
1764500008104,695,723,1
1764500008104,697,726,1
1764500008114,698,728,1
1764500008114,701,729,1
1764500008114,702,731,1
1764500008114,703,732,1
1764500008124,705,734,1
1764500008124,707,736,1
1764500008124,708,738,1
1764500008130,710,739,1
1764500008130,710,740,1
1764500008134,712,742,1
1764500008136,715,745,1
1764500008136,716,747,1
1764500008136,717,748,1
1764500008144,720,749,1
1764500008146,720,750,1
1764500008146,722,752,1
1764500008146,723,752,1
1764500008154,727,756,1
1764500008154,728,757,1
1764500008154,729,758,1
1764500008154,731,759,1
1764500008164,733,761,1
1764500008164,735,763,1
1764500008164,736,764,1
1764500008164,737,765,1
1764500008164,739,766,1
1764500008174,742,768,1
1764500008174,742,770,1
1764500008177,743,770,1
1764500008177,744,772,1
1764500008177,745,773,1
1764500008177,746,773,1
1764500008184,749,775,1
1764500008184,752,777,1
1764500008184,754,778,1
1764500008194,755,780,1
1764500008194,757,781,1
1764500008194,758,782,1
1764500008204,761,784,1
1764500008204,763,785,1
1764500008204,763,787,1
1764500008225,774,792,1
1764500008225,776,793,1
1764500008225,778,794,1
1764500008225,779,794,1
1764500008225,780,796,1
1764500008234,782,796,1
1764500008234,784,796,1
1764500008241,786,797,1
1764500008241,786,798,1
1764500008244,787,798,1
1764500008244,789,798,1
1764500008244,791,799,1
1764500008254,794,800,1
1764500008254,795,800,1
1764500008257,797,800,1
1764500008257,798,801,1
1764500008257,799,803,1
1764500008264,802,803,1
1764500008264,804,804,1
1764500008264,805,804,1
1764500008264,807,804,1
1764500008264,809,805,1
1764500008274,810,806,1
1764500008275,811,807,1
1764500008275,813,808,1
1764500008275,814,808,1
1764500008275,816,808,1
1764500008275,818,809,1
1764500008284,820,811,1
1764500008288,822,812,1
1764500008288,824,813,1
1764500008294,826,813,1
1764500008296,827,814,1
1764500008296,828,814,1
1764500008296,831,815,1
1764500008304,834,816,1
1764500008304,835,817,1
1764500008304,836,817,1
1764500008304,838,818,1
1764500008304,841,819,1
1764500008314,843,820,1
1764500008314,844,820,1
1764500008314,847,821,1
1764500008320,848,821,1
1764500008320,851,823,1
1764500008324,853,823,1
1764500008324,856,824,1
1764500008324,857,824,1
1764500008324,859,825,1
1764500008324,862,826,1
1764500008324,863,826,1
1764500008336,869,826,1
1764500008336,870,827,1
1764500008336,873,828,1
1764500008344,875,828,1
1764500008344,877,829,1
1764500008344,880,829,1
1764500008344,882,830,1
1764500008354,886,831,1
1764500008354,889,832,1
1764500008354,892,832,1
1764500008354,894,832,1
1764500008354,896,833,1
1764500008364,898,833,1
1764500008364,899,834,1
1764500008367,902,835,1
1764500008367,905,836,1
1764500008367,907,837,1
1764500008367,909,837,1
1764500008374,912,838,1
1764500008374,914,839,1
1764500008374,916,839,1
1764500008374,919,840,1
1764500008384,921,840,1
1764500008384,924,841,1
1764500008384,926,841,1
1764500008384,928,841,1
1764500008384,930,842,1
1764500008384,932,842,1
1764500008394,935,842,1
1764500008394,938,843,1
1764500008400,939,843,1
1764500008404,944,844,1
1764500008404,945,844,1
1764500008404,948,844,1
1764500008404,950,844,1
1764500008404,951,845,1
1764500008414,953,845,1
1764500008414,954,845,1
1764500008414,956,845,1
1764500008414,958,846,1
1764500008414,960,846,1
1764500008424,962,846,1
1764500008424,964,846,1
1764500008424,965,846,1
1764500008430,967,846,1
1764500008430,970,847,1
1764500008434,971,847,1
1764500008434,973,847,1
1764500008434,975,847,1
1764500008434,977,847,1
1764500008434,979,847,1
1764500008444,980,847,1
1764500008445,982,847,1
1764500008447,983,847,1
1764500008447,985,847,1
1764500008454,989,847,1
1764500008454,991,847,1
1764500008454,992,847,1
1764500008454,994,847,1
1764500008461,996,847,1
1764500008464,997,847,1
1764500008464,1000,847,1
1764500008464,1002,847,1
1764500008464,1003,847,1
1764500008464,1006,847,1
1764500008474,1007,847,1
1764500008474,1010,847,1
1764500008477,1012,847,1
1764500008477,1013,847,1
1764500008477,1016,847,1
1764500008484,1018,847,1
1764500008484,1019,847,1
1764500008484,1021,847,1
1764500008484,1022,847,1
1764500008484,1024,847,1
1764500008494,1027,847,1
1764500008494,1028,847,1
1764500008494,1030,847,1
1764500008494,1031,847,1
1764500008504,1036,847,1
1764500008504,1037,847,1
1764500008504,1039,847,1
1764500008508,1042,847,1
1764500008508,1043,847,1
1764500008508,1045,847,1
1764500008514,1046,847,1
1764500008514,1049,847,1
1764500008514,1051,847,1
1764500008524,1053,847,1
1764500008524,1056,847,1
1764500008524,1057,847,1
1764500008524,1059,847,1
1764500008524,1060,847,1
1764500008534,1063,846,1
1764500008534,1064,845,1
1764500008534,1065,844,1
1764500008540,1067,844,1
1764500008541,1069,843,1
1764500008544,1071,842,1
1764500008544,1073,841,1
1764500008544,1075,840,1
1764500008544,1076,839,1
1764500008554,1079,838,1
1764500008556,1081,837,1
1764500008556,1082,836,1
1764500008556,1084,835,1
1764500008556,1086,834,1
1764500008556,1089,834,1
1764500008564,1089,833,1
1764500008564,1091,833,1
1764500008570,1092,832,1
1764500008572,1094,831,1
1764500008574,1096,830,1
1764500008574,1097,830,1
1764500008574,1099,829,1
1764500008574,1100,829,1
1764500008574,1101,828,1
1764500008574,1103,827,1
1764500008584,1105,827,1
1764500008587,1106,825,1
1764500008589,1107,825,1
1764500008589,1109,824,1
1764500008589,1111,823,1
1764500008594,1112,823,1
1764500008594,1114,822,1
1764500008594,1115,821,1
1764500008604,1118,819,1
1764500008604,1120,819,1
1764500008604,1120,818,1
1764500008604,1122,817,1
1764500008604,1124,816,1
1764500008614,1124,815,1
1764500008614,1127,815,1
1764500008614,1129,813,1
1764500008619,1132,812,1
1764500008624,1134,811,1
1764500008624,1135,809,1
1764500008624,1137,809,1
1764500008624,1139,808,1
1764500008624,1141,806,1
1764500008634,1142,805,1
1764500008634,1145,803,1
1764500008634,1147,802,1
1764500008634,1149,801,1
1764500008634,1150,800,1
1764500008644,1152,798,1
1764500008644,1154,796,1
1764500008644,1155,795,1
1764500008650,1157,794,1
1764500008654,1161,790,1
1764500008654,1163,788,1
1764500008654,1164,787,1
1764500008654,1167,785,1
1764500008654,1169,784,1
1764500008654,1170,783,1
1764500008667,1172,781,1
1764500008667,1175,778,1
1764500008667,1177,776,1
1764500008674,1178,775,1
1764500008674,1180,773,1
1764500008674,1181,773,1
1764500008674,1182,771,1
1764500008681,1183,770,1
1764500008684,1184,769,1
1764500008686,1186,768,1
1764500008686,1188,767,1
1764500008686,1188,766,1
1764500008686,1189,765,1
1764500008694,1190,764,1
1764500008694,1191,763,1
1764500008698,1193,761,1
1764500008704,1195,759,1
1764500008704,1196,757,1
1764500008704,1198,757,1
1764500008704,1198,755,1
1764500008704,1199,754,1
1764500008716,1200,753,1
1764500008719,1202,751,1
1764500008719,1203,750,1
1764500008724,1204,749,1
1764500008724,1205,747,1
1764500008730,1208,744,1
1764500008734,1208,743,1
1764500008736,1209,741,1
1764500008736,1210,740,1
1764500008736,1212,740,1
1764500008736,1213,738,1
1764500008744,1213,737,1
1764500008746,1214,736,1
1764500008746,1216,735,1
1764500008749,1217,733,1
1764500008754,1218,731,1
1764500008754,1220,729,1
1764500008754,1221,728,1
1764500008754,1221,727,1
1764500008761,1223,725,1
1764500008764,1224,723,1
1764500008764,1225,722,1
1764500008764,1226,721,1
1764500008764,1227,718,1
1764500008764,1228,717,1
1764500008774,1229,716,1
1764500008774,1230,714,1
1764500008777,1230,713,1
1764500008779,1231,712,1
1764500008779,1232,710,1
1764500008779,1234,708,1
1764500008786,1235,706,1
1764500008786,1236,704,1
1764500008792,1237,703,1
1764500008794,1239,701,1
1764500008794,1240,699,1
1764500008794,1241,697,1
1764500008804,1242,695,1
1764500008804,1243,694,1
1764500008809,1244,693,1
1764500008811,1245,691,1
1764500008814,1246,690,1
1764500008814,1246,689,1
1764500008814,1248,687,1
1764500008814,1248,685,1
1764500008824,1249,683,1
1764500008824,1250,681,1
1764500008824,1251,679,1
1764500008824,1252,679,1
1764500008834,1253,677,1
1764500008834,1253,675,1
1764500008834,1253,674,1
1764500008839,1254,672,1
1764500008839,1255,670,1
1764500008844,1256,669,1
1764500008844,1257,667,1
1764500008844,1257,665,1
1764500008844,1258,664,1
1764500008844,1258,662,1
1764500008854,1259,660,1
1764500008855,1260,658,1
1764500008855,1261,656,1
1764500008855,1261,654,1
1764500008855,1262,652,1
1764500008864,1263,650,1
1764500008864,1264,647,1
1764500008864,1266,644,1
1764500008871,1266,642,1
1764500008874,1266,640,1
1764500008875,1267,638,1
1764500008875,1268,635,1
1764500008875,1268,633,1
1764500008875,1269,632,1
1764500008884,1270,630,1
1764500008887,1271,627,1
1764500008887,1272,624,1
1764500008887,1272,622,1
1764500008894,1273,620,1
1764500008894,1274,618,1
1764500008894,1274,616,1
1764500008894,1275,614,1
1764500008904,1277,610,1
1764500008905,1277,608,1
1764500008908,1278,606,1
1764500008908,1279,605,1
1764500008908,1279,602,1
1764500008914,1280,600,1
1764500008914,1280,599,1
1764500008918,1281,595,1
1764500008921,1281,593,1
1764500008924,1281,591,1
1764500008924,1282,589,1
1764500008924,1282,588,1
1764500008924,1284,586,1
1764500008924,1284,584,1
1764500008934,1285,583,1
1764500008934,1285,580,1
1764500008934,1286,578,1
1764500008934,1286,577,1
1764500008934,1287,574,1
1764500008944,1287,572,1
1764500008944,1287,570,1
1764500008944,1287,568,1
1764500008949,1287,565,1
1764500008949,1287,564,1
1764500008954,1287,561,1
1764500008954,1287,560,1
1764500008954,1287,557,1
1764500008954,1287,555,1
1764500008954,1287,553,1
1764500008964,1287,551,1
1764500008965,1288,548,1
1764500008965,1288,544,0
1764500008965,1288,542,0
1764500008974,1288,540,0
1764500008974,1288,538,0
1764500008974,1288,536,0
1764500008974,1288,534,0
1764500008981,1288,532,0
1764500008984,1289,530,0
1764500008984,1289,529,0
1764500008984,1289,527,0
1764500008984,1289,526,0
1764500008984,1290,523,0
1764500008994,1290,521,0
1764500008994,1290,520,0
1764500008997,1290,518,0
1764500008997,1290,517,0
1764500008997,1290,516,0
1764500009004,1290,513,0
1764500009004,1290,511,0
1764500009004,1290,509,0
1764500009004,1290,507,0
1764500009014,1290,505,0
1764500009014,1290,504,0
1764500009014,1290,501,0
1764500009014,1291,499,0
1764500009024,1291,497,0
1764500009024,1291,495,0
1764500009024,1291,493,0
1764500009029,1291,491,0
1764500009031,1291,490,0
1764500009034,1291,488,0
1764500009034,1291,487,0
1764500009034,1291,485,0
1764500009034,1291,483,0
1764500009034,1291,482,0
1764500009044,1291,480,0
1764500009045,1291,479,0
1764500009045,1291,478,0
1764500009045,1291,476,0
1764500009045,1291,475,0
1764500009054,1291,473,0
1764500009054,1291,472,0
1764500009054,1291,470,0
1764500009054,1291,468,0
1764500009060,1291,466,0
1764500009064,1291,465,0
1764500009064,1291,463,0
1764500009064,1291,459,0
1764500009064,1291,458,0
1764500009074,1291,455,0
1764500009076,1291,454,0
1764500009076,1291,452,0
1764500009076,1291,450,0
1764500009076,1291,448,1
1764500009084,1291,446,1
1764500009084,1291,443,1
1764500009084,1290,440,1
1764500009092,1290,438,1
1764500009094,1289,436,0
1764500009094,1289,433,1
1764500009094,1289,431,1
1764500009094,1289,429,1
1764500009094,1289,427,1
1764500009104,1289,424,1
1764500009104,1288,422,1
1764500009107,1287,421,1
1764500009107,1287,420,1
1764500009107,1286,417,1
1764500009114,1286,415,1
1764500009114,1285,413,0
1764500009114,1284,410,0
1764500009114,1284,409,0
1764500009124,1284,407,1
1764500009124,1284,405,1
1764500009127,1283,404,0
1764500009127,1282,403,0
1764500009127,1282,401,0
1764500009134,1281,400,0
1764500009134,1281,399,0
1764500009134,1280,396,0
1764500009139,1279,395,0
1764500009139,1279,393,0
1764500009144,1278,391,0
1764500009144,1278,390,0
1764500009144,1277,387,0
1764500009144,1276,385,0
1764500009154,1274,382,0
1764500009154,1273,380,0
1764500009155,1272,377,0
1764500009155,1271,376,0
1764500009155,1271,373,0
1764500009155,1270,371,0
1764500009164,1270,370,0
1764500009164,1269,368,0
1764500009164,1267,366,0
1764500009171,1265,362,0
1764500009174,1264,360,0
1764500009176,1264,358,0
1764500009176,1263,357,0
1764500009176,1262,355,0
1764500009176,1261,352,0
1764500009188,1259,349,0
1764500009188,1258,347,0
1764500009190,1258,345,0
1764500009194,1255,342,0
1764500009194,1255,340,0
1764500009194,1254,338,0
1764500009204,1253,333,0
1764500009204,1252,332,0
1764500009204,1251,330,0
1764500009204,1249,328,0
1764500009204,1248,327,0
1764500009204,1248,325,0
1764500009214,1247,323,0
1764500009214,1245,321,0
1764500009237,1235,306,0
1764500009237,1234,304,0
1764500009237,1233,302,0
1764500009237,1231,301,0
1764500009244,1231,300,0
1764500009244,1230,297,0
1764500009244,1229,297,0
1764500009244,1228,295,0
1764500009254,1227,293,0
1764500009254,1226,292,0
1764500009254,1224,291,0
1764500009254,1223,289,0
1764500009254,1222,286,0
1764500009264,1221,286,0
1764500009266,1220,284,0
1764500009269,1220,282,0
1764500009269,1219,282,0
1764500009269,1218,280,0
1764500009274,1216,278,0
1764500009274,1216,276,0
1764500009282,1213,273,0
1764500009284,1211,270,0
1764500009284,1210,269,0
1764500009284,1209,267,0
1764500009284,1207,265,0
1764500009294,1206,263,0
1764500009294,1204,262,0
1764500009298,1204,261,0
1764500009298,1202,259,0
1764500009304,1201,258,0
1764500009305,1200,257,0
1764500009306,1198,254,0
1764500009306,1197,252,0
1764500009306,1195,251,0
1764500009306,1193,250,0
1764500009314,1192,248,0
1764500009314,1190,247,0
1764500009314,1189,245,0
1764500009314,1187,244,0
1764500009314,1184,242,0
1764500009324,1181,241,0
1764500009324,1179,240,0
1764500009330,1177,238,0
1764500009330,1174,236,0
1764500009334,1172,235,0
1764500009334,1169,234,0
1764500009334,1168,234,0
1764500009334,1166,232,0
1764500009334,1163,231,0
1764500009344,1160,229,0
1764500009346,1159,228,0
1764500009346,1156,226,0
1764500009346,1151,224,0
1764500009354,1149,223,0
1764500009354,1147,222,0
1764500009354,1145,221,0
1764500009354,1142,219,0
1764500009361,1141,218,0
1764500009364,1139,217,0
1764500009364,1136,216,0
1764500009364,1134,216,0
1764500009364,1132,215,0
1764500009364,1130,214,0
1764500009374,1127,212,0
1764500009377,1125,211,0
1764500009379,1123,210,0
1764500009380,1120,209,0
1764500009380,1117,207,0
1764500009386,1114,206,0
1764500009386,1113,205,0
1764500009386,1110,204,0
1764500009394,1105,201,0
1764500009394,1103,200,0
1764500009394,1100,198,0
1764500009394,1097,197,0
1764500009394,1091,195,0
1764500009405,1089,194,0
1764500009405,1086,192,0
1764500009408,1083,192,0
1764500009408,1080,190,0
1764500009414,1075,188,0
1764500009414,1072,187,0
1764500009419,1069,185,0
1764500009419,1067,185,0
1764500009419,1064,184,0
1764500009424,1061,184,0
1764500009424,1058,183,0
1764500009424,1056,182,0
1764500009424,1053,181,0
1764500009424,1051,179,0
1764500009434,1046,177,0
1764500009434,1043,177,0
1764500009440,1041,176,0
1764500009440,1039,175,0
1764500009444,1036,174,0
1764500009444,1033,174,0
1764500009444,1030,174,0
1764500009444,1027,172,0
1764500009454,1025,171,0
1764500009457,1021,169,0
1764500009457,1019,169,0
1764500009457,1017,168,0
1764500009464,1016,168,0
1764500009464,1013,168,0
1764500009464,1012,167,0
1764500009471,1010,166,0
1764500009471,1008,165,0
1764500009474,1007,165,0
1764500009474,1005,164,0
1764500009474,1002,162,0
1764500009474,1000,162,0
1764500009484,998,162,0
1764500009487,998,161,0
1764500009487,996,160,0
1764500009487,993,160,0
1764500009487,993,159,0
1764500009494,990,159,0
1764500009494,988,158,0
1764500009494,986,158,0
1764500009503,982,156,0
1764500009505,981,155,0
1764500009505,979,154,0
1764500009505,976,154,0
1764500009505,975,153,0
1764500009505,973,153,0
1764500009514,971,152,0
1764500009514,968,151,0
1764500009519,967,150,0
1764500009519,964,150,0
1764500009519,962,149,0
1764500009524,961,148,0
1764500009524,959,147,0
1764500009524,955,147,0
1764500009524,953,146,0
1764500009524,951,146,0
1764500009535,948,145,0
1764500009537,945,144,1
1764500009538,943,144,1
1764500009538,942,142,1
1764500009538,938,142,1
1764500009544,935,140,1
1764500009544,934,140,1
1764500009544,931,139,1
1764500009551,925,137,1
1764500009554,921,137,1
1764500009554,920,136,1
1764500009554,917,135,1
1764500009554,914,135,1
1764500009554,912,134,1
1764500009564,909,134,1
1764500009569,903,132,1
1764500009569,901,132,1
1764500009569,898,131,1
1764500009574,895,131,1
1764500009574,893,130,1
1764500009574,890,129,1
1764500009574,888,129,1
1764500009584,886,129,1
1764500009584,883,128,1
1764500009587,880,128,1
1764500009587,879,128,1
1764500009587,876,128,1
1764500009587,874,127,1
1764500009594,873,127,1
1764500009594,870,127,1
1764500009598,868,127,1
1764500009598,864,127,1
1764500009604,862,127,1
1764500009605,861,127,1
1764500009605,860,127,1
1764500009605,859,127,1
1764500009605,856,127,1
1764500009614,854,127,1
1764500009614,852,127,1
1764500009614,850,127,1
1764500009614,849,127,1
1764500009624,848,127,1
1764500009624,847,127,1
1764500009624,845,127,1
1764500009631,844,127,1
1764500009631,843,127,1
1764500009634,841,127,1
1764500009634,838,127,1
1764500009634,837,127,1
1764500009634,835,127,1
1764500009644,834,127,1
1764500009646,833,127,1
1764500009646,830,127,1
1764500009646,826,127,1
1764500009654,825,128,1
1764500009654,823,128,1
1764500009654,821,128,1
1764500009654,819,129,1
1764500009661,817,129,1
1764500009664,816,130,1
1764500009664,814,131,1
1764500009664,811,131,1
1764500009664,810,131,1
1764500009664,808,132,1
1764500009674,806,133,1
1764500009677,805,133,1
1764500009677,803,134,1
1764500009680,800,135,1
1764500009682,799,135,1
1764500009686,798,136,1
1764500009686,796,137,1
1764500009686,794,137,1
1764500009686,793,138,1
1764500009693,791,139,1
1764500009694,789,140,1
1764500009694,787,142,1
1764500009694,784,142,1
1764500009704,783,144,1
1764500009705,782,145,1
1764500009708,779,146,1
1764500009708,779,147,1
1764500009714,777,147,1
1764500009714,777,148,1
1764500009714,776,149,1
1764500009714,775,150,1
1764500009714,774,151,1
1764500009724,773,152,1
1764500009724,772,152,1
1764500009724,772,153,1
1764500009724,771,154,1
1764500009734,770,155,1
1764500009734,769,155,1
1764500009740,769,156,1
1764500009744,769,158,1
1764500009744,768,158,1
1764500009744,767,158,1
1764500009744,767,159,1
1764500009756,767,160,1
1764500009756,766,160,1
1764500009764,766,161,1
1764500009764,766,162,1
1764500009771,765,163,1
1764500009774,764,163,1
1764500009774,764,164,1
1764500009774,764,165,1
1764500009787,764,166,1
1764500009787,763,167,1
1764500009794,762,167,1
1764500009794,762,168,1
1764500009806,762,169,1
1764500009806,762,170,1
1764500009821,761,170,1
1764500009822,761,171,1
1764500009910,761,172,1
0,0,0,0
1764500031497,760,172,1
1764500031508,759,172,1
1764500031508,759,174,1
1764500031512,757,175,1
1764500031512,755,176,1
1764500031512,753,178,1
1764500031517,751,178,1
1764500031517,749,180,1
1764500031517,748,181,1
1764500031517,747,181,1
1764500031528,745,182,1
1764500031531,744,184,1
1764500031532,742,184,1
1764500031532,739,185,1
1764500031532,738,186,1
1764500031538,737,187,1
1764500031538,735,188,1
1764500031538,733,189,1
1764500031543,732,190,1
1764500031543,730,191,1
1764500031548,728,193,1
1764500031548,726,194,1
1764500031548,724,195,1
1764500031548,723,196,1
1764500031557,722,196,1
1764500031559,721,198,1
1764500031559,719,199,1
1764500031559,718,199,1
1764500031559,717,200,1
1764500031567,715,201,1
1764500031567,715,202,1
1764500031567,713,203,1
1764500031567,710,204,1
1764500031578,708,205,1
1764500031578,706,206,1
1764500031578,706,207,1
1764500031578,704,208,1
1764500031578,703,209,1
1764500031588,702,210,1
1764500031588,700,211,1
1764500031592,699,211,1
1764500031594,698,212,1
1764500031594,696,214,1
1764500031598,695,214,1
1764500031598,692,216,1
1764500031598,691,217,1
1764500031598,690,218,1
1764500031607,690,219,1
1764500031607,688,219,1
1764500031607,687,220,1
1764500031607,687,221,1
1764500031607,685,221,1
1764500031617,684,222,1
1764500031623,683,223,1
1764500031624,682,224,1
1764500031627,682,225,1
1764500031627,681,225,1
1764500031627,680,226,1
1764500031627,680,227,1
1764500031637,679,227,1
1764500031639,679,228,1
1764500031648,678,229,1
1764500031648,677,230,1
1764500031655,677,231,1
1764500031658,677,232,1
1764500031658,676,233,1
1764500031667,675,235,1
1764500031672,674,236,1
1764500031672,674,238,1
1764500031678,674,239,1
1764500031678,673,240,1
1764500031678,673,241,1
1764500031686,672,242,1
1764500031688,672,243,1
1764500031688,671,245,1
1764500031688,671,246,1
1764500031688,671,247,1
1764500031702,671,250,1
1764500031702,670,250,1
1764500031702,670,252,1
1764500031708,670,253,1
1764500031708,669,254,1
1764500031708,669,256,1
1764500031708,668,257,1
1764500031717,668,258,1
1764500031717,668,259,1
1764500031717,668,260,1
1764500031717,667,260,1
1764500031717,667,262,1
1764500031727,666,262,1
1764500031727,666,264,1
1764500031727,666,266,1
1764500031733,665,267,1
1764500031738,665,268,1
1764500031738,664,270,1
1764500031738,663,272,1
1764500031738,662,274,1
1764500031753,661,278,1
1764500031753,660,280,1
1764500031758,659,282,1
1764500031758,659,284,1
1764500031758,658,285,1
1764500031764,657,287,1
1764500031764,657,288,1
1764500031768,657,290,1
1764500031768,656,292,1
1764500031768,655,293,1
1764500031768,654,295,1
1764500031768,654,297,1
1764500031778,653,298,1
1764500031780,652,300,1
1764500031783,652,302,1
1764500031783,652,303,1
1764500031783,651,305,1
1764500031787,650,308,1
1764500031787,649,308,1
1764500031787,648,310,1
1764500031787,648,312,1
1764500031796,647,314,1
1764500031798,647,315,1
1764500031802,646,318,1
1764500031802,645,320,1
1764500031802,645,321,1
1764500031807,643,323,1
1764500031807,643,324,1
1764500031812,642,325,1
1764500031812,642,327,1
1764500031812,642,328,1
1764500031817,641,329,1
1764500031817,640,332,1
1764500031817,639,333,1
1764500031817,639,334,1
1764500031817,638,336,1
1764500031828,637,338,1
1764500031828,636,339,1
1764500031828,635,342,1
1764500031828,634,343,1
1764500031828,634,345,1
1764500031837,632,347,1
1764500031837,631,349,1
1764500031837,630,352,1
1764500031843,629,352,1
1764500031846,629,354,1
1764500031848,628,356,1
1764500031849,626,359,1
1764500031849,624,361,1
1764500031849,623,362,1
1764500031857,623,364,1
1764500031859,622,366,1
1764500031859,621,368,1
1764500031859,620,369,1
1764500031867,618,373,1
1764500031867,617,374,1
1764500031867,616,376,1
1764500031875,616,377,1
1764500031875,615,379,1
1764500031877,615,381,1
1764500031877,614,383,1
1764500031877,613,384,1
1764500031877,612,386,1
1764500031877,612,387,1
1764500031887,612,389,1
1764500031891,611,391,1
1764500031891,610,393,1
1764500031891,609,394,1
1764500031891,609,396,1
1764500031897,608,398,1
1764500031897,607,401,1
1764500031897,606,403,1
1764500031907,606,405,1
1764500031909,606,407,1
1764500031909,606,408,1
1764500031909,605,410,1
1764500031909,604,412,1
1764500031917,603,415,1
1764500031917,603,417,1
1764500031922,602,418,1
1764500031922,602,419,1
1764500031922,602,421,1
1764500031927,602,422,1
1764500031927,601,424,1
1764500031927,601,425,1
1764500031927,601,426,1
1764500031927,601,428,1
1764500031938,600,429,1
1764500031938,599,430,1
1764500031938,599,432,1
1764500031938,599,433,1
1764500031938,598,434,1
1764500031947,598,435,1
1764500031949,598,437,1
1764500031949,598,439,1
1764500031953,598,440,1
1764500031953,598,442,1
1764500031957,597,444,1
1764500031957,597,445,1
1764500031957,597,447,1
1764500031957,597,448,1
1764500031967,596,453,1
1764500031969,596,454,1
1764500031969,595,456,1
1764500031969,595,458,1
1764500031969,595,459,1
1764500031977,594,461,1
1764500031977,594,464,1
1764500031977,594,465,1
1764500031985,594,467,1
1764500031985,594,469,1
1764500031988,594,471,1
1764500031988,594,473,1
1764500031988,594,474,1
1764500031988,593,477,1
1764500031988,593,479,1
1764500031997,593,480,1
1764500032001,593,483,1
1764500032004,592,485,1
1764500032004,592,487,1
1764500032007,592,489,1
1764500032007,592,491,1
1764500032007,592,492,1
1764500032007,592,494,1
1764500032017,592,497,1
1764500032017,592,500,1
1764500032017,592,502,1
1764500032017,592,504,1
1764500032017,592,506,1
1764500032027,592,507,1
1764500032027,592,509,1
1764500032032,592,512,1
1764500032032,592,513,1
1764500032032,592,516,1
1764500032037,592,518,1
1764500032037,592,519,1
1764500032037,592,522,1
1764500032037,592,523,1
1764500032037,592,526,1
1764500032047,592,528,1
1764500032049,592,529,1
1764500032049,592,531,1
1764500032049,592,534,1
1764500032049,592,535,1
1764500032057,592,538,1
1764500032057,592,541,1
1764500032057,592,542,1
1764500032063,593,545,1
1764500032067,593,549,1
1764500032067,593,552,1
1764500032067,594,554,1
1764500032067,594,556,1
1764500032067,595,558,1
1764500032077,595,561,1
1764500032079,595,562,1
1764500032079,596,564,1
1764500032079,596,567,1
1764500032088,597,570,1
1764500032088,597,572,1
1764500032088,597,574,1
1764500032088,597,575,1
1764500032097,598,580,1
1764500032097,599,583,1
1764500032097,599,585,1
1764500032097,600,585,1
1764500032107,600,588,1
1764500032111,601,590,1
1764500032111,601,591,1
1764500032114,601,593,1
1764500032117,602,597,1
1764500032117,602,599,1
1764500032117,603,601,1
1764500032117,603,602,1
1764500032126,604,604,1
1764500032127,604,607,1
1764500032127,605,607,1
1764500032127,606,609,1
1764500032127,606,612,1
1764500032127,606,613,1
1764500032137,606,615,1
1764500032137,606,616,1
1764500032142,607,618,1
1764500032142,607,620,1
1764500032142,608,621,1
1764500032147,608,623,1
1764500032149,609,624,1
1764500032149,609,625,1
1764500032149,610,628,1
1764500032149,610,629,1
1764500032157,610,630,1
1764500032157,611,631,1
1764500032157,611,632,1
1764500032157,611,634,1
1764500032167,612,638,1
1764500032167,613,639,1
1764500032167,613,641,1
1764500032174,614,642,1
1764500032174,614,644,1
1764500032177,615,646,1
1764500032177,615,647,1
1764500032177,615,649,1
1764500032177,615,650,1
1764500032177,616,651,1
1764500032188,616,654,1
1764500032189,617,655,1
1764500032189,618,657,1
1764500032189,618,658,1
1764500032189,619,660,1
1764500032197,619,661,1
1764500032197,619,663,1
1764500032197,620,665,1
1764500032197,621,668,1
1764500032205,622,670,1
1764500032208,623,671,1
1764500032208,624,673,1
1764500032208,625,675,1
1764500032208,625,676,1
1764500032217,627,680,1
1764500032217,629,683,1
1764500032221,630,684,1
1764500032224,630,686,1
1764500032224,631,687,1
1764500032227,632,689,1
1764500032229,632,691,1
1764500032232,634,691,1
1764500032232,635,692,1
1764500032237,636,695,1
1764500032240,638,697,1
1764500032240,638,699,1
1764500032240,640,699,1
1764500032240,640,700,1
1764500032247,642,702,1
1764500032249,643,702,1
1764500032252,643,704,1
1764500032255,644,705,1
1764500032255,645,707,1
1764500032257,646,707,1
1764500032257,647,709,1
1764500032257,648,710,1
1764500032257,649,710,1
1764500032269,651,713,1
1764500032269,651,714,1
1764500032269,652,715,1
1764500032269,653,716,1
1764500032269,654,716,1
1764500032277,655,717,1
1764500032277,656,719,1
1764500032277,658,720,1
1764500032287,660,721,1
1764500032289,661,723,1
1764500032289,663,724,1
1764500032289,664,725,1
1764500032289,664,726,1
1764500032297,665,726,1
1764500032300,666,728,1
1764500032300,667,729,1
1764500032300,668,729,1
1764500032300,669,730,1
1764500032307,670,731,1
1764500032307,670,732,1
1764500032307,672,733,1
1764500032307,673,734,1
1764500032317,675,735,1
1764500032317,676,737,1
1764500032317,676,738,1
1764500032317,677,738,1
1764500032317,679,739,1
1764500032327,679,740,1
1764500032327,680,741,1
1764500032332,682,742,1
1764500032332,683,743,1
1764500032332,683,744,1
1764500032337,685,745,1
1764500032337,686,746,1
1764500032337,687,748,1
1764500032337,688,748,1
1764500032337,689,749,1
1764500032349,690,750,1
1764500032349,692,751,1
1764500032349,693,752,1
1764500032349,694,753,1
1764500032349,695,755,1
1764500032357,697,756,1
1764500032357,699,757,1
1764500032363,700,759,1
1764500032367,703,761,1
1764500032367,704,762,1
1764500032367,706,763,1
1764500032367,707,764,1
1764500032367,707,765,1
1764500032377,710,766,1
1764500032379,711,766,1
1764500032382,712,768,1
1764500032385,714,768,1
1764500032385,715,770,1
1764500032387,716,770,1
1764500032387,718,771,1
1764500032387,720,772,1
1764500032387,720,773,1
1764500032395,722,774,1
1764500032397,725,776,1
1764500032397,727,776,1
1764500032397,728,777,1
1764500032397,730,778,1
1764500032407,731,778,1
1764500032411,732,779,1
1764500032411,734,780,1
1764500032414,735,781,1
1764500032417,738,782,1
1764500032417,739,782,1
1764500032417,740,782,1
1764500032417,742,783,1
1764500032427,744,784,1
1764500032428,745,784,1
1764500032428,747,785,1
1764500032428,749,785,1
1764500032428,749,787,1
1764500032428,751,788,1
1764500032437,752,788,1
1764500032437,754,789,1
1764500032444,757,789,1
1764500032444,758,790,1
1764500032448,759,791,1
1764500032449,761,791,1
1764500032449,762,791,1
1764500032449,764,792,1
1764500032449,765,793,1
1764500032457,766,793,1
1764500032460,768,795,1
1764500032460,769,795,1
1764500032460,770,795,1
1764500032467,773,796,1
1764500032467,775,797,1
1764500032467,777,798,1
1764500032489,788,802,1
1764500032489,790,803,1
1764500032489,791,803,1
1764500032489,793,803,1
1764500032489,795,804,1
1764500032497,796,805,1
1764500032497,798,805,1
1764500032497,800,805,1
1764500032497,801,806,1
1764500032506,803,806,1
1764500032508,804,807,1
1764500032510,805,808,1
1764500032510,807,808,1
1764500032510,808,809,1
1764500032517,812,809,1
1764500032520,813,809,1
1764500032520,815,810,1
1764500032520,816,810,1
1764500032520,817,811,1
1764500032527,819,811,1
1764500032527,821,812,1
1764500032527,822,812,1
1764500032527,824,813,1
1764500032537,826,813,1
1764500032539,826,814,1
1764500032540,828,814,1
1764500032540,829,814,1
1764500032540,830,814,1
1764500032540,832,815,1
1764500032547,833,816,1
1764500032549,834,816,1
1764500032552,836,817,1
1764500032552,837,818,1
1764500032552,839,819,1
1764500032557,841,819,1
1764500032557,842,819,1
1764500032557,844,819,1
1764500032557,846,820,1
1764500032567,849,820,1
1764500032567,850,821,1
1764500032567,852,822,1
1764500032567,853,822,1
1764500032567,854,822,1
1764500032577,856,822,1
1764500032577,858,823,1
1764500032583,859,823,1
1764500032583,860,824,1
1764500032583,862,825,1
1764500032587,863,826,1
1764500032587,865,826,1
1764500032587,866,826,1
1764500032587,868,826,1
1764500032587,870,826,1
1764500032599,871,827,1
1764500032599,874,827,1
1764500032599,876,828,1
1764500032599,878,829,1
1764500032607,878,830,1
1764500032607,880,830,1
1764500032607,882,830,1
1764500032607,884,830,1
1764500032617,888,831,1
1764500032617,889,831,1
1764500032617,892,832,1
1764500032617,894,832,1
1764500032617,895,832,1
1764500032627,897,833,1
1764500032630,898,833,1
1764500032630,901,833,1
1764500032630,903,834,1
1764500032630,906,834,1
1764500032637,907,835,1
1764500032637,909,835,1
1764500032637,910,835,1
1764500032637,912,835,1
1764500032646,915,836,1
1764500032648,916,837,1
1764500032650,918,837,1
1764500032650,920,837,1
1764500032650,921,837,1
1764500032650,923,837,1
1764500032657,925,838,1
1764500032657,927,838,1
1764500032662,928,838,1
1764500032662,930,839,1
1764500032667,933,839,1
1764500032667,934,839,1
1764500032667,936,840,1
1764500032667,938,841,1
1764500032667,939,841,1
1764500032677,941,841,1
1764500032677,942,842,1
1764500032677,945,842,1
1764500032677,947,842,1
1764500032687,948,842,1
1764500032687,950,842,1
1764500032687,951,843,1
1764500032693,953,843,1
1764500032693,955,844,1
1764500032697,956,844,1
1764500032697,958,844,1
1764500032697,959,844,1
1764500032697,960,845,1
1764500032697,962,845,1
1764500032707,963,845,1
1764500032709,965,845,1
1764500032709,966,845,1
1764500032718,967,845,1
1764500032718,968,845,1
1764500032718,969,845,1
1764500032718,971,845,1
1764500032725,972,845,1
1764500032727,973,845,1
1764500032727,975,845,1
1764500032732,979,846,1
1764500032732,980,846,1
1764500032737,982,846,1
1764500032740,984,846,1
1764500032740,985,846,1
1764500032740,987,847,1
1764500032740,988,847,1
1764500032747,990,847,1
1764500032750,992,848,1
1764500032750,994,848,1
1764500032750,996,848,1
1764500032756,998,848,1
1764500032758,1000,849,1
1764500032758,1002,849,1
1764500032758,1005,849,1
1764500032758,1007,849,1
1764500032767,1009,850,1
1764500032767,1012,850,1
1764500032767,1013,850,1
1764500032772,1016,851,1
1764500032772,1018,851,1
1764500032772,1019,851,1
1764500032777,1021,852,1
1764500032777,1024,852,1
1764500032777,1027,852,1
1764500032777,1028,852,1
1764500032787,1030,852,1
1764500032787,1032,852,1
1764500032787,1034,852,1
1764500032787,1036,852,1
1764500032787,1037,852,1
1764500032797,1038,852,1
1764500032797,1041,852,1
1764500032797,1042,852,1
1764500032803,1043,852,1
1764500032806,1045,852,1
1764500032808,1046,852,1
1764500032808,1048,852,1
1764500032808,1050,852,1
1764500032808,1052,852,1
1764500032817,1054,852,1
1764500032819,1057,852,1
1764500032819,1058,852,1
1764500032819,1060,852,1
1764500032819,1061,852,1
1764500032828,1063,852,1
1764500032828,1065,851,1
1764500032835,1069,850,1
1764500032835,1071,850,1
1764500032838,1072,849,1
1764500032838,1075,849,1
1764500032838,1077,848,1
1764500032838,1078,848,1
1764500032838,1081,847,1
1764500032847,1083,847,1
1764500032851,1085,847,1
1764500032851,1087,846,1
1764500032851,1089,846,1
1764500032851,1092,845,1
1764500032857,1093,844,1
1764500032861,1095,843,1
1764500032863,1098,842,1
1764500032863,1099,842,1
1764500032868,1102,841,1
1764500032868,1104,840,1
1764500032870,1105,840,1
1764500032870,1108,840,1
1764500032870,1110,839,1
1764500032870,1111,839,1
1764500032878,1113,838,1
1764500032878,1116,837,1
1764500032884,1119,836,1
1764500032884,1122,835,1
1764500032887,1124,834,1
1764500032887,1125,834,0
1764500032887,1127,834,0
1764500032887,1129,833,0
1764500032887,1130,832,0
1764500032898,1132,831,0
1764500032898,1134,830,0
1764500032898,1136,829,0
1764500032898,1137,828,0
1764500032898,1139,827,0
1764500032907,1141,826,0
1764500032907,1142,825,0
1764500032907,1144,824,0
1764500032914,1146,823,0
1764500032917,1148,821,1
1764500032917,1148,820,1
1764500032917,1150,820,1
1764500032917,1153,818,1
1764500032917,1154,817,1
1764500032917,1155,816,1
1764500032927,1157,815,1
1764500032930,1158,813,1
1764500032930,1161,810,1
1764500032930,1162,809,1
1764500032937,1164,807,1
1764500032937,1166,805,1
1764500032937,1166,803,1
1764500032937,1167,803,1
1764500032947,1169,800,1
1764500032947,1170,798,1
1764500032950,1171,797,1
1764500032950,1172,794,1
1764500032950,1173,792,1
1764500032950,1174,791,1
1764500032958,1176,789,1
1764500032958,1177,786,1
1764500032962,1178,785,1
1764500032962,1178,784,1
1764500032967,1179,781,1
1764500032967,1181,779,1
1764500032967,1182,779,1
1764500032967,1183,777,1
1764500032967,1183,775,1
1764500032967,1185,774,1
1764500032977,1185,773,1
1764500032977,1186,772,1
1764500032977,1186,771,1
1764500032977,1187,769,1
1764500032987,1188,768,1
1764500032987,1189,768,1
1764500032994,1190,766,1
1764500032996,1190,765,1
1764500032998,1191,765,1
1764500033001,1192,764,1
1764500033001,1192,763,1
1764500033001,1193,763,1
1764500033008,1194,762,1
1764500033009,1195,762,1
1764500033009,1195,761,1
1764500033017,1196,760,1
1764500033017,1196,759,1
1764500033017,1197,759,1
1764500033017,1197,758,1
1764500033025,1197,757,1
1764500033027,1198,757,1
1764500033027,1198,756,1
1764500033027,1198,754,1
1764500033027,1199,754,1
1764500033038,1200,752,1
1764500033042,1200,751,1
1764500033045,1201,749,1
1764500033050,1202,746,1
1764500033050,1203,746,1
1764500033050,1203,744,1
1764500033057,1203,743,1
1764500033058,1204,743,1
1764500033058,1205,741,1
1764500033058,1205,740,1
1764500033067,1207,738,1
1764500033067,1207,737,1
1764500033067,1207,736,1
1764500033072,1207,735,1
1764500033072,1208,733,1
1764500033072,1209,733,1
1764500033078,1210,731,1
1764500033078,1210,730,1
1764500033078,1211,727,1
1764500033078,1212,726,1
1764500033089,1213,725,1
1764500033089,1214,723,1
1764500033089,1214,722,1
1764500033089,1215,721,1
1764500033089,1215,719,1
1764500033098,1216,718,1
1764500033098,1217,717,1
1764500033098,1218,715,1
1764500033103,1218,714,1
1764500033106,1218,713,1
1764500033108,1219,711,1
1764500033108,1219,710,1
1764500033108,1219,708,1
1764500033108,1220,707,1
1764500033117,1220,706,1
1764500033117,1221,703,1
1764500033121,1222,701,1
1764500033121,1223,700,1
1764500033121,1223,698,1
1764500033127,1224,695,1
1764500033127,1225,693,1
1764500033127,1226,691,1
1764500033135,1227,689,1
1764500033135,1227,686,0
1764500033138,1228,684,0
1764500033138,1229,682,0
1764500033138,1230,679,0
1764500033138,1232,677,0
1764500033138,1233,676,0
1764500033147,1234,673,0
1764500033150,1235,670,0
1764500033150,1237,667,0
1764500033150,1237,666,0
1764500033150,1239,663,0
1764500033157,1241,661,0
1764500033157,1242,659,0
1764500033157,1243,658,0
1764500033157,1245,656,0
1764500033168,1245,654,0
1764500033168,1247,652,0
1764500033168,1248,652,0
1764500033168,1249,650,0
1764500033168,1250,648,0
1764500033168,1252,646,0
1764500033177,1253,646,0
1764500033177,1254,645,1
1764500033184,1256,642,1
1764500033184,1258,640,1
1764500033188,1258,639,1
1764500033188,1259,638,1
1764500033188,1260,637,1
1764500033188,1261,635,1
1764500033188,1263,634,1
1764500033200,1265,631,1
1764500033200,1265,629,1
1764500033200,1266,628,1
1764500033207,1267,627,1
1764500033207,1267,625,1
1764500033207,1268,624,1
1764500033213,1269,622,1
1764500033213,1270,622,1
1764500033218,1270,621,1
1764500033218,1270,620,1
1764500033218,1271,618,1
1764500033218,1272,616,1
1764500033218,1272,615,1
1764500033228,1273,614,1
1764500033229,1273,613,1
1764500033229,1274,611,1
1764500033229,1275,609,1
1764500033238,1276,608,1
1764500033238,1276,607,1
1764500033238,1277,605,1
1764500033238,1277,604,1
1764500033245,1278,602,1
1764500033250,1278,600,1
1764500033250,1279,600,1
1764500033250,1280,599,1
1764500033250,1280,598,1
1764500033258,1281,597,1
1764500033262,1282,595,1
1764500033262,1282,594,1
1764500033267,1283,594,1
1764500033267,1283,592,1
1764500033267,1283,591,1
1764500033267,1283,590,1
1764500033267,1284,589,1
1764500033276,1286,588,1
1764500033277,1287,587,1
1764500033277,1287,586,1
1764500033277,1288,583,1
1764500033277,1289,581,1
1764500033288,1291,579,1
1764500033288,1291,578,1
1764500033292,1293,576,1
1764500033295,1293,574,1
1764500033300,1295,570,1
1764500033300,1298,565,1
1764500033300,1299,563,1
1764500033308,1301,560,1
1764500033318,1304,553,1
1764500033320,1305,551,1
1764500033320,1306,549,1
1764500033323,1306,548,1
1764500033323,1306,547,1
1764500033328,1307,545,1
1764500033328,1308,545,1
1764500033328,1309,542,1
1764500033328,1310,541,1
1764500033338,1310,540,1
1764500033340,1310,539,1
1764500033340,1311,539,1
1764500033340,1311,538,1
1764500033340,1312,537,1
1764500033351,1312,535,1
1764500033351,1313,534,1
1764500033355,1313,532,1
1764500033358,1314,530,1
1764500033358,1315,529,1
1764500033358,1315,528,1
1764500033368,1315,527,1
1764500033372,1316,525,1
1764500033376,1316,523,1
1764500033382,1316,521,1
1764500033388,1316,520,1
1764500033388,1316,519,1
1764500033443,1316,518,1
1764500035308,1316,517,1
1764500035313,1316,516,1
1764500035318,1317,515,1
1764500035331,1317,514,1
1764500035331,1317,513,1
1764500035338,1317,512,1
1764500035344,1317,511,1
1764500035344,1318,511,1
1764500035348,1318,510,1
1764500035348,1318,509,1
1764500035348,1318,508,1
1764500035348,1319,506,1
1764500035348,1319,505,1
1764500035360,1319,502,1
1764500035360,1319,501,1
1764500035360,1320,498,1
1764500035368,1320,496,1
1764500035368,1320,494,1
1764500035368,1320,492,1
1764500035368,1320,491,1
1764500035376,1320,488,1
1764500035376,1320,487,1
1764500035378,1321,484,1
1764500035382,1321,483,1
1764500035382,1321,480,1
1764500035382,1321,478,1
1764500035382,1321,476,1
1764500035388,1321,474,1
1764500035392,1321,472,1
1764500035392,1321,470,1
1764500035392,1321,468,1
1764500035398,1321,465,1
1764500035398,1321,462,1
1764500035398,1321,461,1
1764500035398,1321,459,1
1764500035408,1321,456,1
1764500035410,1321,455,1
1764500035411,1321,453,1
1764500035411,1321,450,1
1764500035411,1321,448,1
1764500035418,1321,447,1
1764500035418,1321,445,1
1764500035423,1321,444,1
1764500035425,1321,441,1
1764500035425,1321,439,1
1764500035428,1321,438,1
1764500035428,1321,436,1
1764500035428,1321,435,1
1764500035428,1321,433,1
1764500035428,1321,431,1
1764500035438,1321,429,1
1764500035441,1321,427,1
1764500035441,1321,426,1
1764500035441,1321,424,1
1764500035448,1321,422,1
1764500035448,1321,421,1
1764500035448,1321,419,1
1764500035454,1320,417,1
1764500035454,1320,416,1
1764500035458,1320,414,1
1764500035459,1320,411,1
1764500035459,1320,408,1
1764500035459,1319,406,1
1764500035470,1319,404,1
1764500035470,1319,403,1
1764500035470,1319,401,1
1764500035470,1319,400,1
1764500035478,1318,397,1
1764500035478,1318,396,1
1764500035482,1318,395,1
1764500035482,1318,392,1
1764500035486,1318,391,1
1764500035488,1318,390,1
1764500035489,1317,388,1
1764500035489,1317,386,1
1764500035489,1317,385,1
1764500035489,1317,383,1
1764500035498,1316,382,1
1764500035498,1316,381,1
1764500035510,1315,373,1
1764500035518,1315,368,1
1764500035519,1315,366,1
1764500035521,1315,365,1
1764500035521,1315,364,1
1764500035521,1315,362,1
1764500035521,1314,360,1
1764500035528,1314,359,1
1764500035528,1314,358,1
1764500035533,1314,356,1
1764500035535,1314,355,1
1764500035535,1313,353,1
1764500035538,1313,352,1
1764500035538,1313,351,1
1764500035538,1312,350,1
1764500035538,1312,348,1
1764500035548,1312,346,1
1764500035551,1311,344,1
1764500035553,1311,342,1
1764500035558,1311,340,1
1764500035558,1310,338,1
1764500035564,1308,334,1
1764500035568,1308,333,1
1764500035568,1307,332,1
1764500035568,1307,331,1
1764500035568,1307,329,0
1764500035568,1307,327,0
1764500035568,1306,326,0
1764500035580,1305,325,1
1764500035582,1305,323,0
1764500035582,1304,323,1
1764500035582,1303,321,1
1764500035582,1303,320,0
1764500035588,1303,319,0
1764500035588,1302,318,0
1764500035588,1301,317,1
1764500035596,1301,316,0
1764500035598,1300,314,0
1764500035598,1300,313,0
1764500035598,1299,312,0
1764500035598,1298,311,1
1764500035598,1298,310,0
1764500035608,1297,309,1
1764500035608,1297,308,0
1764500035613,1296,306,0
1764500035613,1295,305,1
1764500035618,1295,304,0
1764500035618,1294,303,1
1764500035618,1293,303,1
1764500035628,1293,302,1
1764500035628,1292,301,1
1764500035628,1292,300,1
1764500035628,1291,299,1
1764500035638,1291,298,1
1764500035638,1290,298,1
1764500035638,1290,297,1
1764500035643,1290,295,0
1764500035643,1289,295,1
1764500035648,1289,294,1
1764500035648,1288,293,1
1764500035648,1287,292,1
1764500035648,1287,291,1
1764500035658,1286,290,1
1764500035659,1285,289,1
1764500035662,1285,288,1
1764500035662,1284,287,1
1764500035662,1283,286,1
1764500035668,1283,285,1
1764500035668,1281,284,1
1764500035668,1281,282,1
1764500035668,1279,281,1
1764500035676,1279,280,1
1764500035678,1278,279,1
1764500035678,1276,277,1
1764500035678,1275,276,1
1764500035678,1274,274,1
1764500035678,1272,273,1
1764500035688,1272,272,1
1764500035691,1270,270,1
1764500035691,1269,269,1
1764500035691,1268,268,1
1764500035698,1267,266,1
1764500035698,1266,266,1
1764500035698,1264,264,1
1764500035698,1264,263,1
1764500035698,1262,262,1
1764500035708,1261,260,1
1764500035708,1261,259,1
1764500035708,1259,258,1
1764500035708,1258,256,1
1764500035718,1257,254,1
1764500035718,1255,253,1
1764500035718,1254,252,1
1764500035723,1253,250,1
1764500035723,1252,250,1
1764500035723,1251,248,1
1764500035728,1249,246,1
1764500035728,1248,245,1
1764500035728,1247,242,1
1764500035738,1245,242,1
1764500035738,1245,241,1
1764500035738,1243,239,1
1764500035738,1242,238,1
1764500035738,1241,237,1
1764500035748,1239,236,1
1764500035748,1239,234,1
1764500035748,1236,233,1
1764500035754,1235,232,1
1764500035754,1234,231,1
1764500035754,1233,229,1
1764500035758,1231,228,1
1764500035758,1230,227,1
1764500035758,1228,225,1
1764500035768,1226,224,1
1764500035770,1226,223,1
1764500035770,1224,221,1
1764500035770,1222,220,1
1764500035770,1221,220,1
1764500035770,1220,218,1
1764500035778,1216,216,1
1764500035778,1215,215,1
1764500035786,1214,214,1
1764500035788,1212,213,1
1764500035788,1210,213,1
1764500035788,1209,211,1
1764500035788,1207,211,1
1764500035788,1206,209,1
1764500035798,1205,208,1
1764500035798,1204,208,1
1764500035801,1202,207,1
1764500035803,1201,205,1
1764500035805,1199,204,1
1764500035808,1198,204,1
1764500035809,1196,203,1
1764500035809,1195,202,1
1764500035809,1194,200,1
1764500035809,1192,199,1
1764500035818,1190,198,1
1764500035818,1189,197,1
1764500035818,1188,197,1
1764500035818,1186,196,1
1764500035818,1185,195,1
1764500035818,1183,193,1
1764500035833,1180,192,1
1764500035833,1179,191,1
1764500035833,1176,190,1
1764500035838,1174,189,1
1764500035838,1173,188,1
1764500035838,1171,187,1
1764500035838,1169,187,1
1764500035838,1168,186,1
1764500035848,1167,185,1
1764500035849,1165,184,1
1764500035849,1164,182,1
1764500035849,1163,182,1
1764500035849,1161,182,1
1764500035858,1160,180,1
1764500035858,1159,180,1
1764500035858,1158,179,1
1764500035865,1156,178,1
1764500035868,1155,177,1
1764500035868,1154,177,1
1764500035868,1153,177,1
1764500035868,1152,175,1
1764500035868,1150,175,1
1764500035880,1146,172,1
1764500035880,1144,171,1
1764500035888,1143,171,1
1764500035888,1143,170,1
1764500035888,1142,169,1
1764500035888,1140,169,1
1764500035896,1139,168,1
1764500035898,1138,168,1
1764500035898,1137,167,1
1764500035898,1136,166,1
1764500035898,1134,165,1
1764500035898,1133,165,1
1764500035908,1132,164,1
1764500035908,1131,164,1
1764500035912,1130,163,1
1764500035912,1128,162,1
1764500035918,1126,162,1
1764500035918,1125,161,1
1764500035918,1124,161,1
1764500035918,1122,159,1
1764500035929,1120,158,1
1764500035929,1117,157,1
1764500035929,1116,156,1
1764500035929,1115,155,1
1764500035938,1113,154,1
1764500035938,1112,154,1
1764500035938,1111,153,1
1764500035944,1109,153,1
1764500035944,1107,152,1
1764500035948,1107,151,1
1764500035948,1105,150,1
1764500035948,1103,149,1
1764500035948,1101,148,1
1764500035948,1101,147,1
1764500035958,1099,147,1
1764500035960,1099,146,1
1764500035960,1097,146,1
1764500035960,1095,146,1
1764500035968,1093,145,1
1764500035968,1092,144,1
1764500035968,1090,143,1
1764500035976,1089,143,1
1764500035978,1088,142,1
1764500035978,1085,142,1
1764500035978,1084,141,1
1764500035978,1083,140,1
1764500035988,1082,140,1
1764500035988,1080,140,1
1764500035992,1079,139,1
1764500035992,1078,138,1
1764500035992,1076,137,1
1764500035998,1075,137,1
1764500035998,1074,136,1
1764500035998,1072,136,1
1764500035998,1069,136,1
1764500035998,1069,135,1
1764500036008,1067,134,1
1764500036008,1066,134,1
1764500036008,1063,133,1
1764500036008,1061,132,1
1764500036008,1059,132,1
1764500036018,1058,132,1
1764500036018,1056,132,1
1764500036018,1054,131,1
1764500036024,1054,130,1
1764500036024,1051,129,1
1764500036028,1050,128,1
1764500036029,1046,127,1
1764500036029,1045,127,1
1764500036029,1043,126,1
1764500036038,1041,126,1
1764500036040,1040,125,1
1764500036040,1038,125,1
1764500036040,1036,124,1
1764500036040,1035,124,1
1764500036048,1033,123,1
1764500036048,1031,123,1
1764500036048,1030,122,1
1764500036048,1027,122,1
1764500036055,1025,121,1
1764500036058,1024,121,1
1764500036058,1021,121,1
1764500036058,1019,121,1
1764500036058,1018,121,1
1764500036058,1015,121,1
1764500036068,1013,120,1
1764500036068,1012,120,1
1764500036072,1010,120,1
1764500036074,1007,120,1
1764500036074,1006,119,1
1764500036078,1003,119,1
1764500036078,999,119,1
1764500036078,996,119,1
1764500036078,995,119,1
1764500036088,992,118,1
1764500036088,989,118,1
1764500036088,986,118,1
1764500036088,985,118,1
1764500036088,982,118,1
1764500036098,979,118,1
1764500036098,978,118,1
1764500036098,975,118,1
1764500036104,974,118,1
1764500036104,971,118,1
1764500036108,969,118,1
1764500036108,967,118,1
1764500036108,964,118,1
1764500036108,962,118,1
1764500036108,959,118,1
1764500036118,956,118,1
1764500036118,953,118,1
1764500036118,951,118,1
1764500036118,948,118,1
1764500036118,945,118,1
1764500036128,944,118,1
1764500036128,937,118,1
1764500036134,936,118,1
1764500036134,933,118,1
1764500036138,930,118,1
1764500036138,929,118,1
1764500036138,926,118,1
1764500036138,922,118,1
1764500036138,920,118,1
1764500036148,918,118,1
1764500036150,915,118,1
1764500036150,914,118,1
1764500036150,911,118,1
1764500036150,908,118,1
1764500036158,906,118,1
1764500036158,904,118,1
1764500036158,902,118,1
1764500036158,899,118,1
1764500036166,896,118,1
1764500036168,892,118,1
1764500036168,889,118,1
1764500036168,888,118,1
1764500036168,885,118,1
1764500036178,883,118,1
1764500036182,876,118,1
1764500036182,874,119,1
1764500036188,872,119,1
1764500036188,869,119,1
1764500036188,867,120,1
1764500036188,865,120,1
1764500036188,863,120,1
1764500036198,861,120,1
1764500036198,859,121,1
1764500036198,857,121,1
1764500036198,855,121,1
1764500036198,852,122,1
1764500036208,850,122,1
1764500036208,848,122,1
1764500036208,846,122,1
1764500036215,842,123,1
1764500036218,839,124,1
1764500036218,837,124,1
1764500036218,834,125,1
1764500036218,832,125,1
1764500036218,829,126,1
1764500036228,828,126,1
1764500036231,823,127,1
1764500036231,820,128,1
1764500036231,820,129,1
1764500036238,818,129,1
1764500036238,817,129,1
1764500036238,815,130,1
1764500036244,813,130,1
1764500036246,812,131,1
1764500036248,810,131,1
1764500036248,808,133,1
1764500036248,807,133,1
1764500036248,805,135,1
1764500036248,803,135,1
1764500036258,801,136,1
1764500036260,800,136,1
1764500036260,798,137,1
1764500036260,795,138,1
1764500036268,793,139,1
1764500036268,790,141,1
1764500036268,788,142,1
1764500036276,785,143,1
1764500036278,784,143,1
1764500036278,782,144,1
1764500036278,780,144,1
1764500036278,778,145,1
1764500036278,776,146,1
1764500036288,774,147,1
1764500036288,772,148,1
1764500036293,771,149,1
1764500036294,769,149,1
1764500036294,766,150,1
1764500036298,765,150,1
1764500036298,763,152,1
1764500036298,760,152,1
1764500036298,758,153,1
1764500036298,757,154,1
1764500036308,754,155,1
1764500036308,753,155,1
1764500036308,751,156,1
1764500036308,749,157,1
1764500036308,747,158,1
1764500036318,746,159,1
1764500036318,743,160,1
1764500036318,741,161,1
1764500036323,740,161,1
1764500036326,737,162,1
1764500036328,736,162,1
1764500036329,733,164,1
1764500036329,731,165,0
1764500036329,729,167,1
1764500036338,728,168,1
1764500036338,726,168,0
1764500036338,724,169,0
1764500036338,722,170,0
1764500036338,721,172,0
1764500036348,719,173,0
1764500036348,717,174,0
1764500036348,715,175,0
1764500036355,713,176,0
1764500036355,711,178,0
1764500036358,709,179,0
1764500036358,708,180,0
1764500036358,706,181,0
1764500036358,704,182,0
1764500036358,702,183,0
1764500036368,701,184,0
1764500036370,698,186,0
1764500036372,697,187,0
1764500036372,695,187,0
1764500036372,694,189,0
1764500036378,691,190,0
1764500036378,689,191,0
1764500036378,689,192,0
1764500036378,687,193,0
1764500036386,685,194,0
1764500036388,684,195,0
1764500036388,682,197,0
1764500036388,681,197,0
1764500036388,680,199,0
1764500036388,678,201,0
1764500036398,675,202,0
1764500036398,674,202,0
1764500036401,673,203,0
1764500036401,671,205,0
1764500036401,670,207,0
1764500036408,668,208,0
1764500036408,668,209,0
1764500036408,666,210,0
1764500036408,665,212,0
1764500036408,663,213,0
1764500036418,662,214,0
1764500036418,661,215,0
1764500036418,660,216,0
1764500036418,658,217,0
1764500036418,658,218,0
1764500036429,654,221,0
1764500036433,653,223,0
1764500036438,652,224,0
1764500036438,651,225,0
1764500036438,650,226,0
1764500036438,650,227,0
1764500036438,648,228,0
1764500036448,647,230,0
1764500036449,646,230,0
1764500036449,645,231,0
1764500036449,644,233,0
1764500036458,643,234,0
1764500036458,642,235,0
1764500036465,641,236,0
1764500036465,640,237,0
1764500036468,640,238,0
1764500036468,639,239,0
1764500036468,638,239,0
1764500036468,638,241,0
1764500036468,637,242,0
1764500036478,636,243,0
1764500036480,635,244,0
1764500036480,635,245,0
1764500036480,634,246,0
1764500036480,633,247,0
1764500036488,632,249,0
1764500036488,632,251,0
1764500036488,631,252,0
1764500036496,630,253,0
1764500036498,628,255,0
1764500036498,628,256,0
1764500036498,628,257,0
1764500036498,627,258,0
1764500036498,626,259,0
1764500036508,625,260,0
1764500036508,625,261,0
1764500036524,618,272,0
1764500036528,617,274,0
1764500036530,616,277,0
1764500036530,616,279,0
1764500036530,615,280,0
1764500036538,614,282,0
1764500036538,613,284,0
1764500036538,612,285,0
1764500036544,612,287,0
1764500036544,612,288,0
1764500036548,610,290,0
1764500036548,610,291,0
1764500036548,609,292,0
1764500036548,608,294,0
1764500036548,608,296,0
1764500036558,608,299,0
1764500036561,607,300,0
1764500036562,606,302,0
1764500036562,605,305,0
1764500036562,604,306,0
1764500036568,603,309,0
1764500036568,602,311,0
1764500036568,601,313,0
1764500036568,601,315,0
1764500036575,600,317,0
1764500036578,599,319,0
1764500036578,598,322,0
1764500036578,596,323,0
1764500036578,595,326,0
1764500036578,594,328,0
1764500036588,594,330,0
1764500036588,593,332,0
1764500036591,592,334,0
1764500036593,591,337,0
1764500036598,589,340,0
1764500036598,588,343,0
1764500036598,587,345,0
1764500036598,586,347,0
1764500036598,586,349,0
1764500036608,585,352,0
1764500036608,585,353,0
1764500036608,583,356,0
1764500036608,583,358,0
1764500036608,582,359,0
1764500036618,582,361,0
1764500036618,581,363,0
1764500036618,580,365,0
1764500036623,579,367,0
1764500036623,579,369,0
1764500036628,579,370,0
1764500036630,578,372,0
1764500036630,578,375,0
1764500036630,578,376,1
1764500036630,578,379,1
1764500036638,578,381,1
1764500036638,578,383,1
1764500036638,578,385,1
1764500036638,577,388,1
1764500036648,577,391,1
1764500036648,577,392,1
1764500036648,577,395,1
1764500036654,577,397,1
1764500036654,577,398,1
1764500036658,577,401,1
1764500036658,577,402,1
1764500036658,577,403,1
1764500036658,577,405,1
1764500036658,576,408,1
1764500036670,576,410,1
1764500036670,575,411,1
1764500036670,575,413,1
1764500036670,575,415,1
1764500036678,575,416,1
1764500036678,575,418,1
1764500036678,575,419,1
1764500036678,574,421,1
1764500036686,574,423,1
1764500036688,574,424,1
1764500036690,574,426,1
1764500036690,574,428,1
1764500036690,573,429,1
1764500036690,573,431,1
1764500036698,573,432,1
1764500036698,573,434,1
1764500036701,573,436,1
1764500036701,573,437,1
1764500036701,573,439,1
1764500036708,573,440,1
1764500036710,573,443,1
1764500036712,573,444,1
1764500036712,573,446,1
1764500036712,573,448,1
1764500036718,573,449,1
1764500036718,573,452,1
1764500036718,573,454,1
1764500036718,573,455,1
1764500036718,574,458,1
1764500036728,574,460,1
1764500036730,575,463,1
1764500036733,575,465,1
1764500036733,576,466,1
1764500036738,576,468,1
1764500036738,576,471,1
1764500036738,577,472,1
1764500036738,577,473,1
1764500036749,577,476,1
1764500036749,577,478,1
1764500036749,577,480,1
1764500036749,577,481,1
1764500036758,577,482,1
1764500036758,577,483,1
1764500036758,577,484,1
1764500036765,577,485,1
1764500036765,577,486,1
1764500036768,577,487,1
1764500036768,577,489,1
1764500036768,577,490,1
1764500036778,577,491,1
1764500036781,577,492,1
1764500036781,577,493,1
1764500036781,577,494,1
1764500036781,577,495,1
1764500036788,577,496,1
1764500036788,577,497,1
1764500036788,577,498,1
1764500036788,577,499,1
1764500036798,578,502,1
1764500036798,578,503,1
1764500036798,578,505,1
1764500036798,579,506,1
1764500036798,579,507,1
1764500036808,579,509,1
1764500036808,580,510,1
1764500036812,580,511,1
1764500036812,580,513,1
1764500036812,580,514,1
1764500036818,580,516,1
1764500036818,581,518,1
1764500036818,582,521,1
1764500036818,582,522,1
1764500036829,582,524,1
1764500036830,582,525,1
1764500036830,583,526,1
1764500036830,583,528,1
1764500036830,583,530,1
1764500036838,584,531,1
1764500036838,584,533,1
1764500036838,585,535,1
1764500036848,586,538,1
1764500036848,586,539,1
1764500036848,586,541,1
1764500036848,587,543,1
1764500036860,587,545,1
1764500036862,587,546,1
1764500036862,588,548,1
1764500036862,588,550,1
1764500036868,589,550,1
1764500036868,589,552,1
1764500036868,590,554,1
1764500036868,590,555,1
1764500036876,591,557,1
1764500036878,592,559,1
1764500036878,592,560,1
1764500036878,592,562,1
1764500036878,593,564,1
1764500036878,594,565,1
1764500036888,595,567,1
1764500036888,596,569,1
1764500036892,596,572,1
1764500036892,597,573,1
1764500036898,598,577,1
1764500036898,599,578,1
1764500036898,600,580,1
1764500036898,601,582,1
1764500036898,601,583,1
1764500036908,602,584,1
1764500036908,602,587,1
1764500036908,603,587,1
1764500036914,603,589,1
1764500036914,604,590,1
1764500036918,605,592,1
1764500036918,605,593,1
1764500036918,605,594,1
1764500036924,606,596,1
1764500036924,606,597,1
1764500036928,606,598,1
1764500036930,607,602,1
1764500036930,608,604,1
1764500036938,609,606,1
1764500036940,609,607,1
1764500036940,609,609,1
1764500036940,610,610,1
1764500036948,610,613,1
1764500036948,611,615,1
1764500036948,611,616,1
1764500036955,612,617,1
1764500036958,613,619,1
1764500036958,614,621,1
1764500036958,614,622,1
1764500036958,614,623,1
1764500036958,614,624,1
1764500036968,615,626,1
1764500036968,616,628,1
1764500036972,616,629,1
1764500036972,618,631,1
1764500036972,618,633,1
1764500036978,618,634,1
1764500036978,618,636,1
1764500036978,620,638,1
1764500036978,620,639,1
1764500036978,620,640,1
1764500036988,621,641,1
1764500036988,622,643,1
1764500036988,622,645,1
1764500036988,623,647,1
1764500036998,624,650,1
1764500036998,624,651,1
1764500036998,625,652,1
1764500037004,625,655,1
1764500037006,626,656,1
1764500037008,627,658,1
1764500037008,627,660,1
1764500037008,628,662,1
1764500037008,629,663,1
1764500037008,629,665,1
1764500037018,629,667,1
1764500037019,630,668,1
1764500037019,631,670,1
1764500037019,632,672,1
1764500037019,633,673,1
1764500037028,634,675,1
1764500037030,635,677,1
1764500037030,635,678,1
1764500037030,636,680,1
1764500037035,637,682,1
1764500037038,638,685,1
1764500037038,640,686,1
1764500037038,641,688,1
1764500037038,641,690,1
1764500037048,644,693,1
1764500037048,646,694,1
1764500037051,647,697,1
1764500037051,648,699,1
1764500037051,650,701,1
1764500037058,651,703,1
1764500037058,652,705,1
1764500037058,654,707,1
1764500037058,655,709,1
1764500037058,656,710,1
1764500037068,657,712,1
1764500037070,659,714,1
1764500037070,660,714,1
1764500037070,661,716,1
1764500037070,662,718,1
1764500037078,663,719,1
1764500037080,665,722,1
1764500037082,667,724,1
1764500037085,667,725,1
1764500037085,669,726,1
1764500037088,671,728,1
1764500037088,672,730,1
1764500037088,673,732,1
1764500037088,675,733,1
1764500037098,680,737,1
1764500037098,682,740,1
1764500037098,683,742,1
1764500037098,685,744,1
1764500037098,687,745,1
1764500037108,690,747,1
1764500037108,691,749,1
1764500037108,694,751,1
1764500037114,696,753,1
1764500037115,699,754,1
1764500037118,702,757,1
1764500037118,704,759,1
1764500037118,705,761,1
1764500037118,708,763,1
1764500037118,711,764,1
1764500037128,713,765,1
1764500037130,715,767,1
1764500037130,718,768,1
1764500037130,721,770,1
1764500037130,723,772,1
1764500037138,726,774,1
1764500037138,728,775,1
1764500037138,730,776,1
1764500037138,733,778,1
1764500037148,736,781,1
1764500037148,739,782,1
1764500037148,741,783,1
1764500037148,743,785,1
1764500037148,745,785,1
1764500037158,747,786,1
1764500037158,749,787,1
1764500037164,753,789,1
1764500037164,755,790,1
1764500037168,757,791,1
1764500037168,759,792,1
1764500037168,760,792,1
1764500037168,762,793,1
1764500037168,764,794,1
1764500037178,766,795,1
1764500037178,768,796,1
1764500037178,769,796,1
1764500037178,771,797,1
1764500037178,773,798,1
1764500037188,773,799,1
1764500037188,776,799,1
1764500037188,778,800,1
1764500037194,779,800,1
1764500037195,781,800,1
1764500037198,784,802,1
1764500037198,785,802,1
1764500037198,787,803,1
1764500037198,789,804,1
1764500037198,790,805,1
1764500037208,792,806,1
1764500037210,794,807,1
1764500037210,795,807,1
1764500037210,797,807,1
1764500037210,800,808,1
1764500037218,802,809,1
1764500037218,803,810,1
1764500037218,805,810,1
1764500037218,807,812,1
1764500037225,809,812,1
1764500037228,811,813,1
1764500037230,812,813,1
1764500037230,813,813,1
1764500037230,815,814,1
1764500037230,817,814,1
1764500037238,819,815,1
1764500037238,821,816,1
1764500037241,823,817,1
1764500037241,824,817,1
1764500037241,827,818,1
1764500037248,828,820,1
1764500037248,831,820,1
1764500037248,832,820,1
1764500037248,833,820,1
1764500037248,834,821,1
1764500037258,837,822,1
1764500037258,839,822,1
1764500037258,841,823,1
1764500037258,842,824,1
1764500037258,843,824,1
1764500037268,845,824,1
1764500037268,846,824,1
1764500037268,848,825,1
1764500037273,849,825,1
1764500037273,850,825,1
1764500037278,852,825,1
1764500037278,853,826,1
1764500037278,854,826,1
1764500037278,856,827,1
1764500037278,857,827,1
1764500037288,859,827,1
1764500037288,860,828,1
1764500037288,861,828,1
1764500037288,862,828,1
1764500037288,863,828,1
1764500037298,864,829,1
1764500037298,865,829,1
1764500037298,866,829,1
1764500037304,868,829,1
1764500037308,870,829,1
1764500037308,872,829,1
1764500037308,872,830,1
1764500037308,874,830,1
1764500037318,875,831,1
1764500037320,877,831,1
1764500037320,879,831,1
1764500037320,881,831,1
1764500037331,882,831,1
1764500037331,883,831,1
1764500037331,884,831,1
1764500037336,885,831,1
1764500037338,886,831,1
1764500037339,888,831,1
1764500037339,889,831,1
1764500037339,890,831,1
1764500037339,891,831,1
1764500037348,892,831,1
1764500037348,893,831,1
1764500037352,894,831,1
1764500037352,895,831,1
1764500037352,896,831,1
1764500037358,898,831,1
1764500037358,901,832,1
1764500037368,902,832,1
1764500037368,903,832,1
1764500037368,905,832,1
1764500037368,907,832,1
1764500037378,909,832,1
1764500037378,910,832,1
1764500037378,912,832,1
1764500037384,914,832,1
1764500037384,915,832,1
1764500037388,916,832,1
1764500037388,918,832,1
1764500037388,921,833,1
1764500037388,923,833,1
1764500037388,924,833,1
1764500037398,926,833,1
1764500037400,929,834,1
1764500037400,930,834,1
1764500037400,932,834,1
1764500037400,933,834,1
1764500037408,936,835,1
1764500037408,938,835,1
1764500037408,940,836,1
1764500037408,941,836,1
1764500037415,943,836,1
1764500037418,944,836,1
1764500037418,946,837,1
1764500037418,948,837,1
1764500037418,949,838,1
1764500037418,951,838,1
1764500037428,954,838,1
1764500037428,955,838,1
1764500037431,957,839,1
1764500037431,959,839,1
1764500037431,960,839,1
1764500037431,962,839,1
1764500037438,963,839,1
1764500037438,965,839,1
1764500037438,967,839,1
1764500037447,969,840,1
1764500037448,971,840,1
1764500037448,974,840,1
1764500037448,976,840,1
1764500037448,978,840,1
1764500037448,981,840,1
1764500037448,983,840,1
1764500037458,986,841,1
1764500037462,991,841,1
1764500037462,994,841,1
1764500037468,997,841,1
1764500037468,998,841,1
1764500037468,1002,841,1
1764500037468,1005,841,1
1764500037468,1007,841,1
1764500037468,1010,841,1
1764500037478,1013,841,1
1764500037478,1015,841,1
1764500037478,1019,841,1
1764500037478,1022,841,1
1764500037488,1024,841,1
1764500037488,1026,841,1
1764500037488,1029,841,1
1764500037494,1031,841,1
1764500037494,1034,841,1
1764500037498,1037,841,1
1764500037498,1039,841,1
1764500037498,1042,841,1
1764500037498,1045,841,1
1764500037498,1046,841,1
1764500037498,1049,841,1
1764500037510,1051,841,1
1764500037510,1053,841,1
1764500037510,1055,840,1
1764500037510,1057,840,1
1764500037518,1058,840,1
1764500037518,1060,839,1
1764500037531,1066,838,1
1764500037548,1067,838,1
1764500039830,1068,837,1
1764500039830,1070,836,1
1764500039830,1071,836,1
1764500039839,1072,834,1
1764500039839,1074,834,1
1764500039846,1076,832,1
1764500039846,1078,832,1
1764500039849,1079,830,1
1764500039849,1080,830,1
1764500039849,1081,828,1
1764500039849,1083,828,1
1764500039849,1085,826,1
1764500039862,1087,825,1
1764500039862,1089,824,1
1764500039862,1090,823,1
1764500039869,1092,822,1
1764500039869,1094,821,1
1764500039869,1095,821,1
1764500039869,1097,820,1
1764500039869,1099,819,1
1764500039880,1102,816,1
1764500039880,1104,815,1
1764500039880,1106,815,1
1764500039880,1108,813,1
1764500039880,1110,812,1
1764500039889,1112,811,1
1764500039889,1115,810,1
1764500039896,1116,809,1
1764500039896,1118,808,1
1764500039896,1119,808,1
1764500039899,1121,807,1
1764500039899,1123,805,1
1764500039899,1125,804,1
1764500039899,1126,802,1
1764500039899,1128,801,1
1764500039911,1133,798,1
1764500039911,1133,797,1
1764500039911,1135,796,1
1764500039919,1137,795,1
1764500039919,1138,794,1
1764500039919,1140,792,1
1764500039919,1141,791,1
1764500039927,1143,789,1
1764500039929,1144,788,1
1764500039929,1146,786,1
1764500039929,1147,786,1
1764500039929,1149,784,1
1764500039929,1150,783,1
1764500039939,1152,781,1
1764500039939,1153,781,1
1764500039939,1154,779,1
1764500039943,1156,778,1
1764500039943,1158,776,1
1764500039949,1160,775,1
1764500039949,1162,774,1
1764500039949,1162,772,1
1764500039949,1164,771,1
1764500039949,1166,771,1
1764500039959,1167,768,1
1764500039959,1169,767,1
1764500039959,1170,767,1
1764500039959,1171,765,1
1764500039969,1172,764,1
1764500039969,1174,764,1
1764500039975,1174,762,1
1764500039979,1177,760,1
1764500039979,1178,759,1
1764500039979,1180,757,1
1764500039979,1181,755,1
1764500039989,1183,755,1
1764500039991,1183,754,1
1764500039991,1184,752,1
1764500039991,1186,751,1
1764500039991,1187,750,1
1764500039999,1187,749,1
1764500039999,1188,748,1
1764500039999,1191,747,1
1764500039999,1191,746,1
1764500040006,1192,745,1
1764500040009,1194,744,1
1764500040013,1196,742,1
1764500040015,1197,740,1
1764500040019,1199,739,1
1764500040021,1201,738,1
1764500040022,1202,736,1
1764500040031,1206,733,1
1764500040031,1207,731,1
1764500040034,1209,731,1
1764500040034,1210,729,1
1764500040039,1211,727,1
1764500040039,1212,726,1
1764500040039,1213,726,1
1764500040043,1214,724,1
1764500040043,1215,722,1
1764500040049,1217,722,1
1764500040049,1218,720,1
1764500040049,1219,719,1
1764500040054,1220,718,1
1764500040056,1221,717,1
1764500040056,1223,714,1
1764500040059,1223,713,1
1764500040059,1224,712,1
1764500040059,1225,710,1
1764500040059,1227,709,1
1764500040069,1228,707,1
1764500040070,1229,706,1
1764500040072,1230,704,1
1764500040072,1232,703,1
1764500040079,1233,701,1
1764500040079,1235,699,1
1764500040079,1237,697,1
1764500040079,1240,695,1
1764500040085,1240,694,1
1764500040089,1242,693,1
1764500040089,1243,692,1
1764500040089,1244,690,1
1764500040089,1246,690,1
1764500040089,1248,689,1
1764500040089,1249,687,1
1764500040101,1251,686,1
1764500040101,1255,684,1
1764500040101,1256,683,1
1764500040101,1257,681,1
1764500040101,1259,679,1
1764500040109,1260,678,1
1764500040109,1261,678,1
1764500040109,1263,676,1
1764500040117,1264,675,1
1764500040119,1265,673,1
1764500040119,1266,672,1
1764500040119,1268,671,1
1764500040119,1269,669,1
1764500040129,1271,667,1
1764500040129,1273,665,1
1764500040132,1274,663,1
1764500040132,1275,663,1
1764500040136,1276,661,1
1764500040139,1277,659,1
1764500040139,1278,657,1
1764500040139,1280,655,1
1764500040143,1281,653,1
1764500040143,1282,652,1
1764500040143,1284,650,1
1764500040150,1285,648,1
1764500040152,1287,646,1
1764500040152,1287,644,1
1764500040152,1289,642,1
1764500040152,1289,641,1
1764500040159,1291,639,1
1764500040159,1292,638,1
1764500040165,1293,635,1
1764500040165,1295,634,1
1764500040169,1295,631,1
1764500040169,1296,631,1
1764500040169,1297,629,1
1764500040169,1298,627,1
1764500040179,1300,624,1
1764500040180,1301,622,1
1764500040182,1302,621,1
1764500040182,1303,620,1
1764500040182,1304,619,1
1764500040182,1304,618,1
1764500040189,1305,616,1
1764500040189,1306,614,1
1764500040189,1307,613,1
1764500040196,1308,612,1
1764500040199,1308,609,1
1764500040199,1308,607,1
1764500040199,1309,607,1
1764500040199,1310,605,1
1764500040199,1310,604,1
1764500040209,1311,602,1
1764500040212,1312,598,1
1764500040212,1313,597,1
1764500040212,1313,595,1
1764500040218,1314,593,1
1764500040218,1315,592,1
1764500040218,1316,589,1
1764500040218,1317,586,1
1764500040229,1318,582,1
1764500040229,1318,579,1
1764500040229,1319,577,1
1764500040229,1320,575,1
1764500040229,1320,572,1
1764500040229,1320,569,1
1764500040239,1320,568,1
1764500040239,1321,565,1
1764500040244,1321,562,1
1764500040244,1321,561,1
1764500040249,1322,558,1
1764500040249,1322,556,1
1764500040249,1322,554,1
1764500040249,1323,552,1
1764500040249,1323,550,1
1764500040249,1323,548,1
1764500040259,1323,545,1
1764500040259,1324,543,1
1764500040259,1324,541,1
1764500040259,1325,539,1
1764500040269,1325,537,1
1764500040269,1325,535,1
1764500040269,1325,533,1
1764500040275,1326,532,1
1764500040279,1326,529,1
1764500040280,1326,528,1
1764500040282,1326,527,1
1764500040282,1327,525,1
1764500040289,1328,523,1
1764500040291,1328,522,1
1764500040291,1329,520,1
1764500040291,1329,519,1
1764500040299,1330,518,1
1764500040299,1330,517,1
1764500040299,1330,516,1
1764500040299,1330,514,1
1764500040307,1330,513,1
1764500040309,1330,512,1
1764500040309,1330,510,1
1764500040309,1331,508,1
1764500040309,1331,507,1
1764500040322,1331,504,1
1764500040322,1331,503,1
1764500040329,1331,500,1
1764500040329,1331,499,1
1764500040329,1331,498,1
1764500040329,1331,496,1
1764500040329,1331,495,1
1764500040339,1331,493,1
1764500040339,1331,492,1
1764500040339,1331,490,1
1764500040344,1331,488,1
1764500040344,1331,487,1
1764500040344,1332,485,1
1764500040349,1332,483,1
1764500040349,1332,481,1
1764500040355,1332,479,1
1764500040355,1332,478,1
1764500040359,1332,476,1
1764500040359,1332,475,1
1764500040359,1332,472,1
1764500040359,1332,471,1
1764500040359,1332,469,1
1764500040359,1332,467,1
1764500040371,1332,466,1
1764500040372,1332,464,1
1764500040374,1332,462,1
1764500040379,1332,459,1
1764500040379,1332,457,1
1764500040379,1332,455,1
1764500040389,1332,453,1
1764500040389,1332,452,1
1764500040389,1332,451,1
1764500040389,1332,450,1
1764500040389,1332,449,1
1764500040398,1332,447,1
1764500040398,1332,446,1
1764500040402,1332,445,1
1764500040402,1332,444,1
1764500040402,1332,443,1
1764500040402,1332,442,1
1764500040409,1332,440,1
1764500040409,1332,438,1
1764500040409,1332,437,1
1764500040419,1332,436,1
1764500040419,1332,435,1
1764500040419,1332,434,1
1764500040419,1332,432,1
1764500040419,1332,430,1
1764500040429,1332,428,1
1764500040429,1332,427,1
1764500040434,1332,426,1
1764500040437,1332,424,1
1764500040440,1332,422,1
1764500040440,1332,421,1
1764500040444,1332,420,1
1764500040444,1332,418,1
1764500040449,1331,417,1
1764500040450,1331,415,1
1764500040450,1331,413,1
1764500040450,1331,411,1
1764500040459,1331,409,1
1764500040459,1331,408,1
1764500040466,1331,407,1
1764500040469,1331,405,1
1764500040469,1331,403,1
1764500040469,1330,401,1
1764500040479,1330,399,1
1764500040479,1329,398,1
1764500040481,1329,397,1
1764500040481,1329,395,1
1764500040481,1328,394,1
1764500040481,1328,393,1
1764500040489,1328,391,1
1764500040489,1327,390,1
1764500040489,1327,389,1
1764500040489,1327,388,1
1764500040499,1326,386,1
1764500040499,1325,384,1
1764500040499,1324,382,1
1764500040499,1324,381,1
1764500040499,1323,379,1
1764500040509,1322,378,1
1764500040513,1322,377,1
1764500040513,1322,375,1
1764500040519,1321,374,1
1764500040519,1320,371,1
1764500040519,1320,370,1
1764500040519,1319,369,1
1764500040529,1319,366,1
1764500040531,1318,365,1
1764500040532,1317,364,1
1764500040532,1316,362,1
1764500040532,1316,360,1
1764500040539,1315,357,1
1764500040539,1314,356,1
1764500040545,1313,355,1
1764500040559,1309,347,1
1764500040561,1309,344,1
1764500040561,1308,343,1
1764500040561,1307,342,1
1764500040569,1306,341,1
1764500040569,1306,340,1
1764500040569,1305,339,1
1764500040569,1305,338,1
1764500040579,1303,335,1
1764500040579,1303,334,1
1764500040579,1303,333,1
1764500040579,1303,332,1
1764500040579,1302,331,1
1764500040579,1301,331,1
1764500040589,1300,329,1
1764500040593,1300,328,1
1764500040593,1298,326,1
1764500040593,1297,325,1
1764500040599,1297,324,1
1764500040599,1297,323,1
1764500040599,1296,322,1
1764500040609,1295,321,1
1764500040609,1295,320,1
1764500040609,1295,319,1
1764500040609,1294,319,1
1764500040609,1294,317,1
1764500040619,1293,317,1
1764500040619,1292,316,1
1764500040619,1292,315,1
1764500040619,1291,314,1
1764500040625,1290,313,1
1764500040625,1289,313,1
1764500040629,1289,312,1
1764500040629,1288,311,1
1764500040629,1287,311,1
1764500040629,1287,309,1
1764500040639,1286,308,1
1764500040640,1285,308,1
1764500040640,1284,307,1
1764500040644,1283,305,1
1764500040646,1282,304,1
1764500040648,1280,304,1
1764500040649,1280,303,1
1764500040649,1279,302,1
1764500040649,1277,301,1
1764500040649,1277,300,1
1764500040656,1276,299,1
1764500040659,1274,298,1
1764500040664,1273,297,1
1764500040664,1272,296,1
1764500040664,1271,295,1
1764500040669,1270,295,1
1764500040669,1269,294,1
1764500040672,1269,293,1
1764500040672,1268,293,1
1764500040679,1267,292,1
1764500040679,1267,291,1
1764500040679,1265,290,1
1764500040679,1264,289,1
1764500040679,1263,288,1
1764500040689,1263,287,1
1764500040689,1262,287,1
1764500040689,1261,287,1
1764500040689,1261,286,1
1764500040689,1260,285,1
1764500040699,1259,285,1
1764500040699,1258,284,1
1764500040705,1256,282,1
1764500040705,1255,282,1
1764500040709,1254,280,1
1764500040709,1253,280,1
1764500040709,1253,279,1
1764500040709,1252,278,1
1764500040719,1251,277,1
1764500040720,1250,277,1
1764500040720,1250,276,1
1764500040729,1247,275,1
1764500040729,1245,274,1
1764500040729,1244,272,1
1764500040736,1243,271,1
1764500040739,1242,270,1
1764500040739,1241,270,1
1764500040744,1240,269,1
1764500040744,1239,267,1
1764500040749,1236,267,1
1764500040749,1236,266,1
1764500040752,1234,266,1
1764500040756,1233,265,1
1764500040756,1233,264,1
1764500040759,1230,264,1
1764500040759,1230,263,1
1764500040759,1228,262,1
1764500040768,1227,262,1
1764500040770,1226,260,1
1764500040770,1225,260,1
1764500040770,1223,259,1
1764500040770,1223,258,1
1764500040770,1221,258,1
1764500040779,1220,256,1
1764500040784,1218,255,1
1764500040784,1217,254,1
1764500040784,1216,254,1
1764500040789,1214,253,1
1764500040789,1213,252,1
1764500040789,1211,251,1
1764500040789,1209,250,1
1764500040801,1207,249,1
1764500040801,1206,249,1
1764500040801,1205,247,1
1764500040801,1203,247,1
1764500040809,1200,245,1
1764500040814,1197,244,1
1764500040814,1196,244,1
1764500040819,1195,243,1
1764500040819,1194,242,1
1764500040819,1192,242,1
1764500040819,1190,241,1
1764500040829,1188,240,0
1764500040831,1187,239,0
1764500040833,1186,238,0
1764500040833,1184,238,0
1764500040833,1183,238,0
1764500040839,1183,237,0
1764500040839,1181,236,0
1764500040844,1179,235,0
1764500040844,1178,234,0
1764500040846,1177,234,0
1764500040849,1175,233,0
1764500040849,1174,232,0
1764500040849,1173,231,0
1764500040849,1171,231,0
1764500040849,1170,230,0
1764500040862,1166,229,0
1764500040862,1166,228,0
1764500040862,1164,228,0
1764500040862,1162,226,0
1764500040869,1161,226,0
1764500040869,1160,226,0
1764500040869,1158,225,0
1764500040878,1156,223,0
1764500040879,1155,223,0
1764500040881,1154,223,0
1764500040881,1153,222,0
1764500040881,1152,222,0
1764500040881,1150,221,0
1764500040889,1149,220,0
1764500040889,1148,220,0
1764500040894,1147,219,0
1764500040896,1146,219,0
1764500040896,1145,219,0
1764500040899,1144,217,0
1764500040899,1142,217,0
1764500040899,1141,216,0
1764500040899,1140,215,0
1764500040899,1139,215,0
1764500040909,1137,214,0
1764500040909,1135,213,0
1764500040909,1134,212,0
1764500040919,1132,211,0
1764500040919,1131,211,0
1764500040929,1129,210,0
1764500040929,1129,209,0
1764500040929,1128,209,0
1764500040929,1127,209,0
1764500040929,1126,209,0
1764500040929,1125,208,0
1764500040939,1124,208,0
1764500040940,1124,207,0
1764500040944,1123,207,0
1764500040944,1122,207,0
1764500040944,1121,207,0
1764500040949,1120,206,0
1764500040949,1119,205,0
1764500040956,1117,204,0
1764500040956,1116,204,0
1764500040959,1115,204,0
1764500040959,1114,204,0
1764500040959,1113,203,0
1764500040959,1112,202,0
1764500040972,1110,201,0
1764500040972,1109,200,0
1764500040972,1108,200,0
1764500040979,1107,200,0
1764500040979,1106,199,0
1764500040979,1105,199,0
1764500040989,1103,198,0
1764500040989,1102,198,0
1764500040989,1101,197,0
1764500040989,1100,197,0
1764500040989,1099,196,0
1764500040999,1098,195,0
1764500040999,1097,195,0
1764500041003,1095,194,0
1764500041003,1094,194,0
1764500041009,1093,192,0
1764500041009,1091,192,0
1764500041009,1090,192,0
1764500041009,1090,191,0
1764500041019,1089,190,0
1764500041021,1088,189,0
1764500041021,1087,189,0
1764500041021,1086,189,0
1764500041021,1085,189,0
1764500041029,1084,187,0
1764500041029,1083,187,0
1764500041029,1082,186,0
1764500041035,1081,185,0
1764500041037,1080,185,0
1764500041039,1079,185,0
1764500041039,1078,184,0
1764500041044,1077,184,0
1764500041044,1075,183,0
1764500041044,1075,182,0
1764500041049,1074,182,0
1764500041051,1073,182,0
1764500041051,1072,181,0
1764500041051,1071,180,0
1764500041051,1070,180,0
1764500041059,1067,179,0
1764500041059,1065,178,0
1764500041067,1064,177,0
1764500041069,1063,176,0
1764500041069,1062,176,0
1764500041069,1061,176,0
1764500041069,1060,175,0
1764500041069,1058,174,0
1764500041079,1057,174,0
1764500041079,1056,173,0
1764500041082,1054,172,0
1764500041085,1052,172,0
1764500041089,1050,172,0
1764500041089,1049,171,0
1764500041089,1047,170,0
1764500041089,1046,169,0
1764500041089,1045,169,0
1764500041099,1043,169,0
1764500041099,1042,168,0
1764500041099,1041,168,0
1764500041099,1039,167,0
1764500041099,1038,166,0
1764500041109,1035,165,0
1764500041114,1033,164,0
1764500041114,1032,164,0
1764500041119,1031,163,0
1764500041119,1029,162,0
1764500041129,1026,161,0
1764500041129,1025,161,0
1764500041132,1024,160,0
1764500041132,1023,160,0
1764500041132,1022,159,0
1764500041132,1021,159,0
1764500041139,1020,158,0
1764500041139,1019,158,0
1764500041144,1017,157,0
1764500041146,1015,157,0
1764500041149,1013,156,0
1764500041153,1012,155,0
1764500041153,1010,155,0
1764500041153,1009,155,0
1764500041162,1007,154,0
1764500041162,1005,154,0
1764500041162,1004,153,0
1764500041162,1003,152,0
1764500041169,1001,152,0
1764500041169,1000,152,0
1764500041169,998,151,0
1764500041179,995,150,0
1764500041179,994,150,0
1764500041179,992,150,0
1764500041179,991,149,0
1764500041179,989,148,0
1764500041179,987,148,0
1764500041189,985,147,0
1764500041196,982,147,0
1764500041196,980,147,0
1764500041199,977,146,0
1764500041199,977,145,0
1764500041199,975,145,0
1764500041199,974,144,1
1764500041199,971,144,1
1764500041210,968,143,1
1764500041210,966,143,1
1764500041210,964,143,1
1764500041210,962,142,1
1764500041219,960,142,1
1764500041219,958,142,1
1764500041219,956,142,1
1764500041226,951,142,1
1764500041229,950,142,1
1764500041229,948,142,1
1764500041229,947,142,1
1764500041229,944,142,1
1764500041229,942,141,1
1764500041239,941,141,1
1764500041242,938,141,1
1764500041245,936,141,1
1764500041245,935,141,1
1764500041245,932,141,1
1764500041249,930,141,1
1764500041249,929,141,1
1764500041249,927,141,1
1764500041249,925,141,1
1764500041257,923,141,1
1764500041259,918,141,1
1764500041259,916,141,1
1764500041259,914,141,1
1764500041259,911,141,1
1764500041269,909,141,1
1764500041269,906,141,1
1764500041273,904,141,1
1764500041278,898,141,1
1764500041279,896,141,1
1764500041281,893,141,1
1764500041281,890,141,1
1764500041281,888,141,1
1764500041281,884,141,1
1764500041289,881,142,1
1764500041289,880,142,1
1764500041289,876,142,1
1764500041289,874,142,1
1764500041289,872,143,1
1764500041299,869,144,1
1764500041299,867,144,1
1764500041299,863,145,1
1764500041304,860,145,1
1764500041304,858,145,1
1764500041309,856,146,1
1764500041309,853,147,1
1764500041309,850,148,1
1764500041309,848,148,1
1764500041309,845,149,1
1764500041319,843,149,1
1764500041320,840,150,1
1764500041320,838,151,1
1764500041320,833,151,1
1764500041329,831,152,1
1764500041329,828,153,1
1764500041329,827,153,1
1764500041329,826,154,1
1764500041336,823,154,1
1764500041339,821,156,1
1764500041339,818,156,1
1764500041345,816,157,1
1764500041345,814,158,1
1764500041345,812,158,1
1764500041349,810,158,1
1764500041352,809,159,1
1764500041352,807,160,1
1764500041352,805,160,1
1764500041352,804,161,1
1764500041361,799,163,1
1764500041361,797,163,1
1764500041361,795,164,1
1764500041368,793,164,1
1764500041369,792,164,1
1764500041369,790,165,1
1764500041369,788,166,1
1764500041369,786,167,1
1764500041379,784,167,1
1764500041379,783,168,1
1764500041383,781,168,1
1764500041383,780,169,1
1764500041383,779,169,1
1764500041389,778,170,1
1764500041389,777,171,1
1764500041389,776,172,1
1764500041389,774,172,1
1764500041389,772,174,1
1764500041399,771,174,1
1764500041401,770,174,1
1764500041401,768,175,1
1764500041401,767,176,1
1764500041401,766,177,1
1764500041411,764,177,1
1764500041411,763,178,1
1764500041411,762,179,1
1764500041415,760,180,1
1764500041415,759,181,1
1764500041419,757,181,1
1764500041419,755,182,1
1764500041419,753,184,1
1764500041419,750,186,1
1764500041429,748,188,1
1764500041431,747,188,1
1764500041431,746,189,1
1764500041431,744,190,1
1764500041431,742,192,1
1764500041439,741,192,1
1764500041439,739,194,1
1764500041439,737,195,1
1764500041445,735,196,1
1764500041446,735,197,1
1764500041449,733,199,1
1764500041449,730,200,1
1764500041449,729,200,1
1764500041455,728,202,1
1764500041457,726,204,1
1764500041459,724,205,1
1764500041462,723,207,1
1764500041462,721,207,1
1764500041462,719,209,1
1764500041462,717,211,1
1764500041469,716,213,1
1764500041469,715,214,1
1764500041469,713,216,1
1764500041478,710,219,1
1764500041479,709,220,1
1764500041479,708,221,1
1764500041479,706,222,1
1764500041479,705,225,1
1764500041479,703,227,1
1764500041489,703,228,1
1764500041489,701,231,1
1764500041494,700,231,1
1764500041494,698,234,1
1764500041494,697,235,1
1764500041499,697,237,1
1764500041499,695,239,1
1764500041499,694,241,1
1764500041499,692,242,1
1764500041499,691,244,1
1764500041509,690,246,1
1764500041509,689,248,1
1764500041509,687,249,1
1764500041509,685,251,1
1764500041509,684,253,1
1764500041519,683,255,1
1764500041519,683,256,1
1764500041519,681,259,1
1764500041525,679,261,1
1764500041529,678,263,1
1764500041529,677,265,1
1764500041529,676,267,1
1764500041529,675,268,1
1764500041529,674,270,1
1764500041539,673,272,1
1764500041541,672,273,1
1764500041545,671,275,1
1764500041545,670,277,1
1764500041545,669,279,1
1764500041549,668,280,1
1764500041549,667,282,1
1764500041549,665,284,1
1764500041572,659,299,1
1764500041572,658,300,1
1764500041579,657,303,1
1764500041579,656,303,1
1764500041579,655,306,1
1764500041579,654,307,1
1764500041579,654,308,1
1764500041589,653,310,1
1764500041589,652,312,1
1764500041592,651,314,1
1764500041592,650,316,1
1764500041599,650,319,1
1764500041599,649,319,1
1764500041604,649,321,1
1764500041604,649,323,1
1764500041604,648,324,1
1764500041609,647,326,1
1764500041609,647,327,1
1764500041609,646,328,1
1764500041609,645,330,1
1764500041609,645,332,1
1764500041619,644,333,1
1764500041619,644,334,1
1764500041619,643,336,1
1764500041619,643,339,0
1764500041629,642,340,0
1764500041629,641,341,1
1764500041629,641,343,0
1764500041635,641,344,0
1764500041635,640,346,0
1764500041639,640,348,0
1764500041639,638,349,0
1764500041644,638,351,0
1764500041645,638,353,0
1764500041645,637,354,0
1764500041649,636,357,0
1764500041651,636,358,0
1764500041651,635,360,0
1764500041651,635,361,0
1764500041651,634,362,0
1764500041659,633,364,0
1764500041659,633,367,0
1764500041659,632,368,0
1764500041659,632,369,0
1764500041666,632,370,0
1764500041669,631,371,0
1764500041669,630,374,0
1764500041669,629,376,0
1764500041669,627,379,0
1764500041679,627,381,0
1764500041682,626,383,0
1764500041682,626,384,0
1764500041682,625,387,0
1764500041682,624,389,0
1764500041689,623,390,0
1764500041689,622,392,1
1764500041689,622,394,0
1764500041689,621,394,1
1764500041698,620,396,1
1764500041699,620,399,1
1764500041699,619,399,1
1764500041699,618,402,1
1764500041699,618,403,1
1764500041699,617,404,1
1764500041709,617,406,1
1764500041709,616,408,1
1764500041714,615,410,1
1764500041714,614,412,1
1764500041714,613,412,1
1764500041719,613,414,1
1764500041719,612,416,1
1764500041719,612,418,1
1764500041719,610,421,1
1764500041729,609,424,1
1764500041729,608,424,1
1764500041729,608,427,1
1764500041729,608,429,1
1764500041729,607,430,1
1764500041739,606,432,1
1764500041745,604,436,1
1764500041745,603,438,1
1764500041745,603,440,1
1764500041749,602,441,1
1764500041749,601,443,1
1764500041749,601,445,1
1764500041749,601,447,1
1764500041749,600,450,1
1764500041761,599,453,1
1764500041761,598,456,1
1764500041761,597,458,1
1764500041761,597,460,1
1764500041769,596,462,1
1764500041769,596,464,1
1764500041769,595,466,1
1764500041779,594,470,1
1764500041779,594,473,1
1764500041779,594,475,1
1764500041779,594,477,1
1764500041779,594,479,1
1764500041779,594,480,1
1764500041789,594,484,1
1764500041793,593,487,1
1764500041796,593,490,1
1764500041796,593,492,1
1764500041799,593,494,1
1764500041799,593,497,1
1764500041799,593,498,1
1764500041799,592,500,1
1764500041799,592,503,1
1764500041809,592,506,1
1764500041809,592,507,1
1764500041809,592,510,1
1764500041809,592,511,1
1764500041809,592,513,1
1764500041819,592,516,1
1764500041819,592,518,1
1764500041819,592,520,1
1764500041825,592,523,1
1764500041825,592,524,1
1764500041829,591,526,1
1764500041829,591,529,1
1764500041829,591,531,1
1764500041829,591,533,1
1764500041829,591,535,1
1764500041839,591,538,1
1764500041841,591,540,1
1764500041841,591,542,1
1764500041845,591,545,1
1764500041845,591,548,1
1764500041849,591,550,1
1764500041849,591,553,1
1764500041849,591,555,1
1764500041849,592,556,1
1764500041856,592,559,1
1764500041859,593,562,1
1764500041859,593,565,1
1764500041859,594,567,1
1764500041859,594,570,1
1764500041859,594,572,1
1764500041869,594,575,1
1764500041872,595,577,1
1764500041872,596,580,1
1764500041872,596,581,1
1764500041872,596,585,1
1764500041879,597,587,1
1764500041879,597,590,1
1764500041879,598,591,1
1764500041879,598,594,1
1764500041888,599,596,1
1764500041889,599,598,1
1764500041889,600,601,1
1764500041889,600,602,1
1764500041889,600,603,1
1764500041889,601,606,1
1764500041899,602,608,1
1764500041899,602,609,1
1764500041904,602,611,1
1764500041906,602,613,1
1764500041906,603,615,1
1764500041909,604,617,1
1764500041909,605,619,1
1764500041909,606,622,1
1764500041909,606,623,1
1764500041909,608,625,1
1764500041919,608,627,1
1764500041919,609,629,1
1764500041919,609,631,1
1764500041919,611,633,1
1764500041919,611,634,1
1764500041929,613,637,1
1764500041929,614,639,1
1764500041929,616,641,1
1764500041935,616,642,1
1764500041935,617,645,1
1764500041939,618,647,1
1764500041939,619,649,1
1764500041946,619,651,1
1764500041946,620,652,1
1764500041949,621,654,1
1764500041951,621,655,1
1764500041951,621,656,1
1764500041951,622,657,1
1764500041951,623,659,1
1764500041959,624,659,1
1764500041959,624,660,1
1764500041959,624,661,1
1764500041959,624,662,1
1764500041966,625,663,1
1764500041969,625,664,1
1764500041969,626,665,1
1764500041969,627,666,1
1764500041969,627,668,1
1764500041979,628,669,1
1764500041982,629,671,1
1764500041982,629,672,1
1764500041982,629,673,1
1764500041989,630,674,1
1764500041989,631,676,1
1764500041989,631,678,1
1764500041999,632,678,1
1764500041999,633,680,1
1764500042004,633,681,1
1764500042006,634,682,1
1764500042009,635,682,1
1764500042009,636,682,1
1764500042014,636,684,1
1764500042014,636,685,1
1764500042019,636,687,1
1764500042019,637,687,1
1764500042029,637,688,1
1764500044009,637,689,1
1764500044009,638,689,1
1764500044009,638,690,1
1764500044024,639,691,1
1764500044029,640,692,1
1764500044050,640,693,1
1764500044055,641,693,1
1764500044059,641,694,1
1764500044070,641,695,1
1764500044070,642,695,1
1764500044070,642,696,1
1764500044070,642,697,1
1764500044080,643,697,1
1764500044083,643,698,1
1764500044087,643,699,1
1764500044087,644,700,1
1764500044092,646,701,1
1764500044092,646,703,1
1764500044100,647,704,1
1764500044100,648,706,1
1764500044100,649,706,1
1764500044100,649,708,1
1764500044110,652,710,1
1764500044110,654,712,1
1764500044115,656,716,1
1764500044115,657,718,1
1764500044115,659,720,1
1764500044120,661,722,1
1764500044120,662,724,1
1764500044120,663,726,1
1764500044120,665,727,1
1764500044120,667,729,1
1764500044131,668,731,1
1764500044131,670,733,1
1764500044131,672,736,1
1764500044140,674,737,1
1764500044140,676,739,1
1764500044140,677,741,1
1764500044140,678,741,1
1764500044146,680,744,1
1764500044149,682,745,1
1764500044149,682,746,1
1764500044149,684,747,1
1764500044155,685,748,1
1764500044155,687,750,1
1764500044155,689,750,1
1764500044160,689,752,1
1764500044162,692,753,1
1764500044164,692,754,1
1764500044164,694,755,1
1764500044169,696,756,1
1764500044169,697,758,1
1764500044169,698,759,1
1764500044169,700,760,1
1764500044169,701,760,1
1764500044179,703,762,1
1764500044179,705,763,1
1764500044179,706,765,1
1764500044179,707,765,1
1764500044179,710,766,1
1764500044179,712,767,1
1764500044190,714,769,1
1764500044190,714,770,1
1764500044195,716,770,1
1764500044197,719,771,1
1764500044197,720,772,1
1764500044200,723,773,1
1764500044200,724,774,1
1764500044200,725,775,1
1764500044209,730,777,1
1764500044209,731,778,1
1764500044209,733,778,1
1764500044209,735,778,1
1764500044209,736,779,1
1764500044209,739,780,1
1764500044220,741,781,1
1764500044220,743,782,1
1764500044225,745,783,1
1764500044225,748,783,1
1764500044225,749,783,1
1764500044230,750,784,1
1764500044230,753,784,1
1764500044230,755,785,1
1764500044230,758,786,1
1764500044230,760,787,1
1764500044241,764,789,1
1764500044241,766,790,1
1764500044241,769,790,1
1764500044250,771,791,1
1764500044250,773,792,1
1764500044250,775,792,1
1764500044256,777,792,1
1764500044259,780,794,1
1764500044259,782,794,1
1764500044259,784,795,1
1764500044259,785,796,1
1764500044259,788,796,1
1764500044259,790,797,1
1764500044270,792,798,1
1764500044273,796,798,1
1764500044273,797,799,1
1764500044273,800,799,1
1764500044280,802,800,1
1764500044280,803,800,1
1764500044280,806,801,1
1764500044280,807,802,1
1764500044289,809,802,1
1764500044292,811,803,1
1764500044292,813,803,1
1764500044292,814,804,1
1764500044297,817,804,1
1764500044299,820,804,1
1764500044299,822,805,1
1764500044305,824,805,1
1764500044309,827,806,1
1764500044309,830,807,1
1764500044309,831,807,1
1764500044309,832,807,1
1764500044309,833,808,1
1764500044320,835,808,1
1764500044321,838,808,0
1764500044321,840,809,0
1764500044321,842,809,0
1764500044329,844,810,0
1764500044329,846,810,0
1764500044329,847,811,0
1764500044337,849,812,0
1764500044340,850,812,0
1764500044340,851,813,0
1764500044340,853,813,0
1764500044340,854,813,0
1764500044340,855,813,0
1764500044340,856,813,0
1764500044350,857,813,0
1764500044352,859,814,0
1764500044355,860,815,0
1764500044355,862,815,0
1764500044360,863,816,0
1764500044360,864,816,0
1764500044360,865,816,0
1764500044360,867,816,0
1764500044360,868,816,0
1764500044369,869,817,0
1764500044369,870,817,0
1764500044369,873,818,0
1764500044369,874,819,0
1764500044379,877,819,0
1764500044379,878,819,0
1764500044384,879,819,0
1764500044384,880,819,0
1764500044389,882,821,1
1764500044392,884,821,0
1764500044392,885,821,0
1764500044392,886,821,0
1764500044399,888,822,0
1764500044399,888,823,1
1764500044403,890,823,1
1764500044403,891,823,1
1764500044403,892,823,1
1764500044410,894,823,0
1764500044410,895,823,0
1764500044410,896,824,1
1764500044415,898,825,1
1764500044415,899,825,1
1764500044420,901,825,1
1764500044422,903,825,1
1764500044422,904,826,1
1764500044422,905,826,1
1764500044422,907,827,1
1764500044422,908,827,1
1764500044432,911,827,1
1764500044432,912,827,1
1764500044432,914,827,1
1764500044432,915,827,1
1764500044432,917,828,1
1764500044442,919,828,1
1764500044442,920,828,1
1764500044442,922,829,1
1764500044447,924,829,1
1764500044449,925,830,1
1764500044449,927,830,1
1764500044449,929,831,1
1764500044449,930,831,1
1764500044460,934,832,1
1764500044460,936,833,1
1764500044463,937,833,1
1764500044463,939,833,1
1764500044463,940,833,1
1764500044469,942,834,1
1764500044469,944,834,1
1764500044469,948,835,1
1764500044469,949,836,1
1764500044480,951,836,1
1764500044480,953,836,1
1764500044480,954,836,1
1764500044480,956,837,1
1764500044480,959,838,1
1764500044489,961,838,1
1764500044489,963,838,1
1764500044494,964,839,1
1764500044494,966,839,1
1764500044500,968,839,1
1764500044502,970,839,1
1764500044502,971,839,1
1764500044502,973,840,1
1764500044509,975,840,1
1764500044511,975,841,1
1764500044513,977,842,1
1764500044513,979,842,1
1764500044520,981,842,1
1764500044520,982,843,1
1764500044520,985,843,1
1764500044529,987,843,1
1764500044529,988,843,1
1764500044529,989,843,1
1764500044529,991,843,1
1764500044539,993,843,1
1764500044539,994,843,1
1764500044542,995,844,1
1764500044542,997,844,1
1764500044542,998,844,1
1764500044549,999,844,1
1764500044549,1001,844,1
1764500044549,1002,844,1
1764500044556,1004,844,1
1764500044560,1006,845,1
1764500044560,1008,845,1
1764500044560,1009,845,1
1764500044560,1011,845,1
1764500044560,1012,845,1
1764500044570,1014,845,1
1764500044570,1016,845,1
1764500044585,1030,846,1
1764500044589,1032,846,1
1764500044589,1034,846,1
1764500044589,1036,846,1
1764500044589,1038,846,1
1764500044589,1040,846,1
1764500044599,1041,846,1
1764500044599,1043,846,1
1764500044599,1046,846,1
1764500044605,1047,846,1
1764500044609,1051,846,1
1764500044609,1053,846,1
1764500044609,1055,846,1
1764500044609,1057,845,1
1764500044609,1059,845,1
1764500044620,1061,845,1
1764500044621,1063,845,1
1764500044621,1069,845,1
1764500044621,1071,845,1
1764500044629,1073,845,1
1764500044629,1075,845,1
1764500044629,1076,845,1
1764500044629,1078,845,1
1764500044637,1079,844,1
1764500044639,1081,844,1
1764500044639,1083,844,1
1764500044643,1084,843,1
1764500044643,1086,843,1
1764500044643,1088,843,1
1764500044649,1089,843,1
1764500044649,1091,842,1
1764500044653,1094,841,1
1764500044655,1095,840,1
1764500044656,1097,840,1
1764500044659,1098,840,1
1764500044659,1100,839,1
1764500044659,1101,838,1
1764500044659,1102,838,1
1764500044659,1104,837,1
1764500044659,1106,836,1
1764500044670,1107,836,1
1764500044670,1111,834,1
1764500044670,1113,833,1
1764500044679,1113,832,1
1764500044679,1115,831,1
1764500044679,1118,830,1
1764500044685,1119,829,1
1764500044690,1121,828,1
1764500044690,1122,827,1
1764500044690,1123,826,1
1764500044690,1125,825,1
1764500044690,1126,824,1
1764500044690,1127,823,1
1764500044701,1129,823,1
1764500044701,1130,822,1
1764500044701,1131,820,1
1764500044701,1133,819,1
1764500044709,1134,818,1
1764500044709,1135,818,1
1764500044709,1137,817,1
1764500044709,1139,816,1
1764500044717,1140,814,1
1764500044720,1141,813,1
1764500044720,1142,813,1
1764500044720,1145,811,1
1764500044720,1146,810,1
1764500044730,1148,809,1
1764500044730,1149,809,1
1764500044733,1150,808,1
1764500044733,1152,808,1
1764500044733,1153,807,1
1764500044740,1154,806,1
1764500044740,1155,805,1
1764500044740,1156,805,1
1764500044740,1157,805,1
1764500044740,1159,804,1
1764500044750,1159,803,1
1764500044750,1160,802,1
1764500044750,1161,802,1
1764500044750,1162,802,1
1764500044756,1162,801,1
1764500044760,1163,799,1
1764500044760,1165,799,1
1764500044764,1166,798,1
1764500044764,1167,797,1
1764500044770,1168,796,1
1764500044770,1169,796,1
1764500044770,1170,795,1
1764500044770,1171,794,1
1764500044770,1172,793,1
1764500044779,1174,792,1
1764500044781,1175,791,1
1764500044783,1175,790,1
1764500044783,1176,790,1
1764500044783,1178,789,1
1764500044789,1179,787,1
1764500044789,1180,786,1
1764500044789,1181,786,1
1764500044789,1181,785,1
1764500044796,1182,784,1
1764500044800,1183,783,1
1764500044800,1184,783,1
1764500044800,1185,782,1
1764500044800,1187,781,1
1764500044800,1188,780,1
1764500044810,1189,779,1
1764500044810,1191,778,1
1764500044812,1192,776,1
1764500044812,1193,776,1
1764500044812,1195,774,1
1764500044819,1196,774,1
1764500044819,1196,773,1
1764500044819,1199,772,1
1764500044828,1200,771,1
1764500044829,1202,769,1
1764500044831,1203,768,1
1764500044833,1204,767,1
1764500044833,1205,766,1
1764500044833,1206,766,1
1764500044839,1208,764,1
1764500044839,1208,763,1
1764500044844,1210,762,1
1764500044844,1212,760,1
1764500044844,1212,759,1
1764500044844,1213,758,1
1764500044850,1215,757,1
1764500044850,1215,755,1
1764500044850,1217,754,1
1764500044858,1217,753,1
1764500044859,1218,751,1
1764500044859,1220,750,1
1764500044859,1222,748,1
1764500044859,1223,746,1
1764500044859,1224,744,1
1764500044870,1226,743,1
1764500044875,1228,740,1
1764500044875,1228,739,1
1764500044879,1229,737,1
1764500044879,1231,736,1
1764500044879,1233,734,1
1764500044879,1234,733,1
1764500044879,1234,731,1
1764500044889,1234,730,1
1764500044891,1236,729,1
1764500044891,1237,727,1
1764500044894,1238,726,1
1764500044899,1239,725,1
1764500044899,1241,723,1
1764500044899,1242,722,1
1764500044899,1242,721,1
1764500044907,1243,720,1
1764500044910,1244,719,1
1764500044910,1245,717,1
1764500044910,1246,716,1
1764500044910,1247,715,1
1764500044919,1248,714,1
1764500044919,1248,713,1
1764500044922,1249,711,1
1764500044922,1250,710,1
1764500044929,1251,709,1
1764500044929,1252,707,1
1764500044929,1253,706,1
1764500044939,1255,704,1
1764500044939,1255,703,1
1764500044939,1257,702,1
1764500044939,1257,701,1
1764500044939,1258,699,1
1764500044949,1259,698,1
1764500044949,1262,696,1
1764500044954,1262,695,1
1764500044956,1262,694,1
1764500044960,1263,692,1
1764500044960,1264,691,1
1764500044960,1265,691,1
1764500044960,1265,690,1
1764500044960,1266,688,1
1764500044969,1267,687,1
1764500044970,1267,686,1
1764500044970,1268,684,1
1764500044970,1270,683,1
1764500044979,1271,681,1
1764500044979,1271,680,1
1764500044979,1272,679,1
1764500044979,1274,677,1
1764500044986,1274,676,1
1764500044989,1274,675,1
1764500044989,1275,673,1
1764500044989,1276,672,1
1764500044989,1277,671,1
1764500044989,1278,669,1
1764500044999,1278,667,1
1764500044999,1280,667,1
1764500045002,1282,664,1
1764500045002,1282,663,1
1764500045002,1284,661,1
1764500045009,1284,660,1
1764500045009,1284,658,1
1764500045009,1286,656,1
1764500045009,1287,655,1
1764500045017,1287,654,1
1764500045019,1289,652,1
1764500045019,1290,650,1
1764500045019,1291,646,1
1764500045019,1292,645,1
1764500045029,1293,642,1
1764500045029,1293,641,1
1764500045033,1295,637,1
1764500045033,1296,634,1
1764500045039,1297,633,1
1764500045039,1297,631,1
1764500045039,1298,628,1
1764500045039,1299,626,1
1764500045039,1300,625,1
1764500045049,1300,623,1
1764500045049,1301,621,1
1764500045049,1302,620,1
1764500045049,1302,617,1
1764500045056,1303,615,1
1764500045059,1303,614,1
1764500045059,1304,612,1
1764500045059,1304,609,1
1764500045065,1305,607,1
1764500045065,1305,605,1
1764500045070,1306,603,1
1764500045072,1306,601,1
1764500045072,1308,598,1
1764500045072,1308,596,1
1764500045079,1308,595,1
1764500045081,1309,593,1
1764500045081,1309,592,1
1764500045081,1309,590,1
1764500045081,1309,587,1
1764500045089,1310,583,1
1764500045089,1310,581,1
1764500045089,1310,580,1
1764500045097,1310,578,1
1764500045099,1310,575,1
1764500045099,1311,574,1
1764500045099,1311,572,1
1764500045099,1311,570,1
1764500045099,1311,569,1
1764500045109,1311,567,1
1764500045109,1311,565,1
1764500045113,1312,563,1
1764500045113,1312,561,1
1764500045113,1312,560,1
1764500045119,1312,557,1
1764500045119,1312,554,1
1764500045119,1312,550,1
1764500045119,1312,548,1
1764500045129,1312,546,1
1764500045129,1312,543,1
1764500045129,1312,542,1
1764500045129,1312,539,1
1764500045129,1312,537,1
1764500045139,1312,531,1
1764500045139,1312,529,1
1764500045144,1312,527,1
1764500045147,1312,524,1
1764500045149,1312,522,1
1764500045149,1312,520,1
1764500045149,1312,519,1
1764500045149,1312,517,1
1764500045156,1312,515,1
1764500045159,1312,513,1
1764500045159,1312,510,1
1764500045159,1312,509,1
1764500045159,1312,507,1
1764500045169,1312,505,1
1764500045175,1312,502,1
1764500045175,1312,500,1
1764500045179,1312,499,1
1764500045179,1312,498,1
1764500045179,1312,496,1
1764500045179,1312,494,1
1764500045191,1312,492,1
1764500045191,1312,490,1
1764500045191,1312,488,1
1764500045199,1312,486,1
1764500045199,1312,485,1
1764500045199,1312,484,1
1764500045199,1312,483,1
1764500045207,1312,480,1
1764500045209,1312,478,1
1764500045211,1312,477,1
1764500045213,1312,476,1
1764500045213,1313,474,1
1764500045213,1313,472,1
1764500045219,1313,470,1
1764500045219,1313,469,1
1764500045223,1313,465,1
1764500045223,1313,464,1
1764500045229,1313,462,1
1764500045229,1313,461,1
1764500045229,1313,459,1
1764500045229,1313,457,1
1764500045229,1313,456,1
1764500045239,1313,453,1
1764500045239,1313,451,1
1764500045239,1313,448,1
1764500045239,1313,447,1
1764500045249,1313,445,1
1764500045249,1313,443,1
1764500045249,1313,442,1
1764500045256,1313,441,1
1764500045256,1313,439,1
1764500045259,1313,437,1
1764500045259,1313,436,1
1764500045259,1313,435,1
1764500045259,1313,433,1
1764500045269,1313,431,1
1764500045270,1313,430,1
1764500045270,1313,427,1
1764500045270,1313,424,1
1764500045270,1313,423,1
1764500045280,1313,421,1
1764500045280,1313,419,1
1764500045287,1313,416,1
1764500045289,1313,414,1
1764500045289,1313,413,1
1764500045289,1313,411,1
1764500045289,1313,410,1
1764500045299,1314,409,1
1764500045302,1314,407,1
1764500045302,1314,406,1
1764500045302,1314,405,1
1764500045302,1314,402,1
1764500045309,1314,401,1
1764500045309,1314,400,1
1764500045309,1314,398,1
1764500045309,1314,397,1
1764500045317,1314,395,1
1764500045319,1314,394,1
1764500045319,1314,392,1
1764500045319,1314,390,1
1764500045319,1314,389,1
1764500045319,1314,388,1
1764500045329,1314,387,1
1764500045329,1314,385,1
1764500045333,1314,383,1
1764500045336,1314,382,1
1764500045337,1314,381,1
1764500045339,1314,379,1
1764500045339,1314,377,1
1764500045339,1314,376,1
1764500045339,1314,374,1
1764500045349,1314,372,1
1764500045351,1314,371,1
1764500045351,1313,370,1
1764500045351,1313,368,1
1764500045356,1313,367,1
1764500045359,1313,365,1
1764500045359,1313,364,1
1764500045359,1312,363,1
1764500045365,1312,361,1
1764500045365,1312,360,1
1764500045369,1311,359,1
1764500045369,1311,358,1
1764500045369,1311,357,1
1764500045369,1311,355,1
1764500045369,1311,354,1
1764500045379,1311,353,1
1764500045381,1310,351,1
1764500045381,1309,350,1
1764500045381,1309,348,1
1764500045389,1309,347,1
1764500045389,1309,346,1
1764500045389,1308,344,1
1764500045397,1307,343,1
1764500045399,1307,342,1
1764500045399,1306,341,1
1764500045399,1306,339,1
1764500045399,1305,338,1
1764500045408,1305,337,1
1764500045409,1305,335,1
1764500045409,1304,334,1
1764500045413,1303,333,1
1764500045416,1303,331,1
1764500045416,1302,331,1
1764500045419,1302,329,1
1764500045419,1301,328,1
1764500045419,1300,326,1
1764500045419,1299,325,1
1764500045419,1299,324,1
1764500045429,1298,322,1
1764500045429,1298,321,1
1764500045429,1297,320,1
1764500045429,1296,319,1
1764500045429,1295,318,1
1764500045439,1294,315,1
1764500045439,1293,312,1
1764500045445,1292,311,1
1764500045445,1291,310,1
1764500045449,1291,309,1
1764500045449,1290,308,1
1764500045449,1289,306,1
1764500045456,1287,304,1
1764500045456,1287,303,1
1764500045459,1286,302,1
1764500045459,1285,300,1
1764500045459,1284,299,1
1764500045459,1282,297,1
1764500045459,1281,295,1
1764500045469,1281,294,1
1764500045469,1278,293,1
1764500045469,1277,291,1
1764500045476,1276,290,1
1764500045476,1275,288,1
1764500045480,1273,287,1
1764500045480,1271,285,1
1764500045480,1269,283,1
1764500045480,1268,281,1
1764500045480,1266,280,1
1764500045491,1262,277,1
1764500045491,1261,276,1
1764500045491,1259,274,1
1764500045491,1257,273,1
1764500045499,1255,271,1
1764500045499,1254,270,1
1764500045499,1252,268,1
1764500045499,1249,267,1
1764500045507,1248,266,1
1764500045510,1246,265,1
1764500045510,1245,264,1
1764500045510,1243,262,1
1764500045510,1241,261,1
1764500045510,1239,260,1
1764500045519,1238,259,1
1764500045519,1236,258,1
1764500045523,1234,257,1
1764500045523,1232,254,1
1764500045523,1230,254,1
1764500045530,1228,253,1
1764500045530,1226,252,1
1764500045530,1224,251,1
1764500045530,1222,248,1
1764500045530,1220,247,1
1764500045541,1215,245,1
1764500045541,1214,244,1
1764500045541,1212,242,1
1764500045541,1209,241,1
1764500045550,1207,239,1
1764500045550,1205,238,1
1764500045550,1203,237,1
1764500045554,1201,236,1
1764500045556,1198,235,1
1764500045559,1197,233,1
1764500045559,1194,232,1
1764500045559,1192,230,1
1764500045559,1190,229,1
1764500045559,1188,229,1
1764500045570,1186,227,1
1764500045570,1183,226,1
1764500045570,1181,224,1
1764500045570,1180,223,1
1764500045570,1177,221,1
1764500045579,1175,220,1
1764500045579,1173,219,1
1764500045579,1170,218,1
1764500045600,1153,207,1
1764500045601,1151,206,1
1764500045601,1149,205,1
1764500045601,1147,203,1
1764500045601,1145,203,1
1764500045610,1144,201,1
1764500045610,1142,201,1
1764500045610,1139,200,1
1764500045610,1139,198,1
1764500045617,1136,198,1
1764500045619,1134,196,1
1764500045619,1131,196,0
1764500045619,1130,195,0
1764500045619,1128,194,0
1764500045619,1126,193,0
1764500045629,1124,192,0
1764500045633,1120,190,0
1764500045633,1119,190,0
1764500045633,1117,189,0
1764500045639,1113,187,0
1764500045639,1111,186,0
1764500045639,1109,186,0
1764500045639,1108,184,0
1764500045649,1106,184,0
1764500045649,1104,183,0
1764500045649,1103,183,0
1764500045649,1100,182,0
1764500045657,1098,180,0
1764500045659,1096,180,0
1764500045659,1094,179,0
1764500045659,1092,178,0
1764500045665,1089,177,0
1764500045665,1088,176,0
1764500045669,1085,175,0
1764500045669,1083,174,0
1764500045669,1080,173,0
1764500045669,1079,172,0
1764500045669,1077,172,0
1764500045679,1074,170,0
1764500045681,1073,170,0
1764500045681,1070,169,0
1764500045681,1068,168,0
1764500045681,1065,167,0
1764500045689,1061,166,0
1764500045689,1058,166,0
1764500045689,1057,165,0
1764500045697,1055,164,0
1764500045699,1052,163,0
1764500045699,1050,162,0
1764500045699,1048,161,0
1764500045699,1045,160,0
1764500045699,1043,160,0
1764500045710,1042,158,0
1764500045710,1039,158,0
1764500045712,1037,158,0
1764500045712,1036,158,0
1764500045712,1034,156,0
1764500045719,1031,155,0
1764500045719,1029,155,0
1764500045719,1029,153,1
1764500045719,1026,153,0
1764500045719,1025,152,1
1764500045730,1023,151,1
1764500045731,1020,151,1
1764500045733,1018,150,1
1764500045733,1017,149,1
1764500045733,1014,148,1
1764500045739,1011,147,1
1764500045739,1009,146,1
1764500045739,1007,146,1
1764500045745,1006,146,1
1764500045745,1004,145,1
1764500045749,1001,144,1
1764500045749,999,142,1
1764500045749,996,142,1
1764500045749,994,141,1
1764500045757,992,140,1
1764500045760,989,139,1
1764500045760,988,139,1
1764500045760,985,138,1
1764500045760,983,138,1
1764500045760,981,137,1
1764500045769,980,137,1
1764500045769,977,136,1
1764500045769,974,136,1
1764500045776,973,135,1
1764500045776,970,135,1
1764500045779,968,134,1
1764500045779,966,134,1
1764500045779,964,133,1
1764500045779,961,133,1
1764500045779,959,131,1
1764500045789,957,131,1
1764500045791,954,131,1
1764500045791,952,131,1
1764500045795,950,130,1
1764500045799,947,130,1
1764500045799,945,130,1
1764500045799,942,129,1
1764500045807,939,129,1
1764500045809,936,129,1
1764500045809,935,128,1
1764500045809,933,128,1
1764500045809,931,127,1
1764500045809,930,127,1
1764500045819,928,127,1
1764500045819,925,127,1
1764500045823,923,127,1
1764500045823,921,127,1
1764500045823,919,127,1
1764500045830,918,127,1
1764500045830,916,127,1
1764500045830,915,127,1
1764500045830,913,127,1
1764500045830,911,127,1
1764500045839,910,127,1
1764500045839,908,127,1
1764500045843,907,126,1
1764500045843,905,126,1
1764500045843,903,126,1
1764500045849,900,126,1
1764500045849,899,126,1
1764500045857,896,126,1
1764500045860,895,126,1
1764500045860,893,126,1
1764500045860,892,126,1
1764500045860,890,126,1
1764500045860,888,127,1
1764500045869,887,127,1
1764500045871,886,127,1
1764500045871,884,128,1
1764500045871,883,128,1
1764500045871,881,129,1
1764500045879,879,129,1
1764500045879,878,130,1
1764500045879,876,130,1
1764500045879,875,130,1
1764500045887,873,130,1
1764500045889,872,131,1
1764500045889,871,131,1
1764500045889,869,132,1
1764500045889,868,132,1
1764500045889,866,132,1
1764500045900,864,132,1
1764500045900,863,133,1
1764500045904,861,134,1
1764500045905,859,134,1
1764500045909,857,134,1
1764500045909,854,135,1
1764500045909,852,136,1
1764500045909,850,137,1
1764500045920,849,137,1
1764500045921,847,138,1
1764500045921,845,138,1
1764500045921,844,139,1
1764500045921,843,139,1
1764500045929,841,139,1
1764500045929,840,141,1
1764500045929,838,141,1
1764500045934,836,142,1
1764500045934,835,143,1
1764500045940,834,144,1
1764500045940,832,144,1
1764500045940,832,145,1
1764500045940,830,146,1
1764500045940,828,147,1
1764500045949,825,148,1
1764500045951,825,149,1
1764500045951,823,149,1
1764500045957,821,150,1
1764500045959,820,151,1
1764500045959,818,152,1
1764500045959,817,153,1
1764500045959,816,153,1
1764500045967,814,154,1
1764500045969,814,155,1
1764500045969,812,156,1
1764500045974,811,156,1
1764500045974,810,156,1
1764500045974,810,157,1
1764500045980,808,158,1
1764500045984,806,159,1
1764500045984,804,159,1
1764500045989,804,160,1
1764500045989,803,160,1
1764500045989,802,162,1
1764500045998,801,162,1
1764500045999,799,162,1
1764500045999,799,163,1
1764500045999,798,164,1
1764500045999,797,165,1
1764500045999,796,165,1
1764500046010,795,165,1
1764500046014,794,166,1
1764500046014,793,166,1
1764500046014,792,167,1
1764500046019,791,167,1
1764500046019,791,168,1
1764500046019,789,168,1
1764500046019,789,169,1
1764500046029,788,169,1
1764500046029,788,170,1
1764500046033,787,170,1
1764500046040,786,170,1
1764500046047,786,171,1
1764500046057,785,171,1
1764500048000,784,173,1
1764500048000,782,173,1
1764500048000,780,176,1
1764500048000,778,177,1
1764500048011,776,178,1
1764500048013,774,179,1
1764500048013,774,180,1
1764500048013,772,181,1
1764500048013,770,181,1
1764500048020,769,183,1
1764500048020,766,184,1
1764500048024,765,185,1
1764500048024,763,185,1
1764500048030,762,186,1
1764500048030,760,187,1
1764500048030,758,188,1
1764500048030,756,189,1
1764500048030,753,190,1
1764500048041,750,191,1
1764500048041,750,192,1
1764500048041,747,193,1
1764500048041,745,193,1
1764500048050,744,194,1
1764500048050,742,195,1
1764500048056,739,199,1
1764500048056,736,199,1
1764500048056,734,200,1
1764500048062,732,202,1
1764500048062,730,203,1
1764500048062,728,204,1
1764500048062,725,204,1
1764500048070,723,206,1
1764500048072,720,208,1
1764500048075,718,208,1
1764500048078,715,211,1
1764500048080,713,211,1
1764500048080,712,212,1
1764500048080,710,214,1
1764500048080,708,214,1
1764500048088,707,216,1
1764500048090,705,217,1
1764500048090,703,218,1
1764500048090,702,218,1
1764500048090,701,220,1
1764500048090,699,221,1
1764500048090,697,223,1
1764500048100,696,223,1
1764500048104,693,225,1
1764500048104,692,226,1
1764500048110,691,227,1
1764500048110,690,227,1
1764500048110,689,228,1
1764500048110,687,230,1
1764500048110,686,231,1
1764500048120,684,231,1
1764500048120,684,232,1
1764500048120,683,234,1
1764500048120,682,234,1
1764500048127,681,235,1
1764500048130,680,236,1
1764500048130,679,237,1
1764500048130,678,237,1
1764500048135,678,238,1
1764500048137,676,240,1
1764500048140,675,240,1
1764500048142,675,241,1
1764500048143,673,243,1
1764500048143,671,244,1
1764500048143,671,245,1
1764500048151,670,247,1
1764500048151,668,249,1
1764500048151,667,250,1
1764500048160,666,250,1
1764500048162,665,252,1
1764500048162,665,253,1
1764500048162,664,254,1
1764500048167,662,255,1
1764500048170,661,257,1
1764500048174,660,259,1
1764500048174,658,261,1
1764500048174,657,261,1
1764500048180,657,262,1
1764500048180,656,264,1
1764500048183,655,265,1
1764500048183,653,267,1
1764500048183,653,268,1
1764500048190,653,269,1
1764500048190,651,269,1
1764500048190,650,271,1
1764500048190,649,272,1
1764500048190,649,273,1
1764500048200,648,274,1
1764500048200,646,276,1
1764500048200,645,278,1
1764500048200,644,279,1
1764500048200,642,281,1
1764500048215,642,282,1
1764500048215,641,283,1
1764500048215,640,284,1
1764500048215,639,284,1
1764500048220,639,286,1
1764500048220,638,288,1
1764500048220,637,288,1
1764500048220,636,290,1
1764500048231,635,291,1
1764500048233,634,292,1
1764500048233,634,293,1
1764500048233,633,295,1
1764500048240,633,296,1
1764500048240,632,298,1
1764500048246,631,298,1
1764500048246,631,300,1
1764500048246,630,301,1
1764500048250,629,301,1
1764500048250,629,304,1
1764500048250,628,305,1
1764500048260,628,307,1
1764500048262,627,308,1
1764500048262,626,309,1
1764500048262,626,310,1
1764500048262,626,311,1
1764500048270,626,313,1
1764500048270,625,315,1
1764500048270,624,317,1
1764500048277,623,319,1
1764500048280,623,320,1
1764500048280,622,322,1
1764500048280,622,324,1
1764500048280,621,325,1
1764500048280,621,326,1
1764500048290,620,328,1
1764500048290,619,329,1
1764500048293,618,331,1
1764500048295,618,332,1
1764500048297,617,334,1
1764500048297,617,335,1
1764500048300,617,337,1
1764500048300,615,341,1
1764500048300,615,342,1
1764500048310,614,344,1
1764500048310,613,345,1
1764500048310,613,346,1
1764500048310,613,348,1
1764500048310,613,350,1
1764500048320,612,351,1
1764500048323,612,352,1
1764500048323,610,355,1
1764500048325,610,356,1
1764500048327,609,357,1
1764500048330,608,359,1
1764500048331,608,361,1
1764500048331,608,362,1
1764500048331,608,363,1
1764500048331,608,365,1
1764500048340,606,366,1
1764500048341,606,368,1
1764500048341,605,370,1
1764500048341,605,371,1
1764500048341,604,373,1
1764500048341,604,375,1
1764500048350,603,376,1
1764500048350,603,380,1
1764500048357,602,381,1
1764500048357,602,383,1
1764500048362,601,385,1
1764500048362,601,386,1
1764500048362,600,388,1
1764500048362,600,390,1
1764500048370,600,391,1
1764500048373,599,393,1
1764500048373,599,395,1
1764500048373,598,396,1
1764500048373,598,399,1
1764500048373,598,401,1
1764500048380,597,402,1
1764500048380,597,404,1
1764500048380,597,407,1
1764500048390,597,409,1
1764500048390,597,411,1
1764500048390,596,412,1
1764500048390,596,414,1
1764500048390,596,415,1
1764500048400,596,418,1
1764500048400,596,420,1
1764500048404,595,423,1
1764500048404,595,424,1
1764500048404,595,426,1
1764500048410,595,428,1
1764500048410,595,430,1
1764500048410,594,431,1
1764500048410,594,434,1
1764500048420,594,436,1
1764500048422,594,438,1
1764500048422,594,439,1
1764500048422,594,441,1
1764500048422,594,442,1
1764500048430,594,444,1
1764500048430,594,447,1
1764500048436,594,449,1
1764500048438,594,452,1
1764500048440,594,455,1
1764500048440,593,456,1
1764500048440,593,458,1
1764500048440,593,460,1
1764500048450,593,461,1
1764500048452,593,463,1
1764500048453,593,467,1
1764500048453,593,469,1
1764500048453,593,470,1
1764500048462,593,471,1
1764500048462,593,472,1
1764500048462,593,474,1
1764500048467,593,475,1
1764500048470,593,476,1
1764500048470,593,478,1
1764500048470,593,479,1
1764500048470,593,480,1
1764500048470,593,482,1
1764500048470,593,483,1
1764500048480,593,485,1
1764500048484,593,486,1
1764500048484,593,487,1
1764500048484,593,488,1
1764500048490,593,489,1
1764500048490,593,491,1
1764500048490,593,492,1
1764500048490,593,494,1
1764500048500,593,495,1
1764500048500,593,496,1
1764500048500,593,498,1
1764500048500,594,500,1
1764500048510,594,501,1
1764500048510,594,502,1
1764500048515,594,505,1
1764500048515,595,505,1
1764500048520,595,507,1
1764500048520,595,508,1
1764500048520,595,510,1
1764500048520,595,512,1
1764500048520,595,514,1
1764500048530,595,515,1
1764500048530,595,516,1
1764500048530,596,517,1
1764500048530,596,519,1
1764500048540,596,520,1
1764500048540,596,521,1
1764500048540,596,523,1
1764500048546,596,524,1
1764500048546,596,525,1
1764500048550,596,527,1
1764500048550,596,528,1
1764500048555,597,532,1
1764500048555,597,533,1
1764500048560,597,535,1
1764500048562,597,536,1
1764500048562,597,538,1
1764500048562,597,540,1
1764500048570,598,544,1
1764500048572,598,546,1
1764500048572,598,549,1
1764500048578,598,550,1
1764500048580,599,552,1
1764500048580,599,553,1
1764500048580,599,555,1
1764500048580,599,557,1
1764500048588,599,558,1
1764500048590,599,560,1
1764500048590,599,561,1
1764500048594,600,563,1
1764500048594,600,565,1
1764500048594,600,566,1
1764500048600,600,568,1
1764500048600,600,570,1
1764500048600,600,572,1
1764500048600,600,573,1
1764500048626,602,585,1
1764500048626,602,587,1
1764500048626,602,589,1
1764500048626,602,590,1
1764500048630,602,592,1
1764500048630,602,593,1
1764500048630,603,595,1
1764500048630,603,596,1
1764500048640,603,598,1
1764500048642,604,600,1
1764500048642,604,602,1
1764500048642,605,603,1
1764500048642,605,605,1
1764500048650,605,608,1
1764500048650,606,609,1
1764500048650,606,611,1
1764500048650,607,612,1
1764500048658,607,614,1
1764500048658,607,616,1
1764500048662,608,617,1
1764500048662,608,619,1
1764500048662,608,621,1
1764500048662,609,622,1
1764500048670,610,627,1
1764500048674,610,628,1
1764500048674,610,630,1
1764500048674,611,632,1
1764500048680,612,634,1
1764500048680,613,636,1
1764500048680,613,637,1
1764500048680,613,638,1
1764500048680,613,640,1
1764500048690,614,642,1
1764500048690,614,643,1
1764500048690,615,645,1
1764500048690,615,646,1
1764500048690,615,647,1
1764500048690,616,650,1
1764500048700,616,651,1
1764500048700,617,652,1
1764500048706,617,654,1
1764500048706,618,655,1
1764500048710,618,657,1
1764500048710,618,659,1
1764500048710,619,662,1
1764500048710,620,663,1
1764500048722,621,666,1
1764500048722,622,668,1
1764500048722,622,670,1
1764500048730,622,671,1
1764500048730,622,673,1
1764500048730,623,674,1
1764500048730,624,675,1
1764500048738,625,677,1
1764500048740,625,678,1
1764500048740,625,680,1
1764500048740,626,682,1
1764500048740,626,683,1
1764500048740,627,685,1
1764500048750,628,687,1
1764500048750,629,689,1
1764500048754,630,690,1
1764500048754,631,692,1
1764500048754,632,694,1
1764500048760,633,696,1
1764500048760,633,697,1
1764500048763,634,699,1
1764500048763,635,700,1
1764500048763,635,701,1
1764500048772,637,703,1
1764500048772,638,704,1
1764500048772,639,706,1
1764500048772,640,708,1
1764500048780,641,708,1
1764500048780,641,710,1
1764500048780,643,711,1
1764500048786,644,712,1
1764500048786,644,713,1
1764500048790,646,715,1
1764500048790,646,716,1
1764500048790,648,717,1
1764500048790,650,719,1
1764500048790,650,720,1
1764500048800,652,721,1
1764500048802,652,722,1
1764500048802,654,725,1
1764500048807,655,725,1
1764500048810,655,726,1
1764500048810,657,728,1
1764500048810,659,728,1
1764500048810,659,730,1
1764500048818,660,731,1
1764500048820,662,733,1
1764500048820,663,735,1
1764500048820,664,736,1
1764500048820,665,736,1
1764500048820,666,737,1
1764500048830,667,738,1
1764500048835,668,739,1
1764500048835,668,740,1
1764500048835,670,741,1
1764500048840,670,742,1
1764500048840,671,743,1
1764500048840,672,743,1
1764500048840,672,744,1
1764500048840,673,746,1
1764500048850,674,746,1
1764500048850,674,747,1
1764500048850,676,749,1
1764500048860,677,750,1
1764500048860,678,751,1
1764500048863,679,751,1
1764500048865,679,753,1
1764500048867,680,754,1
1764500048870,681,755,1
1764500048870,682,756,1
1764500048870,683,757,1
1764500048870,684,757,1
1764500048870,684,758,1
1764500048881,685,760,1
1764500048881,686,760,1
1764500048881,687,761,1
1764500048881,688,763,1
1764500048890,690,764,1
1764500048890,691,765,1
1764500048890,692,766,1
1764500048890,693,768,1
1764500048897,694,769,1
1764500048900,696,769,1
1764500048900,696,770,1
1764500048900,698,772,1
1764500048900,700,773,1
1764500048900,700,774,1
1764500048910,702,776,1
1764500048910,703,776,1
1764500048913,704,777,1
1764500048916,707,779,1
1764500048916,708,780,1
1764500048920,712,783,1
1764500048920,715,784,1
1764500048920,717,786,1
1764500048920,719,787,1
1764500048930,722,788,1
1764500048931,725,790,1
1764500048931,728,791,1
1764500048931,730,792,1
1764500048931,732,793,1
1764500048940,735,794,1
1764500048940,738,796,1
1764500048940,739,797,1
1764500048945,742,798,1
1764500048945,744,799,1
1764500048950,747,800,1
1764500048950,749,801,1
1764500048950,751,801,1
1764500048950,754,803,1
1764500048950,756,804,1
1764500048960,757,805,1
1764500048961,760,805,1
1764500048963,762,807,1
1764500048963,763,808,1
1764500048963,766,808,1
1764500048970,771,809,1
1764500048970,773,809,1
1764500048970,775,810,1
1764500048978,777,811,1
1764500048980,778,812,1
1764500048980,781,813,1
1764500048980,783,813,1
1764500048980,784,814,1
1764500048980,786,814,1
1764500048990,788,816,1
1764500048990,790,816,1
1764500048993,792,816,1
1764500048993,795,816,1
1764500048993,796,816,1
1764500049000,798,817,1
1764500049000,800,818,1
1764500049000,802,818,1
1764500049000,804,819,1
1764500049008,806,819,1
1764500049010,807,820,1
1764500049010,810,821,1
1764500049010,812,821,1
1764500049010,813,821,1
1764500049010,815,822,1
1764500049020,819,823,1
1764500049025,822,823,1
1764500049026,825,823,1
1764500049028,827,823,1
1764500049030,828,824,1
1764500049030,831,825,1
1764500049030,833,825,1
1764500049030,834,825,1
1764500049030,837,826,1
1764500049040,840,827,1
1764500049040,844,828,1
1764500049040,845,828,1
1764500049040,847,828,1
1764500049040,849,829,1
1764500049050,851,829,1
1764500049050,853,830,1
1764500049050,856,831,1
1764500049056,858,831,1
1764500049058,861,831,1
1764500049060,864,831,1
1764500049060,865,831,1
1764500049063,868,832,1
1764500049063,869,832,1
1764500049063,871,832,1
1764500049072,874,833,1
1764500049072,876,833,1
1764500049072,878,833,1
1764500049072,880,833,1
1764500049072,881,833,1
1764500049080,883,833,1
1764500049080,885,833,1
1764500049080,887,834,1
1764500049090,888,834,1
1764500049092,890,834,1
1764500049092,891,835,1
1764500049092,893,835,1
1764500049092,894,835,1
1764500049100,896,835,1
1764500049103,898,835,1
1764500049103,899,835,1
1764500049108,901,835,1
1764500049110,902,835,1
1764500049110,903,836,1
1764500049110,905,836,1
1764500049110,906,836,1
1764500049110,908,836,1
1764500049120,911,836,1
1764500049120,913,836,1
1764500049120,914,836,1
1764500049120,916,836,1
1764500049130,917,836,1
1764500049130,919,836,1
1764500049130,921,836,1
1764500049135,923,837,1
1764500049140,925,837,1
1764500049140,926,837,1
1764500049140,928,837,1
1764500049140,929,837,1
1764500049140,930,837,1
1764500049150,932,837,1
1764500049151,934,837,1
1764500049151,935,837,1
1764500049151,936,837,1
1764500049151,938,837,1
1764500049160,939,837,1
1764500049160,940,837,1
1764500049163,942,837,1
1764500049167,943,837,1
1764500049170,945,837,1
1764500049170,947,837,1
1764500049170,949,837,1
1764500049170,950,837,1
1764500049180,951,837,1
1764500049180,952,837,1
1764500049183,954,837,1
1764500049186,955,837,1
1764500049186,956,837,1
1764500049190,958,837,1
1764500049190,959,837,1
1764500049190,960,837,1
1764500049190,962,837,1
1764500049200,964,837,1
1764500049200,966,837,1
1764500049200,967,837,1
1764500049200,968,837,1
1764500049200,969,837,1
1764500049210,971,837,1
1764500049210,972,837,1
1764500049214,973,837,1
1764500049216,974,837,1
1764500049216,976,837,1
1764500049220,979,836,1
1764500049220,980,836,1
1764500049220,981,836,1
1764500049220,982,836,1
1764500049230,983,836,1
1764500049230,984,836,1
1764500049234,986,836,1
1764500049234,987,835,1
1764500049238,988,835,1
1764500049240,990,835,1
1764500049240,990,834,1
1764500049240,991,834,1
1764500049246,992,833,1
1764500049248,994,833,1
1764500049250,995,833,1
1764500049250,996,833,1
1764500049250,997,833,1
1764500049250,999,833,1
1764500049260,1001,832,1
1764500049262,1002,832,1
1764500049263,1003,832,1
1764500049263,1005,831,1
1764500049263,1006,831,1
1764500049270,1009,831,1
1764500049270,1011,830,1
1764500049270,1012,830,1
1764500049277,1013,830,1
1764500049280,1015,830,1
1764500049280,1017,830,1
1764500049280,1019,830,1
1764500049290,1021,830,1
1764500049290,1023,829,1
1764500049293,1024,829,1
1764500049293,1026,828,1
1764500049293,1028,828,1
1764500049300,1029,827,1
1764500049300,1031,827,1
1764500049300,1033,827,1
1764500049300,1034,827,1
1764500049300,1035,826,1
1764500049310,1036,826,1
1764500049310,1038,826,1
1764500049310,1040,825,1
1764500049310,1041,825,1
1764500049310,1042,825,1
1764500049320,1045,824,1
1764500049320,1046,823,1
1764500049326,1048,823,1
1764500049326,1049,822,1
1764500049330,1051,822,1
1764500049330,1052,821,1
1764500049330,1054,821,1
1764500049330,1057,820,1
1764500049340,1059,820,1
1764500049340,1062,819,1
1764500049340,1063,819,1
1764500049340,1065,818,1
1764500049340,1067,817,1
1764500049350,1068,817,1
1764500049350,1071,817,1
1764500049350,1073,816,1
1764500049356,1074,816,1
1764500049356,1077,815,1
1764500049360,1080,815,1
1764500049360,1081,815,1
1764500049363,1083,815,1
1764500049363,1086,815,1
1764500049363,1087,814,1
1764500049372,1091,813,1
1764500049372,1093,813,1
1764500049376,1095,812,1
1764500049376,1097,811,1
1764500049380,1098,811,1
1764500049380,1100,810,1
1764500049380,1102,809,1
1764500049387,1105,808,1
1764500049390,1107,808,1
1764500049390,1109,807,1
1764500049390,1110,807,1
1764500049390,1112,806,1
1764500049390,1114,804,1
1764500049400,1115,804,1
1764500049400,1116,804,1
1764500049403,1117,803,1
1764500049403,1119,802,1
1764500049408,1120,801,1
1764500049410,1122,801,1
1764500049412,1124,799,1
1764500049412,1125,799,1
1764500049412,1126,798,1
1764500049412,1128,797,1
1764500049420,1130,796,1
1764500049420,1132,795,1
1764500049420,1134,794,1
1764500049420,1135,793,1
1764500049430,1136,792,1
1764500049430,1138,792,1
1764500049430,1138,791,1
1764500049436,1142,788,1
1764500049440,1144,787,1
1764500049440,1145,786,1
1764500049440,1147,786,1
1764500049440,1147,784,1
1764500049450,1149,783,1
1764500049450,1150,783,1
1764500049450,1151,782,1
1764500049450,1152,781,1
1764500049450,1153,780,1
1764500049460,1154,779,1
1764500049460,1154,778,1
1764500049463,1155,777,1
1764500049466,1157,777,1
1764500049466,1157,775,1
1764500049470,1158,774,1
1764500049470,1158,773,1
1764500049470,1159,773,1
1764500049470,1161,772,1
1764500049470,1161,770,1
1764500049480,1162,769,1
1764500049484,1163,768,1
1764500049486,1165,766,1
1764500049490,1166,765,1
1764500049490,1166,763,1
1764500049490,1168,762,1
1764500049500,1170,759,1
1764500049500,1171,758,1
1764500049500,1171,757,1
1764500049500,1172,756,1
1764500049510,1172,755,1
1764500049510,1173,753,1
1764500049513,1174,753,1
1764500049513,1175,752,1
1764500049513,1176,751,1
1764500049520,1176,749,1
1764500049520,1177,748,1
1764500049520,1178,747,1
1764500049520,1179,745,1
1764500049520,1180,744,1
1764500049530,1180,743,1
1764500049530,1181,741,1
1764500049530,1182,740,1
1764500049530,1183,737,0
1764500049540,1184,736,0
1764500049540,1185,735,0
1764500049540,1186,733,0
1764500049545,1187,733,0
1764500049545,1187,731,0
1764500049550,1187,730,0
1764500049550,1189,729,0
1764500049554,1190,727,0
1764500049554,1190,725,0
1764500049560,1191,724,0
1764500049563,1193,721,0
1764500049563,1194,719,0
1764500049563,1194,718,0
1764500049570,1195,717,0
1764500049570,1196,716,0
1764500049570,1197,715,0
1764500049570,1197,714,0
1764500049577,1199,712,0
1764500049580,1200,710,0
1764500049580,1200,709,0
1764500049580,1202,706,0
1764500049590,1203,704,0
1764500049590,1204,703,0
1764500049593,1204,702,0
1764500049593,1205,700,0
1764500049593,1206,699,0
1764500049593,1207,697,0
1764500049600,1208,696,0
1764500049600,1209,693,0
1764500049600,1209,691,0
1764500049609,1211,690,0
1764500049610,1212,689,0
1764500049610,1213,685,0
1764500049610,1214,683,0
1764500049610,1215,681,0
1764500049620,1215,680,0
1764500049620,1216,678,0
1764500049640,1223,660,0
1764500049640,1224,658,0
1764500049640,1225,656,0
1764500049640,1225,655,0
1764500049640,1226,653,0
1764500049650,1227,651,0
1764500049650,1228,648,0
1764500049656,1229,645,0
1764500049656,1230,644,0
1764500049660,1231,643,0
1764500049663,1232,641,0
1764500049663,1232,638,0
1764500049663,1233,637,0
1764500049663,1234,635,0
1764500049670,1235,634,0
1764500049672,1235,633,0
1764500049672,1236,631,0
1764500049672,1237,629,0
1764500049680,1238,627,0
1764500049680,1239,625,0
1764500049680,1239,624,0
1764500049687,1240,622,0
1764500049687,1241,620,0
1764500049690,1241,619,0
1764500049690,1242,618,0
1764500049690,1242,615,0
1764500049690,1243,613,0
1764500049690,1244,613,0
1764500049703,1245,609,0
1764500049703,1246,605,0
1764500049703,1246,604,0
1764500049710,1247,602,0
1764500049710,1248,600,0
1764500049714,1248,599,0
1764500049716,1249,598,0
1764500049720,1250,596,0
1764500049720,1250,594,0
1764500049720,1251,593,0
1764500049730,1252,592,0
1764500049730,1252,590,0
1764500049730,1253,590,0
1764500049735,1253,588,0
1764500049735,1255,586,0
1764500049740,1256,585,0
1764500049740,1256,584,0
1764500049740,1257,583,0
1764500049740,1258,582,0
1764500049740,1259,581,0
1764500049750,1259,580,0
1764500049750,1259,579,0
1764500049750,1260,577,0
1764500049750,1261,577,0
1764500049750,1261,576,0
1764500049760,1262,574,0
1764500049763,1263,574,0
1764500049763,1263,572,0
1764500049766,1264,572,0
1764500049770,1265,569,0
1764500049770,1265,568,0
1764500049770,1266,567,0
1764500049770,1266,564,0
1764500049782,1267,562,0
1764500049782,1268,562,0
1764500049785,1269,560,0
1764500049785,1269,558,0
1764500049790,1270,556,0
1764500049793,1270,554,0
1764500049793,1271,553,0
1764500049793,1272,551,0
1764500049797,1273,550,0
1764500049800,1273,549,0
1764500049800,1274,548,0
1764500049800,1275,546,0
1764500049800,1276,546,0
1764500049800,1276,545,0
1764500049810,1277,543,0
1764500049813,1279,543,0
1764500049813,1279,542,0
1764500049817,1280,539,0
1764500049820,1281,538,0
1764500049820,1283,536,0
1764500049820,1284,534,0
1764500049830,1286,533,0
1764500049830,1286,532,0
1764500049830,1286,530,0
1764500049830,1287,530,0
1764500049830,1288,529,0
1764500049830,1288,527,0
1764500049840,1289,526,0
1764500049840,1289,525,0
1764500049845,1290,524,0
1764500049845,1291,523,1
1764500049845,1291,521,0
1764500049850,1292,519,1
1764500049850,1293,517,1
1764500049850,1293,516,1
1764500049860,1294,516,1
1764500049863,1294,515,1
1764500049863,1295,513,1
1764500049870,1295,511,1
1764500049870,1296,511,1
1764500049870,1296,510,1
1764500049876,1296,509,1
1764500049880,1297,508,1
1764500049880,1297,507,1
1764500049880,1298,507,1
1764500049890,1298,506,1
1764500049892,1298,505,1
1764500049900,1298,504,1
1764500049900,1299,503,1
1764500049920,1300,503,1
1764500049925,1300,502,1
1764500049930,1300,501,1
1764500049940,1300,500,1
1764500049955,1300,499,1
0,0,0,0
