software mouseReMoCo;version 1.3.0;isWithLSL false;screenWidth 1264;screenHeight 633;centerX 632;centerY 316;autoStart 3600;cycleMaxNumber 6;cycleDuration 20;borderColor java.awt.Color[r=255,g=255,b=255];textColor java.awt.Color[r=255,g=255,b=255];backgroundColor java.awt.Color[r=0,g=0,b=0];cursorColorRecord java.awt.Color[r=255,g=0,b=0];cursorColorWait java.awt.Color[r=255,g=255,b=0];task circular;cornerX 396;cornerY 80;externalRadius 236;internalRadius 156;borderRadius 1;cursorRadius 16;indexOfDifficulty 26.135377181991682;taskRadius 195.5;taskTolerance 47
2025-11-30 15:19:51.973 +0100

timestamp,mouseX,mouseY,mouseInTarget
1764512393727,625,132,1
1764512393759,626,132,1
1764512393774,626,131,1
1764512393790,627,130,1
1764512393901,628,130,1
1764512393922,629,130,1
1764512393933,630,130,1
1764512393933,631,130,1
1764512393949,633,130,1
1764512393949,634,130,1
1764512393965,637,130,1
1764512393965,641,131,1
1764512393981,645,132,1
1764512393981,651,134,1
1764512393996,657,136,1
1764512393996,665,139,1
1764512394019,671,141,1
1764512394024,673,143,1
1764512394028,678,144,1
1764512394042,681,146,1
1764512394048,685,148,1
1764512394048,689,150,1
1764512394059,693,150,1
1764512394059,696,152,1
1764512394076,699,153,1
1764512394076,702,153,1
1764512394091,704,154,1
1764512394091,706,154,1
1764512394107,708,155,1
1764512394107,711,155,1
1764512394123,715,156,1
1764512394136,719,158,1
1764512394143,722,159,1
1764512394148,726,161,1
1764512394159,730,163,1
1764512394159,733,164,1
1764512394171,738,166,1
1764512394179,739,168,1
1764512394189,741,169,1
1764512394189,743,170,1
1764512394202,744,170,1
1764512394208,745,171,1
1764512394223,745,172,1
1764512394228,747,173,1
1764512394259,748,174,1
1764512394279,748,175,1
1764512394289,749,175,1
1764512394299,750,176,1
1764512394339,751,177,1
1764512394349,752,177,1
1764512394349,753,177,1
1764512394362,754,178,1
1764512394369,755,179,1
1764512394377,756,180,1
1764512394378,757,180,1
1764512394389,759,181,1
1764512394398,761,183,1
1764512394410,763,185,1
1764512394414,766,188,1
1764512394425,769,189,1
1764512394434,770,191,1
1764512394441,773,193,1
1764512394448,775,194,1
1764512394457,777,197,1
1764512394463,778,197,1
1764512394471,779,198,1
1764512394478,780,199,1
1764512394489,782,201,1
1764512394492,784,202,1
1764512394498,787,205,1
1764512394509,790,206,1
1764512394519,792,208,1
1764512394529,795,211,1
1764512394534,799,215,1
1764512394540,802,217,1
1764512394549,805,220,1
1764512394556,808,222,1
1764512394564,810,224,1
1764512394571,810,225,1
1764512394579,811,226,1
1764512394598,812,227,1
1764512394609,812,228,1
1764512394620,812,230,1
1764512394629,812,231,1
1764512394635,812,233,1
1764512394639,812,235,1
1764512394652,812,239,1
1764512394659,811,243,1
1764512394667,810,247,1
1764512394669,810,250,1
1764512394683,808,256,1
1764512394688,808,263,1
1764512394699,808,266,1
1764512394699,808,270,1
1764512394715,807,273,1
1764512394719,807,277,1
1764512394728,807,279,1
1764512394730,806,282,1
1764512394739,805,288,1
1764512394749,805,291,1
1764512394761,805,296,1
1764512394769,805,301,1
1764512394769,804,307,1
1764512394779,804,312,1
1764512394789,804,317,1
1764512394799,804,321,1
1764512394799,803,326,0
1764512394810,803,329,0
1764512394819,803,333,0
1764512394829,803,337,1
1764512394839,804,341,1
1764512394846,804,343,1
1764512394854,804,346,1
1764512394864,804,348,1
1764512394869,804,350,1
1764512394879,804,352,1
1764512394890,804,353,1
1764512394890,804,355,1
1764512394899,803,357,1
1764512394909,803,358,1
1764512394909,802,359,1
1764512394925,802,361,1
1764512394929,801,362,1
1764512394939,801,364,1
1764512394948,800,367,1
1764512394952,799,370,1
1764512394964,799,372,1
1764512394974,799,375,1
1764512394978,798,378,1
1764512394989,796,381,1
1764512394989,796,383,1
1764512395000,794,388,1
1764512395008,792,398,1
1764512395019,790,404,1
1764512395019,789,410,1
1764512395032,786,416,1
1764512395039,783,424,1
1764512395048,781,429,1
1764512395059,778,436,1
1764512395064,776,443,1
1764512395069,773,450,1
1764512395080,770,456,1
1764512395089,767,462,1
1764512395096,764,468,1
1764512395104,760,474,1
1764512395112,757,480,1
1764512395119,754,485,1
1764512395129,751,491,1
1764512395139,746,499,1
1764512395144,743,503,1
1764512395149,740,506,1
1764512395160,736,509,0
1764512395160,731,511,1
1764512395175,727,513,1
1764512395179,724,515,0
1764512395191,716,518,1
1764512395199,712,519,1
1764512395207,708,521,1
1764512395214,705,521,1
1764512395223,702,522,1
1764512395229,700,522,1
1764512395239,697,523,1
1764512395239,694,523,1
1764512395254,691,523,1
1764512395259,688,523,1
1764512395269,684,523,1
1764512395271,681,523,1
1764512395284,677,522,1
1764512395289,674,521,1
1764512395299,668,520,1
1764512395308,664,520,1
1764512395318,660,519,1
1764512395318,657,519,1
1764512395330,653,518,1
1764512395339,650,518,1
1764512395347,646,516,1
1764512395350,643,516,1
1764512395363,640,516,1
1764512395370,637,515,1
1764512395378,632,514,1
1764512395389,627,514,1
1764512395394,622,513,1
1764512395399,616,513,1
1764512395409,610,513,1
1764512395413,603,513,1
1764512395419,596,513,1
1764512395430,591,513,1
1764512395439,585,513,1
1764512395449,580,513,1
1764512395449,573,513,1
1764512395460,568,512,1
1764512395473,562,512,1
1764512395479,557,512,1
1764512395488,551,511,1
1764512395492,546,511,1
1764512395499,540,510,1
1764512395508,536,510,1
1764512395518,530,508,1
1764512395524,526,507,1
1764512395536,520,505,0
1764512395544,514,504,0
1764512395549,508,501,0
1764512395558,503,499,0
1764512395569,497,497,0
1764512395574,493,496,0
1764512395581,487,493,0
1764512395589,482,491,0
1764512395593,478,489,0
1764512395603,475,487,0
1764512395609,472,485,0
1764512395619,470,484,0
1764512395631,467,482,0
1764512395639,464,479,0
1764512395644,462,478,0
1764512395656,460,476,0
1764512395659,457,475,0
1764512395666,455,472,0
1764512395669,454,471,0
1764512395682,452,469,0
1764512395688,451,466,0
1764512395699,448,462,0
1764512395705,446,460,0
1764512395709,443,454,0
1764512395719,440,450,0
1764512395731,438,446,0
1764512395739,438,444,0
1764512395749,435,438,0
1764512395749,434,434,0
1764512395758,432,428,0
1764512395769,432,423,0
1764512395778,431,417,0
1764512395780,430,412,0
1764512395789,428,405,0
1764512395799,428,399,0
1764512395808,427,394,0
1764512395818,427,388,1
1764512395818,427,383,1
1764512395831,427,377,1
1764512395839,427,372,1
1764512395845,427,367,1
1764512395854,427,361,1
1764512395860,427,354,1
1764512395869,427,348,1
1764512395878,427,341,1
1764512395878,426,333,1
1764512395892,426,326,1
1764512395904,425,320,1
1764512395909,425,315,1
1764512395918,425,311,1
1764512395924,425,307,1
1764512395931,425,301,1
1764512395940,425,297,1
1764512395949,426,291,1
1764512395956,426,286,1
1764512395963,427,280,1
1764512395972,428,275,1
1764512395979,429,269,1
1764512395988,430,266,1
1764512395988,432,261,1
1764512395999,432,257,1
1764512396009,434,253,1
1764512396019,434,250,1
1764512396023,435,245,1
1764512396031,436,241,1
1764512396039,437,236,1
1764512396052,440,231,1
1764512396058,442,226,1
1764512396060,445,220,1
1764512396074,448,216,1
1764512396083,450,211,1
1764512396088,453,208,1
1764512396099,456,204,1
1764512396101,458,202,1
1764512396109,460,199,1
1764512396118,463,196,1
1764512396128,468,191,1
1764512396133,470,188,1
1764512396139,475,184,1
1764512396148,481,178,1
1764512396159,487,172,1
1764512396169,491,168,1
1764512396179,496,163,1
1764512396180,498,161,1
1764512396189,502,159,1
1764512396199,506,156,1
1764512396199,509,154,1
1764512396212,512,152,1
1764512396223,518,149,1
1764512396232,520,147,1
1764512396238,525,144,1
1764512396244,528,141,1
1764512396249,533,139,1
1764512396260,538,135,1
1764512396272,541,133,1
1764512396278,546,131,1
1764512396284,548,130,1
1764512396291,554,127,1
1764512396299,559,125,1
1764512396308,562,124,1
1764512396308,568,122,1
1764512396323,572,121,1
1764512396333,580,119,1
1764512396339,586,118,1
1764512396349,592,117,1
1764512396355,597,115,1
1764512396363,606,114,1
1764512396370,611,114,1
1764512396379,616,114,1
1764512396386,621,113,1
1764512396389,626,112,1
1764512396402,631,111,1
1764512396411,635,110,1
1764512396419,639,110,1
1764512396428,644,109,1
1764512396433,649,109,1
1764512396439,653,109,1
1764512396449,656,109,1
1764512396449,660,109,1
1764512396465,663,108,1
1764512396474,666,108,1
1764512396482,670,107,1
1764512396489,674,106,1
1764512396497,678,105,1
1764512396498,683,104,1
1764512396513,686,104,1
1764512396519,690,104,0
1764512396528,694,104,0
1764512396532,700,104,0
1764512396544,704,104,0
1764512396549,707,104,0
1764512396560,710,104,0
1764512396560,713,104,0
1764512396576,715,104,0
1764512396579,717,104,0
1764512396592,719,104,0
1764512396599,721,104,0
1764512396608,723,104,0
1764512396614,725,104,0
1764512396619,728,105,0
1764512396628,731,106,0
1764512396632,734,106,0
1764512396640,737,107,0
1764512396649,740,108,0
1764512396661,743,110,0
1764512396671,746,111,0
1764512396671,751,112,0
1764512396679,754,113,0
1764512396689,757,116,0
1764512396699,762,117,0
1764512396703,765,118,0
1764512396714,770,120,0
1764512396719,777,124,0
1764512396728,780,126,0
1764512396739,782,127,0
1764512396748,787,131,0
1764512396750,790,133,0
1764512396758,792,135,0
1764512396769,794,137,0
1764512396781,796,142,0
1764512396783,798,145,0
1764512396789,799,148,0
1764512396799,801,151,0
1764512396809,804,158,0
1764512396815,806,163,0
1764512396819,808,168,0
1764512396834,812,174,0
1764512396841,816,180,0
1764512396848,820,186,0
1764512396857,823,191,0
1764512396864,830,200,0
1764512396872,834,205,0
1764512396878,836,210,0
1764512396889,839,214,0
1764512396894,842,219,0
1764512396899,844,222,0
1764512396910,845,226,0
1764512396918,847,231,0
1764512396926,849,237,0
1764512396932,849,239,0
1764512396942,850,243,0
1764512396949,851,248,0
1764512396959,851,251,0
1764512396959,851,254,0
1764512396974,852,259,0
1764512396979,853,264,0
1764512396990,854,270,0
1764512396999,854,276,0
1764512397005,855,283,0
1764512397009,855,289,0
1764512397021,856,300,0
1764512397029,856,308,0
1764512397037,856,316,0
1764512397043,856,324,0
1764512397051,855,332,0
1764512397059,855,342,0
1764512397069,855,351,0
1764512397069,855,360,0
1764512397084,854,370,0
1764512397092,852,378,0
1764512397099,849,389,0
1764512397107,846,397,0
1764512397109,843,406,0
1764512397118,840,414,0
1764512397132,835,424,0
1764512397132,829,434,0
1764512397145,824,442,0
1764512397150,817,452,0
1764512397158,813,460,0
1764512397169,807,467,0
1764512397169,802,473,0
1764512397179,797,479,0
1764512397189,792,484,0
1764512397199,787,489,0
1764512397209,781,494,0
1764512397211,775,497,0
1764512397219,769,502,0
1764512397229,764,505,0
1764512397238,757,511,0
1764512397247,748,517,0
1764512397249,742,522,0
1764512397259,736,526,0
1764512397268,728,531,0
1764512397279,723,534,0
1764512397279,716,538,0
1764512397290,708,542,0
1764512397299,700,546,0
1764512397309,693,551,0
1764512397309,683,556,0
1764512397322,673,559,0
1764512397333,665,564,0
1764512397338,651,568,0
1764512397349,642,571,0
1764512397358,633,575,0
1764512397365,626,577,0
1764512397372,617,579,0
1764512397380,611,580,0
1764512397389,604,582,0
1764512397389,597,583,0
1764512397399,589,584,0
1764512397409,582,584,0
1764512397418,572,585,0
1764512397425,567,585,0
1764512397438,562,585,0
1764512397442,555,584,0
1764512397451,549,583,0
1764512397459,543,581,0
1764512397459,537,578,0
1764512397472,531,575,0
1764512397479,526,572,0
1764512397489,516,568,0
1764512397489,510,565,0
1764512397505,504,561,0
1764512397509,497,557,0
1764512397520,490,551,0
1764512397529,484,545,0
1764512397536,474,535,0
1764512397543,465,524,0
1764512397552,458,514,0
1764512397559,451,504,0
1764512397569,444,492,0
1764512397569,433,476,0
1764512397579,427,467,0
1764512397589,423,460,0
1764512397598,418,452,0
1764512397605,412,441,0
1764512397609,409,434,0
1764512397621,406,427,0
1764512397629,404,417,0
1764512397639,401,404,0
1764512397639,399,393,0
1764512397653,397,382,0
1764512397659,396,368,0
1764512397669,395,358,0
1764512397669,395,349,0
1764512397685,395,340,0
1764512397695,395,330,0
1764512397702,396,325,0
1764512397709,397,319,0
1764512397719,399,313,0
1764512397719,403,305,0
1764512397733,405,299,0
1764512397738,408,293,0
1764512397747,412,285,0
1764512397756,416,279,0
1764512397764,419,273,1
1764512397769,423,268,1
1764512397779,426,263,1
1764512397788,431,253,1
1764512397794,437,247,1
1764512397803,443,240,1
1764512397810,449,232,1
1764512397819,454,225,1
1764512397829,462,216,1
1764512397833,470,207,1
1764512397842,477,199,1
1764512397849,486,191,1
1764512397858,500,177,1
1764512397865,507,172,1
1764512397874,514,167,1
1764512397879,520,162,1
1764512397890,527,156,1
1764512397898,532,153,1
1764512397905,536,151,1
1764512397913,544,147,1
1764512397919,547,144,1
1764512397926,549,143,1
1764512397933,554,141,1
1764512397939,558,139,1
1764512397951,564,136,1
1764512397958,570,135,1
1764512397958,578,133,1
1764512397969,584,130,1
1764512397979,591,129,1
1764512397989,599,128,1
1764512397999,607,128,1
1764512398004,616,126,1
1764512398009,627,126,1
1764512398020,639,126,1
1764512398029,651,126,1
1764512398039,664,125,1
1764512398039,678,125,1
1764512398052,687,125,1
1764512398059,695,125,1
1764512398068,700,126,1
1764512398068,706,127,1
1764512398086,712,129,1
1764512398091,718,132,1
1764512398099,724,135,1
1764512398099,728,138,1
1764512398115,733,141,1
1764512398119,740,146,1
1764512398131,745,150,1
1764512398139,750,154,1
1764512398149,755,158,1
1764512398151,760,161,1
1764512398162,764,165,1
1764512398169,767,168,1
1764512398169,770,171,1
1764512398179,773,175,1
1764512398189,776,180,1
1764512398199,780,187,1
1764512398209,782,191,1
1764512398210,784,197,1
1764512398226,784,202,1
1764512398233,786,209,1
1764512398239,787,216,1
1764512398249,789,223,1
1764512398259,790,230,1
1764512398265,791,236,1
1764512398273,792,241,1
1764512398278,792,250,1
1764512398278,792,255,0
1764512398290,792,262,0
1764512398303,792,268,0
1764512398311,792,275,0
1764512398319,792,282,0
1764512398321,792,290,0
1764512398334,790,297,0
1764512398341,789,304,0
1764512398349,786,315,0
1764512398358,785,321,0
1764512398358,784,327,0
1764512398369,784,333,0
1764512398379,783,338,0
1764512398389,783,344,0
1764512398398,782,349,0
1764512398401,782,355,0
1764512398409,781,359,0
1764512398419,780,363,0
1764512398429,780,368,0
1764512398434,780,371,0
1764512398439,779,374,0
1764512398449,779,378,0
1764512398459,778,380,0
1764512398464,778,384,0
1764512398474,777,390,0
1764512398480,776,394,0
1764512398491,774,399,0
1764512398498,772,404,0
1764512398508,770,409,0
1764512398515,769,412,0
1764512398521,767,415,0
1764512398529,764,421,0
1764512398534,762,425,0
1764512398543,760,428,0
1764512398551,757,432,0
1764512398559,754,436,0
1764512398569,751,440,0
1764512398576,747,443,0
1764512398579,742,448,0
1764512398590,737,452,0
1764512398599,734,455,1
1764512398607,729,459,1
1764512398615,722,463,1
1764512398622,717,466,1
1764512398628,711,470,1
1764512398639,705,472,1
1764512398645,697,475,0
1764512398654,690,476,0
1764512398659,683,478,0
1764512398670,675,479,0
1764512398679,670,479,0
1764512398686,661,480,0
1764512398688,653,481,0
1764512398702,645,481,0
1764512398709,637,482,0
1764512398718,629,482,0
1764512398724,622,483,0
1764512398734,615,483,0
1764512398739,610,483,0
1764512398749,602,483,0
1764512398750,596,484,0
1764512398765,590,484,1
1764512398771,583,485,1
1764512398781,576,485,1
1764512398781,568,486,1
1764512398789,562,486,1
1764512398801,556,486,1
1764512398809,550,486,1
1764512398819,541,485,1
1764512398827,534,483,1
1764512398834,528,480,1
1764512398839,522,477,1
1764512398849,516,474,1
1764512398858,510,471,1
1764512398868,505,467,1
1764512398868,499,463,1
1764512398881,493,459,1
1764512398889,487,453,1
1764512398897,479,443,1
1764512398898,474,437,1
1764512398913,469,428,1
1764512398918,465,421,1
1764512398929,459,413,1
1764512398934,456,406,1
1764512398945,452,399,1
1764512398949,448,392,1
1764512398959,445,386,1
1764512398961,442,379,1
1764512398973,438,370,1
1764512398978,436,365,1
1764512398992,434,357,1
1764512398998,431,350,1
1764512399008,429,342,1
1764512399008,426,334,1
1764512399024,424,327,1
1764512399029,422,318,1
1764512399040,421,311,1
1764512399044,419,303,1
1764512399049,419,290,1
1764512399059,419,281,1
1764512399069,419,270,1
1764512399071,420,261,0
1764512399084,422,251,0
1764512399088,423,243,0
1764512399098,426,234,0
1764512399109,429,227,0
1764512399119,431,220,0
1764512399123,434,213,0
1764512399128,439,203,0
1764512399139,443,197,0
1764512399139,448,191,0
1764512399151,453,185,0
1764512399159,457,179,0
1764512399168,462,173,0
1764512399179,467,167,0
1764512399183,472,161,0
1764512399194,478,155,0
1764512399199,487,146,0
1764512399209,494,139,0
1764512399219,502,134,0
1764512399219,509,129,0
1764512399230,518,123,0
1764512399239,526,118,0
1764512399248,535,113,0
1764512399248,542,107,0
1764512399262,549,103,0
1764512399268,557,98,0
1764512399279,567,93,0
1764512399288,574,88,0
1764512399294,581,85,0
1764512399299,588,82,0
1764512399312,595,79,0
1764512399319,601,77,0
1764512399326,608,75,0
1764512399329,615,74,0
1764512399342,622,72,0
1764512399349,629,72,0
1764512399359,639,71,0
1764512399369,648,70,0
1764512399374,654,70,0
1764512399378,662,70,0
1764512399390,669,70,0
1764512399399,681,71,0
1764512399406,688,73,0
1764512399409,699,76,0
1764512399421,706,77,0
1764512399429,713,80,0
1764512399438,721,83,0
1764512399439,726,86,0
1764512399453,730,88,0
1764512399458,733,91,0
1764512399469,738,95,0
1764512399469,740,97,0
1764512399478,744,99,0
1764512399489,746,103,0
1764512399499,750,107,0
1764512399509,751,109,0
1764512399509,754,112,0
1764512399524,758,117,0
1764512399533,763,122,0
1764512399539,764,124,0
1764512399549,768,128,0
1764512399559,772,134,0
1764512399559,776,141,0
1764512399569,780,147,0
1764512399579,787,161,0
1764512399579,791,170,1
1764512399589,797,178,1
1764512399598,801,185,1
1764512399608,806,196,1
1764512399618,811,206,1
1764512399621,813,213,1
1764512399629,816,222,1
1764512399639,820,233,1
1764512399639,822,240,1
1764512399652,823,248,1
1764512399659,823,257,1
1764512399668,824,265,1
1764512399681,824,273,1
1764512399689,824,281,1
1764512399694,824,295,1
1764512399700,824,305,1
1764512399708,824,315,1
1764512399719,824,327,1
1764512399727,824,333,1
1764512399734,824,340,1
1764512399738,824,348,1
1764512399748,824,357,1
1764512399748,824,365,1
1764512399764,824,372,1
1764512399769,823,379,1
1764512399780,823,390,1
1764512399789,822,399,1
1764512399795,821,407,1
1764512399798,819,415,1
1764512399811,816,428,1
1764512399819,813,436,1
1764512399827,808,443,1
1764512399834,802,453,1
1764512399843,798,459,0
1764512399849,794,464,0
1764512399858,789,470,0
1764512399868,783,474,1
1764512399874,778,480,0
1764512399879,772,487,0
1764512399890,760,493,1
1764512399899,752,499,1
1764512399899,743,503,1
1764512399914,731,508,1
1764512399919,722,512,1
1764512399929,712,515,1
1764512399939,696,518,1
1764512399939,687,521,1
1764512399954,676,522,1
1764512399958,665,524,1
1764512399970,648,526,1
1764512399970,637,527,1
1764512399979,627,528,1
1764512399990,616,528,1
1764512399998,603,528,1
1764512400008,593,528,1
1764512400015,585,528,1
1764512400023,573,528,0
1764512400028,567,528,0
1764512400039,559,528,0
1764512400049,552,526,0
1764512400053,541,522,0
1764512400058,532,518,0
1764512400069,525,512,0
1764512400079,514,505,0
1764512400085,506,498,0
1764512400089,500,493,0
1764512400101,494,487,0
1764512400108,485,478,1
1764512400116,482,475,1
1764512400124,477,464,1
1764512400134,473,456,1
1764512400142,468,447,1
1764512400149,461,432,1
1764512400154,457,422,1
1764512400165,452,411,1
1764512400168,448,399,1
1764512400178,444,390,1
1764512400181,440,382,1
1764512400194,437,374,1
1764512400204,434,364,1
1764512400209,432,356,1
1764512400218,429,347,1
1764512400228,428,340,1
1764512400228,426,330,1
1764512400244,426,324,1
1764512400251,425,319,1
1764512400257,425,309,1
1764512400264,425,306,1
1764512400269,424,299,1
1764512400280,424,292,1
1764512400289,424,283,1
1764512400296,424,276,1
1764512400304,424,269,1
1764512400312,425,264,1
1764512400319,427,258,1
1764512400329,431,251,1
1764512400329,433,247,1
1764512400340,436,242,1
1764512400349,438,238,1
1764512400359,442,233,1
1764512400360,444,231,1
1764512400374,447,226,1
1764512400378,451,224,1
1764512400392,454,221,1
1764512400399,457,218,1
1764512400409,464,212,1
1764512400417,469,207,1
1764512400423,475,203,1
1764512400428,481,198,1
1764512400437,487,193,1
1764512400444,493,188,1
1764512400449,499,184,1
1764512400459,507,180,1
1764512400468,513,176,1
1764512400478,521,169,1
1764512400484,527,165,1
1764512400489,533,161,1
1764512400499,539,159,1
1764512400509,545,155,1
1764512400509,551,152,1
1764512400520,556,149,1
1764512400528,562,146,1
1764512400540,568,143,1
1764512400546,573,141,1
1764512400551,582,138,1
1764512400563,587,136,1
1764512400569,598,134,1
1764512400579,607,133,1
1764512400588,613,132,1
1764512400595,624,130,1
1764512400599,631,129,1
1764512400609,637,127,1
1764512400615,642,127,1
1764512400619,650,127,1
1764512400630,654,127,1
1764512400641,660,127,1
1764512400649,663,127,1
1764512400658,670,127,1
1764512400663,676,127,1
1764512400669,681,128,1
1764512400679,685,128,1
1764512400679,690,130,1
1764512400695,693,133,1
1764512400698,697,134,1
1764512400711,699,137,1
1764512400719,703,140,1
1764512400726,705,144,1
1764512400736,709,149,1
1764512400744,712,153,1
1764512400753,713,156,1
1764512400761,716,160,1
1764512400768,719,165,1
1764512400773,721,169,0
1764512400779,723,173,0
1764512400789,726,177,0
1764512400799,729,181,0
1764512400805,731,185,0
1764512400815,735,191,0
1764512400820,738,195,0
1764512400831,741,200,0
1764512400836,743,203,0
1764512400845,747,208,0
1764512400852,750,210,0
1764512400858,752,212,0
1764512400867,753,215,0
1764512400875,755,217,0
1764512400885,756,218,0
1764512400893,759,222,0
1764512400901,760,224,0
1764512400907,763,226,0
1764512400916,764,228,0
1764512400925,766,231,0
1764512400928,767,234,0
1764512400938,770,237,0
1764512400946,772,241,0
1764512400953,775,244,0
1764512400961,778,249,0
1764512400969,780,252,0
1764512400975,783,256,0
1764512400981,785,258,0
1764512400989,786,261,0
1764512400999,789,265,0
1764512401009,789,267,0
1764512401019,791,270,0
1764512401028,793,274,0
1764512401029,794,276,0
1764512401041,796,279,0
1764512401049,797,282,0
1764512401049,799,286,0
1764512401060,802,290,0
1764512401069,803,293,1
1764512401079,804,297,1
1764512401089,805,300,1
1764512401091,807,307,1
1764512401099,809,312,1
1764512401109,810,319,1
1764512401119,812,325,1
1764512401123,812,331,1
1764512401128,813,336,1
1764512401142,813,344,1
1764512401149,813,351,1
1764512401158,813,359,1
1764512401165,812,368,1
1764512401170,810,378,1
1764512401178,805,394,1
1764512401188,802,405,1
1764512401199,797,420,1
1764512401202,793,429,1
1764512401208,788,437,1
1764512401219,783,445,1
1764512401229,777,453,1
1764512401238,773,459,1
1764512401242,768,463,1
1764512401254,760,468,1
1764512401259,756,472,1
1764512401269,750,475,1
1764512401269,744,478,1
1764512401282,734,481,1
1764512401289,727,483,1
1764512401299,720,485,1
1764512401299,712,488,1
1764512401314,702,489,1
1764512401319,694,491,1
1764512401330,687,493,1
1764512401339,676,495,1
1764512401348,667,496,1
1764512401355,660,498,1
1764512401361,652,499,1
1764512401368,641,501,1
1764512401378,634,501,1
1764512401378,626,502,1
1764512401389,619,503,1
1764512401399,608,504,1
1764512401409,604,504,1
1764512401412,597,504,1
1764512401419,587,504,1
1764512401431,579,504,1
1764512401442,571,504,1
1764512401449,564,502,1
1764512401449,554,500,1
1764512401464,547,498,1
1764512401468,539,495,1
1764512401479,533,493,1
1764512401479,523,490,1
1764512401496,517,488,1
1764512401503,512,485,1
1764512401508,504,482,1
1764512401519,499,479,1
1764512401522,494,476,1
1764512401536,491,474,1
1764512401542,485,470,1
1764512401549,477,467,1
1764512401554,469,463,0
1764512401559,463,459,0
1764512401570,457,455,0
1764512401578,451,450,0
1764512401588,445,446,0
1764512401594,440,441,0
1764512401602,435,435,0
1764512401609,430,429,0
1764512401618,426,423,0
1764512401628,421,415,0
1764512401633,417,407,0
1764512401642,414,401,0
1764512401649,414,398,0
1764512401659,414,396,0
1764512401664,414,393,0
1764512401668,414,391,0
1764512401680,414,389,0
1764512401689,414,386,0
1764512401699,414,382,0
1764512401699,414,376,0
1764512401712,414,371,0
1764512401723,414,364,0
1764512401729,414,357,0
1764512401738,414,351,0
1764512401744,413,345,0
1764512401749,413,340,0
1764512401760,412,335,0
1764512401769,412,331,0
1764512401778,411,327,0
1764512401778,411,324,0
1764512401791,411,320,0
1764512401803,411,317,0
1764512401811,411,313,0
1764512401818,411,307,0
1764512401823,411,303,0
1764512401829,411,299,0
1764512401842,412,293,0
1764512401849,414,288,0
1764512401854,414,282,0
1764512401863,415,276,0
1764512401872,417,272,0
1764512401882,419,267,1
1764512401889,423,260,1
1764512401898,426,254,1
1764512401902,429,248,1
1764512401909,432,242,1
1764512401918,439,233,1
1764512401929,444,225,1
1764512401934,450,216,1
1764512401943,453,211,1
1764512401950,457,206,1
1764512401958,460,201,1
1764512401966,465,195,1
1764512401974,469,190,1
1764512401982,472,187,1
1764512401988,474,183,1
1764512401997,478,177,1
1764512402006,482,174,1
1764512402013,485,170,1
1764512402019,492,164,1
1764512402030,498,160,1
1764512402038,502,156,1
1764512402044,509,151,1
1764512402049,515,146,1
1764512402060,520,142,1
1764512402069,524,138,1
1764512402076,530,135,1
1764512402079,536,132,1
1764512402092,541,130,1
1764512402099,545,129,1
1764512402109,551,128,1
1764512402115,554,126,1
1764512402118,560,125,1
1764512402135,563,124,1
1764512402141,566,123,1
1764512402149,573,121,1
1764512402149,577,121,1
1764512402160,581,121,1
1764512402169,584,121,1
1764512402175,588,120,1
1764512402179,592,119,1
1764512402191,597,119,1
1764512402198,600,119,1
1764512402209,605,119,1
1764512402209,612,119,1
1764512402223,616,119,1
1764512402229,621,119,1
1764512402238,628,119,1
1764512402249,633,119,1
1764512402255,640,119,1
1764512402259,646,119,1
1764512402271,651,119,1
1764512402279,657,120,1
1764512402287,662,120,1
1764512402297,669,122,1
1764512402303,671,122,1
1764512402309,673,123,1
1764512402321,677,124,1
1764512402329,681,126,1
1764512402329,685,127,1
1764512402339,689,129,1
1764512402349,692,130,1
1764512402349,697,132,1
1764512402363,704,135,1
1764512402374,707,137,1
1764512402378,712,140,1
1764512402390,715,141,1
1764512402392,718,143,1
1764512402405,722,144,1
1764512402409,725,146,1
1764512402421,728,148,1
1764512402427,733,151,1
1764512402433,735,151,1
1764512402443,737,153,1
1764512402449,740,154,1
1764512402459,742,155,1
1764512402459,743,156,1
1764512402468,744,156,1
1764512402478,747,158,1
1764512402489,749,159,1
1764512402499,750,162,1
1764512402500,752,163,1
1764512402509,755,166,1
1764512402519,758,168,1
1764512402529,760,169,1
1764512402536,762,172,1
1764512402543,763,173,1
1764512402548,766,175,1
1764512402559,768,176,1
1764512402569,770,178,1
1764512402569,773,181,1
1764512402580,775,183,1
1764512402588,776,184,1
1764512402599,779,188,1
1764512402603,780,190,1
1764512402611,783,193,1
1764512402624,784,195,1
1764512402629,787,199,1
1764512402639,788,202,1
1764512402647,790,205,1
1764512402649,792,208,1
1764512402662,793,211,1
1764512402669,794,214,1
1764512402679,796,217,1
1764512402679,796,219,1
1764512402692,798,223,1
1764512402699,800,226,1
1764512402709,801,230,1
1764512402709,803,235,1
1764512402724,806,241,1
1764512402729,808,245,1
1764512402740,810,251,1
1764512402749,811,255,1
1764512402756,813,261,1
1764512402764,815,268,1
1764512402772,815,273,1
1764512402779,817,277,1
1764512402788,817,281,1
1764512402793,817,285,1
1764512402799,818,288,1
1764512402809,818,293,1
1764512402819,818,296,1
1764512402822,818,300,1
1764512402829,818,303,1
1764512402844,818,307,1
1764512402849,818,310,1
1764512402854,818,314,1
1764512402858,818,316,1
1764512402870,818,319,1
1764512402878,818,321,1
1764512402888,818,323,1
1764512402888,818,325,1
1764512402902,818,328,1
1764512402909,818,330,1
1764512402918,818,334,1
1764512402929,818,337,1
1764512402934,817,340,1
1764512402943,817,343,1
1764512402950,816,347,1
1764512402958,815,351,1
1764512402966,814,355,1
1764512402976,813,358,1
1764512402984,810,364,1
1764512402989,809,368,1
1764512402999,807,374,1
1764512402999,805,379,1
1764512403013,802,385,1
1764512403019,799,390,1
1764512403029,796,396,1
1764512403038,794,402,1
1764512403044,791,408,1
1764512403049,788,413,1
1764512403060,785,417,1
1764512403069,784,421,1
1764512403076,781,425,1
1764512403085,778,429,1
1764512403092,775,433,1
1764512403099,774,436,1
1764512403109,772,438,1
1764512403109,771,441,1
1764512403124,769,443,1
1764512403129,768,446,1
1764512403140,766,448,1
1764512403144,764,450,1
1764512403156,763,452,1
1764512403159,760,456,1
1764512403172,759,458,1
1764512403179,756,460,1
1764512403188,754,463,1
1764512403194,751,466,1
1764512403199,749,468,1
1764512403208,747,471,1
1764512403208,745,472,1
1764512403224,738,477,1
1764512403229,733,479,1
1764512403240,730,480,1
1764512403248,722,482,1
1764512403256,717,484,1
1764512403259,713,485,1
1764512403272,707,488,1
1764512403278,703,489,1
1764512403289,698,491,1
1764512403289,694,491,1
1764512403304,687,494,1
1764512403309,683,494,1
1764512403320,677,495,1
1764512403320,666,496,1
1764512403336,661,497,1
1764512403344,651,498,1
1764512403352,644,499,1
1764512403359,639,499,1
1764512403368,635,499,1
1764512403368,629,499,1
1764512403379,620,499,1
1764512403389,615,499,1
1764512403400,609,499,1
1764512403400,604,499,1
1764512403408,598,499,1
1764512403419,594,499,1
1764512403429,589,499,1
1764512403439,585,499,1
1764512403444,579,499,1
1764512403449,571,499,1
1764512403459,566,499,1
1764512403466,560,498,1
1764512403469,555,497,1
1764512403479,550,497,1
1764512403489,547,496,1
1764512403498,544,495,1
1764512403508,542,494,1
1764512403511,539,493,1
1764512403519,536,493,1
1764512403529,532,491,1
1764512403539,530,490,1
1764512403548,528,489,1
1764512403552,526,487,1
1764512403559,523,487,1
1764512403569,522,486,1
1764512403578,521,485,1
1764512403578,517,482,1
1764512403590,515,480,1
1764512403598,513,477,1
1764512403608,512,475,1
1764512403608,510,473,1
1764512403622,508,469,1
1764512403634,505,465,1
1764512403639,504,463,1
1764512403644,502,459,1
1764512403654,499,455,1
1764512403659,499,453,1
1764512403670,496,450,1
1764512403679,495,448,1
1764512403686,493,445,1
1764512403689,491,442,1
1764512403704,489,439,1
1764512403711,487,436,1
1764512403719,485,432,1
1764512403721,482,429,1
1764512403733,480,425,1
1764512403738,479,420,1
1764512403749,477,416,1
1764512403751,475,412,1
1764512403765,471,403,1
1764512403769,469,398,1
1764512403781,467,394,1
1764512403789,465,390,1
1764512403796,465,385,1
1764512403799,465,382,1
1764512403808,465,379,1
1764512403819,465,377,1
1764512403819,465,373,1
1764512403829,465,369,1
1764512403839,465,365,1
1764512403851,465,360,1
1764512403858,465,354,0
1764512403865,465,349,0
1764512403874,465,343,0
1764512403881,465,338,0
1764512403893,465,331,0
1764512403899,465,323,0
1764512403904,465,318,0
1764512403914,465,312,0
1764512403921,467,307,0
1764512403929,467,301,0
1764512403939,469,292,0
1764512403945,471,285,0
1764512403953,472,275,0
1764512403961,473,269,0
1764512403969,473,263,0
1764512403976,473,260,0
1764512403984,473,252,0
1764512403989,473,246,1
1764512403999,473,241,1
1764512403999,473,235,1
1764512404014,473,232,1
1764512404023,473,228,1
1764512404029,474,225,1
1764512404039,475,222,1
1764512404049,476,220,1
1764512404049,476,217,1
1764512404058,478,212,1
1764512404069,480,210,1
1764512404078,480,208,1
1764512404085,481,205,1
1764512404089,483,203,1
1764512404099,484,201,1
1764512404108,485,200,1
1764512404108,488,198,1
1764512404125,490,195,1
1764512404129,492,193,1
1764512404138,497,189,1
1764512404150,502,186,1
1764512404154,504,184,1
1764512404163,509,182,1
1764512404169,512,180,1
1764512404178,519,177,1
1764512404188,524,176,1
1764512404190,531,173,1
1764512404200,535,172,1
1764512404213,541,170,1
1764512404219,549,167,0
1764512404219,555,165,0
1764512404232,561,163,0
1764512404241,567,160,0
1764512404250,575,158,0
1764512404250,579,157,0
1764512404264,587,154,0
1764512404269,592,153,0
1764512404280,598,151,0
1764512404289,604,150,0
1764512404298,608,148,0
1764512404304,612,147,0
1764512404312,617,147,0
1764512404319,623,145,0
1764512404329,627,144,1
1764512404329,631,142,1
1764512404343,636,141,1
1764512404350,641,139,1
1764512404359,646,138,1
1764512404359,651,137,1
1764512404375,656,137,1
1764512404378,661,136,1
1764512404391,664,136,1
1764512404399,670,136,1
1764512404406,674,136,1
1764512404409,679,136,1
1764512404419,684,136,1
1764512404428,687,136,1
1764512404436,692,136,1
1764512404445,695,136,1
1764512404454,698,136,1
1764512404459,700,136,1
1764512404470,702,136,1
1764512404476,706,137,1
1764512404486,709,137,1
1764512404491,712,139,1
1764512404501,714,139,1
1764512404501,716,139,1
1764512404509,718,140,1
1764512404519,720,141,1
1764512404528,723,142,1
1764512404539,724,143,1
1764512404539,725,144,1
1764512404550,729,146,1
1764512404558,730,148,1
1764512404569,732,149,1
1764512404579,736,153,1
1764512404587,738,155,1
1764512404593,743,159,1
1764512404601,746,162,1
1764512404608,750,166,1
1764512404617,754,170,1
1764512404619,765,183,1
1764512404633,771,189,1
1764512404639,780,197,1
1764512404649,783,201,1
1764512404658,788,206,1
1764512404664,792,209,1
1764512404668,796,213,1
1764512404680,798,216,1
1764512404688,800,219,1
1764512404688,801,220,1
1764512404703,803,222,1
1764512404710,803,224,1
1764512404719,804,225,1
1764512404739,804,226,1
1764512404751,804,228,1
1764512404760,805,229,1
1764512404765,805,231,1
1764512404772,806,233,1
1764512404781,806,235,1
1764512404789,806,238,1
1764512404799,806,241,1
1764512404805,806,244,1
1764512404809,806,247,1
1764512404818,806,252,1
1764512404831,806,260,1
1764512404838,806,265,1
1764512404844,806,272,1
1764512404851,806,279,1
1764512404861,806,287,1
1764512404867,806,293,1
1764512404876,806,301,1
1764512404885,805,308,1
1764512404891,805,315,1
1764512404899,804,322,1
1764512404909,803,330,0
1764512404913,801,337,0
1764512404920,800,343,0
1764512404929,799,350,0
1764512404936,799,355,0
1764512404943,798,361,0
1764512404953,798,366,1
1764512404958,798,371,1
1764512404969,798,376,1
1764512404969,798,380,1
1764512404982,798,385,1
1764512404994,798,388,1
1764512405001,799,391,1
1764512405009,799,394,1
1764512405014,800,397,1
1764512405024,800,400,1
1764512405030,800,402,1
1764512405039,800,403,1
1764512405046,800,404,1
1764512405051,800,405,1
1764512405062,800,407,1
1764512405069,799,409,1
1764512405079,799,411,1
1764512405088,797,414,1
1764512405094,796,416,1
1764512405099,795,422,1
1764512405110,792,425,1
1764512405110,791,432,1
1764512405126,788,437,1
1764512405129,787,441,1
1764512405142,785,446,1
1764512405149,782,453,1
1764512405158,779,458,1
1764512405159,777,461,1
1764512405174,773,466,1
1764512405178,770,472,1
1764512405190,767,478,1
1764512405192,762,485,1
1764512405205,759,488,1
1764512405211,755,492,1
1764512405219,750,495,1
1764512405225,745,499,1
1764512405235,741,502,1
1764512405243,737,504,1
1764512405251,733,507,1
1764512405259,728,510,1
1764512405268,722,512,1
1764512405275,715,514,1
1764512405279,711,515,1
1764512405289,706,516,1
1764512405289,701,516,1
1764512405305,694,517,1
1764512405313,688,518,1
1764512405320,679,518,1
1764512405331,671,519,1
1764512405336,662,519,1
1764512405344,655,519,1
1764512405352,646,519,1
1764512405361,639,519,1
1764512405369,633,519,1
1764512405374,628,519,1
1764512405379,623,519,1
1764512405389,617,517,1
1764512405398,613,517,1
1764512405398,608,517,1
1764512405411,605,516,1
1764512405419,601,514,1
1764512405428,594,513,1
1764512405438,591,512,1
1764512405442,586,510,1
1764512405451,583,510,1
1764512405459,579,508,1
1764512405468,574,507,1
1764512405479,570,505,1
1764512405485,566,503,1
1764512405493,563,502,1
1764512405501,560,501,1
1764512405509,557,499,1
1764512405511,552,497,1
1764512405525,550,496,1
1764512405529,546,493,1
1764512405539,542,492,1
1764512405539,539,489,1
1764512405554,536,488,1
1764512405559,531,485,1
1764512405570,526,484,1
1764512405578,521,481,1
1764512405588,517,479,1
1764512405588,514,477,1
1764512405602,511,476,1
1764512405608,506,473,1
1764512405619,504,471,1
1764512405629,501,469,1
1764512405634,498,467,1
1764512405639,495,465,1
1764512405651,492,463,1
1764512405659,490,460,1
1764512405667,488,459,1
1764512405675,486,457,1
1764512405685,484,456,1
1764512405691,483,454,1
1764512405699,482,453,1
1764512405708,481,452,1
1764512405716,481,450,1
1764512405721,480,449,1
1764512405731,479,448,1
1764512405739,479,447,1
1764512405746,478,446,1
1764512405754,477,444,1
1764512405760,475,441,1
1764512405769,473,439,1
1764512405778,470,437,1
1764512405778,469,434,1
1764512405792,466,431,1
1764512405799,463,428,1
1764512405799,461,425,1
1764512405813,459,421,1
1764512405819,457,418,1
1764512405829,455,411,1
1764512405838,453,406,1
1764512405845,453,402,1
1764512405852,453,398,1
1764512405860,453,394,1
1764512405868,453,391,1
1764512405879,453,386,1
1764512405888,453,382,1
1764512405892,453,376,1
1764512405898,453,371,1
1764512405911,453,366,1
1764512405918,453,361,1
1764512405924,453,355,1
1764512405929,453,351,1
1764512405940,453,346,1
1764512405952,453,341,1
1764512405956,453,338,1
1764512405958,453,333,1
1764512405972,453,329,1
1764512405979,453,325,1
1764512405988,453,322,1
1764512405997,453,317,1
1764512406003,453,313,1
1764512406008,453,310,1
1764512406019,454,306,1
1764512406028,454,303,1
1764512406036,454,300,1
1764512406038,454,297,1
1764512406053,456,293,1
1764512406059,456,289,1
1764512406066,458,285,1
1764512406069,460,275,1
1764512406082,461,272,1
1764512406089,462,266,1
1764512406099,465,263,1
1764512406099,467,256,1
1764512406114,468,253,1
1764512406121,470,249,1
1764512406130,473,245,1
1764512406138,475,241,1
1764512406146,477,237,1
1764512406152,479,233,1
1764512406159,482,229,1
1764512406162,485,223,1
1764512406169,488,218,1
1764512406179,491,212,1
1764512406189,493,209,1
1764512406199,496,204,1
1764512406207,499,200,1
1764512406215,501,196,1
1764512406223,505,192,1
1764512406229,508,188,1
1764512406229,512,180,1
1764512406246,516,177,1
1764512406252,519,173,1
1764512406259,523,169,1
1764512406269,525,167,1
1764512406278,529,165,1
1764512406285,532,162,1
1764512406290,534,160,1
1764512406299,539,157,1
1764512406309,543,154,1
1764512406319,549,150,1
1764512406324,554,147,1
1764512406331,559,144,1
1764512406339,564,142,1
1764512406349,567,139,1
1764512406352,572,136,1
1764512406363,577,133,1
1764512406369,581,132,1
1764512406379,584,130,1
1764512406382,590,129,1
1764512406394,596,127,1
1764512406399,598,127,1
1764512406409,602,126,1
1764512406419,604,126,1
1764512406419,609,126,1
1764512406430,614,125,1
1764512406439,618,125,1
1764512406448,622,125,1
1764512406452,627,125,1
1764512406462,630,125,1
1764512406469,636,125,1
1764512406479,642,126,1
1764512406489,648,126,1
1764512406494,656,127,1
1764512406499,664,128,1
1764512406510,677,130,1
1764512406519,686,132,1
1764512406526,696,134,1
1764512406528,703,135,1
1764512406542,712,137,1
1764512406552,719,139,1
1764512406559,729,141,1
1764512406568,732,142,1
1764512406575,734,143,1
1764512406584,735,143,1
1764512406590,737,144,1
1764512406599,738,145,1
1764512406608,739,146,1
1764512406611,744,148,1
1764512406622,746,150,1
1764512406629,750,151,1
1764512406639,752,153,1
1764512406648,758,155,1
1764512406656,764,158,1
1764512406663,773,163,1
1764512406671,780,166,1
1764512406679,786,169,1
1764512406686,792,172,1
1764512406694,798,175,1
1764512406702,804,178,0
1764512406708,809,180,0
1764512406717,812,183,0
1764512406726,814,185,0
1764512406734,817,187,0
1764512406742,818,188,0
1764512406749,819,190,0
1764512406752,820,193,0
1764512406763,821,195,0
1764512406771,822,197,0
1764512406779,823,200,0
1764512406787,824,205,0
1764512406795,825,208,0
1764512406805,826,212,0
1764512406812,828,218,0
1764512406819,828,222,1
1764512406829,830,228,1
1764512406836,831,232,1
1764512406845,833,238,1
1764512406849,834,242,1
1764512406858,835,248,1
1764512406865,836,254,1
1764512406874,838,261,1
1764512406882,838,266,1
1764512406888,839,274,1
1764512406898,839,280,1
1764512406907,839,284,1
1764512406913,839,288,1
1764512406919,839,291,1
1764512406930,839,295,1
1764512406932,839,298,1
1764512406943,837,302,1
1764512406952,837,306,1
1764512406958,835,312,1
1764512406968,835,317,1
1764512406974,834,322,1
1764512406985,833,326,1
1764512406992,832,331,1
1764512407001,832,335,1
1764512407008,831,339,1
1764512407015,831,343,1
1764512407022,830,346,1
1764512407029,829,352,1
1764512407036,829,357,1
1764512407045,828,366,1
1764512407052,827,371,1
1764512407063,826,377,1
1764512407069,824,383,1
1764512407079,823,389,1
1764512407085,821,396,1
1764512407095,820,403,1
1764512407105,818,412,1
1764512407107,817,421,1
1764512407116,815,435,1
1764512407124,814,444,0
1764512407133,813,453,0
1764512407139,811,457,0
1764512407148,810,459,0
1764512407156,808,462,0
1764512407159,807,463,0
1764512407169,805,464,0
1764512407179,804,465,0
1764512407188,801,467,0
1764512407194,798,468,0
1764512407199,795,470,0
1764512407208,789,472,0
1764512407208,785,472,1
1764512407221,779,474,1
1764512407229,772,476,1
1764512407239,764,480,1
1764512407249,759,480,1
1764512407252,755,482,1
1764512407266,747,483,1
1764512407273,740,484,1
1764512407279,734,486,1
1764512407287,727,487,1
1764512407295,721,489,1
1764512407304,713,491,1
1764512407312,707,493,1
1764512407318,702,495,1
1764512407329,695,497,1
1764512407331,691,500,1
1764512407339,684,503,1
1764512407352,680,504,1
1764512407359,674,505,1
1764512407366,671,506,1
1764512407373,665,507,1
1764512407381,660,508,1
1764512407389,650,509,1
1764512407397,643,509,1
1764512407405,637,509,1
1764512407410,630,509,1
1764512407419,625,509,1
1764512407429,619,509,1
1764512407435,614,509,1
1764512407446,607,509,1
1764512407453,602,509,1
1764512407459,595,509,1
1764512407469,580,508,1
1764512407474,572,507,1
1764512407483,564,505,1
1764512407492,556,504,1
1764512407499,543,501,1
1764512407507,534,498,1
1764512407516,526,496,1
1764512407525,517,494,1
1764512407531,506,492,1
1764512407539,501,491,1
1764512407545,495,489,0
1764512407552,487,485,0
1764512407562,482,483,0
1764512407569,477,481,0
1764512407579,472,479,0
1764512407585,466,475,0
1764512407593,461,473,0
1764512407602,456,469,0
1764512407609,451,464,0
1764512407619,446,458,0
1764512407619,442,453,0
1764512407629,438,447,0
1764512407639,435,441,0
1764512407649,432,435,0
1764512407652,431,429,0
1764512407659,429,422,0
1764512407669,428,415,0
1764512407679,428,407,0
1764512407688,428,401,0
1764512407688,425,389,0
1764512407699,424,380,1
1764512407709,423,371,1
1764512407713,423,363,1
1764512407725,423,355,1
1764512407732,423,347,1
1764512407739,423,340,1
1764512407748,423,332,1
1764512407752,423,325,1
1764512407761,423,319,1
1764512407769,423,311,1
1764512407779,423,305,1
1764512407789,423,300,1
1764512407793,424,297,1
1764512407799,425,292,1
1764512407813,425,289,1
1764512407819,426,285,1
1764512407829,426,282,1
1764512407829,427,277,1
1764512407840,429,270,1
1764512407852,430,266,1
1764512407861,432,260,1
1764512407868,435,255,1
1764512407872,438,248,1
1764512407879,441,242,1
1764512407889,444,235,1
1764512407889,448,228,1
1764512407904,451,222,1
1764512407913,454,216,1
1764512407920,458,207,1
1764512407929,464,201,1
1764512407935,466,198,1
1764512407939,471,193,1
1764512407953,474,189,1
1764512407959,478,186,1
1764512407969,482,182,1
1764512407969,487,179,1
1764512407979,492,175,1
1764512407991,496,173,1
1764512407999,504,167,1
1764512408002,508,165,1
1764512408014,514,162,1
1764512408019,521,161,1
1764512408029,531,157,1
1764512408038,538,155,1
1764512408038,549,153,1
1764512408053,557,152,1
1764512408058,566,150,1
1764512408069,575,148,1
1764512408079,588,146,1
1764512408082,596,145,1
1764512408089,603,143,1
1764512408099,613,141,1
1764512408108,624,138,1
1764512408114,632,137,1
1764512408119,641,135,1
1764512408133,655,133,1
1764512408139,665,133,1
1764512408146,676,132,1
1764512408155,685,132,1
1764512408162,700,132,1
1764512408168,709,132,1
1764512408179,716,132,1
1764512408187,721,132,1
1764512408194,729,132,1
1764512408202,734,132,1
1764512408211,737,132,1
1764512408219,740,132,1
1764512408227,743,134,1
1764512408233,746,134,1
1764512408240,748,135,1
1764512408249,750,137,1
1764512408256,752,137,1
1764512408264,755,139,1
1764512408272,756,140,1
1764512408279,758,142,1
1764512408289,759,144,1
1764512408289,761,146,1
1764512408305,761,147,1
1764512408312,763,150,1
1764512408318,766,153,1
1764512408320,768,157,1
1764512408328,771,160,1
1764512408339,778,175,1
1764512408348,780,180,1
1764512408359,782,186,1
1764512408359,784,194,1
1764512408369,787,203,1
1764512408379,789,210,1
1764512408389,791,217,1
1764512408399,795,226,1
1764512408402,797,232,1
1764512408413,798,238,1
1764512408418,800,242,1
1764512408428,803,248,1
1764512408432,805,253,1
1764512408439,807,257,1
1764512408453,809,261,1
1764512408458,809,264,1
1764512408469,810,266,1
1764512408469,812,270,1
1764512408484,812,272,1
1764512408488,813,276,1
1764512408499,814,281,1
1764512408499,815,283,1
1764512408515,815,286,1
1764512408523,816,289,1
1764512408529,817,293,1
1764512408539,817,297,1
1764512408544,817,301,1
1764512408554,817,306,1
1764512408560,817,309,1
1764512408569,817,312,1
1764512408577,817,316,1
1764512408579,817,319,1
1764512408592,817,324,1
1764512408601,817,327,1
1764512408609,817,331,1
1764512408609,817,336,1
1764512408624,817,340,1
1764512408629,817,345,1
1764512408640,817,350,1
1764512408649,817,356,1
1764512408656,817,361,1
1764512408658,816,368,1
1764512408672,816,373,1
1764512408679,814,378,1
1764512408689,814,384,1
1764512408689,812,388,1
1764512408704,810,392,1
1764512408708,806,399,1
1764512408719,803,406,1
1764512408719,800,411,1
1764512408736,797,417,1
1764512408739,793,421,1
1764512408749,786,429,1
1764512408758,781,434,1
1764512408758,776,438,1
1764512408769,772,441,1
1764512408779,765,445,1
1764512408789,762,448,1
1764512408789,758,451,1
1764512408805,754,452,1
1764512408810,749,456,1
1764512408819,745,459,1
1764512408830,742,461,1
1764512408837,739,464,1
1764512408843,735,466,1
1764512408849,733,468,1
1764512408862,731,469,1
1764512408862,727,471,1
1764512408873,725,473,1
1764512408879,722,473,1
1764512408888,719,474,1
1764512408899,716,476,1
1764512408899,714,477,1
1764512408913,709,477,1
1764512408918,706,478,1
1764512408928,700,481,1
1764512408928,696,483,1
1764512408941,693,484,1
1764512408954,687,487,1
1764512408959,683,488,1
1764512408968,680,488,1
1764512408973,676,490,1
1764512408984,668,490,1
1764512408989,660,491,1
1764512408998,654,492,1
1764512409008,649,492,1
1764512409008,644,492,1
1764512409021,638,493,1
1764512409029,631,493,1
1764512409039,623,493,1
1764512409047,616,493,1
1764512409054,610,492,1
1764512409059,603,492,1
1764512409069,595,490,1
1764512409079,588,490,1
1764512409088,580,488,1
1764512409094,573,487,1
1764512409100,562,486,1
1764512409110,554,484,1
1764512409117,547,483,1
1764512409119,538,481,1
1764512409131,533,479,1
1764512409138,527,477,1
1764512409149,523,476,1
1764512409154,517,473,1
1764512409163,511,471,1
1764512409169,505,468,1
1764512409178,496,463,1
1764512409178,492,459,1
1764512409189,487,456,1
1764512409199,483,452,1
1764512409208,480,450,1
1764512409219,477,446,1
1764512409219,473,442,1
1764512409229,471,438,1
1764512409238,467,433,1
1764512409248,463,426,1
1764512409259,460,423,1
1764512409264,457,418,1
1764512409269,456,412,1
1764512409280,452,402,1
1764512409288,450,395,1
1764512409296,449,387,1
1764512409299,447,376,1
1764512409312,446,368,1
1764512409319,444,361,1
1764512409329,444,351,1
1764512409329,444,345,1
1764512409343,444,338,1
1764512409354,444,333,1
1764512409359,444,328,1
1764512409359,445,322,1
1764512409375,446,318,1
1764512409379,448,309,1
1764512409391,450,305,1
1764512409399,452,300,1
1764512409406,455,294,1
1764512409408,455,289,1
1764512409422,456,283,1
1764512409429,456,280,1
1764512409440,456,274,1
1764512409440,456,271,1
1764512409454,457,267,1
1764512409459,457,264,1
1764512409469,458,262,1
1764512409471,458,259,1
1764512409487,459,256,1
1764512409489,459,252,1
1764512409502,459,249,1
1764512409511,460,244,1
1764512409518,461,241,1
1764512409520,462,234,1
1764512409529,464,228,1
1764512409539,465,223,1
1764512409549,467,217,1
1764512409555,469,213,1
1764512409558,470,208,1
1764512409571,473,205,1
1764512409578,476,200,1
1764512409589,478,196,1
1764512409589,481,192,1
1764512409604,484,185,1
1764512409615,487,181,1
1764512409619,490,176,1
1764512409629,492,174,1
1764512409634,495,169,1
1764512409644,499,166,1
1764512409650,502,162,1
1764512409658,506,160,1
1764512409666,513,152,1
1764512409676,518,149,1
1764512409682,521,146,1
1764512409691,525,143,1
1764512409699,531,140,1
1764512409709,534,138,1
1764512409709,537,138,1
1764512409719,540,136,1
1764512409729,545,134,1
1764512409736,548,133,1
1764512409745,553,132,1
1764512409754,562,131,1
1764512409759,565,131,1
1764512409769,570,130,1
1764512409777,577,129,1
1764512409782,583,129,1
1764512409788,588,129,1
1764512409799,594,128,1
1764512409807,599,128,1
1764512409816,604,128,1
1764512409819,612,128,1
1764512409829,618,128,1
1764512409838,622,128,1
1764512409846,627,128,1
1764512409854,633,128,1
1764512409863,638,128,1
1764512409869,644,128,1
1764512409879,649,128,1
1764512409879,656,128,1
1764512409893,664,129,1
1764512409901,675,130,1
1764512409909,683,130,1
1764512409909,691,131,1
1764512409926,699,132,1
1764512409929,709,134,1
1764512409941,715,134,1
1764512409949,722,136,1
1764512409958,728,136,1
1764512409963,734,138,1
1764512409970,738,138,1
1764512409979,743,140,1
1764512409986,748,141,1
1764512409995,750,142,1
1764512410004,753,143,1
1764512410009,755,144,1
1764512410018,759,146,1
1764512410018,761,147,1
1764512410036,763,149,1
1764512410042,765,151,1
1764512410050,769,154,1
1764512410053,774,159,1
1764512410065,777,163,1
1764512410072,780,168,1
1764512410081,784,172,1
1764512410089,788,178,1
1764512410097,792,184,1
1764512410099,796,190,1
1764512410113,800,196,1
1764512410118,805,203,1
1764512410129,809,211,1
1764512410138,812,216,1
1764512410143,815,220,1
1764512410149,816,225,1
1764512410160,819,229,1
1764512410168,819,235,1
1764512410176,820,240,1
1764512410179,820,247,1
1764512410188,820,255,1
1764512410199,821,261,1
1764512410209,822,267,1
1764512410209,823,271,1
1764512410219,824,275,1
1764512410229,824,279,1
1764512410229,825,284,1
1764512410240,825,288,1
1764512410254,825,292,1
1764512410258,825,294,1
1764512410269,824,297,1
1764512410272,824,300,1
1764512410284,824,303,1
1764512410294,824,305,1
1764512410301,824,309,1
1764512410309,824,312,1
1764512410309,824,314,1
1764512410320,823,317,1
1764512410329,822,319,1
1764512410339,821,321,1
1764512410339,820,324,1
1764512410354,818,329,1
1764512410359,817,333,1
1764512410370,816,336,1
1764512410379,815,339,1
1764512410383,813,346,1
1764512410388,812,351,1
1764512410399,810,356,1
1764512410408,809,362,1
1764512410414,807,370,1
1764512410425,806,373,1
1764512410432,804,380,1
1764512410439,803,387,1
1764512410449,801,393,1
1764512410458,801,400,1
1764512410466,799,404,1
1764512410472,798,409,1
1764512410478,796,413,1
1764512410478,794,416,1
1764512410494,793,419,1
1764512410499,791,421,1
1764512410510,789,423,1
1764512410518,787,425,1
1764512410528,784,427,1
1764512410532,782,430,1
1764512410542,779,433,1
1764512410548,776,437,1
1764512410558,769,444,1
1764512410558,762,450,1
1764512410568,756,456,1
1764512410578,750,461,1
1764512410588,742,467,1
1764512410598,736,471,1
1764512410605,733,473,1
1764512410612,727,476,1
1764512410620,721,479,1
1764512410629,715,481,1
1764512410629,710,481,1
1764512410642,702,484,1
1764512410654,696,485,1
1764512410659,690,485,1
1764512410659,682,486,1
1764512410675,677,486,1
1764512410679,669,486,1
1764512410691,662,487,1
1764512410698,654,487,1
1764512410707,647,487,0
1764512410709,639,487,0
1764512410722,627,486,0
1764512410728,619,485,0
1764512410738,611,483,0
1764512410738,597,482,0
1764512410754,588,480,0
1764512410758,579,478,0
1764512410770,570,477,1
1764512410770,563,475,1
1764512410785,556,473,1
1764512410789,548,471,1
1764512410801,542,468,1
1764512410809,536,466,1
1764512410817,530,463,1
1764512410819,522,460,1
1764512410828,516,457,1
1764512410839,510,454,1
1764512410839,504,452,1
1764512410854,499,449,1
1764512410862,496,448,1
1764512410869,495,446,1
1764512410878,493,445,1
1764512410888,491,444,1
1764512410896,490,443,1
1764512410904,488,440,1
1764512410911,485,437,1
1764512410919,482,433,1
1764512410925,480,431,1
1764512410929,476,429,1
1764512410939,471,422,1
1764512410949,468,420,1
1764512410954,463,416,1
1764512410960,458,411,1
1764512410969,454,408,1
1764512410979,451,405,1
1764512410989,449,402,1
1764512410992,446,398,1
1764512411004,444,394,1
1764512411008,442,389,1
1764512411019,441,384,1
1764512411023,439,376,1
1764512411034,437,369,1
1764512411039,436,361,1
1764512411051,436,353,1
1764512411059,436,345,1
1764512411068,436,338,1
1764512411071,436,330,1
1764512411082,436,323,1
1764512411091,436,315,1
1764512411091,436,309,1
1764512411104,436,298,1
1764512411108,437,291,1
1764512411120,438,284,1
1764512411128,440,278,1
1764512411136,441,273,1
1764512411139,444,267,1
1764512411152,446,261,1
1764512411158,449,257,1
1764512411169,452,252,1
1764512411169,454,247,1
1764512411184,458,240,1
1764512411193,461,236,1
1764512411200,464,231,1
1764512411209,467,227,1
1764512411215,470,222,1
1764512411223,474,217,1
1764512411233,479,213,1
1764512411239,483,207,1
1764512411249,488,202,1
1764512411255,496,193,1
1764512411263,501,187,1
1764512411269,506,182,1
1764512411269,511,178,1
1764512411279,516,173,1
1764512411289,518,171,1
1764512411299,523,167,1
1764512411309,526,164,1
1764512411311,528,162,1
1764512411319,532,161,1
1764512411329,535,159,1
1764512411343,538,157,1
1764512411349,541,155,1
1764512411354,545,153,1
1764512411363,548,150,1
1764512411370,554,147,1
1764512411379,559,145,1
1764512411389,565,142,1
1764512411392,569,140,1
1764512411399,574,138,1
1764512411410,581,136,1
1764512411419,584,135,1
1764512411422,588,134,1
1764512411434,591,134,1
1764512411441,596,133,1
1764512411449,599,132,1
1764512411459,602,132,1
1764512411463,605,132,1
1764512411473,607,132,1
1764512411481,609,132,1
1764512411489,612,132,1
1764512411499,615,132,1
1764512411500,618,132,1
1764512411513,622,132,1
1764512411518,631,132,1
1764512411518,638,134,1
1764512411532,651,136,1
1764512411538,657,137,1
1764512411551,664,138,1
1764512411559,673,140,1
1764512411565,681,141,1
1764512411568,685,142,1
1764512411580,688,143,1
1764512411589,691,144,1
1764512411599,693,144,1
1764512411609,698,144,1
1764512411612,700,144,1
1764512411621,702,145,1
1764512411628,704,146,1
1764512411628,706,146,1
1764512411645,708,147,1
1764512411651,713,148,1
1764512411660,716,150,1
1764512411668,720,152,1
1764512411676,725,153,1
1764512411684,729,155,1
1764512411692,733,158,1
1764512411698,735,160,1
1764512411709,737,162,1
1764512411715,740,163,1
1764512411723,741,166,1
1764512411729,743,168,1
1764512411739,744,170,1
1764512411747,746,172,1
1764512411755,748,176,1
1764512411759,751,179,1
1764512411770,751,180,1
1764512411778,754,184,1
1764512411786,758,187,1
1764512411793,761,192,1
1764512411802,764,194,1
1764512411809,766,197,1
1764512411818,769,200,1
1764512411818,771,204,1
1764512411828,774,206,1
1764512411839,775,208,1
1764512411848,777,211,1
1764512411858,778,213,1
1764512411864,779,215,1
1764512411871,781,217,1
1764512411879,782,220,1
1764512411879,783,224,1
1764512411889,783,226,1
1764512411898,785,230,1
1764512411912,786,233,1
1764512411919,788,238,1
1764512411925,789,241,1
1764512411929,790,244,1
1764512411941,791,247,1
1764512411949,793,250,1
1764512411958,793,253,1
1764512411964,795,257,1
1764512411974,796,259,1
1764512411979,797,262,1
1764512411989,797,265,1
1764512411991,798,268,1
1764512412006,798,271,0
1764512412011,798,275,0
1764512412020,798,278,0
1764512412029,798,282,0
1764512412038,798,286,0
1764512412038,798,292,0
1764512412052,798,296,0
1764512412059,798,314,0
1764512412068,798,319,0
1764512412069,798,326,0
1764512412079,799,333,0
1764512412088,801,339,0
1764512412100,802,342,0
1764512412109,804,348,1
1764512412115,806,353,1
1764512412118,806,359,1
1764512412129,808,365,1
1764512412137,808,369,1
1764512412145,808,374,1
1764512412151,808,377,1
1764512412159,808,380,1
1764512412169,808,383,1
1764512412169,808,385,1
1764512412178,808,388,1
1764512412189,808,391,1
1764512412199,808,394,1
1764512412209,807,397,1
1764512412210,805,401,1
1764512412218,802,407,1
1764512412228,801,410,1
1764512412238,798,415,1
1764512412242,796,419,1
1764512412253,794,424,1
1764512412263,791,428,1
1764512412271,788,433,1
1764512412278,785,437,1
1764512412284,780,441,1
1764512412289,777,444,1
1764512412299,771,448,1
1764512412308,766,451,1
1764512412308,760,454,1
1764512412324,754,457,1
1764512412329,747,460,1
1764512412339,739,463,1
1764512412349,731,466,1
1764512412358,723,469,1
1764512412361,716,472,1
1764512412369,706,477,1
1764512412379,700,480,1
1764512412389,694,483,1
1764512412389,688,486,1
1764512412404,681,489,1
1764512412411,674,492,1
1764512412418,668,495,1
1764512412420,662,497,1
1764512412431,657,498,1
1764512412439,651,499,1
1764512412449,644,500,1
1764512412458,640,501,1
1764512412462,635,503,1
1764512412468,630,503,1
1764512412479,626,504,1
1764512412489,622,505,1
1764512412495,617,505,1
1764512412498,614,505,1
1764512412510,609,505,1
1764512412519,605,505,1
1764512412529,597,504,1
1764512412529,591,502,1
1764512412546,585,500,1
1764512412553,578,498,1
1764512412559,571,495,1
1764512412559,565,492,1
1764512412574,558,489,1
1764512412578,552,486,1
1764512412590,546,483,1
1764512412598,542,480,1
1764512412605,536,477,1
1764512412609,533,475,1
1764512412621,530,472,1
1764512412628,526,470,1
1764512412639,523,466,1
1764512412639,519,463,1
1764512412653,515,459,1
1764512412659,512,456,1
1764512412669,510,454,1
1764512412678,506,450,1
1764512412684,503,447,1
1764512412689,499,445,1
1764512412701,496,442,1
1764512412709,491,439,1
1764512412716,487,437,1
1764512412719,482,434,1
1764512412732,477,431,1
1764512412738,471,426,1
1764512412738,465,423,1
1764512412754,456,418,1
1764512412759,451,414,1
1764512412769,449,410,1
1764512412779,445,407,1
1764512412785,443,404,1
1764512412794,441,402,1
1764512412801,441,400,1
1764512412811,440,398,1
1764512412819,439,396,1
1764512412819,438,393,1
1764512412832,438,390,1
1764512412838,438,388,1
1764512412848,438,384,1
1764512412848,438,381,1
1764512412865,439,377,1
1764512412869,439,373,1
1764512412880,440,366,1
1764512412889,440,359,1
1764512412896,441,352,1
1764512412904,441,347,1
1764512412912,442,339,1
1764512412919,444,333,1
1764512412928,445,327,1
1764512412929,446,322,1
1764512412944,447,316,1
1764512412948,449,310,1
1764512412960,450,305,1
1764512412960,452,300,1
1764512412975,453,297,1
1764512412979,455,294,1
1764512412991,458,289,1
1764512412991,459,287,1
1764512412999,460,285,1
1764512413013,462,284,1
1764512413020,463,282,1
1764512413028,464,280,0
1764512413028,467,278,0
1764512413044,469,276,0
1764512413053,473,273,0
1764512413059,477,268,0
1764512413069,480,265,0
1764512413070,483,261,0
1764512413079,485,258,0
1764512413088,488,253,0
1764512413099,491,249,0
1764512413103,493,245,0
1764512413114,496,240,0
1764512413119,499,235,0
1764512413129,502,231,0
1764512413139,506,225,0
1764512413139,509,220,0
1764512413150,511,217,0
1764512413159,515,212,0
1764512413168,518,207,0
1764512413168,522,202,0
1764512413182,525,199,0
1764512413193,528,193,0
1764512413199,531,189,0
1764512413209,534,186,0
1764512413214,537,181,0
1764512413219,540,179,0
1764512413230,541,175,0
1764512413240,544,173,0
1764512413249,546,170,0
1764512413249,549,166,0
1764512413262,552,163,1
1764512413271,554,160,1
1764512413279,556,157,1
1764512413279,557,156,1
1764512413297,559,154,1
1764512413299,561,151,1
1764512413310,571,143,1
1764512413318,573,142,1
1764512413327,576,140,1
1764512413333,580,139,1
1764512413342,586,137,1
1764512413349,592,137,1
1764512413359,596,137,1
1764512413359,602,137,1
1764512413369,609,137,1
1764512413379,616,137,1
1764512413390,624,138,1
1764512413398,631,139,1
1764512413405,635,141,1
1764512413409,641,142,1
1764512413421,647,144,1
1764512413428,652,145,1
1764512413434,659,147,0
1764512413438,665,150,0
1764512413448,671,152,0
1764512413459,677,153,0
1764512413459,685,157,0
1764512413472,692,159,0
1764512413483,698,162,0
1764512413491,705,164,0
1764512413499,711,166,0
1764512413508,717,168,0
1764512413512,722,170,0
1764512413521,728,172,1
1764512413529,733,173,1
1764512413532,741,177,1
1764512413539,745,178,1
1764512413549,749,179,1
1764512413559,751,181,1
1764512413568,755,183,1
1764512413568,757,184,1
1764512413579,760,186,1
1764512413589,763,188,1
1764512413598,765,190,1
1764512413598,767,193,1
1764512413610,768,195,1
1764512413619,769,199,1
1764512413629,770,201,1
1764512413639,771,204,1
1764512413642,772,206,1
1764512413654,775,209,1
1764512413659,776,211,1
1764512413668,779,215,1
1764512413679,780,217,1
1764512413679,781,218,1
1764512413690,783,220,1
1764512413698,784,223,1
1764512413709,785,224,1
1764512413709,786,226,1
1764512413722,787,228,1
1764512413729,787,229,1
0,0,0,0
1764512413739,789,232,1
1764512413749,789,234,1
1764512413754,791,239,1
1764512413764,791,242,1
1764512413770,792,245,1
1764512413779,792,248,1
1764512413786,793,252,1
1764512413789,794,255,1
1764512413802,794,258,1
1764512413809,794,260,0
1764512413819,795,263,0
1764512413819,795,265,0
1764512413833,795,268,0
1764512413839,795,270,0
1764512413848,795,273,0
1764512413858,795,275,0
1764512413864,795,277,0
1764512413869,795,280,0
1764512413880,795,282,0
1764512413888,795,285,0
1764512413899,795,288,0
1764512413906,795,291,0
1764512413912,795,293,0
1764512413919,795,296,0
1764512413929,795,299,0
1764512413939,794,302,0
1764512413944,794,304,0
1764512413949,794,306,0
1764512413960,794,308,0
1764512413969,794,309,0
1764512413979,794,311,0
1764512413999,794,312,0
1764512414406,795,312,0
1764512414409,797,310,0
1764512414422,799,308,0
1764512414429,800,306,0
1764512414438,799,302,0
1764512414438,797,298,0
1764512414454,793,291,0
1764512414461,791,289,0
1764512414461,791,288,0
1764512415197,792,290,0
1764512415206,794,292,0
1764512415213,796,293,0
1764512415220,799,295,0
1764512415220,802,296,0
1764512415234,805,297,1
1764512415243,807,297,1
1764512415250,808,298,1
1764512415250,809,298,1
1764512415279,810,299,1
1764512415289,811,300,1
1764512415298,812,301,1
1764512415299,815,303,1
1764512415314,816,303,1
1764512415319,817,304,1
1764512415330,818,304,1
1764512415335,818,305,1
1764512415359,819,306,1
1764512415383,819,307,1
1764512415399,819,308,1
1764512415409,818,309,1
1764512415409,818,310,1
1764512415419,818,313,1
1764512415429,818,315,1
1764512415429,818,317,1
1764512415441,818,319,1
1764512415449,818,320,1
1764512415459,818,322,1
1764512415469,818,325,1
1764512415473,818,328,1
1764512415484,818,332,1
1764512415489,817,335,1
1764512415499,816,342,1
1764512415504,816,347,1
1764512415509,816,355,1
1764512415520,814,363,1
1764512415529,813,373,1
1764512415539,813,382,1
1764512415539,811,392,1
1764512415552,811,401,1
1764512415563,811,408,1
1764512415569,810,417,1
1764512415579,807,422,1
1764512415589,804,428,1
1764512415589,801,432,1
1764512415599,799,435,1
1764512415609,797,438,1
1764512415615,794,443,1
1764512415619,792,445,1
1764512415630,789,448,1
1764512415639,788,451,1
1764512415649,786,453,1
1764512415649,786,455,1
1764512415665,786,457,1
1764512415669,785,458,1
1764512415678,784,458,1
1764512415694,783,459,1
1764512415699,783,460,1
1764512415719,782,461,1
1764512415729,781,462,1
1764512415742,781,464,1
1764512415749,781,465,1
1764512415759,780,466,1
1764512415765,780,468,1
1764512415774,778,469,1
1764512415779,777,470,1
1764512415790,775,471,1
1764512415790,773,472,1
1764512415806,768,473,1
1764512415813,764,474,1
1764512415822,759,474,1
1764512415829,752,475,1
1764512415839,745,476,1
1764512415846,736,477,1
1764512415851,730,478,1
1764512415859,727,479,1
1764512415869,722,481,1
1764512415870,716,482,1
1764512415883,709,483,1
1764512415891,703,484,1
1764512415899,698,486,1
1764512415909,691,487,1
1764512415917,685,489,1
1764512415918,679,490,1
1764512415929,675,491,1
1764512415932,670,491,1
1764512415939,665,492,1
1764512415951,661,493,1
1764512415959,656,494,1
1764512415969,653,495,1
1764512415969,650,496,1
1764512415985,647,496,1
1764512415993,645,497,1
1764512415999,643,497,1
1764512416009,640,498,1
1764512416019,637,499,1
1764512416019,634,499,1
1764512416029,632,499,1
1764512416039,629,500,1
1764512416048,624,501,1
1764512416048,619,501,1
1764512416063,613,501,1
1764512416068,607,501,1
1764512416079,593,499,1
1764512416088,585,497,1
1764512416091,577,496,1
1764512416098,568,494,1
1764512416109,560,492,1
1764512416118,553,491,1
1764512416125,545,490,1
1764512416129,534,487,1
1764512416140,527,485,1
1764512416149,522,485,1
1764512416159,517,484,1
1764512416163,514,483,1
1764512416170,511,483,1
1764512416179,506,480,1
1764512416189,503,479,1
1764512416199,498,476,1
1764512416202,495,474,1
1764512416209,491,471,1
1764512416220,488,469,1
1764512416220,484,465,1
1764512416234,479,460,1
1764512416239,476,457,1
1764512416250,472,452,1
1764512416259,469,447,1
1764512416266,465,444,1
1764512416269,463,439,1
1764512416282,462,436,1
1764512416288,459,427,1
1764512416298,457,422,1
1764512416298,455,415,1
1764512416314,454,408,1
1764512416319,452,399,1
1764512416330,451,391,1
1764512416338,449,384,1
1764512416346,449,372,1
1764512416348,449,364,1
1764512416362,449,359,1
1764512416369,449,355,1
1764512416374,450,349,1
1764512416379,450,347,1
1764512416389,451,345,1
1764512416398,453,341,1
1764512416398,455,336,1
1764512416409,455,333,1
1764512416424,458,327,1
1764512416431,461,319,0
1764512416439,463,312,0
1764512416448,467,303,0
1764512416454,470,295,0
1764512416458,474,286,0
1764512416469,478,277,0
1764512416479,482,271,0
1764512416484,485,263,0
1764512416488,488,258,0
1764512416499,493,249,0
1764512416509,496,243,0
1764512416519,498,238,0
1764512416520,501,234,0
1764512416528,502,231,0
1764512416538,505,224,0
1764512416538,507,219,0
1764512416552,510,214,0
1764512416559,511,211,0
1764512416569,513,208,0
1764512416579,516,203,0
1764512416589,516,202,0
1764512416593,518,199,0
1764512416600,519,196,0
1764512416608,520,194,0
1764512416618,521,191,0
1764512416618,523,188,0
1764512416634,523,185,0
1764512416640,525,181,1
1764512416649,526,178,1
1764512416653,528,174,1
1764512416664,528,171,1
1764512416669,529,168,1
1764512416681,530,166,1
1764512416689,531,163,1
1764512416698,532,161,1
1764512416698,534,159,1
1764512416712,536,156,1
1764512416719,538,154,1
1764512416728,541,151,1
1764512416729,543,148,1
1764512416744,546,147,1
1764512416748,549,145,1
1764512416760,552,144,1
1764512416760,555,143,1
1764512416775,557,143,1
1764512416778,560,142,1
1764512416791,563,142,1
1764512416798,566,141,1
1764512416798,569,141,1
1764512416813,573,140,1
1764512416818,576,140,1
1764512416828,581,140,1
1764512416828,587,140,1
1764512416844,592,140,1
1764512416849,598,140,1
1764512416859,604,140,1
1764512416869,611,140,1
1764512416874,619,140,1
1764512416878,627,140,1
1764512416892,637,140,1
1764512416899,646,141,1
1764512416906,654,143,1
1764512416909,661,143,1
1764512416922,668,144,1
1764512416928,674,145,1
1764512416938,678,146,1
1764512416938,681,147,1
1764512416954,686,147,1
1764512416959,692,147,1
1764512416969,699,147,1
1764512416969,705,147,1
1764512416985,713,147,1
1764512416993,720,147,1
1764512417001,729,147,1
1764512417009,737,147,1
1764512417018,746,148,1
1764512417019,758,149,1
1764512417029,765,151,1
1764512417038,769,152,1
1764512417049,771,154,1
1764512417052,774,155,1
1764512417063,777,157,1
1764512417071,779,159,1
1764512417078,780,160,1
1764512417084,782,163,1
1764512417089,783,165,1
1764512417104,783,167,1
1764512417109,785,170,1
1764512417121,787,175,1
1764512417121,788,177,1
1764512417130,791,181,1
1764512417138,792,185,1
1764512417149,794,189,1
1764512417149,796,194,1
1764512417161,796,197,1
1764512417170,798,202,1
1764512417178,798,207,1
1764512417189,798,213,1
1764512417193,798,223,1
1764512417199,798,230,1
1764512417209,798,238,1
1764512417219,798,245,1
1764512417229,799,253,1
1764512417229,799,260,1
1764512417241,801,268,1
1764512417248,802,275,1
1764512417258,805,282,1
1764512417258,805,287,1
1764512417272,807,294,1
1764512417279,808,299,1
1764512417291,808,303,1
1764512417298,808,308,1
1764512417306,808,311,1
1764512417309,808,315,1
1764512417320,809,320,1
1764512417328,809,324,1
1764512417336,810,328,1
1764512417346,811,333,1
1764512417354,812,340,1
1764512417359,813,344,1
1764512417370,814,348,1
1764512417370,815,353,1
1764512417386,817,358,1
1764512417388,818,364,1
1764512417402,819,370,1
1764512417409,820,376,1
1764512417409,821,382,1
1764512417419,821,387,1
1764512417429,822,394,1
1764512417439,822,398,1
1764512417449,821,402,1
1764512417454,818,407,1
1764512417458,816,410,1
1764512417470,814,414,1
1764512417478,810,420,1
1764512417485,807,425,1
1764512417493,803,429,1
1764512417501,798,436,1
1764512417508,796,438,1
1764512417517,792,444,1
1764512417518,789,448,1
1764512417533,785,453,1
1764512417539,782,456,1
1764512417549,779,458,1
1764512417549,777,461,1
1764512417565,774,463,1
1764512417570,769,467,1
1764512417580,766,469,1
1764512417580,763,471,1
1764512417588,761,472,1
1764512417598,757,474,1
1764512417612,755,474,1
1764512417619,750,476,1
1764512417628,747,478,1
1764512417628,745,479,1
1764512417645,738,482,1
1764512417650,734,484,1
1764512417660,729,486,1
1764512417660,725,487,1
1764512417670,722,488,1
1764512417678,715,491,1
1764512417689,709,492,1
1764512417692,706,493,1
1764512417699,702,494,1
1764512417708,698,495,1
1764512417719,695,495,1
1764512417729,692,495,1
1764512417729,687,495,1
1764512417739,684,495,1
1764512417749,679,496,1
1764512417759,675,496,1
1764512417759,672,496,1
1764512417771,668,496,1
1764512417779,665,496,1
1764512417789,661,496,1
1764512417798,658,496,1
1764512417802,654,496,1
1764512417809,651,496,1
1764512417819,647,496,1
1764512417829,643,496,1
1764512417839,640,495,1
1764512417839,634,494,1
1764512417851,630,494,1
1764512417859,623,493,1
1764512417871,618,492,1
1764512417877,611,491,1
1764512417883,604,491,1
1764512417894,596,490,1
1764512417899,589,489,1
1764512417908,577,488,1
1764512417913,569,486,1
1764512417919,559,484,1
1764512417931,552,482,1
1764512417939,546,482,1
1764512417944,542,480,1
1764512417949,539,479,1
1764512417960,536,477,1
1764512417971,532,477,1
1764512417978,530,475,1
1764512417978,527,473,1
1764512417992,526,473,1
1764512417999,524,472,1
1764512418008,524,471,1
1764512418008,522,470,1
1764512418024,520,470,1
1764512418029,519,469,1
1764512418040,518,469,1
1764512418049,515,468,1
1764512418056,514,467,1
1764512418064,513,467,1
1764512418074,512,466,1
1764512418079,512,465,1
1764512418089,510,464,1
1764512418089,510,462,1
1764512418104,507,460,1
1764512418109,506,458,1
1764512418119,503,455,1
1764512418119,501,453,1
1764512418135,498,449,1
1764512418138,495,447,1
1764512418151,493,445,1
1764512418161,491,441,1
1764512418169,489,438,1
1764512418172,487,433,1
1764512418183,484,430,1
1764512418188,481,425,1
1764512418188,479,421,1
1764512418199,473,413,1
1764512418209,470,410,1
1764512418219,466,406,1
1764512418230,463,402,1
1764512418236,460,400,1
1764512418245,458,398,1
1764512418252,456,396,1
1764512418261,455,394,1
1764512418268,452,390,1
1764512418272,452,388,1
1764512418282,450,385,1
1764512418289,449,382,1
1764512418299,448,379,1
1764512418308,447,375,1
1764512418314,445,370,1
1764512418319,443,365,1
1764512418330,442,361,1
1764512418339,442,357,1
1764512418346,441,351,1
1764512418349,439,346,1
1764512418362,438,340,1
1764512418368,437,334,1
1764512418378,437,329,1
1764512418379,436,323,1
1764512418393,436,315,1
1764512418399,436,311,1
1764512418409,436,307,1
1764512418419,436,304,1
1764512418425,436,300,1
1764512418429,436,293,1
1764512418441,436,290,1
1764512418449,436,287,1
1764512418457,437,282,1
1764512418459,438,278,1
1764512418473,439,273,1
1764512418479,442,266,1
1764512418489,443,262,1
1764512418489,445,259,1
1764512418504,447,253,1
1764512418509,449,249,1
1764512418520,450,247,1
1764512418528,453,243,1
1764512418536,454,241,1
1764512418539,457,238,1
1764512418552,460,233,1
1764512418559,463,230,1
1764512418568,466,226,1
1764512418572,468,224,1
1764512418584,472,218,1
1764512418589,476,214,1
1764512418600,479,211,1
1764512418600,482,206,1
1764512418615,487,201,1
1764512418619,490,199,1
1764512418629,495,196,1
1764512418631,501,191,1
1764512418638,506,188,1
1764512418649,511,185,1
1764512418659,515,183,1
1764512418669,521,180,1
1764512418672,525,180,1
1764512418684,530,177,1
1764512418689,536,175,0
1764512418698,542,172,0
1764512418709,547,170,0
1764512418714,553,167,0
1764512418719,558,166,0
1764512418729,565,163,0
1764512418739,568,161,0
1764512418745,571,161,0
1764512418749,574,160,0
1764512418761,580,158,0
1764512418769,582,156,0
1764512418778,584,156,0
1764512418778,588,154,0
1764512418792,591,153,0
1764512418799,595,152,0
1764512418809,598,151,0
1764512418809,603,149,0
1764512418824,610,147,0
1764512418829,613,146,0
1764512418840,619,145,0
1764512418849,622,144,1
1764512418856,626,144,1
1764512418859,629,144,1
1764512418872,632,144,0
1764512418879,635,143,1
1764512418888,639,143,1
1764512418888,642,143,1
1764512418903,646,143,1
1764512418909,649,143,1
1764512418920,651,143,1
1764512418928,653,143,1
1764512418936,654,143,1
1764512418939,656,143,1
1764512418951,657,143,1
1764512418959,658,143,1
1764512418968,660,143,1
1764512418973,662,144,1
1764512418979,663,144,1
1764512418989,664,145,1
1764512418998,667,146,1
1764512419005,670,147,1
1764512419011,673,148,1
1764512419021,675,149,1
1764512419030,686,152,1
1764512419030,693,154,1
1764512419039,701,156,1
1764512419055,712,160,1
1764512419059,719,161,1
1764512419066,724,161,1
1764512419073,730,163,1
1764512419079,737,164,1
1764512419089,740,166,1
1764512419099,743,166,1
1764512419099,745,168,1
1764512419109,746,168,1
1764512419119,748,170,1
1764512419129,750,171,1
1764512419139,751,173,1
1764512419141,753,174,1
1764512419152,755,175,1
1764512419159,756,178,1
1764512419168,759,180,1
1764512419173,760,182,1
1764512419180,762,185,1
1764512419189,764,188,1
1764512419199,766,190,1
1764512419209,768,192,1
1764512419209,771,196,1
1764512419226,774,201,1
1764512419232,776,204,1
1764512419239,779,209,1
1764512419248,783,215,1
1764512419256,785,219,1
1764512419263,787,224,1
1764512419272,788,228,1
1764512419279,789,234,1
1764512419288,790,236,1
1764512419293,791,240,1
1764512419300,793,246,1
1764512419309,794,251,1
1764512419318,796,257,1
1764512419324,796,262,1
1764512419332,798,267,1
1764512419339,800,272,1
1764512419349,802,279,1
1764512419358,804,283,1
1764512419363,804,288,1
1764512419373,805,292,1
1764512419379,805,295,1
1764512419388,806,300,1
1764512419394,806,304,1
1764512419399,806,308,1
1764512419410,806,312,1
1764512419419,806,318,1
1764512419428,806,322,1
1764512419430,806,326,1
1764512419442,806,330,1
1764512419448,806,334,1
1764512419459,806,338,1
1764512419468,806,344,1
1764512419473,806,349,1
1764512419479,806,353,1
1764512419490,805,358,1
1764512419490,804,365,1
1764512419506,804,368,1
1764512419509,804,372,1
1764512419522,804,376,1
1764512419529,804,379,1
1764512419538,803,381,1
1764512419539,802,383,1
1764512419553,802,385,1
1764512419563,802,387,1
1764512419569,801,389,1
1764512419574,800,392,1
1764512419579,799,394,1
1764512419589,799,396,1
1764512419599,797,399,1
1764512419605,797,401,1
1764512419609,795,403,1
1764512419621,794,405,1
1764512419629,792,408,1
1764512419639,791,411,1
1764512419639,790,413,1
1764512419652,787,416,1
1764512419659,786,418,1
1764512419669,784,421,1
1764512419674,783,423,1
1764512419679,780,425,1
1764512419693,779,427,1
1764512419700,777,430,1
1764512419709,776,430,1
1764512419719,773,433,1
1764512419726,770,436,1
1764512419732,766,439,1
1764512419739,762,442,1
1764512419748,749,453,1
1764512419752,745,456,1
1764512419763,743,458,1
1764512419771,739,462,1
1764512419779,736,465,1
1764512419784,734,468,1
1764512419794,730,470,1
1764512419800,728,473,1
1764512419809,724,475,1
1764512419818,721,477,1
1764512419818,718,479,1
1764512419832,713,480,1
1764512419839,710,482,1
1764512419849,707,483,1
1764512419849,702,485,1
1764512419864,697,485,1
1764512419869,687,488,1
1764512419880,682,488,1
1764512419889,676,490,1
1764512419895,669,490,1
1764512419901,665,491,1
1764512419911,661,491,1
1764512419919,657,493,1
1764512419927,652,493,1
1764512419929,647,495,1
1764512419943,638,496,1
1764512419948,632,496,1
1764512419958,626,496,1
1764512419968,620,496,1
1764512419974,615,496,1
1764512419978,609,496,1
1764512419992,604,496,1
1764512419999,599,496,1
1764512420008,593,496,1
1764512420008,588,496,1
1764512420022,580,496,1
1764512420029,575,495,1
1764512420038,571,495,1
1764512420043,567,494,1
1764512420054,565,493,1
1764512420059,563,493,1
1764512420070,561,493,1
1764512420077,559,492,1
1764512420085,557,491,1
1764512420089,555,490,1
1764512420098,549,489,1
1764512420101,547,488,1
1764512420113,543,487,1
1764512420118,541,487,1
1764512420129,539,486,1
1764512420139,537,485,1
1764512420139,535,484,1
1764512420159,533,484,1
1764512420168,533,483,1
1764512420178,532,483,1
1764512420185,531,482,1
1764512420193,529,481,1
1764512420199,528,480,1
1764512420209,526,478,1
1764512420215,522,476,1
1764512420219,519,473,1
1764512420230,517,471,1
1764512420238,513,468,1
1764512420249,508,463,1
1764512420249,505,461,1
1764512420262,502,459,1
1764512420268,500,455,1
1764512420279,497,453,1
1764512420279,495,449,1
1764512420294,492,446,1
1764512420299,490,442,1
1764512420310,487,440,1
1764512420319,485,435,1
1764512420329,481,429,1
1764512420337,478,425,1
1764512420342,475,420,1
1764512420348,472,417,1
1764512420358,470,412,1
1764512420358,467,408,1
1764512420374,465,404,1
1764512420379,464,402,1
1764512420390,463,399,1
1764512420390,461,397,1
1764512420406,461,394,1
1764512420409,459,391,1
1764512420421,459,389,1
1764512420431,458,386,1
1764512420439,457,383,1
1764512420439,456,379,1
1764512420452,455,377,1
1764512420458,455,376,1
1764512420458,455,373,1
1764512420472,454,371,1
1764512420484,454,368,1
1764512420489,452,366,1
1764512420500,451,363,1
1764512420500,451,360,1
1764512420516,451,357,1
1764512420518,451,353,1
1764512420529,451,347,1
1764512420539,451,343,1
1764512420544,451,335,1
1764512420549,451,330,1
1764512420559,451,324,1
1764512420569,451,318,1
1764512420577,451,312,1
1764512420583,451,306,1
1764512420589,451,300,1
1764512420598,451,295,1
1764512420609,450,289,1
1764512420611,450,284,1
1764512420624,449,276,1
1764512420629,448,270,1
1764512420639,448,264,1
1764512420647,448,259,1
1764512420653,448,254,1
1764512420659,448,247,1
1764512420669,448,240,1
1764512420678,449,235,1
1764512420678,449,229,1
1764512420690,452,223,1
1764512420699,456,215,1
1764512420709,459,209,1
1764512420709,461,203,1
1764512420722,467,196,1
1764512420728,471,191,1
1764512420739,475,187,1
1764512420749,484,182,1
1764512420754,488,178,1
1764512420764,493,175,1
1764512420770,500,171,1
1764512420778,504,168,1
1764512420786,509,165,1
1764512420794,514,163,1
1764512420802,520,157,1
1764512420809,523,154,1
1764512420818,529,150,1
1764512420818,534,145,1
1764512420829,543,138,1
1764512420838,549,134,1
1764512420849,555,130,1
1764512420859,558,129,1
1764512420867,568,124,1
1764512420869,575,121,1
1764512420879,581,120,1
1764512420889,586,118,1
1764512420889,592,118,1
1764512420904,598,118,1
1764512420909,602,118,1
1764512420918,607,118,1
1764512420929,610,118,1
1764512420932,615,118,1
1764512420946,621,118,1
1764512420950,624,118,1
1764512420961,627,118,1
1764512420968,629,119,1
1764512420974,633,119,1
1764512420979,636,120,1
1764512420989,642,121,1
1764512420999,646,122,1
1764512421009,653,124,1
1764512421011,658,125,1
1764512421024,667,128,1
1764512421029,674,130,1
1764512421039,680,132,1
1764512421042,685,134,1
1764512421054,691,134,1
1764512421059,697,136,1
1764512421069,703,138,1
1764512421074,708,140,1
1764512421084,714,142,1
1764512421090,722,144,1
1764512421099,728,146,1
1764512421109,735,147,1
1764512421109,743,150,1
1764512421124,749,152,1
1764512421129,755,154,1
1764512421138,762,156,1
1764512421138,766,158,1
1764512421154,771,160,1
1764512421164,775,161,1
1764512421170,778,162,1
1764512421179,781,163,1
1764512421187,783,164,1
1764512421195,786,166,1
1764512421203,788,167,1
1764512421211,790,169,1
1764512421219,792,171,1
1764512421219,794,173,1
1764512421233,795,175,1
1764512421238,796,177,1
1764512421251,797,180,1
1764512421253,799,184,1
1764512421267,801,187,1
1764512421273,801,189,1
1764512421281,803,192,1
1764512421289,805,196,1
1764512421297,805,199,1
1764512421304,807,202,1
1764512421309,807,205,1
1764512421319,808,210,1
1764512421326,809,215,1
1764512421330,809,219,1
1764512421339,810,224,1
1764512421349,810,230,1
1764512421358,810,235,1
1764512421364,810,241,1
1764512421374,810,246,1
1764512421380,810,251,1
1764512421391,809,257,1
1764512421398,809,265,1
1764512421405,809,272,1
1764512421413,809,277,1
1764512421419,809,283,1
1764512421429,809,288,1
1764512421436,809,293,1
1764512421443,809,299,1
1764512421454,809,304,1
1764512421461,809,311,1
1764512421469,808,317,1
1764512421478,808,320,1
1764512421483,807,323,1
1764512421490,806,327,1
1764512421499,805,330,1
1764512421506,805,334,1
1764512421515,805,337,1
1764512421524,804,342,1
1764512421529,803,345,1
1764512421540,803,348,1
1764512421548,802,351,1
1764512421556,801,356,1
1764512421558,801,359,1
1764512421570,801,362,1
1764512421578,800,366,1
1764512421585,799,369,1
1764512421589,798,371,1
1764512421601,798,374,1
1764512421609,798,380,1
1764512421617,797,383,1
1764512421621,797,386,1
1764512421634,796,389,1
1764512421641,795,391,1
1764512421651,795,393,1
1764512421657,793,396,1
1764512421664,792,398,1
1764512421669,791,401,1
1764512421680,791,403,1
1764512421689,789,405,1
1764512421696,788,408,1
1764512421699,787,411,1
1764512421712,785,416,1
1764512421719,784,418,1
1764512421728,782,421,1
1764512421729,780,424,1
1764512421739,779,427,1
1764512421750,778,429,1
1764512421758,776,432,1
1764512421766,774,435,1
1764512421772,772,437,1
1764512421780,770,439,1
1764512421790,767,443,1
1764512421799,764,446,1
1764512421806,762,448,1
1764512421813,757,452,1
1764512421822,754,455,1
1764512421829,751,457,1
1764512421834,748,460,1
1764512421839,746,462,1
1764512421852,743,463,1
1764512421860,738,466,1
1764512421862,736,466,1
1764512421870,734,468,1
1764512421878,730,469,1
1764512421889,727,470,1
1764512421899,725,472,1
1764512421909,721,472,1
1764512421909,718,473,1
1764512421919,716,474,1
1764512421928,713,475,1
1764512421934,711,475,1
1764512421939,709,476,1
1764512421950,707,477,1
1764512421959,704,478,1
1764512421969,701,478,1
1764512421971,697,478,1
1764512421984,694,479,1
1764512421988,692,480,1
1764512421999,690,480,1
1764512422002,688,480,1
1764512422013,686,480,1
1764512422019,684,480,1
1764512422032,681,480,0
1764512422038,680,480,0
1764512422045,679,480,0
1764512422056,677,480,0
1764512422062,674,480,0
1764512422071,663,480,0
1764512422079,658,480,0
1764512422085,652,480,0
1764512422094,647,480,0
1764512422099,640,480,0
1764512422108,638,480,0
1764512422108,634,479,0
1764512422124,630,479,0
1764512422129,626,479,0
1764512422141,622,479,0
1764512422149,618,479,0
1764512422156,613,479,0
1764512422160,607,479,0
1764512422172,603,479,0
1764512422179,600,479,0
1764512422189,597,479,0
1764512422199,593,479,0
1764512422204,591,480,0
1764512422209,589,480,0
1764512422220,585,481,0
1764512422229,582,481,1
1764512422236,579,481,1
1764512422239,576,481,1
1764512422252,573,481,1
1764512422259,570,481,1
1764512422268,568,481,1
1764512422275,566,481,1
1764512422283,564,481,1
1764512422289,562,481,1
1764512422299,560,481,1
1764512422318,559,481,1
1764512422330,558,481,1
1764512422339,555,481,1
1764512422349,553,481,1
1764512422354,550,481,1
1764512422362,540,481,1
1764512422369,537,480,1
1764512422379,535,480,1
1764512422379,532,480,1
1764512422393,528,478,1
1764512422398,527,478,1
1764512422409,524,476,1
1764512422417,521,476,1
1764512422425,518,474,1
1764512422433,515,473,1
1764512422439,512,472,1
1764512422441,506,468,1
1764512422456,503,466,1
1764512422463,499,464,1
1764512422468,498,462,1
1764512422479,494,460,1
1764512422487,491,457,1
1764512422495,490,456,1
1764512422502,487,452,1
1764512422511,486,450,1
1764512422518,484,448,1
1764512422520,484,446,1
1764512422529,483,442,1
1764512422539,481,438,1
1764512422549,479,433,1
1764512422559,477,427,1
1764512422565,475,421,1
1764512422571,472,414,1
1764512422581,470,407,1
1764512422588,467,399,1
1764512422596,466,392,1
1764512422603,463,386,1
1764512422611,462,380,1
1764512422619,460,375,1
1764512422626,459,372,1
1764512422635,456,366,1
1764512422643,454,362,1
1764512422651,453,359,1
1764512422659,451,354,1
1764512422662,450,350,1
1764512422668,448,344,1
1764512422680,446,338,1
1764512422691,443,332,1
1764512422696,440,327,1
1764512422703,436,318,1
1764512422710,433,312,1
1764512422719,431,308,1
1764512422729,428,302,1
1764512422737,426,297,1
1764512422746,426,294,1
1764512422751,426,290,1
1764512422758,426,287,1
1764512422768,426,284,1
1764512422776,426,282,1
1764512422780,426,279,1
1764512422791,427,273,1
1764512422798,429,266,1
1764512422805,430,261,1
1764512422815,433,257,1
1764512422820,434,252,1
1764512422829,438,245,1
1764512422838,439,241,1
1764512422847,442,238,1
1764512422855,445,234,1
1764512422859,447,230,1
1764512422870,449,228,1
1764512422879,452,224,1
1764512422884,454,222,1
1764512422888,456,221,1
1764512422901,458,218,1
1764512422908,460,217,1
1764512422916,462,215,1
1764512422922,465,212,1
1764512422934,469,209,1
1764512422943,471,206,1
1764512422949,476,203,1
1764512422950,482,199,1
1764512422963,487,196,1
1764512422971,493,193,1
1764512422980,496,191,1
1764512422988,501,188,1
1764512422994,506,185,1
1764512423002,510,182,1
1764512423010,515,180,1
1764512423019,520,177,1
1764512423026,523,175,1
1764512423033,529,171,1
1764512423039,532,169,1
1764512423048,537,166,1
1764512423055,542,162,1
1764512423059,546,159,1
1764512423069,551,155,1
1764512423080,556,152,1
1764512423090,561,149,1
1764512423099,564,146,1
1764512423106,572,142,1
1764512423109,576,139,1
1764512423124,581,137,1
1764512423128,585,135,1
1764512423133,588,135,1
1764512423143,591,133,1
1764512423148,594,132,1
1764512423159,597,132,1
1764512423166,600,132,1
1764512423176,604,131,1
1764512423182,609,131,1
1764512423188,612,130,1
1764512423199,616,130,1
1764512423202,622,130,1
1764512423210,626,130,1
1764512423219,631,130,1
1764512423229,637,130,1
1764512423238,642,130,1
1764512423244,648,130,1
1764512423253,658,131,1
1764512423258,663,132,1
1764512423269,666,132,1
1764512423269,669,132,1
1764512423284,674,134,1
1764512423294,676,134,1
1764512423301,679,134,1
1764512423305,682,135,1
1764512423312,685,135,1
1764512423319,688,136,1
1764512423329,691,136,1
1764512423339,694,137,1
1764512423349,700,138,1
1764512423355,704,139,1
1764512423359,708,140,1
1764512423369,710,140,1
1764512423379,714,143,1
1764512423380,716,144,1
1764512423391,719,145,1
1764512423399,722,147,1
1764512423409,725,148,1
1764512423416,729,151,1
1764512423424,733,154,1
1764512423429,736,155,1
1764512423439,740,158,1
1764512423449,743,160,1
1764512423459,747,161,1
1764512423465,750,164,1
1764512423470,755,167,1
1764512423479,758,169,1
1764512423489,762,172,1
1764512423493,765,174,1
1764512423504,771,181,1
1764512423511,775,183,1
1764512423518,780,188,1
1764512423528,783,192,1
1764512423534,788,197,1
1764512423543,791,201,1
1764512423549,795,206,1
1764512423559,799,211,1
1764512423565,802,216,1
1764512423573,807,226,1
1764512423581,810,231,1
1764512423588,817,241,1
1764512423598,822,247,1
1764512423604,826,252,1
1764512423613,830,258,1
1764512423621,832,261,1
1764512423629,834,263,1
1764512423639,836,265,1
1764512423645,837,268,1
1764512423648,838,271,1
1764512423660,838,272,1
1764512423666,839,275,1
1764512423674,839,277,1
1764512423681,839,279,1
1764512423689,839,281,1
1764512423698,839,283,1
1764512423698,839,285,1
1764512423709,839,287,1
1764512423724,839,289,1
1764512423732,838,292,1
1764512423738,838,295,1
1764512423740,837,300,1
1764512423748,837,304,1
1764512423758,836,309,1
1764512423769,835,316,1
1764512423778,833,321,1
1764512423781,831,330,1
1764512423789,829,337,1
1764512423803,826,343,1
1764512423809,825,348,1
1764512423817,823,353,1
1764512423822,822,357,1
1764512423831,819,363,1
1764512423839,817,368,1
1764512423849,814,372,1
1764512423851,812,378,1
1764512423859,808,385,1
1764512423869,805,391,1
1764512423879,803,397,1
1764512423887,800,403,1
1764512423891,799,408,1
1764512423899,797,414,1
1764512423909,796,420,1
1764512423913,795,426,1
1764512423918,794,429,1
1764512423929,791,436,1
1764512423941,790,439,1
1764512423949,789,442,1
1764512423957,788,445,1
1764512423965,787,447,1
1764512423973,786,449,1
1764512423981,785,450,1
1764512423989,784,454,1
1764512423992,782,457,1
1764512423999,782,459,1
1764512424009,780,460,1
1764512424019,777,464,1
1764512424023,775,466,1
1764512424028,773,468,1
1764512424039,769,472,1
1764512424048,765,473,1
1764512424058,762,476,1
1764512424058,757,478,1
1764512424071,751,481,1
1764512424082,746,484,1
1764512424089,740,486,1
1764512424097,733,489,1
1764512424104,724,492,1
1764512424113,718,494,1
1764512424119,713,497,1
1764512424128,700,499,1
1764512424134,692,501,1
1764512424144,683,502,1
1764512424150,674,504,1
1764512424159,661,506,1
1764512424165,652,506,1
1764512424173,642,507,1
1764512424182,632,507,1
1764512424189,618,507,1
1764512424198,610,507,1
1764512424205,602,507,1
1764512424214,594,507,1
1764512424219,589,507,1
1764512424229,585,507,1
1764512424239,581,507,1
1764512424245,579,507,1
1764512424249,576,507,1
1764512424261,573,507,1
1764512424269,570,507,1
1764512424276,567,507,1
1764512424282,563,507,1
1764512424292,560,507,1
1764512424299,556,507,1
1764512424308,553,507,1
1764512424308,549,507,1
1764512424323,546,507,1
1764512424329,543,507,1
1764512424339,541,506,1
1764512424339,539,506,1
1764512424355,537,505,1
1764512424362,535,504,1
1764512424371,533,504,1
1764512424379,530,503,1
1764512424386,530,502,1
1764512424396,528,501,1
1764512424402,525,499,1
1764512424411,522,498,1
1764512424422,519,496,1
1764512424424,516,494,1
1764512424435,513,492,1
1764512424439,511,490,1
1764512424448,506,485,1
1764512424451,503,482,1
1764512424465,502,480,1
1764512424468,500,478,1
1764512424482,497,475,1
1764512424488,495,473,1
1764512424498,493,471,1
1764512424501,490,467,1
1764512424514,488,465,1
1764512424519,487,464,1
1764512424519,485,461,1
1764512424530,482,459,1
1764512424539,482,458,1
1764512424549,480,456,1
1764512424559,479,454,1
1764512424567,477,452,1
1764512424569,477,450,1
1764512424582,475,449,1
1764512424589,475,448,1
1764512424599,475,447,1
1764512424599,474,445,1
1764512424612,473,444,1
1764512424619,472,443,1
1764512424628,470,441,1
1764512424634,470,439,1
1764512424653,469,437,1
1764512424661,468,437,1
1764512424669,468,436,1
1764512424679,468,434,1
1764512424682,467,433,1
1764512424689,467,432,1
1764512424699,466,429,1
1764512424704,465,425,1
1764512424709,464,421,1
1764512424720,462,417,1
1764512424728,461,413,1
1764512424739,461,410,1
1764512424747,461,407,1
1764512424754,459,404,1
1764512424763,459,402,1
1764512424769,458,399,1
1764512424769,457,396,1
1764512424783,457,392,1
1764512424789,456,386,1
1764512424798,455,382,1
1764512424809,453,377,1
1764512424816,452,374,1
1764512424825,451,370,1
1764512424830,451,367,1
1764512424838,451,364,1
1764512424849,450,361,1
1764512424849,449,358,1
1764512424862,448,353,1
1764512424868,448,350,1
1764512424881,447,347,1
1764512424887,447,345,1
1764512424894,447,341,1
1764512424898,447,338,1
1764512424910,447,335,1
1764512424919,447,332,1
1764512424926,447,328,1
1764512424929,447,325,1
1764512424942,448,322,1
1764512424949,449,317,1
1764512424958,449,314,1
1764512424959,450,310,1
1764512424974,450,307,1
1764512424981,451,303,1
1764512424989,451,300,1
1764512424997,451,296,1
1764512425006,451,293,1
1764512425009,453,289,1
1764512425021,453,283,1
1764512425029,455,277,1
1764512425029,456,273,1
1764512425039,457,270,1
1764512425048,458,267,1
1764512425058,459,262,1
1764512425068,461,259,1
1764512425072,462,257,1
1764512425083,464,253,1
1764512425088,466,249,1
1764512425099,466,246,1
1764512425108,467,243,1
1764512425108,469,240,1
1764512425118,469,237,1
1764512425131,470,235,1
1764512425136,472,232,1
1764512425146,474,229,1
1764512425150,475,226,1
1764512425159,477,223,1
1764512425169,478,220,1
1764512425177,480,218,1
1764512425183,481,217,1
1764512425189,483,214,1
1764512425199,484,213,1
1764512425199,486,211,1
1764512425210,487,208,1
1764512425219,489,206,1
1764512425229,491,205,1
1764512425239,493,203,1
1764512425249,495,202,1
1764512425255,499,199,1
1764512425259,501,198,1
1764512425268,503,195,1
1764512425279,505,194,1
1764512425283,510,191,1
1764512425289,513,191,1
1764512425298,516,190,0
1764512425309,520,188,0
1764512425313,523,186,0
1764512425320,526,185,0
1764512425329,529,182,0
1764512425338,535,179,0
1764512425348,539,177,0
1764512425356,543,175,0
1764512425365,547,172,0
1764512425373,553,169,0
1764512425379,557,168,0
1764512425387,560,166,0
1764512425391,566,163,0
1764512425398,570,160,0
1764512425408,573,159,0
1764512425418,575,157,0
1764512425428,579,155,0
1764512425430,581,152,0
1764512425439,584,151,0
1764512425449,588,149,1
1764512425459,592,147,1
1764512425466,597,146,1
1764512425473,601,144,1
1764512425481,607,143,1
1764512425489,610,142,1
1764512425494,613,141,1
1764512425505,617,140,1
1764512425512,619,140,1
1764512425519,627,139,1
1764512425529,631,139,1
1764512425538,636,139,1
1764512425541,641,139,1
1764512425549,644,139,1
1764512425558,648,139,1
1764512425558,651,139,1
1764512425573,654,139,1
1764512425583,657,139,1
1764512425589,659,139,1
1764512425598,663,140,1
1764512425609,664,140,1
1764512425609,666,141,1
1764512425620,668,142,1
1764512425633,670,142,1
1764512425636,671,143,1
1764512425647,673,144,1
1764512425652,677,144,1
1764512425663,680,146,1
1764512425669,683,147,1
1764512425669,689,150,1
1764512425685,693,152,1
1764512425692,696,152,1
1764512425701,700,155,1
1764512425709,703,155,1
1764512425718,707,157,1
1764512425718,711,159,1
1764512425732,716,161,1
1764512425739,722,165,1
1764512425739,725,166,1
1764512425754,729,168,1
1764512425759,733,170,1
1764512425769,737,172,1
1764512425778,740,174,1
1764512425783,744,176,1
1764512425797,749,179,1
1764512425803,754,182,1
1764512425809,759,185,1
1764512425819,760,186,1
1764512425819,764,189,1
1764512425829,771,193,1
1764512425839,774,195,1
1764512425849,777,198,1
1764512425849,780,201,1
1764512425860,782,203,1
1764512425869,784,205,1
1764512425879,787,209,1
1764512425888,788,212,1
1764512425892,790,215,1
1764512425898,792,219,1
1764512425911,796,225,1
1764512425919,799,229,1
1764512425923,802,234,1
1764512425934,804,239,1
1764512425944,806,243,1
1764512425951,809,248,1
1764512425959,811,250,1
1764512425959,812,254,1
1764512425971,813,257,1
1764512425983,815,263,1
1764512425989,817,268,1
1764512425989,818,271,1
1764512426002,818,275,1
1764512426009,818,279,1
1764512426023,818,284,1
1764512426029,818,291,1
1764512426034,818,299,1
1764512426039,818,306,1
1764512426050,818,313,1
1764512426059,818,321,1
1764512426068,818,326,1
1764512426068,818,331,1
1764512426083,818,337,1
1764512426088,819,343,1
1764512426098,820,347,1
1764512426098,821,350,1
1764512426109,821,353,1
1764512426118,822,356,1
1764512426132,822,359,1
1764512426139,823,363,1
1764512426147,823,366,1
1764512426150,823,368,1
1764512426159,823,371,1
1764512426169,823,374,1
1764512426169,823,377,1
1764512426183,823,379,1
1764512426189,822,382,1
1764512426199,821,384,1
1764512426209,820,387,1
1764512426215,819,389,1
1764512426226,818,392,1
1764512426232,817,394,1
1764512426241,817,397,1
1764512426246,815,400,1
1764512426254,814,403,1
1764512426262,812,409,1
1764512426270,811,413,1
1764512426279,808,419,1
1764512426283,802,428,1
1764512426295,799,433,1
1764512426302,794,439,1
1764512426311,791,445,1
1764512426321,786,450,1
1764512426326,782,453,1
1764512426328,777,458,1
1764512426341,773,463,1
1764512426348,769,468,1
1764512426348,767,470,1
1764512426366,761,475,1
1764512426373,758,478,1
1764512426379,755,480,1
1764512426388,751,483,1
1764512426390,746,485,1
1764512426405,741,487,1
1764512426411,736,489,1
1764512426419,731,491,1
1764512426429,726,493,1
1764512426434,720,495,1
1764512426439,713,496,1
1764512426448,709,497,1
1764512426458,704,498,1
1764512426458,699,498,1
1764512426469,695,499,1
1764512426484,692,500,1
1764512426489,688,500,1
1764512426499,685,500,1
1764512426501,680,500,1
1764512426509,673,501,1
1764512426519,670,501,1
1764512426530,665,501,1
1764512426534,661,501,1
1764512426545,656,501,1
1764512426551,651,501,1
1764512426560,646,501,1
1764512426569,640,501,1
1764512426579,635,501,1
1764512426584,629,501,1
1764512426588,621,501,1
1764512426599,616,500,1
1764512426607,610,500,1
1764512426614,605,500,1
1764512426622,600,500,1
1764512426631,595,500,1
1764512426639,591,500,1
1764512426644,587,499,1
1764512426654,584,499,1
1764512426660,580,498,1
1764512426669,577,498,1
1764512426676,575,498,1
1764512426686,572,497,1
1764512426694,570,496,1
1764512426699,567,496,1
1764512426708,565,496,1
1764512426708,563,495,1
1764512426725,561,494,1
1764512426729,559,494,1
1764512426748,557,494,1
1764512426759,555,493,1
1764512426761,555,492,1
1764512426770,553,492,1
1764512426779,551,492,1
1764512426786,550,490,1
1764512426789,548,490,1
1764512426802,546,489,1
1764512426809,545,488,1
1764512426818,544,488,1
1764512426828,542,486,1
1764512426834,539,484,1
1764512426845,537,483,1
1764512426849,534,481,1
1764512426858,532,479,1
1764512426866,530,478,1
1764512426869,528,475,1
1764512426878,526,475,1
1764512426888,524,473,1
1764512426898,524,472,1
1764512426907,522,470,1
1764512426920,520,469,1
1764512426930,519,467,1
1764512426932,517,465,1
1764512426943,512,460,1
1764512426949,507,457,1
1764512426959,503,455,1
1764512426968,499,450,1
1764512426968,496,447,1
1764512426983,493,445,1
1764512426989,489,441,1
1764512426999,487,439,1
1764512426999,485,437,1
1764512427012,484,437,1
1764512427019,483,436,1
1764512427038,482,435,1
1764512427045,482,434,1
1764512427059,481,432,1
1764512427070,480,430,1
1764512427076,478,428,1
1764512427085,476,426,1
1764512427092,475,423,1
1764512427102,473,421,1
1764512427108,471,419,1
1764512427116,469,417,1
1764512427124,467,415,1
1764512427129,465,413,1
1764512427139,464,412,1
1764512427139,463,411,1
1764512427154,462,410,1
1764512427158,460,407,1
1764512427171,459,404,1
1764512427178,455,394,1
1764512427187,454,390,1
1764512427190,451,384,1
1764512427201,450,380,1
1764512427208,447,373,1
1764512427216,446,370,1
1764512427218,444,366,1
1764512427232,443,363,1
1764512427238,441,358,1
1764512427249,439,356,1
1764512427259,438,353,1
1764512427264,437,351,1
1764512427268,436,347,1
1764512427280,435,343,1
1764512427285,435,340,1
1764512427296,435,338,1
1764512427300,434,336,1
1764512427312,433,333,1
1764512427318,433,330,1
1764512427328,432,327,1
1764512427328,432,325,1
1764512427339,431,319,1
1764512427351,431,316,1
1764512427359,431,314,1
1764512427364,431,312,1
1764512427369,431,308,1
1764512427380,431,305,1
1764512427388,431,303,1
1764512427396,431,300,1
1764512427404,432,296,1
1764512427412,432,293,1
1764512427421,434,290,1
1764512427429,436,285,1
1764512427429,437,282,1
1764512427444,438,279,1
1764512427449,440,275,1
1764512427459,442,271,1
1764512427468,443,267,1
1764512427475,445,264,1
1764512427478,446,262,1
1764512427491,449,260,1
1764512427499,449,257,1
1764512427506,452,256,1
1764512427514,453,255,1
1764512427522,454,253,1
1764512427529,455,252,1
1764512427539,457,251,1
1764512427539,459,250,1
1764512427549,460,248,1
1764512427559,461,247,1
1764512427568,463,244,1
1764512427579,467,241,1
1764512427585,470,237,1
1764512427591,474,234,1
1764512427598,478,230,1
1764512427609,482,225,1
1764512427615,485,222,1
1764512427623,490,219,0
1764512427629,493,216,0
1764512427639,502,207,0
1764512427644,506,205,0
1764512427655,506,203,0
1764512427663,509,199,0
1764512427670,511,195,0
1764512427679,513,192,0
1764512427687,514,190,1
1764512427689,516,186,1
1764512427702,518,184,1
1764512427709,519,182,1
1764512427709,521,180,1
1764512427723,523,176,1
1764512427734,525,173,1
1764512427739,527,172,1
1764512427749,528,170,1
1764512427757,531,167,1
1764512427759,533,166,1
1764512427773,534,165,1
1764512427781,538,163,1
1764512427789,540,161,1
1764512427797,541,160,1
1764512427803,544,159,1
1764512427809,546,158,1
1764512427818,550,157,1
1764512427828,553,155,1
1764512427830,555,155,1
1764512427839,560,153,1
1764512427848,566,152,1
1764512427858,570,151,1
1764512427861,575,149,1
1764512427869,580,148,1
1764512427879,586,146,1
1764512427890,592,145,1
1764512427893,597,145,1
1764512427905,603,144,1
1764512427909,609,143,1
1764512427919,617,141,1
1764512427929,621,141,1
1764512427929,625,140,1
1764512427940,631,140,1
1764512427949,636,139,1
1764512427959,640,139,1
1764512427968,646,139,1
1764512427972,653,139,1
1764512427979,659,139,1
1764512427990,666,139,1
1764512427999,675,139,1
1764512428004,682,139,1
1764512428008,688,139,1
1764512428020,693,140,1
1764512428029,699,141,1
1764512428039,705,143,1
1764512428047,710,144,1
1764512428052,715,144,1
1764512428059,719,145,1
1764512428068,726,146,1
1764512428078,731,148,1
1764512428084,737,149,1
1764512428091,743,150,1
1764512428100,747,151,1
1764512428108,753,153,1
1764512428116,758,154,1
1764512428119,763,157,1
1764512428134,767,157,1
1764512428141,772,160,1
1764512428141,779,163,1
1764512428155,783,166,1
1764512428164,787,169,1
1764512428169,790,171,1
1764512428179,793,174,1
1764512428188,795,176,1
1764512428195,797,179,1
1764512428199,799,181,1
1764512428211,802,186,1
1764512428218,804,189,1
1764512428228,808,197,1
1764512428228,812,202,1
1764512428238,815,205,1
1764512428249,819,210,1
1764512428249,823,215,1
1764512428266,827,220,1
1764512428269,831,224,0
1764512428278,835,229,0
1764512428289,838,234,0
1764512428296,840,236,0
1764512428306,843,240,0
1764512428310,843,243,0
1764512428319,846,246,0
1764512428328,848,249,0
1764512428334,849,253,0
1764512428341,850,255,0
1764512428349,852,258,0
1764512428359,852,261,0
1764512428359,853,264,0
1764512428374,854,267,0
1764512428383,855,273,0
1764512428391,856,279,0
1764512428399,856,283,0
1764512428406,856,287,0
1764512428414,856,292,0
1764512428421,856,298,0
1764512428428,856,303,0
1764512428438,856,310,0
1764512428438,855,315,0
1764512428454,853,321,0
1764512428458,851,330,0
1764512428470,850,335,1
1764512428470,848,340,1
1764512428485,846,344,1
1764512428491,844,350,1
1764512428499,843,353,1
1764512428501,841,359,1
1764512428509,839,362,1
1764512428518,837,368,1
1764512428529,834,374,1
1764512428538,833,378,1
1764512428538,832,383,1
1764512428549,831,387,1
1764512428559,828,392,1
1764512428571,826,395,1
1764512428577,824,400,1
1764512428581,823,403,1
1764512428591,820,408,1
1764512428601,817,411,1
1764512428609,813,417,1
1764512428612,811,422,1
1764512428619,808,425,1
1764512428629,805,429,1
1764512428638,804,432,1
1764512428649,801,437,1
1764512428657,798,441,1
1764512428662,794,446,1
1764512428669,790,452,1
1764512428679,785,457,1
1764512428679,779,463,1
1764512428695,775,468,1
1764512428704,769,473,1
1764512428711,764,477,1
1764512428719,759,482,1
1764512428726,753,485,1
1764512428734,746,489,1
1764512428744,739,492,1
1764512428751,732,495,1
1764512428757,721,500,1
1764512428765,715,503,1
1764512428773,707,505,1
1764512428781,701,506,1
1764512428789,694,507,1
1764512428791,689,508,1
1764512428805,683,508,1
1764512428809,678,508,1
1764512428820,672,509,1
1764512428829,668,509,1
1764512428836,662,509,1
1764512428839,658,509,1
1764512428849,655,509,1
1764512428859,650,509,1
1764512428867,647,508,1
1764512428877,643,507,1
1764512428883,638,506,1
1764512428892,633,505,1
1764512428898,630,504,1
1764512428901,625,503,1
1764512428909,620,502,1
1764512428923,617,502,1
1764512428928,614,501,1
1764512428932,611,501,1
1764512428938,608,499,1
1764512428949,604,498,1
1764512428961,600,498,1
1764512428969,592,495,1
1764512428977,588,494,1
1764512428980,584,492,1
1764512428992,577,490,1
1764512428998,573,488,1
1764512429011,570,487,1
1764512429011,567,486,1
1764512429019,564,484,1
1764512429029,561,483,1
1764512429039,559,482,1
1764512429043,557,481,1
1764512429049,554,480,1
1764512429060,552,480,1
1764512429069,550,479,1
1764512429079,548,478,1
1764512429088,546,477,1
1764512429094,544,475,1
1764512429099,541,475,1
1764512429108,537,474,1
1764512429108,534,472,1
1764512429124,532,471,1
1764512429129,529,470,1
1764512429140,527,469,1
1764512429149,524,468,1
1764512429158,522,467,1
1764512429158,519,466,1
1764512429172,518,465,1
1764512429179,516,464,1
1764512429188,514,463,1
1764512429192,513,462,1
1764512429204,511,461,1
1764512429208,510,460,1
1764512429220,508,459,1
1764512429220,507,458,1
1764512429235,504,456,1
1764512429244,502,455,1
1764512429251,501,453,1
1764512429259,499,452,1
1764512429267,497,451,1
1764512429269,496,450,1
1764512429278,494,447,1
1764512429288,492,444,1
1764512429292,490,441,1
1764512429305,489,438,1
1764512429313,486,435,1
1764512429318,485,431,1
1764512429330,483,426,1
1764512429331,481,424,1
1764512429346,480,421,1
1764512429349,478,417,1
1764512429358,477,415,1
1764512429362,476,412,1
1764512429369,474,410,1
1764512429385,474,408,1
1764512429391,474,405,1
1764512429399,472,401,1
1764512429408,472,399,1
1764512429414,470,394,1
1764512429423,470,392,1
1764512429430,469,388,1
1764512429438,469,385,1
1764512429440,468,381,1
1764512429449,468,379,1
1764512429461,468,375,1
1764512429469,468,372,1
1764512429472,468,367,0
1764512429484,468,364,0
1764512429492,468,361,0
1764512429499,468,358,0
1764512429509,468,353,0
1764512429518,468,350,0
1764512429524,468,345,0
1764512429529,468,343,0
1764512429539,468,339,0
1764512429547,468,338,0
1764512429553,469,334,0
1764512429558,470,329,0
1764512429568,471,324,0
1764512429579,472,319,0
1764512429587,472,315,0
1764512429596,473,311,0
1764512429598,474,308,0
1764512429608,474,305,0
1764512429614,474,302,0
1764512429624,475,298,0
1764512429632,476,295,0
1764512429639,478,292,0
1764512429649,478,289,0
1764512429649,478,285,0
1764512429662,480,279,0
1764512429669,481,275,0
1764512429679,482,268,0
1764512429689,484,265,0
1764512429694,485,261,0
1764512429699,486,258,0
1764512429710,489,255,0
1764512429719,490,253,0
1764512429726,492,249,0
1764512429734,494,247,0
1764512429743,496,243,0
1764512429749,498,240,0
1764512429758,500,238,0
1764512429758,501,235,0
1764512429773,503,233,0
1764512429778,504,230,0
1764512429789,506,228,0
1764512429793,508,225,0
1764512429805,509,223,0
1764512429811,511,219,0
1764512429821,513,217,0
1764512429828,516,214,0
1764512429837,518,211,0
1764512429839,520,209,0
1764512429853,524,206,0
1764512429859,526,204,0
1764512429869,529,202,0
1764512429869,533,201,0
1764512429879,539,198,0
1764512429889,542,196,0
1764512429899,548,194,0
1764512429901,553,193,0
1764512429914,559,191,0
1764512429918,565,190,0
1764512429929,570,189,0
1764512429939,576,188,0
1764512429939,583,186,0
1764512429949,593,184,0
1764512429961,599,183,0
1764512429969,608,181,0
1764512429971,616,180,0
1764512429980,624,178,0
1764512429993,632,177,0
1764512429998,642,175,0
1764512430008,650,174,0
1764512430012,659,172,0
1764512430018,674,171,0
1764512430029,680,170,0
1764512430039,684,170,0
1764512430049,689,170,0
1764512430049,697,169,0
1764512430060,700,169,0
1764512430068,705,169,0
1764512430079,711,169,0
1764512430079,718,168,0
1764512430094,724,168,1
1764512430099,730,168,1
1764512430110,735,168,1
1764512430119,743,168,1
1764512430123,749,168,1
1764512430129,752,168,1
1764512430139,756,168,1
1764512430149,759,168,1
1764512430157,763,169,1
1764512430164,766,170,1
1764512430170,768,170,1
1764512430179,770,171,1
1764512430189,773,172,1
1764512430194,779,174,1
1764512430202,781,174,1
1764512430209,784,175,1
1764512430219,785,176,1
1764512430219,787,178,1
1764512430234,789,179,1
1764512430238,791,181,1
1764512430249,792,184,1
1764512430258,794,186,1
1764512430265,795,189,1
1764512430268,796,192,1
1764512430281,799,195,1
1764512430288,800,199,1
1764512430298,801,202,1
1764512430307,801,205,1
1764512430313,802,209,1
1764512430319,802,214,1
1764512430329,802,220,1
1764512430329,802,225,1
1764512430345,802,233,1
1764512430348,802,240,1
1764512430360,803,246,1
1764512430369,805,250,1
1764512430376,806,256,1
1764512430385,806,260,1
1764512430392,806,263,1
1764512430399,806,267,1
1764512430399,806,270,1
1764512430409,806,274,1
1764512430424,806,281,1
1764512430431,806,285,1
1764512430439,806,289,1
1764512430445,806,293,1
1764512430454,806,297,1
1764512430461,806,299,1
1764512430472,806,303,1
1764512430479,806,306,1
1764512430479,806,310,1
1764512430489,806,314,1
1764512430500,806,320,1
1764512430508,806,324,1
1764512430510,806,328,1
1764512430524,806,332,1
1764512430534,806,336,1
1764512430539,806,339,1
1764512430549,806,342,1
1764512430550,806,346,1
1764512430558,806,348,1
1764512430568,806,353,1
1764512430579,806,357,1
1764512430582,806,362,1
1764512430595,806,366,1
1764512430601,806,370,1
1764512430608,806,374,1
1764512430619,806,378,1
1764512430619,805,385,1
1764512430630,804,391,1
1764512430644,803,394,1
1764512430651,802,397,1
1764512430657,801,402,1
1764512430665,798,408,1
1764512430673,797,414,1
1764512430679,796,418,1
1764512430689,795,423,1
1764512430695,792,429,1
1764512430698,791,434,1
1764512430713,789,438,1
1764512430718,786,442,1
1764512430729,785,444,1
1764512430739,784,446,1
1764512430742,783,449,1
1764512430750,782,451,1
1764512430759,780,453,1
1764512430759,779,457,1
1764512430772,776,460,1
1764512430778,775,463,1
1764512430791,772,466,1
1764512430799,769,467,1
1764512430806,766,470,1
1764512430815,761,472,1
1764512430824,756,474,1
1764512430829,751,477,1
1764512430837,744,479,1
1764512430839,736,482,1
1764512430854,727,486,1
1764512430859,721,487,1
1764512430869,715,489,1
1764512430869,711,490,1
1764512430884,704,491,1
1764512430889,700,492,1
1764512430900,693,494,1
1764512430910,687,494,1
1764512430915,683,494,1
1764512430924,680,494,1
1764512430933,675,495,1
1764512430941,667,495,1
1764512430949,661,495,1
1764512430954,657,495,1
1764512430963,654,495,1
1764512430968,650,495,1
1764512430980,647,495,1
1764512430988,644,495,1
1764512430996,641,495,1
1764512431001,638,495,1
1764512431011,633,495,1
1764512431019,630,495,1
1764512431024,627,495,1
1764512431029,623,495,1
1764512431042,619,495,1
1764512431049,614,495,1
1764512431058,608,494,1
1764512431058,603,494,1
1764512431069,597,492,1
1764512431079,591,492,1
1764512431079,583,489,1
1764512431096,578,488,1
1764512431099,575,487,1
1764512431111,572,486,1
1764512431118,570,486,1
1764512431129,568,485,1
1764512431134,566,485,1
1764512431142,564,484,1
1764512431148,562,483,1
1764512431158,560,482,1
1764512431168,556,481,1
1764512431174,552,479,1
1764512431179,549,477,1
1764512431189,547,475,1
1764512431195,543,473,1
1764512431205,539,473,1
1764512431209,537,471,1
1764512431221,533,469,1
1764512431228,530,469,1
1764512431237,527,468,1
1764512431239,525,466,1
1764512431253,522,466,1
1764512431259,520,465,1
1764512431267,519,465,1
1764512431275,518,464,1
1764512431279,516,464,1
1764512431289,515,463,1
1764512431299,514,462,1
1764512431305,510,461,1
1764512431314,508,459,1
1764512431329,506,457,1
1764512431339,503,457,1
1764512431339,502,455,1
1764512431352,500,454,1
1764512431358,497,453,1
1764512431368,494,451,1
1764512431377,492,451,1
1764512431386,489,448,1
1764512431389,487,447,1
1764512431401,484,446,1
1764512431408,481,444,1
1764512431416,478,442,1
1764512431424,476,440,1
1764512431432,473,438,1
1764512431438,470,435,1
1764512431448,469,433,1
1764512431454,467,431,1
1764512431464,466,429,1
1764512431469,464,426,1
1764512431480,463,424,1
1764512431486,462,422,1
1764512431496,461,420,1
1764512431504,459,417,1
1764512431512,456,414,1
1764512431519,455,412,1
1764512431519,453,410,1
1764512431528,452,407,1
1764512431539,452,404,1
1764512431549,451,401,1
1764512431559,451,398,1
1764512431564,451,395,1
1764512431574,450,391,1
1764512431578,450,389,1
1764512431588,449,384,1
1764512431596,449,381,1
1764512431604,449,378,1
1764512431609,449,375,1
1764512431619,449,370,1
1764512431622,449,367,1
1764512431629,448,363,1
1764512431639,448,360,1
1764512431649,448,357,1
1764512431659,448,354,1
1764512431659,447,349,1
1764512431674,447,346,1
1764512431678,447,340,1
1764512431689,447,336,1
1764512431696,447,332,1
1764512431700,447,328,1
1764512431709,447,325,1
1764512431719,447,321,1
1764512431729,447,318,1
1764512431739,448,315,1
1764512431743,448,313,1
1764512431751,448,309,1
1764512431759,448,306,1
1764512431769,448,303,1
1764512431769,448,301,1
1764512431780,448,299,1
1764512431789,448,296,1
1764512431799,448,293,1
1764512431808,448,290,1
1764512431812,448,287,1
1764512431819,448,285,1
1764512431831,448,282,1
1764512431839,448,281,1
1764512431843,448,279,1
1764512431849,448,278,1
1764512431858,449,277,1
1764512431869,449,276,1
1764512431878,449,275,1
1764512431885,450,274,1
1764512431891,451,272,1
1764512431899,452,271,1
1764512431909,453,268,1
1764512431918,454,265,1
1764512431922,454,262,1
1764512431929,455,258,1
1764512431942,456,255,1
1764512431951,457,251,1
1764512431956,458,249,1
1764512431963,459,246,1
1764512431971,461,244,1
1764512431979,462,240,1
1764512431987,464,238,1
1764512431995,464,236,1
1764512432003,465,235,1
1764512432013,466,233,1
1764512432018,467,231,1
1764512432029,468,230,1
1764512432034,469,227,1
1764512432040,470,225,1
1764512432049,472,223,1
1764512432059,474,219,1
1764512432059,474,218,1
1764512432069,476,216,1
1764512432082,476,213,1
1764512432088,477,210,1
1764512432096,478,208,1
1764512432105,479,205,1
1764512432113,480,202,1
1764512432119,482,199,1
1764512432119,483,197,1
1764512432133,485,195,1
1764512432139,486,192,1
1764512432148,488,191,1
1764512432159,489,190,1
1764512432168,491,188,1
1764512432168,494,187,1
1764512432180,496,185,1
1764512432188,498,183,1
1764512432199,500,180,1
1764512432199,504,179,1
1764512432212,508,176,1
1764512432219,511,174,1
1764512432229,515,171,1
1764512432229,519,169,1
1764512432244,522,168,1
1764512432248,524,166,1
1764512432260,527,164,1
1764512432268,531,164,1
1764512432278,533,162,1
1764512432278,535,161,1
1764512432293,538,160,1
1764512432299,541,159,1
1764512432308,544,158,1
1764512432313,546,157,1
1764512432324,555,153,1
1764512432329,560,151,1
1764512432340,566,149,1
1764512432348,572,146,1
1764512432356,581,143,1
1764512432359,586,141,1
1764512432371,591,139,1
1764512432379,595,139,1
1764512432379,600,138,1
1764512432389,605,136,1
1764512432399,610,135,1
1764512432409,612,135,1
1764512432409,615,135,1
1764512432421,617,135,1
1764512432429,619,135,1
1764512432439,620,135,1
1764512432449,621,135,1
1764512432453,624,135,1
1764512432464,626,135,1
1764512432469,629,135,1
1764512432479,631,135,1
1764512432485,634,135,1
1764512432488,637,135,1
1764512432501,641,134,1
1764512432509,643,134,1
1764512432519,646,134,1
1764512432519,648,134,1
1764512432533,650,134,1
1764512432539,652,134,1
1764512432549,653,134,1
1764512432549,654,134,1
1764512432574,655,134,1
1764512432581,657,134,1
1764512432588,658,134,1
1764512432597,659,134,1
1764512432599,661,135,1
1764512432612,664,136,1
1764512432619,667,137,1
1764512432628,670,138,1
1764512432628,677,140,1
1764512432639,682,142,1
1764512432649,686,142,1
1764512432660,689,143,1
1764512432667,696,144,1
1764512432674,699,144,1
1764512432683,703,145,1
1764512432692,707,146,1
1764512432699,712,147,1
1764512432708,716,148,1
1764512432713,719,149,1
1764512432724,726,151,1
1764512432729,729,151,1
1764512432738,732,153,1
1764512432743,734,154,1
1764512432749,737,155,1
1764512432762,739,156,1
1764512432769,742,158,1
1764512432776,745,158,1
1764512432784,749,160,1
1764512432792,751,161,1
1764512432799,753,162,1
1764512432809,757,164,1
1764512432809,760,165,1
1764512432824,761,166,1
1764512432829,762,167,1
1764512432840,764,168,1
1764512432840,765,169,1
1764512432855,766,170,1
1764512432858,767,172,1
1764512432871,768,173,1
1764512432878,769,174,1
1764512432888,771,176,1
1764512432888,772,178,1
1764512432899,774,180,1
1764512432909,775,182,1
1764512432909,776,184,1
1764512432922,778,187,1
1764512432929,780,190,1
1764512432939,781,193,1
1764512432949,783,197,1
1764512432954,785,203,1
1764512432959,788,206,1
1764512432969,790,211,1
1764512432979,792,215,1
1764512432989,795,221,1
1764512432989,798,230,1
1764512433001,799,235,1
1764512433009,801,241,1
1764512433018,802,247,1
1764512433018,803,251,1
1764512433034,804,255,1
1764512433039,806,260,1
1764512433050,807,262,1
1764512433059,808,265,1
1764512433066,810,269,1
1764512433068,812,273,1
1764512433081,813,275,1
1764512433088,814,279,1
1764512433097,815,281,1
1764512433099,815,283,1
1764512433113,816,285,1
1764512433118,816,286,1
1764512433129,816,288,1
1764512433129,816,290,1
1764512433145,817,293,1
1764512433149,817,295,1
1764512433161,818,297,1
1764512433161,818,299,1
1764512433169,818,301,1
1764512433184,818,304,1
1764512433191,818,307,1
1764512433198,818,309,1
1764512433207,818,312,1
1764512433209,817,315,1
1764512433218,817,318,1
1764512433228,817,321,1
1764512433238,817,326,1
1764512433244,816,330,1
1764512433248,815,347,1
1764512433260,815,353,1
1764512433270,814,359,1
1764512433276,814,364,1
1764512433279,812,373,1
1764512433292,810,377,1
1764512433298,810,381,1
1764512433309,808,387,1
1764512433318,807,393,1
1764512433323,805,399,1
1764512433329,805,404,1
1764512433339,803,410,1
1764512433348,800,417,1
1764512433355,799,423,1
1764512433362,797,428,1
1764512433370,795,434,1
1764512433379,792,440,1
1764512433386,789,446,1
1764512433391,786,452,1
1764512433402,783,457,1
1764512433411,780,462,1
1764512433419,779,466,1
1764512433419,776,470,1
1764512433433,773,474,1
1764512433439,772,475,1
1764512433449,770,477,1
1764512433454,770,478,1
1764512433465,768,480,1
1764512433473,767,480,1
1764512433481,765,482,1
1764512433489,763,483,1
1764512433498,759,486,1
1764512433498,754,489,1
1764512433509,751,490,1
1764512433519,747,493,1
1764512433525,743,495,1
1764512433529,738,496,1
1764512433544,734,497,1
1764512433550,729,499,1
1764512433558,728,500,1
1764512433561,722,502,1
1764512433575,716,504,1
1764512433581,710,504,1
1764512433589,705,506,1
1764512433598,699,507,1
1764512433605,695,509,1
1764512433612,689,509,1
1764512433621,683,511,1
1764512433629,679,512,1
1764512433635,673,513,1
1764512433644,668,515,1
1764512433649,663,516,1
1764512433660,659,516,1
1764512433669,655,517,1
1764512433676,651,519,1
1764512433679,649,519,1
1764512433692,646,520,1
1764512433699,645,520,1
1764512433699,643,521,1
1764512433714,641,521,1
1764512433724,639,522,1
1764512433729,637,522,1
1764512433740,635,523,1
1764512433747,632,523,1
1764512433756,629,523,1
1764512433759,624,523,1
1764512433769,620,523,1
1764512433771,615,523,1
1764512433779,612,523,1
1764512433789,607,523,1
1764512433799,601,523,1
1764512433809,597,523,1
1764512433809,592,523,1
1764512433829,589,522,1
1764512433834,582,521,1
1764512433838,578,520,1
1764512433851,574,519,1
1764512433859,569,517,1
1764512433866,565,517,1
1764512433873,561,516,1
1764512433879,557,515,1
1764512433889,550,513,1
1764512433898,548,512,1
1764512433909,545,510,1
1764512433914,543,509,1
1764512433919,539,507,1
1764512433930,536,506,1
1764512433937,532,505,1
1764512433946,529,502,1
1764512433951,526,501,1
1764512433959,522,499,1
1764512433961,520,498,1
1764512433969,516,494,1
1764512433979,512,492,1
1764512433989,510,489,1
1764512433999,506,487,1
1764512433999,502,483,1
1764512434009,498,481,1
1764512434019,496,479,1
1764512434029,494,478,1
1764512434029,493,476,1
1764512434040,492,476,1
1764512434049,490,474,1
1764512434068,488,472,1
1764512434072,487,472,1
1764512434083,485,470,1
1764512434089,484,468,1
1764512434099,480,466,1
1764512434109,478,464,1
1764512434109,477,462,1
1764512434120,475,460,1
1764512434129,474,459,1
1764512434138,473,456,1
1764512434138,472,455,1
1764512434152,471,453,1
1764512434159,471,452,1
1764512434168,470,451,1
1764512434178,469,449,1
1764512434184,469,447,1
1764512434194,468,439,1
1764512434200,466,435,1
1764512434209,464,431,1
1764512434215,462,427,1
1764512434223,461,422,1
1764512434231,461,421,1
1764512434239,460,418,1
1764512434249,458,414,1
1764512434249,457,409,1
1764512434263,456,404,1
1764512434269,455,400,1
1764512434279,454,395,1
1764512434289,454,392,1
1764512434295,454,387,1
1764512434299,454,381,1
1764512434311,453,377,1
1764512434319,453,373,1
1764512434328,452,368,1
1764512434329,452,364,1
1764512434344,452,361,1
1764512434349,452,358,1
1764512434359,452,354,1
1764512434366,451,352,1
1764512434376,451,347,1
1764512434378,451,344,1
1764512434388,451,341,1
1764512434398,450,337,1
1764512434406,450,334,1
1764512434413,449,330,1
1764512434422,449,328,1
1764512434429,449,324,1
1764512434438,449,322,1
1764512434445,449,318,1
1764512434454,449,313,1
1764512434458,449,311,1
1764512434466,449,308,1
1764512434474,449,306,1
1764512434483,449,302,1
1764512434489,449,299,1
1764512434499,449,296,1
1764512434501,450,291,1
1764512434517,452,285,1
1764512434519,454,281,1
1764512434531,455,278,1
1764512434538,455,275,1
1764512434547,457,272,1
1764512434553,459,270,1
1764512434560,459,267,1
1764512434569,460,264,1
1764512434569,461,261,1
1764512434580,462,258,1
1764512434589,462,256,1
1764512434599,463,253,1
1764512434609,465,252,1
1764512434618,465,249,1
1764512434625,467,245,1
1764512434629,468,243,1
1764512434639,470,241,1
1764512434649,471,238,1
1764512434655,473,234,1
1764512434664,475,232,1
1764512434673,476,229,1
1764512434678,477,227,1
1764512434678,479,225,1
1764512434692,479,223,1
1764512434698,481,222,1
1764512434708,481,221,1
1764512434721,482,220,1
1764512434723,483,218,1
1764512434733,484,217,1
1764512434739,486,215,1
1764512434749,488,212,1
1764512434755,490,210,1
1764512434764,493,208,1
1764512434771,495,204,1
1764512434779,498,201,1
1764512434788,501,198,1
1764512434798,505,192,1
1764512434806,508,190,1
1764512434810,510,186,1
1764512434819,512,184,1
1764512434819,515,182,1
1764512434835,516,180,1
1764512434843,518,178,1
1764512434851,518,177,1
1764512434859,520,176,1
1764512434868,521,175,1
1764512434884,521,174,1
1764512434889,522,174,1
1764512434898,523,173,1
1764512434903,524,172,1
1764512434914,525,172,1
1764512434919,526,171,1
1764512434930,529,170,1
1764512434939,532,169,1
1764512434946,535,167,1
1764512434953,540,165,1
1764512434961,543,165,1
1764512434971,547,163,1
1764512434977,552,161,1
1764512434989,556,159,1
1764512434993,563,156,1
1764512435001,567,155,1
1764512435008,572,153,1
1764512435013,575,153,1
1764512435024,580,151,1
1764512435028,583,150,1
1764512435040,587,148,1
1764512435049,591,147,1
1764512435056,593,146,1
1764512435064,596,144,1
1764512435072,598,143,1
1764512435079,603,141,1
1764512435087,606,139,1
1764512435096,610,138,1
1764512435103,615,137,1
1764512435109,623,134,1
1764512435119,625,134,1
1764512435128,628,133,1
1764512435135,631,132,1
1764512435139,633,132,1
1764512435150,634,132,1
1764512435159,635,131,1
1764512435163,637,131,1
1764512435173,638,131,1
1764512435182,640,131,1
1764512435189,642,131,1
1764512435199,644,131,1
1764512435206,647,131,1
1764512435214,651,131,1
1764512435218,655,131,1
0,0,0,0
1764512435230,658,132,1
1764512435239,662,132,1
1764512435245,665,133,1
1764512435249,668,135,1
1764512435261,672,136,1
1764512435269,677,138,1
1764512435269,683,138,1
1764512435279,689,140,1
1764512435289,697,142,1
1764512435299,703,144,1
1764512435309,707,146,1
1764512435317,713,149,1
1764512435325,716,150,1
1764512435331,722,153,1
1764512435337,727,155,1
1764512435340,730,156,1
1764512435348,732,157,1
1764512435359,734,159,1
1764512435368,739,161,1
1764512435372,741,162,1
1764512435384,743,163,1
1764512435393,745,164,1
1764512435399,748,166,1
1764512435409,749,167,1
1764512435409,751,168,1
1764512435420,753,170,1
1764512435429,756,172,1
1764512435439,758,173,1
1764512435448,761,176,1
1764512435452,763,178,1
1764512435459,764,178,1
1764512435471,766,180,1
1764512435488,767,180,1
1764512435493,767,181,1
1764512435509,767,182,1
1764512435533,768,182,1
1764512435541,768,183,1
1764512435831,768,185,1
1764512435838,768,186,1
1764512435869,767,186,1
1764512435879,767,187,1
1764512436500,767,188,1
1764512436529,767,189,1
1764512436551,767,190,1
1764512436570,767,191,1
1764512436591,767,192,1
1764512436629,767,193,1
1764512436650,767,194,1
1764512436679,767,196,1
1764512436689,767,197,1
1764512436700,769,198,1
1764512436700,769,200,1
1764512436709,769,202,1
1764512436719,769,204,1
1764512436731,770,207,1
1764512436739,770,209,1
1764512436747,770,211,1
1764512436751,771,213,1
1764512436759,771,216,0
1764512436768,772,219,0
1764512436768,772,221,0
1764512436781,772,223,0
1764512436789,772,226,0
1764512436800,772,229,0
1764512436809,772,232,0
1764512436818,772,235,0
1764512436818,774,239,0
1764512436833,776,241,0
1764512436841,776,244,0
1764512436849,776,246,0
1764512436856,776,249,0
1764512436862,776,252,0
1764512436871,776,253,0
1764512436879,776,256,0
1764512436879,776,257,0
1764512436892,776,258,0
1764512436904,776,259,0
1764512436911,776,260,0
1764512436919,776,261,0
1764512436924,776,264,0
1764512436929,776,266,0
1764512436939,776,270,0
1764512436949,776,273,0
1764512436955,776,276,0
1764512436959,776,278,0
1764512436972,776,281,0
1764512436980,776,283,0
1764512436988,776,285,0
1764512436988,776,287,0
1764512437002,776,289,0
1764512437013,776,291,0
1764512437019,776,292,0
1764512437029,776,293,0
1764512437043,776,294,0
1764512437052,776,295,0
1764512437059,776,296,0
1764512437068,777,298,0
1764512437068,778,299,0
1764512437082,778,300,0
1764512437089,779,302,0
1764512437098,780,302,0
1764512437102,780,304,0
1764512437114,781,305,0
1764512437136,782,307,0
1764512437147,783,307,0
1764512437153,783,308,0
1764512437160,783,309,0
1764512437169,784,310,0
1764512437176,785,312,0
1764512437187,785,313,0
1764512437192,786,315,0
1764512437201,787,317,0
1764512437208,787,320,0
1764512437215,789,324,0
1764512437223,789,326,0
1764512437231,791,330,0
1764512437239,792,334,0
1764512437239,792,348,0
1764512437255,792,357,0
1764512437259,792,365,0
1764512437270,792,373,0
1764512437279,790,380,0
1764512437286,788,390,1
1764512437289,786,394,1
1764512437301,784,402,1
1764512437309,782,409,1
1764512437309,779,417,1
1764512437325,777,424,1
1764512437333,774,430,1
1764512437341,772,437,1
1764512437348,768,443,1
1764512437354,761,449,1
1764512437365,758,452,1
1764512437369,753,456,1
1764512437379,748,460,1
1764512437382,742,463,1
1764512437389,738,465,1
1764512437401,733,467,1
1764512437411,727,469,1
1764512437419,720,471,1
1764512437419,715,472,1
1764512437436,705,475,1
1764512437443,699,478,1
1764512437448,693,479,1
1764512437459,688,481,1
1764512437466,682,482,1
1764512437473,675,485,1
1764512437479,671,486,1
1764512437489,664,488,1
1764512437493,657,489,1
1764512437502,649,490,1
1764512437513,642,491,1
1764512437519,636,491,1
1764512437529,632,491,1
1764512437529,628,491,1
1764512437540,624,491,1
1764512437549,620,491,1
1764512437558,610,491,1
1764512437558,601,489,1
1764512437576,593,488,1
1764512437582,586,487,1
1764512437591,578,485,1
1764512437598,568,483,1
1764512437608,561,482,1
1764512437608,555,481,1
1764512437623,550,480,1
1764512437631,544,478,1
1764512437639,538,476,1
1764512437645,533,474,1
1764512437654,527,473,1
1764512437659,520,471,1
1764512437668,514,468,1
1764512437673,507,466,1
1764512437684,500,463,1
1764512437689,491,460,1
1764512437699,480,456,1
1764512437709,473,453,1
1764512437715,467,450,1
1764512437719,460,447,1
1764512437732,454,444,0
1764512437739,448,441,0
1764512437748,444,436,0
1764512437755,438,432,0
1764512437764,431,427,0
1764512437769,428,423,0
1764512437780,422,417,0
1764512437788,419,412,0
1764512437795,415,408,0
1764512437802,412,403,0
1764512437810,410,398,0
1764512437818,407,394,0
1764512437820,407,391,0
1764512437828,406,386,0
1764512437839,406,383,0
1764512437849,406,378,0
1764512437858,405,373,0
1764512437866,405,367,0
1764512437874,405,362,0
1764512437879,405,356,0
1764512437890,407,351,0
1764512437894,408,345,0
1764512437902,409,339,0
1764512437908,410,334,0
1764512437921,412,328,0
1764512437928,414,320,1
1764512437937,415,314,1
1764512437941,416,308,1
1764512437949,417,303,1
1764512437959,419,297,1
1764512437968,420,293,1
1764512437968,421,288,1
1764512437979,422,285,1
1764512437990,424,282,1
1764512437998,424,280,1
1764512438007,425,275,1
1764512438009,427,272,1
1764512438020,428,270,1
1764512438029,429,268,1
1764512438036,430,266,1
1764512438045,431,263,1
1764512438054,431,261,1
1764512438061,432,258,1
1764512438068,433,255,1
1764512438068,434,252,1
1764512438083,437,246,1
1764512438091,438,243,1
1764512438099,441,238,1
1764512438109,443,233,1
1764512438115,447,229,1
1764512438125,451,223,1
1764512438131,454,217,1
1764512438138,457,212,1
1764512438146,460,207,1
1764512438156,462,204,1
1764512438162,466,199,1
1764512438169,468,196,1
1764512438169,470,193,1
1764512438187,471,191,1
1764512438194,472,189,1
1764512438201,474,187,1
1764512438210,474,185,1
1764512438218,476,182,1
1764512438225,476,181,1
1764512438233,476,180,1
1764512438242,477,177,1
1764512438242,480,175,1
1764512438249,481,173,1
1764512438259,484,169,1
1764512438269,490,161,1
1764512438278,495,157,1
1764512438278,499,155,1
1764512438296,504,152,1
1764512438303,511,149,1
1764512438308,516,147,1
1764512438321,520,145,1
1764512438329,522,144,1
1764512438329,526,143,1
1764512438339,530,141,1
1764512438349,532,140,1
1764512438356,535,139,1
1764512438365,537,139,1
1764512438374,540,137,1
1764512438378,543,136,1
1764512438389,546,136,1
1764512438389,550,136,1
1764512438403,554,134,1
1764512438409,559,134,1
1764512438419,565,132,1
1764512438419,570,131,1
1764512438432,573,131,1
1764512438444,579,130,1
1764512438450,584,130,1
1764512438458,590,129,1
1764512438469,594,129,1
1764512438474,599,129,1
1764512438480,602,129,1
1764512438489,606,128,1
1764512438499,613,128,1
1764512438503,616,128,1
1764512438514,621,128,1
1764512438519,624,128,1
1764512438529,628,128,1
1764512438537,631,128,1
1764512438545,635,128,1
1764512438554,638,128,1
1764512438561,642,128,1
1764512438569,645,128,1
1764512438578,650,128,1
1764512438578,654,128,1
1764512438590,656,128,1
1764512438599,659,128,1
1764512438606,662,128,1
1764512438615,664,128,1
1764512438624,667,128,1
1764512438631,670,128,1
1764512438638,672,128,1
1764512438646,675,128,1
1764512438654,678,128,1
1764512438658,680,128,1
1764512438670,683,128,1
1764512438670,686,128,1
1764512438685,688,129,1
1764512438689,691,129,1
1764512438702,694,130,1
1764512438708,696,131,1
1764512438718,698,131,1
1764512438718,702,133,1
1764512438733,704,134,1
1764512438739,708,135,1
1764512438749,711,136,1
1764512438758,716,138,1
1764512438758,720,140,1
1764512438770,724,141,1
1764512438778,726,142,1
1764512438785,727,144,1
1764512438788,729,144,1
1764512438804,731,147,1
1764512438808,733,148,1
1764512438818,734,149,1
1764512438828,736,151,1
1764512438836,738,153,1
1764512438844,740,156,1
1764512438849,742,158,1
1764512438849,744,161,1
1764512438865,746,165,1
1764512438869,750,169,1
1764512438881,753,175,1
1764512438888,756,180,1
1764512438897,757,183,1
1764512438904,758,186,1
1764512438913,758,190,1
1764512438919,758,193,1
1764512438929,758,196,1
1764512438929,758,199,0
1764512438943,758,203,0
1764512438949,758,207,0
1764512438959,759,213,0
1764512438961,760,217,0
1764512438974,762,221,0
1764512438981,764,224,0
1764512438990,765,227,0
1764512439001,768,230,0
1764512439009,770,231,0
1764512439015,772,233,0
1764512439021,774,235,0
1764512439029,777,236,0
1764512439037,779,239,0
1764512439053,781,240,0
1764512439059,782,241,0
1764512439069,783,242,0
1764512439076,784,244,0
1764512439085,785,245,0
1764512439089,787,246,0
1764512439099,789,248,0
1764512439108,790,250,0
1764512439108,790,251,0
1764512439122,792,252,1
1764512439128,793,253,1
1764512439139,795,255,1
1764512439139,795,256,1
1764512439155,797,257,1
1764512439163,797,259,1
1764512439171,798,259,1
1764512439179,799,260,1
1764512439182,799,261,1
1764512439193,800,262,1
1764512439203,800,263,1
1764512439209,801,265,1
1764512439217,802,267,1
1764512439225,803,269,1
1764512439230,803,272,1
1764512439238,805,276,1
1764512439249,806,279,1
1764512439249,809,288,1
1764512439266,810,293,1
1764512439273,812,299,1
1764512439278,814,307,1
1764512439278,816,320,1
1764512439295,817,329,1
1764512439298,818,337,1
1764512439310,818,345,1
1764512439319,818,357,1
1764512439329,818,365,1
1764512439329,817,372,1
1764512439342,815,383,1
1764512439348,813,390,1
1764512439359,812,396,1
1764512439359,810,401,1
1764512439373,807,410,1
1764512439378,805,415,1
1764512439389,804,420,1
1764512439389,801,426,1
1764512439405,798,432,1
1764512439409,797,436,1
1764512439420,795,439,1
1764512439429,794,445,1
1764512439436,794,448,1
1764512439444,793,450,1
1764512439452,793,452,1
1764512439459,792,455,1
1764512439469,791,458,1
1764512439469,790,459,1
1764512439483,788,461,1
1764512439493,787,463,1
1764512439501,786,463,1
1764512439509,784,465,1
1764512439509,784,467,1
1764512439519,782,468,1
1764512439529,782,470,1
1764512439539,781,471,1
1764512439539,779,473,1
1764512439550,779,474,1
1764512439561,777,476,1
1764512439569,776,478,1
1764512439577,773,480,1
1764512439584,769,483,1
1764512439589,763,486,1
1764512439599,757,489,1
1764512439609,750,492,1
1764512439619,744,495,1
1764512439619,733,499,1
1764512439630,725,502,1
1764512439641,719,503,1
1764512439649,710,506,1
1764512439649,703,506,1
1764512439662,695,509,1
1764512439669,689,509,1
1764512439679,681,509,1
1764512439688,674,509,1
1764512439694,661,509,1
1764512439699,652,509,1
1764512439710,642,509,1
1764512439718,630,509,1
1764512439725,620,509,1
1764512439733,608,509,1
1764512439741,597,509,1
1764512439749,587,509,1
1764512439757,577,509,1
1764512439765,569,509,1
1764512439772,560,509,1
1764512439782,553,509,1
1764512439789,549,509,1
1764512439796,545,509,1
1764512439804,541,509,1
1764512439813,539,509,1
1764512439819,536,508,1
1764512439821,533,507,1
1764512439835,531,506,1
1764512439838,530,505,1
1764512439851,528,504,1
1764512439859,524,502,1
1764512439869,523,501,1
1764512439869,521,499,1
1764512439883,518,498,1
1764512439889,516,496,1
1764512439889,514,495,1
1764512439905,512,492,1
1764512439909,511,491,1
1764512439920,509,489,1
1764512439928,505,486,1
1764512439931,503,484,1
1764512439946,502,483,1
1764512439952,500,482,1
1764512439961,498,479,1
1764512439969,496,477,1
1764512439969,492,474,1
1764512439979,490,472,1
1764512439989,486,468,1
1764512439999,484,466,1
1764512440005,480,461,1
1764512440016,477,458,1
1764512440019,474,454,1
1764512440030,471,452,1
1764512440039,469,448,1
1764512440048,467,445,1
1764512440048,465,442,1
1764512440058,463,439,1
1764512440068,461,436,1
1764512440077,458,433,1
1764512440085,455,428,1
1764512440093,453,424,1
1764512440099,450,421,1
1764512440109,448,418,1
1764512440119,447,413,1
1764512440121,446,411,1
1764512440129,445,408,1
1764512440138,444,405,1
1764512440143,443,402,1
1764512440153,443,399,1
1764512440159,443,395,1
1764512440168,443,392,1
1764512440178,443,387,1
1764512440184,443,382,1
1764512440194,443,379,1
1764512440200,442,375,1
1764512440209,441,372,1
1764512440219,439,368,1
1764512440225,438,365,1
1764512440232,437,361,1
1764512440238,436,358,1
1764512440249,435,356,1
1764512440259,435,354,1
1764512440264,435,352,1
1764512440269,435,349,1
1764512440280,435,343,1
1764512440288,435,340,1
1764512440298,435,337,1
1764512440305,435,332,1
1764512440314,435,328,1
1764512440319,436,324,1
1764512440327,436,318,1
1764512440331,437,314,1
1764512440339,437,311,1
1764512440349,439,307,1
1764512440359,439,303,1
1764512440368,441,297,1
1764512440372,442,293,1
1764512440385,444,287,1
1764512440389,444,282,1
1764512440399,446,277,1
1764512440407,450,267,1
1764512440411,451,261,1
1764512440419,455,254,1
1764512440429,458,248,1
1764512440438,460,242,1
1764512440445,463,236,1
1764512440453,466,230,1
1764512440460,468,226,1
1764512440469,471,220,1
1764512440476,474,214,1
1764512440479,478,206,1
1764512440493,481,200,1
1764512440501,482,195,1
1764512440506,484,190,1
1764512440516,485,185,1
1764512440522,486,181,1
1764512440531,487,178,1
1764512440539,487,175,1
1764512440546,488,173,1
1764512440554,490,169,1
1764512440563,491,167,1
1764512440571,492,165,1
1764512440578,493,164,1
1764512440584,493,163,1
1764512440591,494,161,1
1764512440602,495,161,1
1764512440609,496,160,1
1764512440618,497,159,1
1764512440618,499,158,1
1764512440634,501,156,1
1764512440641,502,156,1
1764512440650,504,154,1
1764512440651,505,154,1
1764512440666,508,153,1
1764512440668,511,152,1
1764512440678,514,151,1
1764512440682,516,150,1
1764512440694,519,149,1
1764512440699,522,148,1
1764512440709,528,147,1
1764512440719,532,145,1
1764512440728,538,144,1
1764512440735,543,144,1
1764512440739,549,143,1
1764512440750,556,142,1
1764512440756,561,141,1
1764512440765,568,140,1
1764512440769,574,139,1
1764512440781,580,137,1
1764512440789,585,136,1
1764512440798,591,135,1
1764512440805,595,133,1
1764512440813,598,132,1
1764512440818,600,132,1
1764512440831,604,132,1
1764512440837,608,132,1
1764512440839,611,132,1
1764512440849,613,132,1
1764512440858,614,132,1
1764512440866,617,131,1
1764512440874,620,130,1
1764512440885,622,130,1
1764512440892,625,130,1
1764512440900,628,130,1
1764512440907,631,130,1
1764512440915,634,130,1
1764512440918,638,130,1
1764512440929,641,130,1
1764512440939,644,130,1
1764512440945,649,130,1
1764512440951,651,131,1
1764512440961,654,132,1
1764512440971,656,132,1
1764512440977,659,133,1
1764512440978,662,133,1
1764512440992,665,135,1
1764512441003,668,136,1
1764512441009,671,137,1
1764512441009,675,138,1
1764512441019,684,140,1
1764512441031,690,142,1
1764512441038,696,143,1
1764512441045,702,145,1
1764512441054,708,146,1
1764512441062,712,147,1
1764512441071,714,148,1
1764512441078,717,149,1
1764512441087,718,149,1
1764512441092,720,151,1
1764512441099,722,152,1
1764512441109,722,153,1
1764512441117,724,155,1
1764512441124,726,156,1
1764512441133,728,157,1
1764512441140,732,159,1
1764512441149,734,161,1
1764512441156,736,162,1
1764512441159,739,164,1
1764512441172,741,165,1
1764512441182,742,167,1
1764512441186,744,168,1
1764512441189,746,170,1
1764512441203,748,172,1
1764512441209,749,173,1
1764512441219,752,175,1
1764512441220,756,177,1
1764512441229,758,180,1
1764512441238,760,181,1
1764512441248,762,182,1
1764512441259,763,183,1
1764512441268,764,185,1
1764512441268,767,187,1
1764512441278,769,189,1
1764512441288,771,192,1
1764512441288,772,194,1
1764512441305,773,195,1
1764512441309,775,198,1
1764512441319,776,199,1
1764512441328,777,200,1
1764512441331,778,201,1
1764512441339,780,203,1
1764512441349,780,204,1
1764512441359,781,206,1
1764512441367,782,208,1
1764512441375,783,210,1
1764512441381,783,212,1
1764512441389,784,215,1
1764512441398,785,218,1
1764512441405,786,221,1
1764512441411,788,224,1
1764512441422,790,229,1
1764512441429,791,232,1
1764512441438,791,235,1
1764512441442,793,239,1
1764512441453,795,244,1
1764512441461,797,249,1
1764512441469,798,253,1
1764512441477,800,257,1
1764512441484,801,263,1
1764512441489,802,267,1
1764512441499,803,276,1
1764512441508,803,280,1
1764512441512,804,285,1
1764512441521,805,290,1
1764512441532,807,295,1
1764512441539,807,301,1
1764512441546,809,307,1
1764512441552,810,312,1
1764512441559,811,315,1
1764512441568,812,321,1
1764512441578,812,324,1
1764512441588,812,326,1
1764512441595,812,328,1
1764512441600,812,330,1
1764512441609,812,333,1
1764512441616,812,336,1
1764512441624,812,338,1
1764512441633,812,343,1
1764512441639,812,347,1
1764512441649,812,351,1
1764512441649,812,355,1
1764512441665,812,358,1
1764512441668,812,363,1
1764512441681,812,366,1
1764512441688,812,370,1
1764512441696,812,373,1
1764512441701,812,377,1
1764512441709,812,379,1
1764512441719,812,382,1
1764512441726,812,384,1
1764512441731,811,387,1
1764512441739,810,389,1
1764512441748,809,392,1
1764512441759,808,395,1
1764512441760,805,400,1
1764512441768,804,403,1
1764512441778,800,408,1
1764512441789,799,411,1
1764512441792,798,414,1
1764512441805,796,418,1
1764512441813,793,421,1
1764512441819,792,424,1
1764512441829,790,427,1
1764512441837,789,430,1
1764512441840,786,433,1
1764512441849,785,436,1
1764512441860,782,438,1
1764512441868,776,442,1
1764512441874,773,444,1
1764512441879,770,446,1
1764512441888,766,450,1
1764512441899,760,453,1
1764512441905,755,456,1
1764512441913,752,458,1
1764512441919,747,462,1
1764512441929,744,465,1
1764512441938,740,466,1
1764512441938,737,468,1
1764512441950,732,471,1
1764512441959,728,472,1
1764512441969,723,473,1
1764512441969,720,475,1
1764512441982,714,477,1
1764512441989,710,479,1
1764512441999,704,481,1
1764512442009,698,483,1
1764512442015,691,485,1
1764512442025,687,486,1
1764512442030,681,488,1
1764512442039,677,490,1
1764512442048,672,492,1
1764512442052,666,495,1
1764512442062,663,496,1
1764512442070,657,498,1
1764512442079,654,498,1
1764512442079,651,499,1
1764512442094,647,499,1
1764512442099,644,500,1
1764512442111,643,500,1
1764512442118,640,500,1
1764512442125,636,500,1
1764512442134,633,500,1
1764512442141,628,500,1
1764512442148,621,500,1
1764512442157,618,500,1
1764512442167,613,500,1
1764512442173,610,500,1
1764512442179,606,500,1
1764512442189,601,499,1
1764512442198,597,498,1
1764512442206,594,498,1
1764512442215,591,498,1
1764512442220,587,498,1
1764512442226,584,498,1
1764512442236,581,498,1
1764512442238,578,498,1
1764512442248,576,498,1
1764512442259,573,498,1
1764512442268,570,498,1
1764512442268,568,498,1
1764512442284,565,498,1
1764512442291,562,498,1
1764512442300,557,498,1
1764512442308,552,496,1
1764512442313,547,496,1
1764512442319,542,495,1
1764512442329,538,495,1
1764512442339,534,493,1
1764512442343,531,492,1
1764512442351,528,491,1
1764512442361,524,490,1
1764512442368,522,489,1
1764512442376,519,486,1
1764512442378,517,486,1
1764512442389,515,484,1
1764512442399,514,483,1
1764512442406,512,481,1
1764512442410,510,480,1
1764512442419,508,477,1
1764512442429,505,475,1
1764512442439,502,473,1
1764512442446,499,470,1
1764512442449,492,465,1
1764512442458,485,458,1
1764512442468,480,455,1
1764512442479,477,451,1
1764512442479,470,446,1
1764512442492,467,441,1
1764512442501,464,439,1
1764512442509,461,435,1
1764512442517,458,430,1
1764512442525,455,427,1
1764512442531,455,425,1
1764512442539,453,421,1
1764512442549,452,418,1
1764512442558,452,415,1
1764512442565,451,412,1
1764512442571,451,409,1
1764512442578,451,406,1
1764512442584,451,404,1
1764512442589,451,400,1
1764512442600,451,397,1
1764512442609,451,392,1
1764512442619,451,389,1
1764512442619,451,384,1
1764512442632,451,379,1
1764512442639,452,376,1
1764512442648,453,372,1
1764512442648,453,370,1
1764512442663,454,367,1
1764512442669,455,366,1
1764512442680,457,364,1
1764512442688,457,361,1
1764512442695,459,357,1
1764512442706,460,355,1
1764512442715,462,349,1
1764512442721,464,343,0
1764512442729,465,338,0
1764512442729,468,334,0
1764512442743,469,329,0
1764512442749,469,325,0
1764512442759,470,321,0
1764512442768,470,317,0
1764512442774,470,314,0
1764512442782,470,309,0
1764512442790,470,305,0
1764512442798,470,302,0
1764512442806,470,298,0
1764512442811,470,295,0
1764512442822,470,291,0
1764512442829,470,287,0
1764512442838,470,282,0
1764512442844,470,279,0
1764512442854,470,275,0
1764512442859,469,272,0
1764512442870,469,270,0
1764512442877,469,268,0
1764512442886,469,267,0
1764512442889,469,265,0
1764512442901,469,263,0
1764512442909,469,262,0
1764512442915,469,261,1
1764512442918,470,260,0
1764512442928,470,258,1
1764512442938,470,256,1
1764512442948,470,254,1
1764512442954,471,253,1
1764512442959,471,251,1
1764512442971,471,249,1
1764512442979,472,248,1
1764512442985,472,246,1
1764512442989,473,244,1
1764512443000,474,242,1
1764512443009,475,241,1
1764512443016,475,239,1
1764512443019,476,236,1
1764512443032,477,235,1
1764512443038,477,232,1
1764512443049,477,231,1
1764512443059,479,227,1
1764512443059,480,224,1
1764512443074,481,222,1
1764512443083,482,220,1
1764512443084,483,218,1
1764512443094,485,215,1
1764512443103,487,212,1
1764512443109,494,203,1
1764512443118,498,199,1
1764512443118,503,194,1
1764512443132,511,188,1
1764512443139,516,185,1
1764512443148,521,183,1
1764512443159,527,179,1
1764512443164,533,176,0
1764512443174,538,174,0
1764512443180,543,171,0
1764512443189,549,169,0
1764512443196,556,167,0
1764512443206,562,164,0
1764512443212,568,162,0
1764512443218,574,160,0
1764512443228,578,157,0
1764512443228,585,154,0
1764512443244,589,153,0
1764512443249,593,151,0
1764512443260,596,149,0
1764512443260,599,147,1
1764512443276,602,147,0
1764512443279,605,145,1
1764512443291,608,145,1
1764512443299,611,144,1
1764512443308,614,144,1
1764512443314,619,144,1
1764512443323,625,143,1
1764512443333,629,143,1
1764512443339,634,143,1
1764512443339,640,143,1
1764512443351,648,143,1
1764512443359,655,143,1
1764512443368,661,143,1
1764512443370,668,143,1
1764512443385,673,143,1
1764512443389,682,144,1
1764512443399,686,144,1
1764512443408,689,145,1
1764512443418,690,145,1
1764512443424,692,146,1
1764512443433,694,146,1
1764512443438,695,147,1
1764512443444,696,147,1
1764512443449,698,148,1
1764512443463,699,149,1
1764512443469,703,151,1
1764512443479,706,152,1
1764512443486,709,153,1
1764512443494,711,154,1
1764512443503,713,156,1
1764512443511,715,157,1
1764512443518,718,159,1
1764512443525,720,160,1
1764512443529,721,162,1
1764512443538,724,164,1
1764512443549,726,166,1
1764512443559,726,167,1
1764512443560,729,169,1
1764512443569,730,170,1
1764512443578,731,173,1
1764512443589,733,175,1
1764512443599,735,176,1
1764512443606,736,178,1
1764512443609,738,181,0
1764512443618,740,182,1
1764512443624,742,185,0
1764512443629,744,187,0
1764512443640,747,189,0
1764512443648,749,192,0
1764512443659,751,194,0
1764512443659,754,197,0
1764512443672,756,200,0
1764512443679,759,203,0
1764512443689,761,207,0
1764512443699,763,210,0
1764512443706,765,212,0
1764512443713,772,221,0
1764512443718,773,223,0
1764512443729,776,226,0
1764512443739,777,229,0
1764512443739,780,231,0
1764512443750,781,232,0
1764512443758,784,235,1
1764512443768,786,237,1
1764512443778,787,239,1
1764512443782,789,240,1
1764512443789,791,243,1
1764512443798,794,246,1
1764512443805,794,247,1
1764512443814,796,249,1
1764512443819,799,252,1
1764512443830,801,254,1
1764512443838,803,256,1
1764512443849,807,260,1
1764512443849,809,261,1
1764512443862,812,264,1
1764512443869,813,265,1
1764512443869,815,267,1
1764512443879,816,269,1
1764512443893,817,270,1
1764512443899,817,273,1
1764512443909,818,275,1
1764512443918,818,277,1
1764512443924,819,278,1
1764512443928,819,281,1
1764512443939,819,283,1
1764512443949,820,286,1
1764512443949,820,288,1
1764512443960,820,291,1
1764512443969,820,298,1
1764512443978,820,302,1
1764512443978,820,307,1
1764512443996,820,313,1
1764512444002,820,318,1
1764512444010,820,322,1
1764512444018,821,328,1
1764512444022,821,331,1
1764512444029,821,335,1
1764512444040,821,337,1
1764512444049,820,342,1
1764512444055,819,345,1
1764512444064,818,348,1
1764512444073,818,351,1
1764512444079,817,355,1
1764512444089,817,360,1
1764512444098,816,364,1
1764512444106,815,370,1
1764512444113,814,377,1
1764512444120,813,380,1
1764512444126,812,383,1
1764512444134,811,386,1
1764512444143,810,389,1
1764512444150,809,390,1
1764512444159,808,393,1
1764512444166,808,396,1
1764512444174,806,397,1
1764512444184,806,398,1
1764512444191,804,400,1
1764512444198,803,401,1
1764512444208,801,403,1
1764512444213,798,405,1
1764512444221,796,407,1
1764512444229,790,410,1
1764512444229,788,412,1
1764512444245,783,415,1
1764512444249,781,418,1
1764512444261,776,420,1
1764512444269,773,424,1
1764512444276,770,427,1
1764512444279,766,430,1
1764512444292,763,434,1
1764512444298,759,437,1
1764512444306,754,441,1
1764512444309,750,444,1
1764512444323,745,447,1
1764512444330,740,450,1
1764512444339,736,452,0
1764512444348,731,454,0
1764512444356,728,456,0
1764512444364,723,459,0
1764512444371,720,460,0
1764512444379,715,462,0
1764512444385,713,464,0
1764512444393,710,464,0
1764512444401,707,466,0
1764512444409,704,467,0
1764512444409,699,469,0
1764512444427,696,470,0
1764512444433,689,472,0
1764512444439,682,474,0
1764512444448,677,476,0
1764512444456,672,477,0
1764512444466,666,478,0
1764512444469,660,480,0
1764512444479,655,481,0
1764512444481,649,482,0
1764512444495,644,483,0
1764512444501,638,483,0
1764512444509,633,483,0
1764512444519,628,484,0
1764512444519,625,484,0
1764512444529,622,484,0
1764512444539,619,484,0
1764512444552,617,484,0
1764512444552,614,484,0
1764512444565,611,484,0
1764512444573,608,484,0
1764512444581,605,484,0
1764512444588,601,484,0
1764512444597,598,484,0
1764512444598,594,484,1
1764512444613,590,484,1
1764512444619,582,484,1
1764512444630,578,483,1
1764512444632,572,483,1
1764512444644,567,481,1
1764512444649,561,481,1
1764512444659,557,479,1
1764512444660,553,479,1
1764512444674,548,477,1
1764512444683,545,476,1
1764512444689,542,476,1
1764512444698,539,475,1
1764512444708,537,475,1
1764512444715,534,474,1
1764512444724,532,473,1
1764512444728,530,473,1
1764512444728,529,473,1
1764512444744,527,471,1
1764512444748,525,470,1
1764512444759,523,469,1
1764512444769,519,468,1
1764512444771,517,467,1
1764512444779,512,465,1
1764512444788,508,463,1
1764512444798,503,461,1
1764512444809,500,459,1
1764512444809,495,456,1
1764512444819,492,453,1
1764512444829,487,449,1
1764512444839,483,446,1
1764512444848,476,438,1
1764512444851,472,435,1
1764512444859,468,431,1
1764512444868,466,426,1
1764512444878,463,423,1
1764512444888,461,420,1
1764512444888,461,416,1
1764512444899,459,409,1
1764512444909,457,405,1
1764512444914,456,401,1
1764512444924,455,398,1
1764512444930,454,394,1
1764512444938,450,386,1
1764512444949,448,380,1
1764512444949,448,374,1
1764512444963,446,369,1
1764512444969,445,363,1
1764512444979,444,357,1
1764512444989,444,353,1
1764512444995,443,349,1
1764512445003,442,346,1
1764512445010,441,341,1
1764512445018,441,336,1
1764512445026,441,333,1
1764512445033,441,330,1
1764512445042,441,327,1
1764512445049,441,323,1
1764512445058,441,320,1
1764512445068,441,316,1
1764512445074,441,313,1
1764512445079,441,308,1
1764512445090,441,305,1
1764512445090,442,301,1
1764512445099,443,297,1
1764512445109,443,294,1
1764512445119,444,291,1
1764512445131,444,287,1
1764512445137,446,284,1
1764512445140,447,282,1
1764512445149,448,279,1
1764512445160,451,274,1
1764512445160,454,268,1
1764512445175,456,264,1
1764512445179,458,259,1
1764512445190,460,253,1
1764512445198,461,250,1
1764512445207,461,247,1
1764512445209,461,246,1
1764512445223,462,242,1
1764512445228,464,240,1
1764512445239,464,237,1
1764512445239,466,234,1
1764512445249,467,231,1
1764512445259,469,229,1
1764512445268,470,227,1
1764512445275,473,223,1
1764512445279,474,221,1
1764512445291,476,220,1
1764512445299,477,218,1
1764512445309,478,216,1
1764512445309,479,215,1
1764512445324,480,212,1
1764512445329,481,210,1
1764512445340,482,207,1
1764512445348,483,204,1
1764512445356,486,200,1
1764512445359,487,198,1
1764512445372,488,196,1
1764512445379,489,194,1
1764512445388,491,192,1
1764512445389,493,190,1
1764512445399,495,189,1
1764512445409,496,188,1
1764512445418,498,187,1
1764512445424,500,185,1
1764512445429,501,184,1
1764512445440,503,183,1
1764512445449,504,182,1
1764512445456,506,182,1
1764512445459,508,180,1
1764512445479,509,179,1
1764512445489,511,179,1
1764512445489,512,177,1
1764512445503,513,177,1
1764512445509,516,175,1
1764512445519,517,175,1
1764512445519,519,173,1
1764512445535,520,173,1
1764512445538,523,170,1
1764512445551,526,167,1
1764512445559,529,164,1
1764512445567,531,162,1
1764512445574,532,160,1
1764512445582,534,158,1
1764512445588,535,155,1
1764512445598,537,154,1
1764512445604,538,152,1
1764512445614,539,150,1
1764512445619,540,148,1
1764512445632,541,147,1
1764512445632,543,146,1
1764512445645,544,145,1
1764512445649,546,143,1
1764512445661,547,142,1
1764512445668,549,139,1
1764512445676,551,138,1
1764512445684,553,137,1
1764512445692,555,135,1
1764512445698,557,134,1
1764512445698,559,132,1
1764512445708,563,130,1
1764512445723,564,129,1
1764512445731,566,128,1
1764512445738,569,127,1
1764512445740,573,125,1
1764512445754,576,124,1
1764512445763,580,124,1
1764512445769,586,123,1
1764512445777,590,123,1
1764512445782,596,122,1
1764512445789,601,122,1
1764512445798,608,122,1
1764512445809,613,121,1
1764512445813,615,121,1
1764512445824,618,121,1
1764512445829,621,121,1
1764512445839,624,121,1
1764512445849,627,121,1
1764512445854,631,121,1
1764512445863,633,121,1
1764512445871,637,121,1
1764512445879,642,121,1
1764512445884,644,121,1
1764512445896,647,121,1
1764512445900,650,121,1
1764512445909,653,122,1
1764512445918,656,122,1
1764512445918,659,123,1
1764512445932,665,124,1
1764512445943,671,125,1
1764512445948,674,126,1
1764512445957,677,126,1
1764512445965,681,127,1
1764512445969,686,127,1
1764512445980,690,127,1
1764512445988,693,128,1
1764512445996,696,129,1
1764512446004,699,130,1
1764512446012,700,130,1
1764512446018,702,130,1
1764512446023,704,131,1
1764512446035,706,132,1
1764512446043,707,132,1
1764512446049,710,133,1
1764512446058,712,133,1
1764512446060,714,134,1
1764512446069,717,135,1
1764512446079,720,136,1
1764512446092,722,137,1
1764512446101,725,138,1
1764512446109,727,139,1
1764512446109,729,140,1
1764512446119,730,141,1
1764512446131,733,142,1
1764512446133,735,143,1
1764512446149,737,145,1
1764512446149,739,147,1
1764512446159,741,148,1
1764512446169,743,150,1
1764512446171,745,152,1
1764512446178,747,154,1
1764512446188,748,155,1
1764512446199,751,156,1
1764512446203,753,158,1
1764512446209,759,163,1
1764512446221,762,164,1
1764512446228,765,167,1
1764512446239,767,168,1
1764512446239,769,170,1
1764512446251,772,172,1
1764512446259,773,173,1
1764512446269,774,175,1
1764512446279,776,176,1
1764512446289,777,178,1
1764512446289,779,181,1
1764512446302,780,182,1
1764512446309,783,185,1
1764512446313,785,189,1
1764512446319,788,191,1
1764512446329,789,193,1
1764512446341,791,196,1
1764512446349,794,198,1
1764512446356,795,200,1
1764512446363,797,202,1
1764512446369,799,205,1
1764512446379,801,207,1
1764512446379,801,208,1
1764512446397,802,210,1
1764512446403,803,211,1
1764512446409,803,212,1
1764512446419,803,215,1
1764512446424,803,217,1
1764512446429,803,219,1
1764512446442,803,221,1
1764512446449,803,225,1
1764512446459,804,228,1
1764512446459,805,232,1
1764512446472,806,236,1
1764512446479,807,240,1
1764512446489,808,245,1
1764512446493,808,249,1
1764512446504,809,252,1
1764512446510,810,255,1
1764512446521,811,257,1
1764512446528,811,259,1
1764512446535,811,261,1
1764512446544,811,263,1
1764512446550,811,266,1
1764512446559,811,269,1
1764512446566,813,276,1
1764512446572,813,281,1
1764512446582,813,287,1
1764512446588,813,292,1
1764512446599,813,298,1
1764512446603,813,303,1
1764512446614,814,309,1
1764512446618,816,314,1
1764512446630,816,317,1
1764512446636,817,321,1
1764512446646,818,326,1
1764512446653,819,328,1
1764512446661,819,330,1
1764512446668,820,332,1
1764512446678,820,335,1
1764512446689,820,337,1
1764512446702,820,338,1
1764512446710,820,340,1
1764512446719,820,342,1
1764512446730,820,343,1
1764512446739,820,345,1
1764512446746,820,348,1
1764512446754,819,350,1
1764512446761,819,353,1
1764512446769,819,355,1
1764512446779,818,356,1
1764512446779,818,358,1
1764512446793,818,360,1
1764512446799,817,361,1
1764512446811,816,363,1
1764512446811,816,364,1
1764512446824,814,366,1
1764512446829,812,371,1
1764512446840,809,375,1
1764512446849,807,378,1
1764512446857,803,383,1
1764512446865,801,386,1
1764512446873,799,391,1
1764512446881,798,394,1
1764512446888,796,398,1
1764512446888,795,402,1
1764512446903,794,405,1
1764512446911,792,409,1
1764512446919,791,413,1
1764512446928,790,416,1
1764512446934,788,419,1
1764512446939,787,424,1
1764512446950,785,426,1
1764512446958,784,429,1
1764512446966,782,432,1
1764512446969,779,436,1
1764512446980,779,438,1
1764512446989,778,440,1
1764512446999,777,443,1
1764512446999,776,444,1
1764512447021,774,446,1
1764512447030,774,447,1
1764512447030,773,449,1
1764512447049,772,451,1
1764512447049,771,452,1
1764512447062,769,454,1
1764512447067,767,457,1
1764512447075,766,459,1
1764512447078,763,461,1
1764512447089,760,465,1
1764512447099,756,467,1
1764512447101,754,470,1
1764512447111,750,472,1
1764512447119,747,474,1
1764512447129,741,477,1
1764512447138,736,480,1
1764512447147,733,481,1
1764512447152,726,483,1
1764512447163,723,485,1
1764512447169,719,486,1
1764512447177,715,487,1
1764512447178,711,487,1
1764512447193,707,488,1
1764512447199,702,489,1
1764512447209,697,489,1
1764512447211,691,490,1
1764512447225,686,490,1
1764512447229,681,490,1
1764512447239,675,490,1
1764512447240,671,491,1
1764512447248,666,492,1
1764512447259,662,493,1
1764512447269,659,493,1
1764512447279,656,494,1
1764512447279,653,494,1
1764512447294,652,494,1
1764512447298,650,495,1
1764512447312,647,495,1
1764512447319,645,495,1
1764512447325,643,496,1
1764512447328,641,496,1
1764512447341,639,497,1
1764512447349,637,497,1
1764512447357,636,497,1
1764512447363,633,497,1
1764512447373,628,497,1
1764512447379,625,497,1
1764512447391,621,497,1
1764512447391,618,497,1
1764512447399,614,497,1
1764512447412,611,497,1
1764512447419,607,497,1
1764512447428,604,497,1
1764512447428,600,497,1
1764512447440,596,497,1
1764512447449,592,496,1
1764512447459,588,496,1
1764512447467,577,495,1
1764512447476,573,494,1
1764512447479,567,493,1
1764512447488,564,492,1
1764512447498,562,492,1
1764512447505,560,491,1
1764512447514,557,491,1
1764512447520,554,490,1
1764512447529,552,490,1
1764512447536,551,489,1
1764512447547,549,488,1
1764512447553,547,488,1
1764512447558,544,487,1
1764512447569,540,486,1
1764512447579,537,485,1
1764512447583,533,483,1
1764512447589,530,482,1
1764512447599,527,481,1
1764512447599,523,480,1
1764512447614,520,478,1
1764512447619,517,477,1
1764512447630,514,476,1
1764512447638,512,474,1
1764512447646,510,473,1
1764512447654,507,472,1
1764512447662,505,471,1
1764512447669,502,470,1
1764512447678,501,468,1
1764512447679,498,467,1
1764512447689,497,465,1
1764512447699,495,464,1
1764512447709,492,462,1
1764512447724,490,460,1
1764512447731,488,459,1
1764512447739,485,456,1
1764512447748,483,455,1
1764512447748,481,453,1
1764512447762,479,452,1
1764512447769,476,450,1
1764512447778,475,449,1
1764512447788,473,447,1
1764512447794,469,444,1
1764512447799,468,441,1
1764512447810,466,439,1
1764512447819,465,436,1
1764512447829,462,432,1
1764512447835,461,430,1
1764512447842,460,428,1
1764512447849,459,425,1
1764512447858,457,422,1
1764512447859,457,419,1
1764512447873,456,416,1
1764512447880,455,413,1
1764512447889,455,412,1
1764512447889,453,406,1
1764512447904,453,404,1
1764512447912,453,401,1
1764512447920,451,399,1
1764512447928,451,397,1
1764512447934,451,395,1
1764512447938,450,392,1
1764512447952,450,389,1
1764512447958,450,386,1
1764512447967,448,383,1
1764512447968,447,378,1
1764512447984,446,375,1
1764512447989,446,371,1
1764512447999,445,368,1
1764512448003,443,363,1
1764512448015,442,359,1
1764512448019,442,357,1
1764512448028,441,355,1
1764512448031,441,351,1
1764512448044,441,350,1
1764512448053,440,348,1
1764512448059,440,344,1
1764512448068,440,341,1
1764512448079,440,338,1
1764512448084,440,336,1
1764512448093,441,333,1
1764512448098,442,330,1
1764512448098,442,327,1
1764512448112,443,323,1
1764512448123,443,320,1
1764512448130,444,315,1
1764512448138,444,311,1
1764512448144,444,308,1
1764512448154,445,303,1
1764512448158,445,302,1
1764512448169,445,299,1
1764512448179,445,297,1
1764512448185,445,295,1
1764512448190,445,293,1
1764512448199,446,291,1
1764512448209,447,288,1
1764512448217,448,285,1
1764512448224,449,280,1
1764512448233,449,278,1
1764512448239,449,273,1
1764512448249,450,270,1
1764512448254,452,266,1
1764512448259,452,263,1
1764512448272,454,259,1
1764512448278,454,256,1
1764512448286,456,253,1
1764512448288,457,252,1
1764512448302,458,249,1
1764512448309,460,246,1
1764512448319,461,245,1
1764512448328,463,243,1
1764512448328,464,240,1
1764512448343,467,238,1
1764512448351,469,236,1
1764512448359,470,234,1
1764512448365,473,231,1
1764512448373,474,227,1
1764512448379,477,224,1
1764512448388,478,222,1
1764512448399,479,220,1
1764512448402,479,219,1
1764512448412,481,217,1
1764512448418,482,216,1
1764512448428,483,215,1
1764512448434,484,212,1
1764512448439,486,210,1
1764512448450,487,208,1
1764512448458,488,205,1
1764512448465,490,203,1
1764512448475,492,200,1
1764512448483,494,197,1
1764512448489,495,195,1
1764512448499,496,192,1
1764512448499,499,189,1
1764512448512,499,187,1
1764512448519,501,186,1
1764512448529,502,183,1
1764512448529,503,182,1
1764512448546,504,181,1
1764512448552,506,179,1
1764512448560,506,178,1
1764512448569,509,175,1
1764512448576,509,174,1
1764512448585,511,173,1
1764512448592,512,170,1
1764512448598,514,168,1
1764512448609,515,167,1
1764512448616,517,165,1
1764512448623,518,164,1
1764512448628,520,162,1
1764512448639,523,159,1
1764512448645,525,159,1
1764512448655,527,157,1
1764512448659,529,156,1
1764512448670,532,153,1
1764512448679,535,152,1
1764512448689,538,151,1
1764512448689,540,149,1
1764512448702,544,147,1
1764512448712,547,146,1
1764512448718,551,144,1
1764512448725,554,143,1
1764512448734,557,140,1
1764512448741,560,140,1
1764512448750,563,138,1
1764512448758,565,137,1
1764512448766,570,135,1
1764512448769,581,131,1
1764512448782,585,129,1
1764512448789,592,127,1
1764512448796,597,126,1
1764512448803,601,125,1
1764512448812,604,124,1
1764512448819,609,122,1
1764512448829,616,120,1
1764512448835,619,119,1
1764512448846,622,119,1
1764512448851,623,118,1
1764512448860,625,118,1
1764512448862,627,118,1
1764512448876,628,118,1
1764512448881,629,118,1
1764512448889,630,118,1
1764512448892,633,118,1
1764512448898,636,118,1
1764512448912,638,118,1
1764512448929,641,119,1
1764512448939,644,119,1
1764512448939,647,120,1
1764512448948,650,120,1
1764512448959,654,122,1
1764512448969,657,123,1
1764512448971,662,124,1
1764512448984,664,125,1
1764512448991,666,127,1
1764512448999,669,127,1
1764512449007,672,128,1
1764512449015,674,129,1
1764512449023,676,130,1
1764512449031,678,131,1
1764512449039,681,133,1
1764512449039,684,133,1
1764512449050,687,135,1
1764512449059,690,136,1
1764512449069,694,138,1
1764512449069,698,138,1
1764512449082,701,140,1
1764512449088,704,142,1
1764512449099,707,143,1
1764512449109,710,144,1
1764512449114,712,146,1
1764512449119,714,146,1
1764512449130,716,148,1
1764512449139,718,149,1
1764512449146,719,150,1
1764512449148,721,151,1
1764512449162,722,152,1
1764512449168,724,153,1
1764512449178,726,154,1
1764512449178,728,155,1
1764512449193,731,157,1
1764512449199,732,158,1
1764512449209,735,159,1
1764512449219,737,160,1
1764512449224,739,161,1
1764512449229,742,163,1
1764512449240,744,163,1
1764512449248,748,165,1
1764512449256,751,166,1
1764512449264,754,167,1
1764512449273,756,168,1
1764512449278,758,170,1
1764512449289,760,170,1
1764512449299,761,171,1
1764512449303,762,171,1
1764512449312,763,171,1
1764512449319,764,172,1
1764512449319,764,173,1
1764512449334,765,174,1
1764512449339,767,175,1
1764512449350,768,176,1
1764512449359,769,177,1
1764512449366,771,179,1
1764512449375,773,181,1
1764512449382,775,182,1
1764512449391,776,184,1
1764512449399,777,184,1
1764512449399,777,185,1
1764512449414,779,187,1
1764512449421,779,188,1
1764512449430,780,190,1
1764512449432,780,191,1
1764512449445,781,193,1
1764512449454,783,195,1
1764512449461,784,198,1
1764512449468,785,201,1
1764512449468,787,203,1
1764512449485,789,206,1
1764512449491,791,208,1
1764512449499,794,212,1
1764512449499,796,214,1
1764512449512,797,216,1
1764512449519,799,220,1
1764512449529,801,222,1
1764512449539,802,224,1
1764512449546,802,226,1
1764512449555,804,229,1
1764512449559,805,232,1
1764512449571,805,233,1
1764512449578,805,235,1
1764512449581,806,239,1
1764512449590,806,241,1
1764512449599,807,246,1
1764512449609,808,249,1
1764512449616,809,253,1
1764512449623,809,256,1
1764512449633,812,264,1
1764512449639,812,266,1
1764512449648,812,269,1
1764512449656,812,271,1
1764512449663,812,274,1
1764512449669,812,275,1
1764512449679,812,277,1
1764512449684,812,278,1
1764512449695,812,281,1
1764512449702,812,283,1
1764512449711,811,285,1
1764512449719,810,287,1
1764512449725,810,291,1
1764512449732,809,294,1
1764512449743,809,296,1
1764512449749,809,299,1
1764512449757,809,302,1
1764512449765,809,305,1
1764512449773,809,307,1
1764512449781,810,312,1
1764512449789,810,315,1
1764512449796,810,318,1
1764512449803,811,322,1
1764512449812,811,324,1
1764512449818,811,327,1
1764512449829,811,329,1
1764512449833,811,331,1
1764512449843,811,332,1
1764512449849,811,334,1
1764512449858,811,336,1
1764512449858,811,337,1
1764512449874,811,338,1
1764512449879,811,341,1
1764512449890,811,343,1
1764512449899,811,344,1
1764512449907,812,345,1
1764512449912,812,347,1
1764512449921,812,349,1
1764512449929,812,351,1
1764512449937,812,352,1
1764512449939,812,353,1
1764512449952,812,355,1
1764512449958,812,357,1
1764512449969,812,359,1
1764512449979,812,360,1
1764512449986,811,362,1
1764512449994,810,362,1
1764512450000,810,363,1
1764512450008,810,365,1
1764512450012,810,366,1
1764512450019,809,367,1
1764512450032,807,372,1
1764512450040,807,375,1
1764512450048,807,379,1
1764512450051,806,381,1
1764512450064,805,384,1
1764512450071,804,387,1
1764512450080,803,390,1
1764512450081,803,394,1
1764512450088,803,397,1
1764512450099,802,400,1
1764512450109,801,402,1
1764512450113,800,404,1
1764512450127,800,406,1
1764512450128,799,408,1
1764512450139,799,410,1
1764512450148,798,413,1
1764512450150,797,414,1
1764512450162,796,416,1
1764512450169,795,416,1
1764512450178,795,418,1
1764512450178,793,420,1
1764512450194,793,422,1
1764512450199,791,424,1
1764512450210,790,425,1
1764512450219,788,428,1
1764512450226,787,429,1
1764512450234,782,433,1
1764512450242,780,436,1
1764512450249,778,438,1
1764512450258,775,440,1
1764512450258,774,442,1
1764512450273,772,443,1
1764512450281,769,445,1
1764512450288,767,447,1
1764512450288,766,449,1
1764512450304,763,451,1
1764512450313,760,453,1
1764512450321,758,455,1
1764512450329,755,457,1
1764512450337,751,460,1
1764512450339,749,461,1
1764512450352,747,464,1
1764512450359,744,465,1
1764512450367,743,467,1
1764512450375,741,468,1
1764512450379,737,471,1
1764512450389,735,471,1
1764512450399,733,473,1
1764512450401,731,474,1
1764512450413,726,475,1
1764512450423,723,475,1
1764512450429,720,476,1
1764512450439,715,477,1
1764512450439,712,478,1
1764512450449,709,478,1
1764512450461,705,480,1
1764512450469,702,482,1
1764512450477,700,483,1
1764512450484,698,485,1
1764512450488,694,486,1
1764512450499,692,487,1
1764512450508,690,489,1
1764512450513,686,491,1
1764512450525,683,492,1
1764512450530,680,493,1
1764512450538,678,494,1
1764512450544,674,495,1
1764512450553,671,495,1
1764512450560,669,495,1
1764512450569,665,495,1
1764512450578,663,495,1
1764512450583,660,495,1
1764512450594,657,495,1
1764512450602,653,495,1
1764512450609,651,495,1
1764512450617,647,495,1
1764512450627,642,495,1
1764512450633,639,495,1
1764512450639,635,495,1
1764512450649,629,495,1
1764512450655,626,495,1
1764512450664,621,495,1
1764512450671,618,495,1
1764512450678,615,495,1
1764512450689,612,495,1
1764512450698,608,495,1
1764512450703,606,495,1
1764512450709,601,494,1
1764512450719,599,493,1
1764512450723,595,493,1
1764512450735,592,493,1
1764512450739,588,492,1
1764512450750,585,492,1
1764512450761,580,491,1
1764512450766,577,491,1
1764512450768,573,490,1
1764512450782,570,490,1
1764512450788,566,490,1
1764512450799,563,490,1
1764512450804,560,489,1
1764512450814,558,489,1
1764512450818,555,489,1
1764512450830,553,489,1
1764512450830,552,489,1
1764512450846,551,489,1
1764512450854,549,488,1
1764512450860,548,487,1
1764512450869,546,487,1
1764512450869,543,487,1
1764512450879,541,485,1
1764512450889,539,484,1
1764512450898,537,484,1
1764512450898,535,482,1
1764512450913,532,481,1
1764512450924,529,479,1
1764512450929,527,478,1
1764512450938,525,476,1
1764512450948,521,474,1
1764512450954,520,472,1
1764512450961,518,472,1
1764512450969,516,471,1
1764512450978,514,471,1
1764512450984,513,469,1
1764512450988,512,469,1
1764512451009,510,468,1
1764512451021,509,467,1
1764512451029,509,466,1
1764512451039,507,466,1
1764512451049,506,464,1
1764512451052,505,464,1
1764512451059,504,462,1
1764512451068,501,460,1
1764512451078,499,459,1
1764512451083,496,458,1
1764512451088,495,456,1
1764512451100,493,454,1
1764512451109,491,453,1
1764512451119,490,451,1
1764512451119,488,450,1
1764512451131,487,448,1
1764512451139,486,447,1
1764512451149,485,445,1
1764512451149,481,442,1
1764512451163,480,440,1
1764512451168,478,439,1
1764512451181,476,436,1
1764512451189,474,435,1
1764512451195,473,433,1
1764512451204,470,432,1
1764512451214,468,430,1
1764512451219,467,428,1
1764512451228,465,426,1
1764512451233,465,425,1
1764512451242,464,424,1
1764512451249,463,423,1
1764512451258,462,421,1
1764512451265,461,420,1
1764512451274,460,419,1
1764512451279,460,417,1
1764512451292,459,416,1
1764512451299,458,414,1
1764512451306,458,413,1
1764512451313,458,412,1
1764512451321,458,411,1
1764512451329,458,408,1
1764512451337,458,407,1
1764512451343,458,406,1
1764512451353,458,405,1
1764512451361,458,402,1
1764512451369,458,400,1
1764512451369,458,397,1
1764512451384,458,395,1
1764512451389,458,393,1
1764512451399,458,392,1
1764512451408,458,390,1
1764512451414,458,389,1
1764512451424,458,387,1
1764512451428,458,385,1
1764512451439,458,383,1
1764512451443,459,381,1
1764512451448,459,378,1
1764512451459,459,376,1
1764512451469,459,374,1
1764512451479,459,371,1
1764512451487,459,365,1
1764512451491,459,363,1
1764512451503,459,362,1
1764512451509,459,360,1
1764512451516,459,359,1
1764512451525,459,358,1
1764512451532,459,357,1
1764512451539,459,356,1
1764512451548,459,355,1
1764512451548,459,354,1
1764512451564,459,353,1
1764512451568,459,352,1
1764512451578,459,350,1
1764512451596,460,348,1
1764512451599,461,346,1
1764512451612,461,344,1
1764512451619,461,342,1
1764512451627,462,340,0
1764512451628,463,337,0
1764512451643,463,334,0
1764512451649,463,332,0
1764512451649,463,330,0
1764512451658,464,328,0
1764512451669,465,325,0
1764512451678,466,322,0
1764512451689,466,320,0
1764512451690,466,318,0
1764512451699,466,316,0
1764512451714,466,313,0
1764512451720,467,310,0
1764512451729,467,307,0
1764512451737,467,305,0
1764512451739,467,303,0
1764512451748,467,299,0
1764512451759,467,296,0
1764512451759,467,294,0
1764512451776,467,292,0
1764512451784,467,290,0
1764512451791,467,288,0
1764512451798,467,285,0
1764512451809,467,284,0
1764512451814,467,282,0
1764512451824,467,280,0
1764512451829,467,279,0
1764512451833,467,276,0
1764512451839,467,275,0
1764512451849,467,274,0
1764512451859,467,273,0
1764512451869,467,270,0
1764512451880,467,269,0
1764512451889,467,267,1
1764512451899,467,265,1
1764512451909,467,264,1
1764512451914,467,263,1
1764512451923,467,261,1
1764512451928,466,259,1
1764512451939,466,258,1
1764512451943,465,257,1
1764512451949,465,255,1
1764512451961,464,253,1
1764512451969,464,252,1
1764512451978,464,250,1
1764512451978,464,249,1
1764512451990,464,247,1
1764512452001,464,245,1
1764512452008,464,243,1
1764512452014,464,241,1
1764512452021,464,238,1
1764512452029,464,235,1
1764512452038,464,233,1
1764512452048,464,231,1
1764512452059,465,229,1
1764512452065,467,227,1
1764512452071,467,225,1
1764512452079,469,222,1
1764512452085,470,220,1
1764512452088,473,216,1
1764512452100,476,212,1
1764512452108,477,210,1
1764512452119,479,208,1
1764512452119,481,205,1
1764512452132,483,202,1
1764512452139,486,199,1
1764512452149,489,197,1
1764512452158,490,195,1
1764512452164,492,193,1
1764512452169,495,192,1
1764512452180,498,189,1
1764512452188,500,188,1
1764512452196,502,186,1
1764512452204,505,185,1
1764512452211,509,183,1
1764512452219,513,181,1
1764512452229,517,179,1
1764512452229,520,178,1
1764512452243,522,176,1
1764512452249,525,174,1
1764512452259,530,172,1
1764512452259,533,171,1
1764512452268,537,168,1
1764512452283,540,167,1
1764512452289,545,164,1
1764512452299,548,163,1
1764512452308,551,161,1
1764512452315,555,159,1
1764512452319,558,156,1
1764512452329,565,152,1
1764512452339,569,150,1
1764512452343,574,148,1
1764512452349,579,145,1
1764512452359,585,142,1
1764512452369,588,141,1
1764512452374,593,139,1
1764512452383,595,138,1
1764512452390,598,136,1
1764512452399,600,135,1
1764512452409,602,135,1
1764512452415,603,134,1
1764512452422,605,133,1
1764512452429,606,132,1
1764512452438,607,132,1
1764512452438,609,132,1
1764512452454,611,132,1
1764512452469,613,132,1
1764512452479,614,132,1
1764512452485,619,132,1
1764512452489,621,132,1
1764512452501,625,132,1
1764512452509,627,132,1
1764512452517,631,132,1
1764512452523,634,133,1
1764512452532,638,133,1
1764512452539,642,134,1
1764512452549,646,135,1
1764512452559,652,138,1
1764512452563,655,139,1
1764512452568,661,142,1
1764512452579,667,144,1
1764512452591,673,146,1
1764512452596,678,147,1
1764512452599,684,148,1
1764512452610,691,149,1
1764512452619,697,151,1
1764512452626,702,152,1
1764512452635,707,154,1
1764512452642,710,155,1
1764512452653,713,156,1
1764512452659,716,157,1
1764512452659,719,159,1
1764512452674,721,159,1
1764512452679,723,160,1
1764512452690,725,160,1
1764512452694,727,162,1
1764512452699,730,162,1
1764512452714,731,164,1
1764512452719,733,165,1
1764512452728,735,166,1
1764512452736,739,168,1
1764512452739,741,169,1
1764512452749,743,172,1
1764512452761,745,173,1
1764512452769,747,174,1
1764512452775,748,176,1
1764512452783,750,178,1
1764512452789,752,180,1
1764512452799,753,181,1
1764512452802,754,182,1
1764512452815,756,186,1
1764512452819,757,188,1
1764512452831,759,190,1
1764512452839,765,197,1
1764512452839,767,200,1
1764512452850,771,203,1
1764512452859,774,206,1
1764512452869,779,210,1
1764512452869,781,212,1
1764512452882,783,214,1
1764512452888,785,217,1
1764512452898,786,218,1
1764512452908,787,219,1
1764512452915,788,221,1
1764512452919,788,222,1
1764512452933,789,224,1
1764512452938,791,225,1
1764512452949,792,228,1
1764512452955,793,229,1
1764512452963,794,231,1
1764512452969,795,232,1
1764512452979,797,234,1
1764512452983,798,236,1
1764512452996,799,237,1
1764512453003,800,239,1
1764512453011,800,240,1
1764512453019,803,242,1
1764512453026,803,244,1
1764512453033,805,246,1
1764512453040,806,247,1
1764512453049,808,250,1
1764512453056,810,253,1
1764512453059,811,255,1
1764512453074,812,256,1
1764512453079,814,260,1
1764512453088,816,263,1
1764512453099,818,268,1
1764512453106,820,271,1
1764512453113,822,274,1
1764512453120,823,278,1
1764512453120,824,281,1
1764512453136,826,284,1
1764512453144,827,289,1
1764512453151,829,294,1
1764512453159,831,300,1
1764512453168,831,305,1
1764512453169,833,311,1
1764512453179,833,318,1
1764512453191,834,325,1
1764512453199,834,331,1
1764512453206,835,340,1
1764512453209,835,346,1
1764512453220,835,353,1
1764512453229,835,359,1
1764512453239,835,364,1
1764512453243,835,369,1
1764512453251,835,375,1
1764512453259,835,379,1
1764512453269,833,382,1
1764512453276,831,387,1
1764512453285,829,391,1
1764512453289,827,395,1
1764512453299,824,400,1
1764512453307,821,403,1
1764512453315,817,408,1
1764512453319,814,413,1
1764512453331,812,415,1
1764512453339,810,417,1
1764512453346,808,419,1
1764512453355,805,422,1
1764512453362,803,425,1
1764512453369,800,428,1
1764512453378,799,430,1
1764512453378,797,432,1
1764512453389,796,434,1
1764512453399,794,437,1
1764512453408,793,437,1
1764512453415,792,438,1
1764512453418,789,440,1
1764512453433,787,442,1
1764512453439,780,445,1
1764512453449,777,447,1
1764512453449,774,448,1
1764512453463,769,451,1
1764512453469,767,453,1
1764512453479,764,455,1
1764512453484,760,457,1
1764512453495,758,458,1
1764512453498,755,460,1
1764512453511,753,461,1
1764512453519,750,461,1
1764512453526,748,463,1
1764512453534,745,464,1
1764512453542,743,464,1
1764512453549,740,465,1
1764512453549,738,467,1
1764512453559,736,467,1
1764512453569,734,469,1
1764512453578,732,469,1
1764512453589,730,470,1
1764512453599,727,471,1
1764512453605,725,472,1
1764512453611,722,473,1
1764512453618,720,474,1
1764512453629,718,476,1
1764512453629,715,476,1
1764512453642,710,477,1
1764512453649,708,478,1
1764512453659,703,479,1
1764512453665,699,479,1
1764512453668,693,480,1
1764512453678,688,480,1
1764512453688,682,481,1
1764512453700,677,482,0
1764512453707,671,483,0
1764512453716,667,483,0
1764512453719,661,483,0
1764512453729,656,483,0
1764512453729,650,484,0
1764512453742,644,484,0
1764512453749,633,485,0
1764512453759,622,485,0
1764512453768,614,485,0
1764512453774,606,485,0
1764512453784,597,485,1
1764512453790,589,485,1
1764512453799,578,485,1
1764512453809,571,485,1
1764512453815,563,485,1
1764512453823,557,485,1
1764512453829,547,485,1
1764512453841,541,485,1
1764512453841,534,485,1
1764512453849,530,485,1
1764512453859,524,485,1
1764512453869,517,484,1
1764512453881,511,483,1
1764512453887,505,483,1
1764512453895,499,482,1
1764512453898,494,480,1
1764512453909,491,480,1
1764512453916,486,478,1
1764512453921,482,474,1
1764512453929,480,473,1
1764512453941,477,471,0
1764512453949,475,469,0
1764512453959,472,467,0
1764512453966,468,464,0
1764512453970,465,461,0
1764512453979,460,457,0
1764512453986,455,452,0
1764512453996,450,448,0
1764512454002,447,443,0
1764512454009,443,438,0
1764512454019,441,435,0
1764512454019,438,430,0
1764512454032,435,421,0
1764512454039,433,417,0
1764512454050,433,414,0
1764512454059,433,405,1
1764512454066,433,397,1
1764512454069,433,387,1
1764512454081,433,375,1
1764512454089,433,366,1
1764512454099,434,357,1
1764512454104,434,350,1
1764512454113,434,343,1
1764512454119,434,335,1
1764512454128,434,330,1
1764512454128,434,327,1
1764512454144,434,323,1
1764512454149,434,317,1
1764512454159,434,312,1
1764512454160,435,306,1
1764512454176,436,302,1
1764512454179,437,296,1
1764512454192,439,291,1
1764512454199,441,281,1
1764512454207,443,273,1
1764512454216,444,266,1
1764512454218,446,260,1
1764512454228,448,255,1
1764512454239,449,251,1
1764512454243,451,249,1
1764512454249,452,246,1
1764512454258,454,242,1
1764512454268,456,240,1
1764512454276,457,237,1
1764512454285,460,233,1
1764512454292,461,230,1
1764512454299,463,227,1
1764512454309,465,223,1
1764512454316,468,218,1
1764512454321,469,214,1
1764512454329,470,210,1
1764512454339,472,208,1
1764512454339,474,205,1
1764512454357,477,202,1
1764512454359,478,200,1
1764512454369,479,198,1
1764512454379,480,196,1
1764512454387,482,195,1
1764512454394,483,193,1
1764512454399,485,191,1
1764512454409,487,189,1
1764512454419,489,186,1
1764512454424,497,180,1
1764512454429,499,176,1
1764512454440,503,173,1
1764512454448,506,171,1
1764512454456,512,167,1
1764512454464,516,164,1
1764512454472,519,162,1
1764512454480,524,159,1
1764512454489,530,156,1
1764512454489,537,152,1
1764512454507,542,148,1
1764512454510,547,145,1
1764512454519,551,143,1
1764512454521,555,141,1
1764512454528,560,138,1
1764512454538,563,137,1
1764512454549,567,135,1
1764512454559,568,134,1
1764512454559,571,132,1
1764512454576,574,131,1
1764512454583,578,129,1
1764512454590,580,128,1
1764512454596,584,127,1
1764512454601,586,126,1
1764512454614,591,125,1
1764512454621,595,125,1
1764512454629,603,122,1
1764512454636,607,122,1
1764512454644,612,121,1
1764512454648,616,120,1
1764512454659,620,119,1
1764512454669,625,119,1
1764512454669,627,119,1
1764512454679,628,119,1
1764512454688,629,119,1
1764512454699,630,119,1
1764512454707,632,119,1
1764512454719,634,119,1
1764512454729,636,119,1
1764512454739,640,120,1
1764512454749,642,121,1
1764512454756,644,122,1
1764512454759,646,123,1
1764512454769,649,124,1
1764512454778,653,126,1
1764512454785,656,128,1
1764512454793,661,129,1
1764512454798,664,130,1
1764512454809,667,131,1
1764512454819,671,132,1
1764512454820,676,134,1
1764512454829,680,135,1
1764512454839,682,136,1
1764512454849,687,138,1
1764512454852,692,140,1
1764512454858,698,142,1
1764512454871,704,143,1
1764512454879,711,147,1
1764512454884,715,148,1
1764512454897,720,150,1
1764512454902,726,153,1
1764512454909,728,154,1
1764512454919,731,155,1
1764512454926,732,156,1
1764512454936,734,157,1
1764512454948,735,157,1
1764512454948,737,158,1
1764512454966,738,159,1
1764512454969,739,159,1
1764512454980,741,159,1
1764512454988,743,161,1
1764512454996,744,162,1
1764512454999,746,163,1
1764512455012,748,164,1
1764512455019,750,165,1
1764512455028,752,167,1
1764512455033,754,168,1
1764512455044,755,170,1
1764512455049,758,171,1
1764512455062,759,172,1
1764512455068,760,174,1
1764512455075,762,176,1
1764512455079,763,178,1
1764512455091,766,183,1
1764512455099,770,189,1
1764512455109,773,193,1
1764512455113,776,199,1
1764512455123,780,206,1
1764512455128,784,214,1
1764512455139,788,221,1
1764512455147,792,228,1
1764512455154,797,237,1
1764512455163,801,245,1
1764512455170,803,251,1
1764512455178,805,257,1
1764512455187,807,263,1
1764512455189,808,268,1
1764512455201,808,274,1
1764512455209,808,277,1
1764512455217,808,282,1
1764512455222,808,286,1
1764512455231,808,291,1
1764512455238,807,294,1
1764512455248,807,300,1
1764512455256,806,307,1
1764512455261,806,313,1
1764512455273,806,321,1
1764512455279,806,327,1
1764512455284,806,333,1
1764512455293,806,340,1
1764512455301,806,346,1
1764512455311,806,348,1
1764512455317,806,352,1
1764512455319,806,356,1
1764512455330,806,360,1
1764512455339,807,364,1
1764512455349,807,366,1
1764512455349,807,370,1
1764512455366,807,373,1
1764512455374,807,375,1
1764512455379,807,377,1
1764512455389,807,378,1
1764512455396,807,380,1
1764512455402,807,383,1
1764512455411,807,385,1
1764512455420,807,386,1
1764512455428,806,387,1
1764512455436,805,390,1
1764512455441,805,391,1
1764512455449,805,393,1
1764512455456,804,395,1
1764512455458,804,398,1
1764512455472,803,401,1
1764512455479,802,403,1
1764512455488,801,408,1
1764512455497,799,412,1
1764512455503,797,416,1
1764512455509,792,425,1
1764512455522,788,430,1
1764512455528,780,437,1
1764512455538,774,442,1
1764512455545,766,447,1
1764512455552,760,451,1
1764512455559,752,455,1
1764512455568,740,460,1
1764512455572,730,463,1
1764512455582,717,465,0
1764512455589,707,467,0
1764512455599,695,469,0
1764512455605,686,470,0
1764512455613,678,470,0
1764512455619,668,470,0
1764512455629,662,470,0
1764512455639,652,470,0
1764512455645,648,470,0
1764512455652,643,470,0
1764512455662,637,470,0
1764512455669,632,470,0
1764512455677,627,470,0
1764512455683,622,470,0
1764512455693,618,470,0
1764512455699,615,470,0
1764512455709,613,470,0
1764512455716,610,470,0
1764512455723,608,470,0
1764512455731,606,470,0
1764512455739,603,470,0
1764512455747,601,470,0
1764512455756,599,470,0
1764512455758,596,469,0
1764512455774,593,468,0
1764512455779,591,467,0
1764512455789,587,467,0
1764512455789,585,466,0
1764512455799,578,466,0
1764512455809,573,465,0
1764512455818,568,464,0
1764512455826,563,462,0
1764512455832,561,462,0
1764512455841,560,462,0
1764512455849,557,461,0
1764512455852,556,461,0
1764512455864,555,461,0
1764512455879,554,460,0
1764512455895,552,460,0
1764512455908,551,460,0
1764512455919,550,460,0
1764512455927,549,460,0
1764512455936,548,460,0
1764512455939,547,460,0
1764512455959,546,460,0
1764512455969,545,460,0
1764512455969,544,460,0
1764512455989,542,459,0
1764512455999,539,458,0
1764512455999,537,457,0
1764512456012,535,456,0
1764512456022,532,455,0
1764512456028,530,454,0
1764512456038,527,452,0
1764512456045,525,452,1
1764512456049,524,450,1
1764512456060,523,450,1
1764512456068,522,449,1
1764512456079,521,448,1
1764512456098,520,447,1
1764512456108,518,446,1
1764512456109,517,445,1
1764512456124,515,444,1
1764512456129,512,442,1
1764512456140,510,441,1
1764512456148,508,438,1
1764512456154,505,438,1
1764512456160,503,436,1
1764512456168,500,435,1
1764512456179,498,434,1
1764512456179,497,433,1
1764512456194,495,433,1
1764512456200,492,431,1
1764512456209,490,430,1
1764512456217,488,429,1
1764512456219,486,427,1
1764512456229,485,427,1
1764512456239,484,426,1
1764512456239,481,424,1
1764512456251,479,423,1
1764512456259,478,422,1
1764512456270,476,421,1
1764512456278,475,420,1
1764512456294,473,419,1
1764512456298,473,418,1
1764512456309,471,418,1
1764512456319,471,417,1
1764512456319,470,416,1
1764512456330,470,415,1
1764512456339,468,413,1
1764512456357,468,411,1
1764512456364,466,410,1
1764512456369,466,409,1
1764512456379,466,407,1
1764512456389,466,405,1
1764512456398,466,404,1
1764512456405,466,402,1
1764512456412,466,401,1
1764512456419,466,399,1
1764512456435,466,398,1
1764512456459,466,397,1
0,0,0,0
1764512456489,466,396,1
1764512456489,465,395,1
1764512456513,464,393,1
1764512456519,463,390,1
1764512456528,461,386,1
1764512456539,459,383,1
1764512456549,459,381,1
1764512456554,458,379,1
1764512456558,457,377,1
1764512456569,456,376,1
1764512456571,455,375,1
1764512456583,454,374,1
1764512456591,452,373,1
1764512456604,451,372,1
1764512456662,451,371,1
1764512456675,451,370,1
1764512456693,450,369,1
1764512456701,450,368,1
1764512456710,450,367,1
1764512456726,450,365,1
1764512456742,449,364,1
1764512456750,448,363,1
1764512456758,448,362,1
1764512456764,447,361,1
1764512457210,447,360,1
1764512457218,447,357,1
1764512457226,449,356,1
1764512457233,449,354,1
1764512457239,449,352,1
1764512457249,449,350,1
1764512457259,449,348,1
1764512457260,449,346,1
1764512457273,449,344,1
1764512457278,449,342,1
1764512457288,449,339,1
1764512457288,450,335,1
1764512457306,451,330,1
1764512457312,452,324,1
1764512457320,453,317,1
1764512457328,455,307,1
1764512457336,456,300,1
1764512457343,459,291,1
1764512457352,460,281,1
1764512457361,463,272,1
1764512457366,465,262,1
1764512457374,467,252,1
1764512457382,468,246,1
1764512457390,470,237,1
1764512457398,471,232,1
1764512457405,473,225,1
1764512457413,473,219,1
1764512457421,475,215,1
1764512457429,476,210,1
1764512457437,477,206,1
1764512457445,478,203,1
1764512457452,481,198,1
1764512457460,484,193,1
1764512457468,487,190,1
1764512457476,490,186,1
1764512457483,495,183,1
1764512457492,497,181,1
1764512457499,501,178,1
1764512457507,503,174,1
1764512457516,505,172,1
1764512457525,507,170,1
1764512457531,509,167,1
1764512457538,511,165,1
1764512457545,512,163,1
1764512457554,514,161,1
1764512457561,515,159,1
1764512457572,516,158,1
1764512457578,517,156,1
1764512457586,518,156,1
1764512457593,519,155,1
1764512457602,521,154,1
1764512457610,523,152,1
1764512457618,525,150,1
1764512457624,527,148,1
1764512457632,531,147,1
1764512457640,533,144,1
1764512457647,536,142,1
1764512457657,540,139,1
1764512457664,543,137,1
1764512457672,546,135,1
1764512457680,549,133,1
1764512457687,552,131,1
1764512457695,555,129,1
1764512457703,558,129,1
1764512457708,560,127,1
1764512457718,562,126,1
1764512457726,564,125,1
1764512457734,566,125,1
1764512457739,572,122,1
1764512457750,576,121,1
1764512457750,580,120,1
1764512457765,586,119,1
1764512457768,592,119,1
1764512457782,599,118,1
1764512457790,603,117,1
1764512457796,609,116,1
1764512457805,614,116,1
1764512457812,619,116,1
1764512457821,623,116,1
1764512457828,629,116,1
1764512457837,632,116,1
1764512457844,635,116,1
1764512457852,640,116,1
1764512457860,643,116,1
1764512457868,646,116,1
1764512457876,648,116,1
1764512457882,651,116,1
1764512457890,654,116,1
1764512457897,658,116,1
1764512457906,660,116,1
1764512457913,664,117,1
1764512457922,667,117,1
1764512457930,670,117,1
1764512457938,673,117,1
1764512457946,675,117,1
1764512457955,678,119,1
1764512457962,680,120,1
1764512457967,682,121,1
1764512457976,685,122,1
1764512457983,687,123,1
1764512457991,691,124,1
1764512458000,692,125,1
1764512458008,694,126,1
1764512458016,697,128,1
1764512458024,700,129,1
1764512458033,712,133,1
1764512458039,715,135,1
1764512458047,720,137,1
1764512458055,724,139,1
1764512458062,728,141,1
1764512458070,730,142,1
1764512458077,733,145,1
1764512458087,735,146,1
1764512458094,738,148,1
1764512458104,741,149,1
1764512458110,743,151,1
1764512458118,746,152,1
1764512458125,748,153,1
1764512458134,750,154,1
1764512458139,752,155,1
1764512458147,754,157,1
1764512458156,756,157,1
1764512458163,759,159,1
1764512458172,761,160,1
1764512458180,763,163,1
1764512458187,766,164,1
1764512458196,770,167,1
1764512458204,775,171,1
1764512458212,777,173,1
1764512458221,781,176,1
1764512458227,782,178,1
1764512458233,784,180,1
1764512458241,785,182,1
1764512458250,786,184,1
1764512458258,786,185,1
1764512458266,787,187,1
1764512458273,787,188,1
1764512458282,788,190,1
1764512458290,788,191,1
1764512458298,789,194,1
1764512458305,790,196,1
1764512458311,791,199,1
1764512458321,792,206,1
1764512458330,793,209,1
1764512458337,793,212,1
1764512458344,794,215,1
1764512458352,794,221,1
1764512458360,795,224,1
1764512458368,795,227,1
1764512458376,795,231,1
1764512458384,796,234,1
1764512458393,796,237,1
1764512458397,796,240,1
1764512458406,797,244,1
1764512458413,797,247,1
1764512458422,798,251,1
1764512458430,798,255,1
1764512458438,799,263,1
1764512458446,799,269,1
1764512458455,800,274,1
1764512458462,800,282,0
1764512458471,801,288,0
1764512458478,802,291,0
1764512458487,804,297,1
1764512458491,805,302,1
1764512458500,806,308,1
1764512458507,806,312,1
1764512458516,807,318,1
1764512458524,808,324,1
1764512458531,809,327,1
1764512458540,810,331,1
1764512458549,810,334,1
1764512458556,810,337,1
1764512458564,810,339,1
1764512458572,810,341,1
1764512458577,810,343,1
1764512458588,810,346,1
1764512458594,810,349,1
1764512458602,810,351,1
1764512458610,810,353,1
1764512458619,810,354,1
1764512458625,810,355,1
1764512458634,810,357,1
1764512458641,810,360,1
1764512458650,810,363,1
1764512458658,810,367,1
1764512458663,810,370,1
1764512458672,809,374,1
1764512458680,809,377,1
1764512458687,808,380,1
1764512458696,808,383,1
1764512458703,808,386,1
1764512458710,808,389,1
1764512458721,807,392,1
1764512458727,807,394,1
1764512458736,806,397,1
1764512458744,805,400,1
1764512458749,804,410,1
1764512458758,802,418,1
1764512458766,802,422,1
1764512458774,800,428,1
1764512458782,799,433,1
1764512458790,796,439,1
1764512458798,796,442,1
1764512458806,793,447,1
1764512458813,790,450,1
1764512458822,787,455,1
1764512458830,784,458,1
1764512458838,779,463,1
1764512458844,773,468,1
1764512458853,768,473,1
1764512458860,763,475,1
1764512458868,759,480,1
1764512458875,753,485,1
1764512458884,749,488,1
1764512458892,745,492,1
1764512458899,740,495,1
1764512458908,733,499,1
1764512458915,730,500,1
1764512458922,724,502,1
1764512458930,718,505,1
1764512458937,710,508,1
1764512458946,703,509,1
1764512458955,697,511,1
1764512458961,688,512,1
1764512458970,682,513,1
1764512458977,675,514,1
1764512458988,669,515,1
1764512458994,661,516,1
1764512459004,656,516,1
1764512459008,650,516,1
1764512459016,647,517,1
1764512459023,641,517,1
1764512459032,633,517,1
1764512459040,623,517,1
1764512459047,617,517,1
1764512459056,609,517,1
1764512459064,603,517,1
1764512459072,595,515,1
1764512459079,589,514,1
1764512459087,583,512,1
1764512459094,578,510,1
1764512459103,572,507,1
1764512459110,566,504,1
1764512459119,557,500,1
1764512459126,553,497,1
1764512459133,549,495,1
1764512459141,546,492,1
1764512459150,542,489,1
1764512459157,539,487,1
1764512459166,536,485,1
1764512459174,532,483,1
1764512459180,529,480,1
1764512459187,525,477,1
1764512459196,522,474,1
1764512459204,519,471,1
1764512459212,515,467,1
1764512459220,512,463,1
1764512459227,507,459,1
1764512459237,504,456,1
1764512459244,500,451,1
1764512459254,497,447,1
1764512459261,492,443,1
1764512459266,488,440,1
1764512459274,482,435,1
1764512459281,478,432,1
1764512459290,474,428,1
1764512459297,471,426,1
1764512459305,467,423,1
1764512459314,462,420,1
1764512459321,459,418,1
1764512459331,455,415,1
1764512459338,454,414,1
1764512459345,452,411,1
1764512459353,450,409,1
1764512459360,447,406,1
1764512459368,445,403,1
1764512459377,443,400,1
1764512459385,440,397,1
1764512459392,438,392,1
1764512459400,437,389,1
1764512459409,436,387,1
1764512459416,434,383,1
1764512459424,432,376,1
1764512459432,432,374,1
1764512459438,431,371,1
1764512459445,429,365,1
1764512459454,426,357,1
1764512459461,426,353,1
1764512459471,425,347,1
1764512459477,425,339,1
1764512459486,425,334,1
1764512459495,425,331,1
1764512459502,425,324,1
1764512459511,425,316,1
1764512459518,425,311,1
1764512459524,425,306,1
1764512459532,425,300,1
1764512459540,425,293,1
1764512459547,425,288,1
1764512459556,425,285,1
1764512459564,425,280,1
1764512459572,425,277,1
1764512459580,425,272,1
1764512459589,425,269,1
1764512459597,426,265,1
1764512459603,426,262,1
1764512459610,428,254,1
1764512459619,428,249,1
1764512459625,429,244,1
1764512459634,431,240,1
1764512459641,434,233,1
1764512459649,436,230,1
1764512459657,438,225,1
1764512459666,441,220,1
1764512459674,442,218,1
1764512459681,444,213,1
1764512459690,446,208,1
1764512459695,446,206,1
1764512459704,447,204,1
1764512459713,449,202,1
1764512459719,450,199,1
1764512459728,452,198,1
1764512459736,453,196,1
1764512459743,455,192,1
1764512459753,458,190,1
1764512459760,460,187,1
1764512459768,462,184,1
1764512459776,465,180,1
1764512459784,468,178,1
1764512459790,470,176,1
1764512459799,472,175,1
1764512459806,474,172,1
1764512459814,476,171,1
1764512459821,477,170,1
1764512459829,479,168,1
1764512459837,479,167,1
1764512459846,481,166,1
1764512459853,482,165,1
1764512459862,484,164,1
1764512459869,486,163,1
1764512459876,488,161,1
1764512459884,489,160,1
1764512459892,494,159,1
1764512459899,496,157,1
1764512459907,498,156,1
1764512459916,501,155,1
1764512459924,504,154,1
1764512459932,510,152,1
1764512459939,513,150,1
1764512459947,517,150,1
1764512459956,521,148,1
1764512459962,524,148,1
1764512459970,529,147,1
1764512459978,532,147,1
1764512459986,538,145,1
1764512459993,543,145,1
1764512460003,549,143,1
1764512460009,557,141,1
1764512460020,563,140,1
1764512460026,568,138,1
1764512460034,574,138,1
1764512460041,579,138,1
1764512460047,584,137,1
1764512460056,588,136,1
1764512460063,591,135,1
1764512460072,594,134,1
1764512460079,597,134,1
1764512460088,599,133,1
1764512460096,603,133,1
1764512460103,605,132,1
1764512460112,607,131,1
1764512460119,609,131,1
1764512460127,612,131,1
1764512460134,614,131,1
1764512460142,616,131,1
1764512460151,618,131,1
1764512460159,621,131,1
1764512460163,626,131,1
1764512460175,628,131,1
1764512460182,631,131,1
1764512460190,634,131,1
1764512460197,638,131,1
1764512460206,641,131,1
1764512460214,646,131,1
1764512460219,650,131,1
1764512460227,654,131,1
1764512460236,656,131,1
1764512460244,660,131,1
1764512460253,662,131,1
1764512460260,663,132,1
1764512460270,665,132,1
1764512460279,666,132,1
1764512460284,668,132,1
1764512460291,671,133,1
1764512460300,674,133,1
1764512460307,676,134,1
1764512460314,678,134,1
1764512460322,681,135,1
1764512460331,686,136,1
1764512460338,689,138,1
1764512460346,692,139,1
1764512460355,694,140,1
1764512460362,698,141,1
1764512460370,699,143,1
1764512460378,701,144,1
1764512460387,703,145,1
1764512460392,704,146,1
1764512460400,705,146,1
1764512460408,707,148,1
1764512460416,709,149,1
1764512460425,710,150,1
1764512460432,712,151,1
1764512460440,714,152,1
1764512460448,716,154,1
1764512460456,718,156,1
1764512460463,721,157,1
1764512460471,725,160,1
1764512460478,727,162,1
1764512460486,731,164,1
1764512460494,734,167,1
1764512460503,736,168,1
1764512460510,739,170,1
1764512460522,743,172,1
1764512460527,745,174,1
1764512460535,747,175,1
1764512460538,749,178,1
1764512460550,750,179,1
1764512460558,752,180,1
1764512460564,753,183,1
1764512460575,755,185,1
1764512460580,756,187,1
1764512460588,756,188,1
1764512460596,758,190,1
1764512460603,762,197,1
1764512460611,765,199,1
1764512460620,768,202,1
1764512460627,772,205,1
1764512460636,773,208,1
1764512460643,776,211,1
1764512460650,777,212,1
1764512460657,780,217,1
1764512460666,781,219,1
1764512460674,782,222,1
1764512460681,782,223,1
1764512460689,784,229,1
1764512460698,784,232,1
1764512460705,785,235,1
1764512460708,785,238,0
1764512460721,785,242,0
1764512460730,786,245,0
1764512460736,788,249,0
1764512460743,789,254,0
1764512460752,790,258,0
1764512460760,791,263,0
1764512460769,791,267,0
1764512460776,792,271,0
1764512460787,794,279,0
1764512460791,797,284,0
1764512460800,798,289,0
1764512460808,801,294,0
1764512460815,801,296,0
1764512460822,803,299,0
1764512460829,804,301,1
1764512460838,805,303,1
1764512460846,806,306,1
1764512460855,807,308,1
1764512460862,807,309,1
1764512460869,808,310,1
1764512460877,809,312,1
1764512460886,810,315,1
1764512460894,811,316,1
1764512460903,811,318,1
1764512460907,813,320,1
1764512460923,813,321,1
1764512460932,814,322,1
1764512460940,815,324,1
1764512460955,815,325,1
1764512460964,815,327,1
1764512460971,815,329,1
1764512460979,815,330,1
1764512460987,815,331,1
1764512460994,815,334,1
1764512461002,815,336,1
1764512461009,815,339,1
1764512461019,815,341,1
1764512461026,814,346,1
1764512461036,813,352,1
1764512461042,813,356,1
1764512461050,812,361,1
1764512461057,811,367,1
1764512461067,809,373,1
1764512461073,807,379,1
1764512461080,804,385,1
1764512461088,802,390,1
1764512461090,799,396,1
1764512461105,795,405,1
1764512461108,794,410,1
1764512461120,791,415,1
1764512461127,789,419,1
1764512461136,787,425,1
1764512461144,785,431,1
1764512461152,783,436,1
1764512461159,781,441,1
1764512461167,778,447,1
1764512461168,772,455,1
1764512461182,771,458,1
1764512461188,767,462,1
1764512461188,765,464,1
1764512461200,762,466,1
1764512461208,761,468,1
1764512461221,758,470,1
1764512461229,755,471,1
1764512461238,751,472,1
1764512461247,748,473,1
1764512461254,745,475,1
1764512461258,740,477,1
1764512461270,737,477,1
1764512461272,732,478,1
1764512461286,727,479,1
1764512461292,723,480,1
1764512461301,717,481,1
1764512461307,713,482,1
1764512461317,708,482,1
1764512461323,702,483,1
1764512461333,697,483,1
1764512461339,693,483,1
1764512461345,688,483,1
1764512461352,684,483,1
1764512461359,680,483,1
1764512461368,677,483,1
1764512461372,673,483,0
1764512461386,669,482,0
1764512461388,665,482,0
1764512461401,661,482,0
1764512461409,654,482,0
1764512461419,648,482,0
1764512461423,643,481,0
1764512461428,637,481,0
1764512461438,632,480,0
1764512461446,627,479,0
1764512461450,623,478,0
1764512461459,618,477,0
1764512461468,615,477,0
1764512461479,613,476,0
1764512461483,612,476,0
1764512461489,608,474,0
1764512461500,605,473,0
1764512461511,603,473,0
1764512461518,600,471,0
1764512461525,598,470,0
1764512461534,596,470,0
1764512461541,593,469,0
1764512461551,591,469,0
1764512461557,590,469,0
1764512461567,588,468,0
1764512461572,587,468,0
1764512461582,585,468,0
1764512461589,583,468,0
1764512461589,582,468,0
1764512461604,581,468,0
1764512461611,579,468,0
1764512461619,577,468,0
1764512461623,576,468,0
1764512461633,575,468,0
1764512461639,572,468,0
1764512461650,570,468,0
1764512461658,566,468,0
1764512461669,562,467,0
1764512461676,560,466,0
1764512461685,557,465,0
1764512461689,554,465,0
1764512461699,551,465,0
1764512461703,549,464,0
1764512461715,545,463,0
1764512461722,542,462,0
1764512461729,537,461,1
1764512461738,532,459,1
1764512461741,527,459,1
1764512461754,523,458,1
1764512461762,519,458,1
1764512461768,514,456,1
1764512461768,511,455,1
1764512461785,507,453,1
1764512461791,503,452,1
1764512461802,500,450,1
1764512461805,494,447,1
1764512461817,492,445,1
1764512461823,488,443,1
1764512461833,484,440,1
1764512461841,480,437,1
1764512461841,476,435,1
1764512461850,470,431,1
1764512461859,465,427,1
1764512461869,460,423,1
1764512461870,457,420,1
1764512461886,449,412,1
1764512461893,444,407,1
1764512461902,441,402,1
1764512461909,438,398,1
1764512461918,435,394,1
1764512461925,432,389,1
1764512461933,430,386,1
1764512461939,427,380,1
1764512461939,426,375,1
1764512461951,425,371,1
1764512461959,425,367,1
1764512461969,424,363,1
1764512461979,422,356,1
1764512461983,420,351,1
1764512461993,420,348,1
1764512462003,417,342,1
1764512462009,414,338,0
1764512462019,412,334,0
1764512462024,410,330,0
1764512462035,408,325,0
1764512462041,407,322,0
1764512462051,406,319,0
1764512462057,405,317,0
1764512462066,405,314,0
1764512462069,405,312,0
1764512462083,405,310,0
1764512462089,405,307,0
1764512462093,405,305,0
1764512462101,405,303,0
1764512462112,405,301,0
1764512462119,405,298,0
1764512462124,405,295,0
1764512462134,405,293,0
1764512462138,405,290,0
1764512462150,405,287,0
1764512462158,405,286,0
1764512462169,405,283,0
1764512462169,405,281,0
1764512462184,406,279,0
1764512462189,406,277,0
1764512462201,407,275,0
1764512462208,407,273,0
1764512462214,408,271,0
1764512462218,409,269,0
1764512462229,410,268,0
1764512462235,410,267,0
1764512462238,411,266,0
1764512462251,411,264,0
1764512462259,411,262,0
1764512462268,413,260,0
1764512462276,414,258,0
1764512462284,414,256,0
1764512462291,414,254,0
1764512462301,415,250,0
1764512462305,416,247,0
1764512462317,418,244,0
1764512462324,418,242,0
1764512462333,418,239,0
1764512462338,419,237,0
1764512462348,421,234,0
1764512462349,421,231,0
1764512462359,422,229,0
1764512462370,423,227,0
1764512462372,424,225,0
1764512462384,425,224,0
1764512462389,427,222,0
1764512462401,428,220,0
1764512462408,430,217,0
1764512462418,431,215,0
1764512462424,434,212,0
1764512462432,435,208,0
1764512462441,437,205,0
1764512462449,439,202,0
1764512462458,442,198,0
1764512462458,444,195,0
1764512462469,448,190,0
1764512462479,450,188,0
1764512462488,452,185,0
1764512462489,457,181,0
1764512462503,458,179,0
1764512462509,458,178,0
1764512462518,461,177,0
1764512462534,461,176,0
1764512462539,462,175,0
1764512462551,463,173,0
1764512462551,464,173,0
1764512462566,465,171,0
1764512462569,466,171,0
1764512462583,468,170,0
1764512462588,469,169,0
1764512462597,471,169,1
1764512462606,473,168,1
1764512462613,475,166,1
1764512462622,478,166,1
1764512462629,480,165,1
1764512462633,482,163,1
1764512462639,484,163,1
1764512462649,486,160,1
1764512462659,488,159,1
1764512462667,489,158,1
1764512462677,490,157,1
1764512462685,492,156,1
1764512462689,494,154,1
1764512462699,495,153,1
1764512462707,498,152,1
1764512462717,499,150,1
1764512462718,501,148,1
1764512462729,504,146,1
1764512462732,508,143,1
1764512462744,513,142,1
1764512462752,518,140,1
1764512462760,524,139,1
1764512462769,534,137,1
1764512462774,539,135,1
1764512462782,545,134,1
1764512462789,551,132,1
1764512462799,556,132,1
1764512462809,562,131,1
1764512462815,567,131,1
1764512462823,573,131,1
1764512462832,578,131,1
1764512462839,588,130,1
1764512462849,594,130,1
1764512462850,601,130,1
1764512462865,609,130,1
1764512462873,614,130,1
1764512462879,621,130,1
1764512462882,628,130,1
1764512462893,633,130,1
1764512462899,639,130,1
1764512462909,643,130,1
1764512462917,648,130,1
1764512462918,652,130,1
1764512462932,657,131,1
1764512462941,660,131,1
1764512462949,662,132,1
1764512462949,665,132,1
1764512462968,669,133,1
1764512462968,671,134,1
1764512462983,675,134,1
1764512462983,678,135,1
1764512462989,684,136,1
1764512462999,687,137,1
1764512463008,690,138,1
1764512463019,695,139,1
1764512463029,698,139,1
1764512463035,703,141,1
1764512463043,706,142,1
1764512463050,712,143,1
1764512463059,715,144,1
1764512463065,719,145,1
1764512463073,725,147,1
1764512463083,727,148,1
1764512463088,730,150,1
1764512463099,732,150,1
1764512463099,734,152,1
1764512463114,736,153,1
1764512463119,739,155,1
1764512463130,742,156,1
1764512463136,745,158,1
1764512463145,748,160,1
1764512463154,753,161,1
1764512463158,756,164,1
1764512463165,758,165,1
1764512463174,761,166,1
1764512463183,762,168,1
1764512463188,763,169,1
1764512463200,764,171,1
1764512463200,766,172,1
1764512463218,767,173,1
1764512463224,770,177,1
1764512463232,773,181,1
1764512463239,775,184,1
1764512463239,778,188,1
1764512463248,781,192,1
1764512463259,784,197,1
1764512463269,786,201,1
1764512463269,790,208,1
1764512463282,794,214,1
1764512463289,796,219,1
1764512463298,801,223,1
1764512463309,804,228,1
1764512463315,810,233,1
1764512463324,813,236,1
1764512463332,815,240,1
1764512463339,817,242,1
1764512463348,817,244,1
1764512463349,817,246,1
1764512463364,817,248,1
1764512463369,817,250,1
1764512463379,818,253,1
1764512463381,818,256,1
1764512463394,818,259,1
1764512463399,818,261,1
1764512463409,819,264,1
1764512463415,820,269,1
1764512463419,821,272,1
1764512463434,822,275,1
1764512463439,823,277,1
1764512463449,824,279,1
1764512463449,824,281,1
1764512463465,824,283,1
1764512463469,824,284,1
1764512463482,824,286,1
1764512463488,824,288,1
1764512463499,824,291,1
1764512463499,823,293,1
1764512463509,822,296,1
1764512463519,822,300,1
1764512463519,821,303,1
1764512463531,820,307,1
1764512463539,820,311,1
1764512463549,818,316,1
1764512463559,817,320,1
1764512463565,815,326,1
1764512463575,813,333,1
1764512463582,811,336,1
1764512463589,810,341,1
1764512463599,808,344,1
1764512463604,806,349,1
1764512463614,805,352,1
1764512463619,804,355,1
1764512463629,803,358,1
1764512463631,801,361,1
1764512463639,801,364,1
1764512463649,800,368,1
1764512463659,799,371,1
1764512463669,798,374,1
1764512463669,797,377,1
1764512463681,797,379,1
1764512463689,796,381,1
1764512463699,795,384,1
1764512463699,794,387,1
1764512463715,794,389,1
1764512463724,794,392,1
1764512463731,793,394,1
1764512463739,793,396,1
1764512463749,792,398,1
1764512463758,791,401,1
1764512463769,790,403,1
1764512463769,789,409,1
1764512463781,788,412,1
1764512463792,787,417,1
1764512463798,786,421,1
1764512463808,784,425,1
1764512463816,783,430,1
1764512463824,779,437,1
1764512463831,778,441,1
1764512463839,777,446,1
1764512463849,775,450,1
1764512463855,774,456,1
1764512463863,774,460,1
1764512463869,774,463,1
1764512463879,772,466,1
1764512463881,770,470,1
1764512463894,769,472,1
1764512463899,766,474,1
1764512463909,763,478,1
1764512463919,760,480,1
1764512463926,757,481,1
1764512463934,753,484,1
1764512463941,746,487,1
1764512463949,741,488,1
1764512463949,735,491,1
1764512463965,730,493,1
1764512463969,724,496,1
1764512463981,717,498,1
1764512463988,710,500,1
1764512463999,703,501,1
1764512463999,694,501,1
1764512464014,688,503,1
1764512464019,685,503,1
1764512464019,678,503,1
1764512464031,671,503,1
1764512464039,662,503,1
1764512464048,655,503,1
1764512464058,649,503,1
1764512464064,644,503,1
1764512464069,640,503,1
1764512464081,638,503,1
1764512464089,636,503,1
1764512464099,633,503,1
1764512464113,632,503,1
1764512464118,630,503,1
1764512464130,629,503,1
1764512464138,628,503,1
1764512464146,626,502,1
1764512464149,624,502,1
1764512464159,622,502,1
1764512464169,619,501,1
1764512464179,617,500,1
1764512464181,613,499,1
1764512464189,610,499,1
1764512464198,607,498,1
1764512464206,605,497,1
1764512464214,602,496,1
1764512464219,600,496,1
1764512464231,599,495,1
1764512464239,596,494,1
1764512464250,594,494,1
1764512464251,588,492,1
1764512464264,585,490,1
1764512464268,579,486,1
1764512464281,574,482,1
1764512464285,568,478,1
1764512464288,559,473,1
1764512464299,552,469,1
1764512464309,547,465,0
1764512464317,541,462,1
1764512464319,535,458,0
1764512464331,531,456,1
1764512464339,527,454,1
1764512464349,521,452,1
1764512464358,518,451,1
1764512464367,516,449,1
1764512464370,513,448,1
1764512464380,507,444,1
1764512464389,502,442,1
1764512464396,499,439,1
1764512464399,494,436,1
1764512464413,488,433,1
1764512464419,484,430,1
1764512464428,476,425,1
1764512464432,472,423,1
1764512464444,468,421,1
1764512464448,466,419,1
1764512464457,465,418,1
1764512464464,463,417,1
1764512464473,463,415,1
1764512464481,460,414,1
1764512464488,459,411,1
1764512464499,457,409,1
1764512464499,455,405,1
1764512464514,453,403,1
1764512464519,452,398,1
1764512464530,450,396,1
1764512464539,449,394,1
1764512464539,448,391,1
1764512464549,448,388,1
1764512464559,447,386,1
1764512464569,447,382,1
1764512464575,447,379,1
1764512464583,447,372,1
1764512464590,447,367,1
1764512464598,447,362,1
1764512464598,447,357,1
1764512464614,447,352,1
1764512464623,447,347,1
1764512464630,447,344,1
1764512464631,447,340,1
1764512464646,447,337,1
1764512464649,446,333,1
1764512464662,445,326,1
1764512464668,445,323,1
1764512464676,444,318,1
1764512464682,443,315,1
1764512464689,442,310,1
1764512464698,441,307,1
1764512464709,440,304,1
1764512464714,440,301,1
1764512464719,440,297,1
1764512464732,439,291,1
1764512464739,439,288,1
1764512464750,438,284,1
1764512464754,438,281,1
1764512464764,437,276,1
1764512464768,437,273,1
1764512464780,436,268,1
1764512464780,436,265,1
1764512464796,436,261,1
1764512464800,436,258,1
1764512464809,436,253,1
1764512464818,438,250,1
1764512464824,439,246,1
1764512464831,441,244,1
1764512464839,443,242,1
1764512464849,445,240,1
1764512464849,448,237,1
1764512464865,450,235,1
1764512464869,452,233,1
1764512464880,455,229,1
1764512464880,459,226,1
1764512464896,459,224,1
1764512464898,460,223,1
1764512464909,462,220,1
1764512464919,465,217,1
1764512464919,467,214,1
1764512464932,470,210,1
1764512464939,472,208,1
1764512464948,476,205,1
1764512464959,480,202,1
1764512464968,483,199,1
1764512464968,485,197,1
1764512464980,492,194,1
1764512464988,495,192,1
1764512464999,496,191,1
1764512465004,498,190,1
1764512465014,500,189,1
1764512465019,501,188,1
1764512465030,503,186,1
1764512465039,505,186,1
1764512465046,506,184,1
1764512465048,508,182,1
1764512465059,510,181,1
1764512465064,512,180,1
1764512465074,515,179,1
1764512465080,518,177,1
1764512465089,521,177,1
1764512465098,522,176,1
1764512465098,524,175,1
1764512465115,526,174,1
1764512465119,529,174,1
1764512465132,531,174,1
1764512465139,533,174,1
1764512465146,536,173,1
1764512465148,538,173,0
1764512465162,540,172,0
1764512465169,542,172,0
1764512465171,543,172,0
1764512465186,544,172,0
1764512465192,546,172,0
1764512465199,547,172,0
1764512465209,549,171,0
1764512465215,550,171,0
1764512465218,552,171,0
1764512465232,554,171,0
1764512465239,556,170,0
1764512465249,558,170,0
1764512465256,560,170,0
1764512465265,562,170,0
1764512465268,564,170,0
1764512465280,567,170,0
1764512465289,570,170,0
1764512465295,573,170,0
1764512465300,576,170,0
1764512465309,579,170,0
1764512465313,581,170,0
1764512465318,583,170,0
1764512465332,586,170,0
1764512465339,588,170,0
1764512465349,590,170,0
1764512465349,592,170,0
1764512465363,594,169,0
1764512465369,600,168,0
1764512465382,602,168,0
1764512465388,604,168,0
1764512465399,605,167,0
1764512465399,608,165,0
1764512465412,610,165,0
1764512465419,611,163,0
1764512465419,615,162,0
1764512465432,618,160,0
1764512465439,621,159,0
1764512465448,624,157,0
1764512465458,630,154,0
1764512465463,633,152,0
1764512465469,638,151,0
1764512465480,645,147,0
1764512465488,651,147,0
1764512465498,654,146,0
1764512465499,657,144,1
1764512465518,661,143,1
1764512465519,662,143,1
1764512465530,663,142,1
1764512465536,665,141,1
1764512465546,665,140,1
1764512465548,666,140,1
1764512465562,667,140,1
1764512465568,668,140,1
1764512465578,668,139,1
1764512465583,669,139,1
1764512465593,670,139,1
1764512465599,671,139,1
1764512465609,673,138,1
1764512465619,677,137,1
1764512465628,686,137,1
1764512465640,690,137,1
1764512465649,698,137,1
1764512465656,702,137,1
1764512465665,707,137,1
1764512465669,709,137,1
1764512465679,713,137,1
1764512465679,720,138,1
1764512465693,724,139,1
1764512465700,728,141,1
1764512465709,733,142,1
1764512465718,739,144,1
1764512465719,742,146,1
1764512465733,746,147,1
1764512465741,750,149,1
1764512465749,754,152,1
1764512465755,758,154,1
1764512465759,761,157,1
1764512465769,764,159,1
1764512465780,765,161,1
1764512465786,766,163,1
1764512465797,767,164,1
1764512465799,769,167,1
1764512465810,769,169,1
1764512465819,769,171,1
1764512465823,769,172,1
1764512465835,769,173,1
1764512465841,770,174,1
1764512465848,770,176,1
1764512465858,770,178,1
1764512465862,770,180,1
1764512465868,770,183,1
1764512465880,771,184,1
1764512465888,771,186,1
1764512465893,771,187,1
1764512465900,771,189,1
1764512465908,771,190,1
1764512465926,772,192,1
1764512465933,773,193,1
1764512465942,773,194,1
1764512465949,773,195,1
1764512465958,774,197,1
1764512465958,775,198,1
1764512465972,776,199,1
1764512465979,776,200,1
1764512465989,777,202,1
1764512465999,778,203,1
1764512466004,779,204,1
1764512466008,780,206,1
1764512466020,782,207,1
1764512466029,786,212,1
1764512466038,789,214,1
1764512466046,793,217,1
1764512466052,796,219,1
1764512466063,802,223,1
1764512466069,806,225,1
1764512466069,808,227,1
1764512466086,810,228,1
1764512466091,813,231,1
1764512466100,815,232,1
1764512466107,816,233,1
1764512466115,818,236,1
1764512466125,818,237,1
1764512466131,820,238,1
1764512466138,820,239,1
1764512466148,822,241,1
1764512466154,823,243,1
1764512466164,824,245,1
1764512466168,826,248,1
1764512466179,826,250,1
1764512466179,828,253,1
1764512466193,829,256,1
1764512466199,830,260,1
1764512466209,830,264,1
1764512466218,830,268,1
1764512466224,830,271,1
1764512466234,830,276,1
1764512466238,830,279,1
1764512466248,829,283,1
1764512466258,828,288,1
1764512466265,827,290,1
1764512466269,826,293,1
1764512466279,826,295,1
1764512466288,826,297,1
1764512466296,826,299,1
1764512466299,824,301,1
1764512466311,824,304,1
1764512466319,823,307,1
1764512466326,823,311,1
1764512466336,822,313,1
1764512466343,821,315,1
1764512466349,821,318,1
1764512466354,820,319,1
1764512466359,820,320,1
1764512466370,820,322,1
1764512466389,820,324,1
1764512466399,819,325,1
1764512466405,819,327,1
1764512466412,819,329,1
1764512466421,819,331,1
1764512466429,819,332,1
1764512466434,819,333,1
1764512466439,819,336,1
1764512466459,819,337,1
1764512466467,819,338,1
1764512466475,819,340,1
1764512466480,819,342,1
1764512466489,819,343,1
1764512466499,819,345,1
1764512466499,819,347,1
1764512466512,819,355,1
1764512466519,819,359,1
1764512466530,819,363,1
1764512466534,818,367,1
1764512466543,817,374,1
1764512466549,817,377,1
1764512466562,817,381,1
1764512466568,816,385,1
1764512466579,813,393,1
1764512466579,812,396,1
1764512466591,808,402,1
1764512466599,806,405,1
1764512466608,803,409,1
1764512466608,801,412,1
1764512466623,797,418,1
1764512466630,793,422,1
1764512466640,791,424,1
1764512466640,787,430,1
1764512466656,785,432,1
1764512466663,782,436,1
1764512466671,780,438,1
1764512466680,777,443,1
1764512466688,775,446,1
1764512466698,774,450,1
1764512466700,772,453,1
1764512466710,770,457,1
1764512466718,769,459,1
1764512466726,767,460,1
1764512466734,766,462,1
1764512466741,765,462,1
1764512466750,763,463,1
1764512466766,762,464,1
1764512466772,761,464,1
1764512466789,759,464,1
1764512466797,759,465,1
1764512466802,758,465,1
1764512466818,756,466,1
1764512466829,754,466,1
1764512466835,751,467,1
1764512466844,748,468,1
1764512466852,741,469,1
1764512466860,732,469,1
1764512466868,725,470,1
1764512466876,718,471,1
1764512466881,710,472,1
1764512466889,705,473,1
1764512466898,702,473,0
1764512466906,697,474,0
1764512466913,692,474,0
1764512466922,686,476,0
1764512466931,683,476,0
1764512466939,678,478,0
1764512466946,672,479,0
1764512466954,669,480,0
1764512466960,665,481,0
1764512466968,662,481,0
1764512466976,659,482,0
1764512466985,657,482,0
1764512466991,655,483,0
1764512467000,652,484,0
1764512467008,650,485,0
1764512467017,645,486,0
1764512467020,641,487,0
1764512467031,636,488,1
1764512467039,632,488,0
1764512467047,629,489,1
1764512467054,625,490,1
1764512467062,623,490,1
1764512467068,621,490,1
1764512467079,618,491,1
1764512467086,615,491,1
1764512467089,611,491,1
1764512467101,605,491,1
1764512467111,602,491,1
1764512467118,599,491,1
1764512467124,596,491,1
1764512467134,590,491,1
1764512467139,585,491,1
1764512467148,580,491,1
1764512467154,574,491,1
1764512467159,569,491,1
1764512467172,563,491,1
1764512467178,558,491,1
1764512467182,554,491,1
1764512467191,549,490,1
1764512467199,544,488,1
1764512467213,540,488,1
1764512467220,534,486,1
1764512467225,529,485,1
1764512467233,525,483,1
1764512467238,519,482,1
1764512467249,515,480,1
1764512467258,509,478,1
1764512467266,506,476,1
1764512467274,501,474,1
1764512467279,498,473,1
1764512467289,494,470,1
1764512467299,492,469,1
1764512467301,490,467,1
1764512467313,488,466,1
1764512467318,486,464,1
1764512467329,485,462,1
1764512467335,482,459,1
1764512467341,480,455,1
1764512467351,478,453,1
1764512467358,475,449,1
1764512467369,473,445,1
1764512467375,469,440,1
1764512467380,466,436,1
1764512467392,463,431,1
1764512467395,460,425,1
1764512467399,459,419,1
1764512467412,458,411,1
1764512467418,457,406,1
1764512467428,457,401,1
1764512467437,457,398,1
1764512467443,456,394,1
1764512467449,456,390,1
1764512467458,456,386,1
1764512467469,456,382,1
1764512467478,456,378,1
1764512467478,456,374,1
1764512467490,454,367,1
1764512467499,453,362,1
1764512467508,452,359,1
1764512467513,452,357,1
1764512467524,451,354,1
1764512467531,450,351,1
1764512467539,450,349,1
1764512467542,448,344,1
1764512467553,448,341,1
1764512467561,446,336,1
1764512467569,445,330,1
1764512467579,445,327,1
1764512467586,445,322,1
1764512467589,445,319,1
1764512467601,445,314,1
1764512467609,446,311,1
1764512467616,447,306,1
1764512467625,448,303,1
1764512467632,449,297,1
1764512467639,449,289,1
1764512467648,449,284,1
1764512467648,449,278,1
1764512467664,449,273,1
1764512467669,449,267,1
1764512467680,449,262,1
1764512467680,451,256,1
1764512467696,452,250,1
1764512467699,454,245,1
1764512467712,454,239,1
1764512467718,457,231,1
1764512467728,459,226,1
1764512467735,461,222,1
1764512467738,463,217,1
1764512467749,464,214,1
1764512467749,465,208,1
1764512467766,465,205,1
1764512467774,466,201,1
1764512467781,466,198,1
1764512467788,467,196,1
1764512467791,468,194,1
1764512467799,468,192,1
1764512467809,469,191,1
1764512467822,470,189,1
1764512467827,471,188,1
1764512467835,472,187,1
1764512467839,472,186,1
1764512467848,473,186,1
1764512467859,474,184,1
1764512467859,476,183,1
1764512467870,477,181,1
1764512467879,479,180,1
1764512467889,480,179,1
1764512467899,481,178,1
1764512467906,488,174,1
1764512467913,490,173,1
1764512467919,492,172,1
1764512467929,495,171,1
1764512467935,501,168,1
1764512467945,503,168,1
1764512467954,508,167,1
1764512467960,511,165,1
1764512467968,515,163,1
1764512467979,518,162,1
1764512467981,521,162,1
1764512467988,527,160,1
1764512467998,534,158,1
1764512467998,539,156,1
1764512468015,543,154,1
1764512468022,548,153,1
1764512468031,553,151,1
1764512468039,558,149,1
1764512468044,564,147,1
1764512468049,568,145,1
1764512468060,573,143,1
1764512468069,575,143,1
1764512468078,578,141,1
1764512468078,580,140,1
1764512468092,582,139,1
1764512468098,585,138,1
1764512468108,585,137,1
1764512468108,587,137,1
1764512468126,589,136,1
1764512468128,589,135,1
1764512468140,590,135,1
1764512468149,591,135,1
1764512468156,592,134,1
1764512468165,593,134,1
1764512468172,594,134,1
1764512468179,595,134,1
1764512468189,596,134,1
1764512468189,597,134,1
1764512468204,598,134,1
1764512468208,600,134,1
1764512468220,602,134,1
1764512468229,603,134,1
1764512468235,606,134,1
1764512468239,607,134,1
1764512468251,609,134,1
1764512468259,611,134,1
1764512468259,612,134,1
1764512468268,614,134,1
1764512468281,615,134,1
1764512468288,617,134,1
1764512468288,618,134,1
1764512468299,620,134,1
1764512468309,621,134,1
1764512468318,624,134,1
1764512468328,626,134,1
1764512468337,628,134,1
1764512468342,629,134,1
1764512468349,631,134,1
1764512468359,633,134,1
1764512468368,640,134,1
1764512468368,644,134,1
1764512468379,646,134,1
1764512468389,649,134,1
1764512468398,651,134,1
1764512468408,653,134,1
1764512468410,655,134,1
1764512468421,658,134,1
1764512468429,663,135,1
1764512468439,668,135,1
1764512468445,672,136,1
1764512468455,676,137,1
1764512468463,684,138,1
1764512468469,690,140,1
1764512468479,693,141,1
1764512468479,699,142,1
1764512468489,706,144,1
1764512468498,711,145,1
1764512468509,720,146,1
1764512468518,724,147,1
1764512468520,727,147,1
1764512468529,730,148,1
1764512468539,732,149,1
1764512468548,734,149,1
1764512468562,735,150,1
1764512468571,736,150,1
1764512468581,737,151,1
1764512468589,739,152,1
1764512468595,740,153,1
1764512468602,742,154,1
1764512468609,743,155,1
1764512468615,744,156,1
1764512468625,746,157,1
1764512468634,747,158,1
1764512468641,748,159,1
1764512468649,750,160,1
1764512468659,750,161,1
1764512468662,752,163,1
1764512468675,754,164,1
1764512468679,755,166,1
1764512468689,756,168,1
1764512468695,758,170,1
1764512468699,759,172,1
1764512468710,761,175,1
1764512468719,762,177,1
1764512468728,769,185,1
1764512468735,771,187,1
1764512468743,775,191,1
1764512468751,777,193,1
1764512468759,783,198,1
1764512468767,787,202,1
1764512468774,790,205,1
1764512468779,795,209,1
1764512468789,799,213,1
1764512468789,801,215,1
1764512468805,803,217,1
1764512468814,805,223,1
1764512468823,807,225,1
1764512468829,807,227,1
1764512468836,809,231,1
1764512468841,809,234,1
1764512468852,810,237,1
1764512468860,811,240,1
1764512468866,811,243,1
1764512468873,812,246,1
1764512468884,813,248,1
1764512468889,814,250,1
1764512468900,814,252,1
1764512468906,816,253,1
1764512468916,816,254,1
1764512468923,817,257,1
1764512468939,817,258,1
1764512468948,817,259,1
1764512468953,817,261,1
1764512468958,817,262,1
1764512468969,817,263,1
1764512468977,817,266,1
1764512468980,817,268,1
1764512468988,817,271,1
1764512468999,817,273,1
1764512469008,817,277,1
1764512469017,817,284,1
1764512469025,817,288,1
1764512469034,817,291,1
1764512469038,817,295,1
1764512469044,817,299,1
1764512469054,817,301,1
1764512469060,817,304,1
1764512469068,817,307,1
1764512469079,817,310,1
1764512469079,817,312,1
1764512469091,817,315,1
1764512469099,817,318,1
1764512469111,817,320,1
1764512469119,817,323,1
1764512469123,817,326,1
1764512469129,817,328,1
1764512469141,816,330,1
1764512469150,816,332,1
1764512469159,816,334,1
1764512469174,815,336,1
1764512469178,814,339,1
1764512469189,814,342,1
1764512469197,814,344,1
1764512469202,813,346,1
1764512469209,812,349,1
1764512469218,811,352,1
1764512469223,811,355,1
1764512469235,810,359,1
1764512469239,810,362,1
1764512469250,810,366,1
1764512469259,810,371,1
1764512469268,809,374,1
1764512469275,809,377,1
1764512469282,808,380,1
1764512469289,808,382,1
1764512469298,807,384,1
1764512469305,807,387,1
1764512469313,807,389,1
1764512469321,807,391,1
1764512469329,805,393,1
1764512469335,804,395,1
1764512469344,803,402,1
1764512469348,802,405,1
1764512469361,800,408,1
1764512469369,799,412,1
1764512469377,796,418,1
1764512469379,794,421,1
1764512469392,792,425,1
1764512469398,790,428,1
1764512469408,787,435,1
1764512469409,785,439,1
1764512469423,783,441,1
1764512469431,782,445,1
1764512469439,781,447,1
1764512469449,780,449,1
1764512469454,778,450,1
1764512469459,777,452,1
1764512469469,775,453,1
1764512469472,775,455,1
1764512469484,772,457,1
1764512469494,770,459,1
1764512469499,768,461,1
1764512469508,766,463,1
1764512469518,762,464,1
1764512469519,760,466,1
1764512469534,756,468,1
1764512469539,752,470,1
1764512469550,747,473,1
1764512469550,744,475,1
1764512469559,741,475,1
1764512469569,738,477,1
1764512469578,735,478,1
1764512469581,733,479,1
1764512469595,731,479,1
1764512469604,729,479,1
1764512469611,727,480,1
1764512469619,725,480,1
1764512469619,722,481,1
1764512469628,720,482,1
1764512469644,719,482,1
1764512469648,717,482,1
1764512469648,715,482,1
1764512469660,712,482,1
1764512469669,709,482,1
1764512469678,704,482,1
1764512469689,701,482,1
1764512469691,693,482,1
1764512469698,687,482,1
1764512469709,680,482,1
1764512469720,673,482,0
1764512469728,668,482,0
1764512469728,661,483,0
1764512469743,654,484,0
1764512469751,646,484,0
1764512469759,641,484,0
1764512469769,635,485,0
1764512469771,627,485,0
1764512469779,621,485,0
1764512469789,617,485,0
1764512469799,615,485,0
1764512469809,612,485,0
1764512469814,610,486,0
1764512469819,608,486,0
1764512469829,607,486,0
1764512469835,605,487,1
1764512469840,603,487,1
1764512469850,600,487,1
1764512469859,598,487,1
1764512469868,595,487,1
1764512469868,592,487,1
1764512469882,589,487,1
1764512469889,585,487,1
1764512469899,582,487,1
1764512469899,578,487,1
1764512469915,575,487,1
1764512469919,571,487,1
1764512469931,564,487,1
1764512469940,561,487,1
1764512469946,558,487,1
1764512469949,555,487,1
1764512469962,551,485,1
1764512469969,545,484,1
1764512469978,540,483,1
1764512469978,534,482,1
1764512469988,528,480,1
1764512469999,523,480,1
1764512470009,515,478,1
1764512470014,512,477,1
1764512470024,507,476,1
1764512470029,504,476,1
1764512470040,502,476,1
1764512470049,500,474,1
1764512470049,498,473,1
1764512470063,494,472,1
1764512470069,492,470,1
1764512470079,488,467,1
1764512470079,484,464,1
1764512470092,482,461,1
1764512470098,479,457,1
1764512470109,477,455,1
1764512470119,474,451,1
1764512470126,473,448,1
1764512470128,471,444,1
1764512470141,470,441,1
1764512470149,468,436,1
1764512470159,466,429,1
1764512470159,465,425,1
1764512470173,463,419,1
1764512470179,463,412,1
1764512470189,461,405,1
1764512470198,461,400,1
1764512470198,459,394,1
1764512470214,459,387,1
1764512470221,459,382,1
1764512470229,459,378,1
1764512470229,459,372,1
1764512470241,459,367,1
1764512470249,459,360,1
1764512470258,459,353,1
1764512470258,459,347,1
1764512470274,459,341,1
1764512470283,459,336,1
1764512470291,460,332,1
1764512470299,461,327,0
1764512470309,462,323,0
1764512470314,462,317,0
1764512470323,464,308,0
1764512470329,465,304,0
1764512470336,466,299,0
1764512470345,468,295,0
1764512470352,468,288,0
1764512470358,468,284,0
1764512470368,468,281,0
1764512470368,468,278,0
1764512470384,468,275,0
1764512470389,468,270,0
1764512470401,468,267,0
1764512470409,468,264,1
1764512470416,467,262,1
1764512470418,467,260,1
1764512470430,466,257,1
1764512470439,466,255,1
1764512470446,466,253,1
1764512470453,466,251,1
1764512470462,466,248,1
1764512470469,466,247,1
1764512470479,466,244,1
1764512470488,466,240,1
1764512470495,466,237,1
1764512470498,465,235,1
1764512470510,465,233,1
1764512470510,465,231,1
1764512470527,465,229,1
1764512470534,465,227,1
1764512470541,465,225,1
1764512470549,465,223,1
1764512470557,465,221,1
1764512470559,465,219,1
1764512470569,465,217,1
1764512470580,465,214,1
1764512470589,466,212,1
1764512470594,467,210,1
1764512470599,468,208,1
1764512470610,469,205,1
1764512470619,472,196,1
1764512470626,475,193,1
1764512470629,480,187,1
1764512470642,483,183,1
1764512470649,486,180,1
1764512470658,490,176,1
1764512470658,496,172,1
1764512470674,498,170,1
1764512470681,502,168,1
1764512470690,506,164,1
1764512470696,510,163,1
1764512470705,513,162,1
1764512470709,516,160,1
1764512470721,522,158,1
1764512470729,525,157,1
1764512470739,527,157,1
1764512470742,530,156,1
1764512470753,535,154,1
1764512470759,539,154,1
1764512470759,543,152,1
1764512470777,550,151,1
1764512470783,553,151,1
1764512470791,559,150,1
1764512470799,562,149,1
1764512470809,568,148,1
1764512470809,572,147,1
1764512470819,578,146,1
1764512470828,583,146,1
1764512470839,587,145,1
1764512470842,591,145,1
1764512470854,596,144,1
1764512470859,600,143,1
1764512470869,604,143,1
1764512470869,608,143,1
1764512470880,611,143,1
1764512470893,615,143,1
1764512470901,618,143,1
1764512470909,621,143,1
1764512470912,624,143,1
1764512470919,626,143,1
1764512470929,629,143,1
1764512470939,632,143,1
1764512470945,634,143,1
1764512470955,636,143,1
1764512470962,639,143,1
1764512470968,642,143,1
1764512470979,645,143,1
1764512470979,648,143,1
1764512470993,652,143,1
1764512470999,655,143,1
1764512471008,660,144,1
1764512471019,663,145,1
1764512471027,666,145,1
1764512471030,670,146,1
1764512471042,673,147,1
1764512471049,678,148,1
1764512471058,682,148,1
1764512471067,686,149,1
1764512471074,691,150,1
1764512471080,698,152,1
1764512471089,705,153,1
1764512471095,711,154,1
1764512471103,718,156,1
1764512471114,729,157,1
1764512471120,736,158,1
1764512471128,743,160,1
1764512471138,751,161,1
1764512471143,754,162,1
1764512471151,757,163,1
1764512471158,760,163,1
1764512471169,763,164,1
1764512471169,764,164,1
1764512471179,766,164,1
1764512471192,767,165,1
1764512471199,771,165,1
1764512471204,773,166,1
1764512471213,776,166,1
1764512471221,778,166,1
1764512471228,781,167,1
1764512471237,783,167,1
1764512471245,785,169,1
1764512471253,790,169,1
1764512471259,791,170,1
1764512471271,793,171,1
1764512471277,794,171,1
1764512471284,795,172,1
1764512471293,796,173,1
1764512471299,797,173,1
1764512471299,798,173,0
1764512471315,799,173,0
1764512471323,801,175,0
1764512471338,803,176,0
1764512471346,803,177,0
1764512471354,805,177,0
1764512471362,805,179,0
1764512471378,806,183,0
1764512471387,807,184,0
1764512471388,808,186,1
1764512471398,809,191,1
1764512471408,811,194,1
1764512471419,812,197,1
1764512471425,813,200,1
1764512471433,815,205,1
1764512471443,816,207,1
1764512471449,816,210,1
1764512471457,817,213,1
1764512471459,817,216,1
1764512471469,817,217,1
1764512471478,819,222,1
1764512471486,819,224,1
1764512471489,819,226,1
1764512471503,819,227,1
1764512471511,819,228,1
1764512471519,819,230,1
1764512471521,819,231,1
1764512471534,819,232,1
1764512471543,819,233,1
1764512471548,819,234,1
1764512471552,819,235,1
1764512471564,819,237,1
1764512471569,819,238,1
1764512471579,819,239,1
1764512471588,819,240,1
1764512471588,819,243,1
1764512471602,819,244,1
1764512471611,819,245,1
1764512471619,819,247,1
1764512471629,819,249,1
1764512471635,818,252,1
1764512471643,818,255,1
1764512471651,818,257,1
1764512471659,818,262,1
1764512471668,817,265,1
1764512471676,817,268,1
1764512471682,816,272,1
1764512471689,816,275,1
1764512471699,815,279,1
1764512471699,815,284,1
1764512471714,814,289,1
1764512471719,814,295,1
1764512471730,814,300,1
1764512471730,814,307,1
1764512471745,814,312,1
1764512471752,814,318,1
1764512471761,814,323,1
1764512471769,814,328,1
1764512471778,814,334,1
1764512471778,814,342,1
1764512471792,814,347,1
1764512471799,814,357,1
1764512471799,814,363,1
1764512471810,814,373,1
1764512471818,814,381,1
1764512471829,814,386,1
1764512471839,814,392,1
1764512471845,814,397,1
1764512471854,814,402,1
1764512471861,814,406,1
1764512471868,813,411,1
1764512471879,813,415,1
1764512471879,813,418,1
1764512471893,813,422,1
1764512471898,813,424,1
1764512471909,813,426,1
1764512471918,813,427,1
1764512471925,813,430,1
1764512471929,813,431,1
1764512471942,813,433,1
1764512471948,813,434,1
1764512471958,812,436,1
1764512471958,812,437,1
1764512471972,811,438,1
1764512471979,811,441,1
1764512471979,810,443,1
1764512471991,809,444,1
1764512471999,807,447,1
1764512472009,806,449,0
1764512472019,804,451,1
1764512472025,803,453,0
1764512472029,801,455,1
1764512472044,800,456,1
1764512472049,799,457,1
1764512472059,794,461,1
1764512472059,793,462,1
1764512472073,792,463,1
1764512472079,791,465,1
1764512472090,791,466,1
1764512472109,791,467,0
1764512472121,791,468,0
1764512472149,791,469,0
1764512472158,791,470,0
1764512472179,790,471,0
1764512472189,790,472,0
1764512472200,789,472,0
1764512472209,788,473,0
1764512472216,787,474,0
1764512472219,786,475,0
1764512472232,785,475,0
1764512472232,783,477,0
1764512472244,780,477,1
1764512472249,777,478,1
1764512472259,772,479,1
1764512472268,768,479,1
1764512472273,762,479,1
1764512472285,757,480,1
1764512472293,754,480,1
1764512472299,746,480,1
1764512472309,740,480,1
1764512472311,734,480,1
1764512472319,727,480,1
1764512472329,722,480,1
1764512472339,717,480,1
1764512472346,711,480,1
1764512472355,706,480,1
1764512472358,700,481,1
1764512472369,695,481,1
1764512472379,687,481,1
1764512472388,681,481,1
1764512472391,676,481,0
1764512472399,670,481,0
1764512472409,667,482,0
1764512472419,663,482,0
1764512472423,659,482,0
1764512472429,655,482,0
1764512472439,651,482,0
1764512472448,644,482,0
1764512472459,640,482,0
1764512472465,637,482,0
1764512472474,633,482,0
1764512472481,631,482,0
1764512472489,626,482,0
1764512472496,623,482,0
1764512472504,619,480,0
1764512472508,615,480,0
1764512472519,610,479,0
1764512472524,605,478,0
1764512472535,602,478,0
1764512472544,599,478,0
1764512472550,596,478,0
1764512472559,593,478,0
1764512472568,590,478,0
1764512472574,588,477,0
1764512472582,585,477,0
1764512472589,582,477,0
1764512472598,580,476,0
1764512472606,576,475,0
1764512472614,570,473,0
1764512472622,566,472,0
1764512472630,563,472,0
1764512472638,555,471,1
1764512472646,550,470,1
1764512472654,547,469,1
1764512472662,542,468,1
1764512472669,537,467,1
1764512472669,532,466,1
1764512472683,529,465,1
1764512472689,524,465,1
1764512472699,520,464,1
1764512472709,516,463,1
1764512472710,510,462,1
1764512472719,506,462,1
1764512472730,501,461,1
1764512472739,497,460,1
1764512472746,493,460,1
1764512472748,489,459,1
1764512472761,486,459,1
1764512472768,482,458,1
1764512472778,481,457,1
1764512472778,480,456,1
1764512472793,477,456,1
1764512472799,475,455,1
1764512472809,473,454,1
1764512472809,471,453,1
1764512472819,469,452,1
1764512472828,468,451,1
1764512472839,466,450,1
1764512472845,464,449,1
1764512472849,463,448,1
1764512472861,462,446,1
1764512472868,460,444,1
1764512472879,459,443,1
1764512472884,457,439,1
1764512472892,455,436,1
1764512472899,452,430,1
1764512472909,450,423,1
1764512472919,449,418,1
1764512472925,449,412,1
1764512472929,448,406,1
1764512472941,448,394,1
1764512472949,447,388,1
1764512472958,447,380,1
1764512472958,447,370,1
1764512472973,447,363,1
1764512472979,446,358,1
1764512472989,445,352,1
1764512472999,445,347,1
1764512472999,444,340,1
1764512473009,442,327,1
1764512473018,440,320,1
1764512473025,440,314,1
1764512473034,438,308,1
1764512473041,437,300,1
1764512473049,437,296,1
1764512473059,437,292,1
1764512473059,437,285,1
1764512473072,437,280,1
1764512473079,438,273,1
1764512473088,439,270,1
1764512473098,439,263,1
1764512473104,440,255,1
1764512473109,441,245,1
1764512473120,441,240,1
1764512473129,443,235,1
1764512473136,444,232,1
1764512473145,446,228,1
1764512473152,446,226,1
1764512473159,448,222,1
1764512473168,449,219,1
1764512473168,450,217,1
1764512473184,452,215,1
1764512473189,453,211,1
1764512473199,456,207,1
1764512473200,457,205,1
1764512473215,459,202,1
1764512473219,461,198,1
1764512473231,464,195,1
1764512473239,464,192,1
1764512473247,467,188,1
1764512473253,469,185,1
1764512473263,470,183,1
1764512473268,474,178,1
1764512473268,475,176,1
1764512473285,478,174,1
1764512473289,481,171,1
1764512473299,484,169,1
1764512473309,486,166,1
1764512473310,490,164,1
1764512473319,492,162,1
1764512473333,499,159,1
1764512473338,506,156,1
1764512473348,510,154,1
1764512473348,515,152,1
1764512473359,519,150,1
1764512473369,524,148,1
1764512473379,528,146,1
1764512473379,532,145,1
1764512473390,537,143,1
1764512473399,542,142,1
1764512473409,546,140,1
1764512473418,551,139,1
1764512473422,555,138,1
1764512473429,558,136,1
1764512473439,565,135,1
1764512473439,570,134,1
1764512473454,574,133,1
1764512473459,578,133,1
1764512473470,584,132,1
1764512473479,589,132,1
1764512473489,595,131,1
1764512473489,600,130,1
1764512473502,606,130,1
1764512473509,611,129,1
1764512473518,619,129,1
1764512473529,625,128,1
1764512473534,629,128,1
1764512473539,632,128,1
1764512473550,635,128,1
1764512473559,638,128,1
1764512473566,640,128,1
1764512473569,643,128,1
1764512473582,645,128,1
1764512473588,648,128,1
1764512473599,652,128,1
1764512473599,657,128,1
1764512473609,660,128,1
1764512473619,664,128,1
1764512473628,670,129,1
1764512473633,675,130,1
1764512473638,679,130,1
1764512473651,685,131,1
1764512473659,693,133,1
1764512473668,699,134,1
1764512473679,702,135,1
1764512473681,706,136,1
1764512473689,711,137,1
1764512473699,713,138,1
1764512473699,715,138,1
1764512473713,716,140,1
1764512473719,718,140,1
1764512473739,719,140,1
1764512473751,720,141,1
1764512473771,721,142,1
1764512473779,722,142,1
1764512473789,723,143,1
1764512473795,724,143,1
1764512473801,726,144,1
1764512473809,727,145,1
1764512473809,728,146,1
1764512473824,730,146,1
1764512473829,730,147,1
1764512473840,732,147,1
1764512473857,734,149,1
1764512473871,735,150,1
1764512473878,736,150,1
1764512473888,738,151,1
1764512473888,739,152,1
1764512473903,742,153,1
1764512473909,744,153,1
1764512473921,746,155,1
1764512473929,749,156,1
1764512473929,751,157,1
1764512473939,754,159,1
1764512473952,755,159,1
1764512473959,756,160,1
1764512473959,758,161,1
1764512473970,759,163,1
1764512473979,760,164,1
1764512473988,763,165,1
1764512473998,764,166,1
1764512474002,766,168,1
1764512474009,767,169,1
1764512474019,769,171,1
1764512474029,771,172,1
1764512474034,773,174,1
1764512474052,775,176,1
1764512474059,776,177,1
1764512474069,778,178,1
1764512474069,778,179,1
1764512474082,778,180,1
1764512474088,779,182,1
1764512474098,780,183,1
1764512474098,780,184,1
1764512474114,781,187,1
1764512474119,782,189,1
1764512474130,783,190,1
1764512474139,784,192,1
1764512474146,785,195,1
1764512474152,786,196,1
1764512474161,788,198,1
1764512474169,788,200,1
1764512474177,789,203,1
1764512474184,790,206,1
1764512474193,791,208,1
1764512474199,792,210,1
1764512474208,794,214,1
1764512474214,795,217,1
1764512474225,795,221,1
1764512474229,795,224,1
1764512474240,796,227,1
1764512474240,797,230,1
1764512474256,799,235,1
1764512474259,801,240,1
1764512474272,801,243,1
1764512474279,802,247,1
1764512474279,803,252,1
1764512474293,804,256,1
1764512474299,804,259,1
1764512474309,806,264,1
1764512474309,806,267,1
1764512474325,807,271,1
1764512474328,807,274,1
1764512474341,807,278,1
1764512474351,807,281,1
1764512474357,807,285,1
1764512474359,807,288,1
1764512474373,806,292,1
1764512474379,805,295,1
1764512474389,804,298,1
1764512474389,804,301,1
1764512474404,803,306,0
1764512474409,802,310,0
1764512474418,802,314,0
1764512474420,801,317,0
1764512474434,799,323,0
1764512474438,798,327,0
1764512474452,796,332,0
1764512474459,795,338,0
1764512474468,792,353,0
1764512474474,790,361,0
1764512474483,789,367,0
1764512474488,788,372,0
1764512474488,787,378,0
1764512474499,785,384,0
1764512474508,784,388,0
1764512474519,782,393,0
1764512474529,781,397,0
1764512474535,780,400,0
1764512474539,779,403,0
1764512474552,777,408,0
1764512474559,776,411,1
1764512474568,773,417,1
1764512474568,771,422,1
1764512474583,768,430,1
1764512474590,766,435,1
1764512474598,764,438,1
1764512474598,762,444,1
1764512474614,760,447,1
1764512474619,757,451,1
1764512474630,755,453,1
1764512474638,751,456,1
1764512474646,748,458,1
1764512474652,742,462,1
1764512474659,739,464,1
1764512474668,737,467,1
1764512474668,735,468,1
1764512474683,733,470,1
1764512474694,729,472,1
1764512474699,727,473,1
1764512474709,724,475,1
1764512474709,721,475,1
1764512474725,716,477,1
1764512474729,709,479,1
1764512474741,704,480,1
1764512474741,698,482,1
1764512474756,691,483,1
1764512474758,683,485,1
1764512474772,676,486,1
1764512474779,668,488,1
1764512474788,658,489,1
1764512474788,649,489,1
1764512474804,641,490,1
1764512474808,630,490,1
1764512474820,622,490,1
1764512474829,615,490,1
1764512474833,607,490,1
1764512474839,601,490,1
1764512474849,594,490,1
1764512474856,588,490,1
1764512474864,583,489,1
1764512474868,577,489,1
1764512474878,573,488,1
1764512474889,566,486,1
1764512474894,561,486,1
1764512474903,556,485,1
1764512474909,553,484,1
1764512474919,548,482,1
1764512474919,546,481,1
1764512474931,543,480,1
1764512474939,541,480,1
1764512474952,539,479,1
1764512474959,537,478,1
1764512474963,533,477,1
1764512474969,531,475,1
1764512474978,530,474,1
1764512474989,528,472,1
1764512474998,525,471,1
1764512474998,524,469,1
1764512475010,522,468,1
1764512475019,521,466,1
1764512475029,519,463,1
1764512475038,517,461,1
1764512475042,516,459,1
1764512475052,514,457,1
1764512475059,513,454,1
1764512475068,510,451,1
1764512475078,509,448,1
1764512475078,506,446,1
1764512475088,505,443,1
1764512475100,502,441,1
1764512475109,501,438,1
1764512475115,498,435,1
1764512475123,497,433,1
1764512475129,494,430,1
1764512475139,492,426,1
1764512475148,489,422,1
1764512475152,488,420,1
1764512475163,486,417,1
1764512475172,483,414,1
1764512475179,482,411,1
1764512475184,479,408,1
1764512475189,479,406,1
1764512475200,477,404,1
1764512475209,476,401,1
1764512475216,475,399,1
1764512475219,474,397,1
1764512475234,473,395,1
1764512475241,472,392,1
1764512475249,471,391,1
1764512475252,471,390,1
1764512475264,470,388,1
1764512475269,468,381,1
1764512475280,466,378,1
1764512475288,465,374,1
1764512475296,465,371,1
1764512475299,464,369,1
1764512475312,464,366,1
1764512475319,464,364,1
1764512475328,464,360,1
1764512475334,464,358,1
1764512475343,464,354,1
1764512475352,464,350,0
1764512475352,464,344,0
1764512475359,463,340,0
1764512475369,462,335,0
1764512475379,462,329,0
1764512475389,461,323,0
1764512475399,460,315,1
1764512475406,460,311,1
1764512475409,459,306,1
1764512475422,459,301,1
1764512475428,459,297,1
1764512475438,459,293,1
1764512475438,460,289,1
1764512475452,460,286,1
1764512475459,462,283,1
1764512475459,462,280,1
1764512475470,463,274,1
1764512475479,464,270,1
1764512475488,465,267,1
1764512475498,467,262,1
1764512475501,468,257,1
1764512475513,469,251,1
1764512475519,470,246,1
1764512475529,472,240,1
1764512475539,473,234,1
1764512475544,475,226,1
1764512475552,477,221,1
1764512475559,479,217,1
1764512475569,482,212,1
1764512475569,484,210,1
1764512475581,487,206,1
1764512475589,489,204,1
1764512475599,491,201,1
1764512475609,494,197,1
1764512475613,495,194,1
1764512475618,499,189,1
1764512475629,501,187,1
1764512475639,504,185,1
1764512475645,505,182,1
1764512475652,507,180,1
1764512475660,511,177,1
1764512475668,515,174,1
1764512475678,517,170,1
1764512475684,521,167,1
1764512475692,523,164,1
1764512475698,529,159,1
1764512475709,534,156,1
1764512475709,536,154,1
1764512475724,541,151,1
1764512475729,543,149,1
1764512475740,548,146,1
1764512475748,551,144,1
1764512475755,556,141,1
1764512475764,561,139,1
1764512475771,565,136,1
1764512475778,572,134,1
1764512475787,575,133,1
1764512475794,581,132,1
1764512475804,584,132,1
1764512475811,590,131,1
1764512475818,593,130,1
1764512475825,598,130,1
1764512475834,601,129,1
1764512475839,605,129,1
1764512475850,612,129,1
1764512475859,615,129,1
1764512475866,620,129,1
1764512475869,623,129,1
1764512475881,628,130,1
1764512475889,631,131,1
1764512475897,637,132,1
1764512475904,641,133,1
1764512475913,647,134,1
1764512475918,651,134,1
1764512475929,658,135,1
1764512475938,662,135,1
1764512475945,665,135,1
1764512475953,668,135,1
1764512475958,671,135,1
1764512475961,673,135,1
1764512475969,676,135,1
1764512475978,677,135,1
1764512475989,678,136,1
1764512475998,679,136,1
1764512475998,682,137,1
1764512476018,684,137,1
1764512476038,685,137,1
1764512476040,685,138,1
1764512476053,687,139,1
1764512476068,688,139,1
1764512476079,689,140,1
1764512476089,690,141,1
1764512476098,691,142,1
1764512476109,692,143,1
1764512476109,693,143,1
1764512476120,693,144,1
1764512476129,694,145,1
1764512476139,695,146,1
1764512476139,696,146,1
1764512476153,697,147,1
1764512476168,699,148,1
1764512476179,700,149,1
1764512476188,701,150,1
1764512476188,704,151,1
1764512476200,706,153,1
1764512476209,708,154,1
1764512476215,715,157,1
1764512476218,720,159,1
1764512476231,726,161,1
1764512476238,736,164,1
1764512476249,743,166,1
1764512476253,749,169,1
1764512476266,752,171,1
1764512476273,758,173,1
1764512476281,759,173,1
1764512476288,761,174,1
1764512476294,763,175,1
1764512476310,764,176,1
1764512476326,765,177,1
1764512476329,766,177,1
1764512476342,768,178,1
1764512476349,769,179,1
1764512476360,770,180,1
1764512476362,773,181,1
1764512476375,775,182,1
1764512476384,777,184,1
1764512476388,779,185,1
1764512476392,781,187,1
1764512476406,784,188,1
1764512476409,786,190,1
1764512476422,787,192,1
1764512476429,789,193,1
1764512476439,790,196,1
1764512476446,792,198,1
1764512476454,794,200,1
1764512476459,797,202,1
1764512476470,799,205,1
1764512476471,801,207,1
1764512476483,803,209,1
1764512476489,808,214,1
1764512476498,811,217,1
1764512476508,813,220,1
1764512476514,816,223,1
1764512476519,818,226,1
1764512476528,820,228,1
1764512476539,821,229,1
1764512476539,822,231,1
1764512476554,822,232,1
1764512476559,822,233,1
1764512476570,823,235,1
1764512476570,823,237,1
1764512476581,824,237,1
1764512476594,824,239,1
1764512476598,824,241,1
1764512476609,825,244,1
1764512476613,825,246,1
1764512476619,826,248,1
1764512476633,826,249,1
1764512476641,826,251,1
1764512476649,826,253,1
1764512476661,826,254,1
1764512476668,826,255,1
1764512476679,827,257,1
1764512476692,827,258,1
1764512476729,827,259,1
1764512476740,827,260,1
1764512476756,828,261,1
1764512476764,828,263,1
1764512476772,829,264,1
1764512476779,829,265,1
1764512476789,829,266,1
1764512476791,830,266,1
1764512476799,830,267,1
1764512476819,830,268,1
1764512476834,830,269,1
1764512476849,830,271,1
1764512476859,831,273,1
1764512476859,832,275,1
1764512476874,832,276,1
1764512476878,832,278,1
1764512476899,832,279,1
1764512476989,832,281,1
1764512477029,832,282,1
1764512477050,832,283,1
0,0,0,0
1764512477263,832,284,1
1764512477272,832,285,1
1764512477297,832,286,1
1764512478448,833,286,1
1764512478448,836,286,1
1764512478543,839,290,1
1764512478549,842,293,1
1764512478549,846,299,1
1764512478563,850,305,1
1764512478569,853,310,0
1764512478580,855,315,0
1764512478588,859,323,0
1764512478595,859,330,0
1764512478605,859,336,0
1764512478611,859,343,0
1764512478619,858,350,0
1764512478629,858,357,0
1764512478634,858,364,0
1764512478643,857,370,0
1764512478650,855,375,0
1764512478659,854,379,0
1764512478669,854,383,0
1764512478674,853,387,0
1764512478687,851,388,0
1764512478690,851,389,0
1764512478699,850,391,0
1764512478706,850,392,0
1764512478711,849,393,0
1764512478719,848,394,0
1764512478729,847,395,0
1764512478729,844,398,0
1764512478744,840,400,0
1764512478751,835,403,0
1764512478759,829,407,1
1764512478768,823,410,1
1764512478778,820,413,1
1764512478786,816,417,1
1764512478791,813,421,1
1764512478798,812,426,1
1764512478808,809,428,1
1764512478808,806,432,1
1764512478823,803,434,1
1764512478829,798,439,1
1764512478840,794,443,1
1764512478848,792,445,1
1764512478853,790,447,1
1764512478863,787,450,1
1764512478871,785,452,1
1764512478877,783,454,1
1764512478883,780,457,1
1764512478893,778,459,1
1764512478898,776,461,1
1764512478909,774,464,1
1764512478919,773,466,1
1764512478919,771,469,1
1764512478933,770,470,1
1764512478943,767,473,1
1764512478949,766,474,1
1764512478949,764,476,1
1764512478963,761,478,1
1764512478969,760,479,1
1764512478979,758,480,1
1764512478979,755,482,1
1764512478991,752,482,1
1764512478999,750,484,1
1764512479008,747,485,1
1764512479018,745,485,1
1764512479023,741,486,1
1764512479029,737,486,1
1764512479039,732,487,1
1764512479049,727,487,1
1764512479055,720,488,1
1764512479063,708,488,1
1764512479071,696,489,1
1764512479079,684,489,1
1764512479089,671,489,1
1764512479089,658,489,1
1764512479102,638,489,1
1764512479108,624,489,1
1764512479121,612,489,1
1764512479129,594,489,1
1764512479135,584,489,1
1764512479143,574,489,1
1764512479150,566,489,1
1764512479159,556,489,1
1764512479166,549,489,1
1764512479169,546,489,1
1764512479182,545,489,1
1764512479188,543,489,1
1764512479199,541,489,1
1764512479199,540,489,1
1764512479209,537,488,1
1764512479224,535,487,1
1764512479229,532,486,1
1764512479238,526,483,1
1764512479239,520,481,1
1764512479253,514,478,1
1764512479258,507,476,1
1764512479269,501,473,1
1764512479279,494,470,1
1764512479286,485,466,1
1764512479293,481,463,1
1764512479301,479,462,1
1764512479309,478,461,1
1764512479317,477,461,1
1764512479323,477,459,1
1764512479330,476,458,1
1764512479338,476,456,1
1764512479346,474,453,1
1764512479352,472,448,1
1764512479362,472,445,1
1764512479371,470,440,1
1764512479379,469,436,1
1764512479387,465,429,1
1764512479395,462,424,1
1764512479403,459,420,1
1764512479409,456,415,1
1764512479410,455,412,1
1764512479426,453,407,1
1764512479433,452,404,1
1764512479441,452,402,1
1764512479449,451,399,1
1764512479457,450,393,1
1764512479464,449,390,1
1764512479474,447,385,1
1764512479481,446,381,1
1764512479487,444,375,1
1764512479495,443,370,1
1764512479502,441,366,1
1764512479509,439,361,1
1764512479518,437,356,1
1764512479522,435,350,1
1764512479529,433,346,1
1764512479539,433,342,1
1764512479549,433,337,1
1764512479559,433,329,1
1764512479565,433,325,1
1764512479569,433,321,1
1764512479579,433,317,1
1764512479589,432,311,1
1764512479589,432,305,1
1764512479605,431,300,1
1764512479611,431,295,1
1764512479620,431,291,1
1764512479628,431,286,1
1764512479636,431,284,1
1764512479645,431,281,1
1764512479648,431,277,1
1764512479658,432,272,1
1764512479669,432,269,1
1764512479673,434,262,1
1764512479680,435,257,1
1764512479688,435,253,1
1764512479699,437,245,1
1764512479708,438,239,1
1764512479716,439,234,1
1764512479718,440,229,1
1764512479732,441,224,1
1764512479739,443,220,1
1764512479744,445,215,1
1764512479749,446,211,1
1764512479761,449,209,1
1764512479769,451,206,1
1764512479777,453,202,1
1764512479784,457,197,1
1764512479791,459,193,1
1764512479798,462,189,1
1764512479808,465,185,1
1764512479819,469,179,1
1764512479825,471,176,1
1764512479831,474,172,1
1764512479840,476,169,1
1764512479848,478,164,1
1764512479854,481,162,1
1764512479865,483,159,1
1764512479871,484,157,1
1764512479879,487,156,1
1764512479888,488,155,1
1764512479888,490,154,1
1764512479904,491,154,1
1764512479911,493,152,1
1764512479916,497,150,1
1764512479924,499,149,1
1764512479933,503,147,1
1764512479941,510,145,1
1764512479949,517,141,1
1764512479954,523,139,1
1764512479965,528,136,1
1764512479968,533,135,1
1764512479978,538,133,1
1764512479989,543,132,1
1764512479989,547,129,1
1764512479998,550,128,1
1764512480009,552,126,1
1764512480021,556,123,1
1764512480027,559,122,1
1764512480034,561,120,1
1764512480039,563,120,1
1764512480052,565,119,1
1764512480060,568,118,1
1764512480068,570,117,1
1764512480078,571,117,1
1764512480085,572,117,1
1764512480088,574,117,1
1764512480099,575,117,1
1764512480101,577,116,1
1764512480114,579,116,1
1764512480118,582,116,1
1764512480128,587,116,1
1764512480139,590,116,1
1764512480148,594,116,1
1764512480148,597,116,1
1764512480159,600,116,1
1764512480169,603,116,1
1764512480179,605,116,1
1764512480179,607,116,1
1764512480190,610,116,1
1764512480199,612,116,1
1764512480208,614,116,1
1764512480219,616,116,1
1764512480227,618,116,1
1764512480229,620,117,1
1764512480238,623,117,1
1764512480249,626,117,1
1764512480256,629,117,1
1764512480265,634,118,1
1764512480269,637,118,1
1764512480278,642,118,1
1764512480287,647,119,1
1764512480299,650,119,1
1764512480306,654,119,1
1764512480313,660,119,1
1764512480321,662,119,1
1764512480328,666,120,1
1764512480338,669,120,1
1764512480343,673,121,1
1764512480349,680,123,1
1764512480359,683,123,1
1764512480369,687,125,1
1764512480373,692,126,1
1764512480380,696,128,1
1764512480388,702,128,1
1764512480399,707,129,1
1764512480399,714,131,1
1764512480412,720,132,1
1764512480418,724,133,1
1764512480429,727,134,1
1764512480439,732,136,1
1764512480445,742,140,1
1764512480448,745,143,1
1764512480461,747,144,1
1764512480469,751,146,1
1764512480478,753,148,1
1764512480484,755,150,1
1764512480492,759,154,1
1764512480498,762,157,1
1764512480509,766,160,1
1764512480519,769,163,1
1764512480519,774,167,1
1764512480529,778,169,1
1764512480538,781,172,1
1764512480544,785,176,1
1764512480548,787,178,1
1764512480560,789,179,1
1764512480569,791,183,1
1764512480579,793,185,1
1764512480587,795,187,1
1764512480594,796,190,1
1764512480598,798,193,1
1764512480609,800,198,1
1764512480618,802,201,1
1764512480624,803,204,1
1764512480628,805,209,1
1764512480640,808,216,1
1764512480648,810,221,1
1764512480659,812,225,1
1764512480659,814,233,1
1764512480676,816,239,1
1764512480679,818,247,1
1764512480689,820,255,1
1764512480699,821,261,1
1764512480704,823,268,1
1764512480712,825,278,1
1764512480719,826,284,1
1764512480729,827,290,1
1764512480735,827,296,1
1764512480738,827,303,1
1764512480751,825,311,1
1764512480758,824,317,1
1764512480769,822,322,1
1764512480769,821,328,1
1764512480783,819,335,1
1764512480788,817,339,1
1764512480799,816,345,1
1764512480799,814,350,1
1764512480816,814,355,1
1764512480824,812,362,1
1764512480832,811,368,1
1764512480840,810,372,1
1764512480848,809,376,1
1764512480855,807,382,1
1764512480864,804,387,1
1764512480872,801,392,1
1764512480879,799,397,1
1764512480886,795,406,1
1764512480894,793,412,1
1764512480898,792,417,1
1764512480910,790,423,1
1764512480918,788,431,1
1764512480918,787,434,1
1764512480936,787,437,1
1764512480941,786,441,1
1764512480948,785,443,1
1764512480963,784,445,1
1764512480971,783,446,1
1764512480979,782,447,1
1764512480979,781,448,1
1764512480990,779,450,1
1764512480999,777,452,1
1764512481009,775,453,1
1764512481018,774,455,1
1764512481022,769,459,1
1764512481029,766,462,1
1764512481039,762,464,1
1764512481048,759,467,1
1764512481054,755,468,1
1764512481058,749,472,1
1764512481069,745,475,1
1764512481079,741,477,1
1764512481089,736,479,1
1764512481098,727,482,1
1764512481102,722,484,1
1764512481113,713,486,1
1764512481120,706,488,1
1764512481129,698,490,1
1764512481138,685,492,1
1764512481138,675,493,1
1764512481149,666,495,1
1764512481158,656,495,1
1764512481169,645,498,1
1764512481175,637,499,1
1764512481180,630,499,1
1764512481189,625,500,1
1764512481199,617,500,1
1764512481203,611,500,1
1764512481212,606,500,1
1764512481219,602,500,1
1764512481229,597,500,1
1764512481235,592,500,1
1764512481244,589,500,1
1764512481249,586,500,1
1764512481260,582,500,1
1764512481269,580,500,1
1764512481276,577,500,1
1764512481279,575,500,1
1764512481292,573,500,1
1764512481299,571,500,1
1764512481309,568,499,1
1764512481309,564,498,1
1764512481323,561,497,1
1764512481329,557,496,1
1764512481340,551,495,1
1764512481350,548,494,1
1764512481355,543,491,1
1764512481358,536,488,1
1764512481372,531,486,1
1764512481378,524,482,1
1764512481388,519,479,1
1764512481397,516,477,1
1764512481403,507,471,1
1764512481409,506,470,1
1764512481419,504,467,1
1764512481419,501,465,1
1764512481435,501,464,1
1764512481439,500,462,1
1764512481450,499,460,1
1764512481458,497,459,1
1764512481466,497,457,1
1764512481470,495,454,1
1764512481482,494,452,1
1764512481486,492,451,1
1764512481495,491,448,1
1764512481504,489,446,1
1764512481512,487,442,1
1764512481519,485,440,1
1764512481527,483,435,1
1764512481536,482,432,1
1764512481542,479,427,1
1764512481550,477,423,1
1764512481559,475,418,1
1764512481568,473,414,1
1764512481577,472,409,1
1764512481579,471,405,1
1764512481588,470,399,1
1764512481599,469,396,1
1764512481605,468,391,1
1764512481609,467,388,1
1764512481618,466,382,1
1764512481629,466,379,1
1764512481629,465,376,1
1764512481640,464,373,1
1764512481649,463,371,1
1764512481659,463,368,1
1764512481659,462,365,1
1764512481672,462,363,1
1764512481679,462,361,1
1764512481688,462,359,1
1764512481699,462,357,1
1764512481704,462,355,1
1764512481709,461,352,1
1764512481720,461,351,1
1764512481729,461,349,1
1764512481738,460,346,1
1764512481738,460,344,1
1764512481751,460,341,1
1764512481758,460,338,1
1764512481770,460,334,1
1764512481770,460,331,1
1764512481779,460,327,1
1764512481789,460,324,1
1764512481799,460,319,1
1764512481809,460,315,1
1764512481818,460,311,1
1764512481822,460,306,1
1764512481834,460,303,1
1764512481838,459,299,1
1764512481838,459,296,1
1764512481850,459,293,1
1764512481859,459,290,1
1764512481870,461,282,1
1764512481879,463,276,1
1764512481882,464,271,1
1764512481889,465,266,1
1764512481899,467,257,1
1764512481908,469,253,1
1764512481919,469,249,1
1764512481925,470,243,1
1764512481930,471,238,1
1764512481939,472,228,1
1764512481948,473,224,1
1764512481948,474,221,1
1764512481966,474,215,1
1764512481972,475,213,1
1764512481979,477,210,1
1764512481989,478,207,1
1764512481992,481,204,1
1764512482003,483,201,1
1764512482009,487,196,1
1764512482018,490,193,1
1764512482024,493,190,1
1764512482034,498,187,1
1764512482040,500,186,1
1764512482048,502,184,1
1764512482059,508,182,1
1764512482059,511,181,1
1764512482072,514,179,1
1764512482084,519,177,1
1764512482089,523,175,1
1764512482089,528,174,1
1764512482104,535,171,1
1764512482109,541,169,1
1764512482120,547,166,1
1764512482129,555,164,0
1764512482136,560,161,0
1764512482139,565,160,0
1764512482152,572,158,0
1764512482159,582,156,0
1764512482169,589,154,0
1764512482171,596,153,0
1764512482179,603,152,0
1764512482189,610,150,0
1764512482198,615,149,0
1764512482209,623,148,0
1764512482209,629,146,0
1764512482219,633,146,0
1764512482229,636,145,0
1764512482239,639,145,0
1764512482239,642,145,0
1764512482250,644,145,0
1764512482264,646,145,0
1764512482271,648,145,0
1764512482279,651,145,1
1764512482282,654,145,1
1764512482293,657,145,1
1764512482299,660,146,1
1764512482308,665,146,1
1764512482318,668,147,1
1764512482326,673,148,1
1764512482335,676,148,1
1764512482339,680,148,1
1764512482349,684,149,1
1764512482349,691,150,1
1764512482364,696,152,1
1764512482371,700,152,1
1764512482378,706,154,1
1764512482389,711,155,1
1764512482394,717,157,1
1764512482404,724,159,1
1764512482410,728,160,1
1764512482419,733,161,1
1764512482429,735,162,1
1764512482429,737,164,1
1764512482443,739,164,1
1764512482449,740,166,1
1764512482458,741,167,1
1764512482464,742,167,1
1764512482474,743,169,1
1764512482490,745,170,1
1764512482499,746,172,1
1764512482506,747,172,1
1764512482514,748,174,1
1764512482522,750,177,1
1764512482529,751,178,1
1764512482537,753,181,1
1764512482544,755,185,1
1764512482554,757,187,1
1764512482559,760,190,1
1764512482570,763,193,1
1764512482571,766,196,1
1764512482586,768,198,1
1764512482589,771,201,1
1764512482601,773,204,1
1764512482609,774,206,1
1764512482617,777,209,1
1764512482619,779,213,1
1764512482633,781,216,1
1764512482639,785,222,1
1764512482643,787,225,1
1764512482654,789,229,1
1764512482659,794,236,1
1764512482672,796,241,1
1764512482679,800,244,1
1764512482680,804,250,1
1764512482689,807,255,1
1764512482698,810,260,1
1764512482709,812,263,1
1764512482719,814,268,1
1764512482719,815,271,1
1764512482728,817,277,1
1764512482741,818,281,1
1764512482748,818,284,1
1764512482756,818,288,1
1764512482760,818,292,1
1764512482772,818,298,1
1764512482779,818,306,1
1764512482789,818,311,1
1764512482792,819,318,1
1764512482799,819,323,1
1764512482810,819,329,1
1764512482818,819,334,1
1764512482828,819,342,1
1764512482833,819,348,1
1764512482840,819,353,1
1764512482851,819,358,1
1764512482859,818,364,1
1764512482861,817,370,1
1764512482872,814,378,1
1764512482879,814,384,1
1764512482889,811,390,1
1764512482889,809,395,1
1764512482903,806,401,1
1764512482909,803,407,1
1764512482920,799,416,1
1764512482928,796,422,1
1764512482937,792,425,1
1764512482945,789,430,1
1764512482951,787,433,1
1764512482959,784,438,1
1764512482968,781,441,1
1764512482972,777,449,1
1764512482983,773,454,1
1764512482989,771,457,1
1764512482999,766,462,1
1764512483009,762,466,1
1764512483014,759,469,1
1764512483024,756,472,1
1764512483030,750,476,1
1764512483039,748,478,1
1764512483049,744,481,1
1764512483049,742,483,1
1764512483062,738,485,1
1764512483069,736,488,1
1764512483079,731,492,1
1764512483079,728,494,1
1764512483094,724,497,1
1764512483099,721,499,1
1764512483109,717,502,1
1764512483119,714,505,1
1764512483126,708,509,1
1764512483128,703,510,1
1764512483141,699,512,1
1764512483149,694,513,1
1764512483157,690,516,1
1764512483164,684,517,1
1764512483172,676,519,1
1764512483178,670,521,1
1764512483188,665,521,1
1764512483188,658,522,1
1764512483204,651,522,1
1764512483213,643,522,1
1764512483220,634,522,1
1764512483220,627,522,1
1764512483235,619,522,1
1764512483239,614,522,1
1764512483251,607,522,1
1764512483259,601,522,1
1764512483267,592,522,1
1764512483273,585,522,1
1764512483283,579,522,1
1764512483288,572,522,1
1764512483299,565,521,1
1764512483299,558,519,1
1764512483315,548,517,1
1764512483318,543,516,1
1764512483329,537,514,0
1764512483335,529,511,0
1764512483343,524,508,0
1764512483348,518,504,0
1764512483359,512,501,0
1764512483368,505,498,0
1764512483373,499,494,0
1764512483379,494,492,0
1764512483388,487,488,0
1764512483399,484,486,0
1764512483399,479,484,0
1764512483415,477,483,0
1764512483419,475,481,0
1764512483431,472,480,0
1764512483439,469,478,0
1764512483447,467,477,0
1764512483454,465,474,0
1764512483463,463,471,0
1764512483468,462,469,0
1764512483479,459,466,0
1764512483479,459,464,0
1764512483489,457,461,0
1764512483499,456,459,0
1764512483509,456,457,0
1764512483517,455,455,0
1764512483519,453,453,0
1764512483529,453,450,0
1764512483540,452,446,0
1764512483549,452,444,0
1764512483557,451,440,0
1764512483559,451,437,1
1764512483573,451,433,1
1764512483578,451,426,1
1764512483578,451,421,1
1764512483591,450,414,1
1764512483598,450,409,1
1764512483609,450,404,1
1764512483619,449,400,1
1764512483623,448,394,1
1764512483628,448,390,1
1764512483643,448,385,1
1764512483648,448,379,1
1764512483659,448,376,1
1764512483659,448,373,1
1764512483673,448,371,1
1764512483682,448,368,1
1764512483689,448,365,1
1764512483697,448,359,1
1764512483704,449,355,1
1764512483713,449,349,1
1764512483721,451,344,1
1764512483730,452,338,1
1764512483738,454,331,1
1764512483738,456,320,1
1764512483749,456,314,1
1764512483760,458,308,1
1764512483764,459,302,1
1764512483773,460,297,1
1764512483783,461,292,1
1764512483789,462,288,1
1764512483798,464,284,0
1764512483803,466,282,0
1764512483812,467,278,0
1764512483824,468,275,0
1764512483828,471,269,0
1764512483828,475,263,0
1764512483844,478,258,0
1764512483853,481,252,0
1764512483862,484,246,0
1764512483869,487,241,0
1764512483875,490,235,0
1764512483884,493,229,0
1764512483892,497,220,0
1764512483899,499,217,0
1764512483909,502,211,0
1764512483909,505,209,0
1764512483924,507,205,0
1764512483931,510,202,0
1764512483939,513,198,0
1764512483948,516,194,0
1764512483954,520,192,0
1764512483963,522,188,0
1764512483970,526,185,0
1764512483979,529,181,0
1764512483986,534,176,0
1764512483989,537,174,0
1764512484002,539,172,0
1764512484009,545,170,0
1764512484009,548,167,0
1764512484023,550,166,0
1764512484034,553,165,0
1764512484038,556,163,0
1764512484048,558,162,0
1764512484052,561,161,0
1764512484064,565,160,0
1764512484074,569,159,0
1764512484082,571,159,0
1764512484088,574,159,0
1764512484088,577,158,0
1764512484103,579,158,0
1764512484109,583,158,0
1764512484118,585,157,0
1764512484129,589,157,0
1764512484130,593,156,0
1764512484145,598,156,0
1764512484149,609,156,0
1764512484162,620,156,0
1764512484169,627,156,0
1764512484178,634,156,0
1764512484178,643,156,0
1764512484189,647,156,0
1764512484199,651,157,0
1764512484208,657,158,0
1764512484212,662,158,0
1764512484219,669,159,0
1764512484229,675,160,0
1764512484239,680,161,0
1764512484249,686,162,0
1764512484253,692,163,0
1764512484263,697,165,0
1764512484269,704,166,0
1764512484276,709,167,0
1764512484279,714,169,0
1764512484292,720,169,0
1764512484299,726,171,1
1764512484309,731,171,1
1764512484311,741,173,1
1764512484325,748,175,1
1764512484329,755,176,1
1764512484339,766,179,1
1764512484349,774,181,1
1764512484354,784,184,1
1764512484358,789,186,1
1764512484370,793,188,1
1764512484379,800,192,1
1764512484389,804,193,1
1764512484389,807,196,1
1764512484402,811,200,1
1764512484409,815,201,1
1764512484419,817,204,1
1764512484419,822,208,1
1764512484434,824,211,1
1764512484439,827,213,0
1764512484449,830,217,0
1764512484458,833,219,0
1764512484466,833,221,0
1764512484474,835,225,0
1764512484482,836,228,0
1764512484489,836,230,0
1764512484499,837,234,0
1764512484506,837,236,0
1764512484514,838,241,0
1764512484519,839,246,1
1764512484529,839,250,1
1764512484536,839,255,1
1764512484546,839,261,1
1764512484549,839,266,1
1764512484561,839,275,1
1764512484569,839,282,1
1764512484578,839,290,1
1764512484578,838,297,1
1764512484589,836,305,1
1764512484599,835,312,1
1764512484609,832,323,1
1764512484613,829,330,1
1764512484618,827,337,1
1764512484629,825,344,1
1764512484638,823,351,1
1764512484646,821,357,1
1764512484649,819,367,1
1764512484660,818,372,1
1764512484669,816,379,1
1764512484679,814,383,1
1764512484686,812,388,1
1764512484692,811,393,1
1764512484699,810,396,1
1764512484709,806,403,1
1764512484709,806,406,1
1764512484724,805,409,1
1764512484729,803,413,1
1764512484740,802,416,1
1764512484748,800,420,1
1764512484756,798,424,1
1764512484759,796,426,1
1764512484771,794,428,1
1764512484778,791,431,1
1764512484789,788,433,1
1764512484789,784,437,1
1764512484803,781,439,1
1764512484808,777,441,1
1764512484819,775,442,1
1764512484819,773,444,1
1764512484835,770,445,1
1764512484839,765,448,1
1764512484851,761,450,1
1764512484859,757,451,1
1764512484866,752,453,1
1764512484868,747,455,1
1764512484882,741,456,1
1764512484888,734,457,1
1764512484899,726,459,0
1764512484899,720,461,0
1764512484909,715,462,0
1764512484919,709,463,0
1764512484928,704,464,0
1764512484930,698,466,0
1764512484946,690,467,0
1764512484949,685,467,0
1764512484959,678,468,0
1764512484968,674,469,0
1764512484968,669,470,0
1764512484982,666,470,0
1764512484989,663,471,0
1764512484998,659,471,0
1764512484998,656,472,0
1764512485009,654,473,0
1764512485019,651,473,0
1764512485029,649,473,0
1764512485039,647,473,0
1764512485041,645,473,0
1764512485049,644,473,0
1764512485059,643,473,0
1764512485069,641,474,0
1764512485075,640,475,0
1764512485078,638,475,0
1764512485088,636,475,0
1764512485098,634,475,0
1764512485109,632,476,0
1764512485109,631,476,0
1764512485120,630,476,0
1764512485129,628,477,0
1764512485138,627,477,0
1764512485146,626,477,0
1764512485156,624,477,0
1764512485165,622,478,0
1764512485170,620,478,0
1764512485179,619,478,0
1764512485189,617,478,0
1764512485196,614,479,0
1764512485201,613,479,0
1764512485208,611,479,0
1764512485219,609,479,0
1764512485219,607,479,0
1764512485230,603,479,0
1764512485238,595,479,0
1764512485249,591,479,0
1764512485257,587,479,0
1764512485264,581,479,0
1764512485272,578,479,0
1764512485279,575,478,0
1764512485288,571,476,0
1764512485299,562,475,1
1764512485299,558,474,1
1764512485314,553,473,1
1764512485319,550,472,1
1764512485326,546,470,1
1764512485337,540,469,1
1764512485342,533,467,1
1764512485350,529,465,1
1764512485358,524,463,1
1764512485367,521,462,1
1764512485375,518,460,1
1764512485384,514,458,1
1764512485389,511,456,1
1764512485399,507,453,1
1764512485407,505,452,1
1764512485409,503,449,1
1764512485420,500,446,1
1764512485429,498,444,1
1764512485436,494,440,1
1764512485445,492,438,1
1764512485452,491,436,1
1764512485459,489,434,1
1764512485469,487,431,1
1764512485478,484,427,1
1764512485484,480,416,1
1764512485489,477,410,1
1764512485500,476,406,1
1764512485509,474,401,1
1764512485516,474,396,1
1764512485519,474,392,1
1764512485532,473,390,1
1764512485538,473,386,1
1764512485547,473,379,0
1764512485554,473,375,0
1764512485563,473,372,0
1764512485568,472,368,0
1764512485568,472,364,0
1764512485579,472,359,0
1764512485589,470,352,0
1764512485601,470,348,0
1764512485608,469,343,0
1764512485615,469,338,0
1764512485624,467,334,0
1764512485630,467,331,0
1764512485639,466,326,0
1764512485649,465,323,0
1764512485653,465,321,0
1764512485663,465,318,0
1764512485672,465,316,0
1764512485679,465,314,0
1764512485688,465,313,0
1764512485694,465,310,0
1764512485699,465,309,0
1764512485711,465,306,0
1764512485718,465,305,0
1764512485726,465,304,0
1764512485729,465,301,0
1764512485742,465,299,0
1764512485749,465,297,0
1764512485749,465,294,0
1764512485759,465,291,0
1764512485772,465,290,0
1764512485782,465,289,0
1764512485788,465,287,0
1764512485790,465,286,0
1764512485805,465,283,0
1764512485811,465,282,0
1764512485818,465,280,0
1764512485829,465,278,0
1764512485829,465,276,0
1764512485839,465,274,1
1764512485849,465,271,1
1764512485859,465,268,1
1764512485868,465,266,1
1764512485875,465,264,1
1764512485879,465,263,1
1764512485891,465,261,1
1764512485898,465,255,1
1764512485908,465,252,1
1764512485915,467,247,1
1764512485921,468,245,1
1764512485929,468,242,1
1764512485937,470,238,1
1764512485938,472,234,1
1764512485949,473,232,1
1764512485959,476,228,1
1764512485968,478,224,1
1764512485978,479,221,1
1764512485979,482,218,1
1764512485988,483,214,1
1764512485999,486,211,1
1764512486005,488,209,1
1764512486009,491,206,1
1764512486021,494,203,1
1764512486028,497,200,1
1764512486039,499,198,1
1764512486039,503,194,1
1764512486052,506,193,1
1764512486059,508,190,1
1764512486069,511,187,1
1764512486079,513,185,1
1764512486085,514,183,1
1764512486089,517,182,1
1764512486100,519,180,1
1764512486109,520,180,1
1764512486116,523,179,1
1764512486124,525,178,1
1764512486132,528,177,1
1764512486139,531,176,1
1764512486148,533,175,1
1764512486148,535,174,0
1764512486159,538,173,0
1764512486168,541,171,0
1764512486178,543,170,0
1764512486184,545,169,0
1764512486194,550,166,0
1764512486200,553,165,0
1764512486209,556,163,0
1764512486218,558,162,0
1764512486229,564,160,0
1764512486232,567,159,0
1764512486239,570,158,0
1764512486249,573,156,0
1764512486258,578,156,0
1764512486263,581,154,0
1764512486268,583,153,0
1764512486280,585,152,0
1764512486288,588,152,0
1764512486295,592,150,0
1764512486298,595,149,0
1764512486311,599,147,1
1764512486319,603,146,1
1764512486329,605,144,1
1764512486334,609,144,1
1764512486343,611,142,1
1764512486349,613,141,1
1764512486359,616,141,1
1764512486359,618,140,1
1764512486374,620,139,1
1764512486378,622,138,1
1764512486392,624,138,1
1764512486399,626,137,1
1764512486406,629,136,1
1764512486409,631,135,1
1764512486422,633,135,1
1764512486428,635,135,1
1764512486438,637,135,1
1764512486453,638,135,1
1764512486459,641,134,1
1764512486469,644,134,1
1764512486478,645,134,1
1764512486479,647,134,1
1764512486489,649,134,1
1764512486499,652,134,1
1764512486509,655,134,1
1764512486509,658,134,1
1764512486523,660,134,1
1764512486531,663,134,1
1764512486538,666,135,1
1764512486549,670,136,1
1764512486552,672,136,1
1764512486559,679,137,1
1764512486569,682,138,1
1764512486579,686,139,1
1764512486588,690,140,1
1764512486596,693,141,1
1764512486602,697,141,1
1764512486608,699,142,1
1764512486618,702,143,1
1764512486618,704,144,1
1764512486632,708,145,1
1764512486638,711,146,1
1764512486649,714,148,1
1764512486651,719,150,1
1764512486663,726,152,1
1764512486668,729,153,1
1764512486679,735,155,1
1764512486689,741,157,1
1764512486695,745,159,1
1764512486699,749,160,1
1764512486710,757,163,1
1764512486718,761,164,1
1764512486726,764,165,1
1764512486734,769,167,1
1764512486742,771,169,1
1764512486749,772,169,1
1764512486760,774,171,1
1764512486768,775,173,1
1764512486774,776,175,1
1764512486783,778,176,1
1764512486790,779,178,1
1764512486790,779,180,1
1764512486805,780,182,1
1764512486811,780,184,1
1764512486821,782,186,1
1764512486828,784,191,1
1764512486836,786,193,1
1764512486847,787,196,1
1764512486852,789,199,1
1764512486860,790,202,1
1764512486869,792,205,1
1764512486876,793,208,1
1764512486884,794,210,1
1764512486888,794,211,1
1764512486899,794,214,1
1764512486903,795,217,1
1764512486916,795,220,1
1764512486919,795,222,1
1764512486929,795,226,1
1764512486939,795,228,1
1764512486948,795,232,1
1764512486954,794,238,1
1764512486963,794,241,1
1764512486971,794,245,1
1764512486977,795,248,1
1764512486985,797,253,1
1764512486988,800,258,1
1764512487000,801,261,1
1764512487008,804,265,1
1764512487016,806,268,1
1764512487024,809,271,1
1764512487033,810,274,1
1764512487038,813,276,1
1764512487048,813,278,1
1764512487054,814,280,1
1764512487063,817,283,1
1764512487068,817,285,1
1764512487079,819,288,1
1764512487086,821,292,1
1764512487094,821,295,1
1764512487099,823,297,1
1764512487110,824,301,1
1764512487119,825,306,1
1764512487126,826,309,1
1764512487128,828,313,1
1764512487142,829,320,1
1764512487153,831,325,1
1764512487153,831,328,1
1764512487159,832,332,1
1764512487169,832,335,1
1764512487179,833,337,1
1764512487189,833,342,1
1764512487195,833,344,1
1764512487205,832,347,1
1764512487211,832,350,1
1764512487219,830,355,1
1764512487228,829,358,1
1764512487234,827,364,1
1764512487243,826,367,1
1764512487249,825,371,1
1764512487259,822,376,1
1764512487259,820,379,1
1764512487275,818,384,1
1764512487279,815,390,1
1764512487290,814,393,1
1764512487299,812,398,1
1764512487306,810,401,1
1764512487308,809,406,1
1764512487319,807,409,1
1764512487329,804,415,1
1764512487329,801,419,1
1764512487339,800,422,1
1764512487349,798,426,1
1764512487360,797,428,1
1764512487368,795,431,1
1764512487375,793,435,1
1764512487379,790,441,1
1764512487391,787,445,1
1764512487399,787,448,1
1764512487407,785,452,1
1764512487416,784,455,1
1764512487423,782,458,1
1764512487431,781,463,1
1764512487439,780,465,1
1764512487439,778,467,1
1764512487455,778,469,1
1764512487459,776,471,1
1764512487471,776,472,1
1764512487479,774,474,1
1764512487487,771,475,1
1764512487489,769,477,1
1764512487501,766,479,1
1764512487509,763,481,1
1764512487509,759,484,1
1764512487524,751,487,1
1764512487535,747,488,1
1764512487539,744,490,1
1764512487549,738,491,1
1764512487551,735,492,1
1764512487559,731,492,1
1764512487569,726,493,1
1764512487580,722,493,1
1764512487582,717,494,1
1764512487595,710,494,1
1764512487601,704,494,1
1764512487608,693,494,1
1764512487619,688,494,1
1764512487619,680,495,1
1764512487630,674,495,1
1764512487639,669,495,1
1764512487651,663,496,1
1764512487659,657,497,1
1764512487662,654,498,1
1764512487669,651,498,1
1764512487682,649,500,1
1764512487688,646,500,1
1764512487693,643,501,1
1764512487706,640,502,1
1764512487713,637,503,1
1764512487721,634,503,1
1764512487728,632,503,1
1764512487738,629,504,1
1764512487744,627,504,1
1764512487758,625,504,1
1764512487758,622,504,1
1764512487772,621,504,1
1764512487779,620,504,1
1764512487789,618,504,1
1764512487799,617,504,1
1764512487804,616,505,1
1764512487809,615,505,1
1764512487824,613,505,1
1764512487829,612,505,1
1764512487839,611,505,1
1764512487839,610,505,1
1764512487852,608,505,1
1764512487859,606,505,1
1764512487869,600,504,1
1764512487878,597,503,1
1764512487886,593,502,1
1764512487893,587,501,1
1764512487901,583,501,1
1764512487909,580,501,1
1764512487919,576,499,1
1764512487919,572,497,1
1764512487932,569,496,1
1764512487938,565,495,1
1764512487949,561,493,1
1764512487950,557,491,1
1764512487958,554,490,1
1764512487969,548,486,1
1764512487979,545,484,1
1764512487985,539,480,1
1764512487996,537,478,1
1764512488003,532,476,1
1764512488009,530,474,1
1764512488019,526,473,1
1764512488019,521,471,1
1764512488032,518,469,1
1764512488039,515,467,1
1764512488049,512,466,1
1764512488056,509,463,1
1764512488065,507,462,1
1764512488069,504,459,1
1764512488080,502,456,1
1764512488090,500,453,1
1764512488097,498,449,1
1764512488104,497,446,1
1764512488113,494,443,1
1764512488119,492,438,1
1764512488127,490,436,1
1764512488129,489,434,1
1764512488142,487,433,1
1764512488151,486,432,1
1764512488160,485,431,1
1764512488169,485,430,1
1764512488182,484,429,1
1764512488189,484,428,1
1764512488197,483,427,1
1764512488198,483,421,1
1764512488212,483,418,1
1764512488219,482,414,1
1764512488229,481,411,1
1764512488237,480,408,1
1764512488246,480,407,1
1764512488249,480,405,1
1764512488258,480,402,1
1764512488269,479,399,1
1764512488271,479,396,1
1764512488280,478,392,0
1764512488289,478,389,0
1764512488299,476,384,0
1764512488302,476,377,0
1764512488315,474,372,0
1764512488323,473,367,0
1764512488328,470,360,0
1764512488338,469,358,0
1764512488338,467,354,0
1764512488355,465,351,0
1764512488361,463,348,1
1764512488369,461,346,1
1764512488379,461,345,1
1764512488382,461,344,1
1764512488388,461,343,1
1764512488409,460,342,1
1764512488419,460,340,1
1764512488421,459,339,1
1764512488430,459,338,1
1764512488439,457,335,1
1764512488449,457,333,1
1764512488454,457,332,1
1764512488462,456,331,1
1764512488469,454,326,1
1764512488479,453,321,1
1764512488488,453,318,1
1764512488494,453,316,1
1764512488499,453,313,1
1764512488508,453,310,1
1764512488519,453,308,1
1764512488529,453,307,1
1764512488529,453,304,1
1764512488540,453,302,1
1764512488549,453,299,1
1764512488558,453,296,1
1764512488565,453,292,1
1764512488572,453,288,1
1764512488580,453,281,1
1764512488589,453,277,1
1764512488589,453,271,1
1764512488604,454,267,1
1764512488609,455,264,1
1764512488620,457,256,1
1764512488628,459,252,1
1764512488636,462,248,1
1764512488639,465,242,1
1764512488651,467,238,1
1764512488658,470,235,1
1764512488667,475,230,1
1764512488675,477,226,1
1764512488684,480,223,1
1764512488689,484,218,1
1764512488699,486,215,1
1764512488699,489,211,1
1764512488708,493,206,1
1764512488719,495,203,1
1764512488728,498,201,1
1764512488731,502,196,1
1764512488738,504,192,1
1764512488749,506,190,1
1764512488762,509,186,1
1764512488768,511,183,1
1764512488779,513,180,1
1764512488780,517,175,1
1764512488788,520,173,1
1764512488800,522,171,1
1764512488800,525,168,1
1764512488815,527,166,1
1764512488823,529,165,1
1764512488831,531,163,1
1764512488839,533,161,1
1764512488849,534,160,1
1764512488849,536,158,1
1764512488863,538,158,1
1764512488869,539,156,1
1764512488880,541,155,1
1764512488880,542,154,1
1764512488894,543,153,1
1764512488903,546,151,1
1764512488909,548,150,1
1764512488918,550,149,1
1764512488926,553,146,1
1764512488929,558,145,1
1764512488939,562,143,1
1764512488948,568,140,1
1764512488959,573,138,1
1764512488967,580,135,1
1764512488971,582,134,1
1764512488980,587,133,1
1764512488989,593,132,1
1764512488991,598,132,1
1764512488999,604,131,1
1764512489008,612,130,1
1764512489019,615,129,1
1764512489029,619,129,1
1764512489034,624,129,1
1764512489045,628,129,1
1764512489049,631,129,1
1764512489053,636,128,1
1764512489059,640,128,1
1764512489069,642,127,1
1764512489081,646,127,1
1764512489089,649,127,1
1764512489089,654,127,1
1764512489100,660,127,1
1764512489109,663,127,1
1764512489119,667,127,1
1764512489129,669,127,1
1764512489141,672,127,1
1764512489143,676,127,1
1764512489153,679,127,1
1764512489159,682,128,1
1764512489169,684,129,1
1764512489178,685,129,1
1764512489183,687,129,1
1764512489195,688,129,1
1764512489201,690,131,1
1764512489209,692,132,1
1764512489219,695,132,1
1764512489225,697,134,1
1764512489231,699,135,1
1764512489239,703,137,1
1764512489249,707,140,1
1764512489256,710,141,1
1764512489264,714,144,1
1764512489269,718,147,1
1764512489279,722,149,1
1764512489281,726,152,1
1764512489292,729,154,1
1764512489299,732,155,1
1764512489311,734,157,1
1764512489311,737,158,1
1764512489324,739,160,1
1764512489328,741,161,1
1764512489342,743,162,1
1764512489349,744,163,1
1764512489356,745,164,1
1764512489359,747,165,1
1764512489373,750,168,1
1764512489382,751,169,1
1764512489388,754,172,1
1764512489397,757,174,1
1764512489403,760,178,1
1764512489409,764,181,1
1764512489418,766,183,1
1764512489429,770,187,1
1764512489436,772,189,1
1764512489438,776,194,1
1764512489450,780,198,1
1764512489459,783,201,1
1764512489466,785,204,1
1764512489474,788,207,1
1764512489482,791,211,1
1764512489489,794,214,1
1764512489499,799,219,1
1764512489499,801,222,1
1764512489513,804,225,1
1764512489521,808,230,1
1764512489531,811,233,1
1764512489538,813,238,1
1764512489544,816,240,1
1764512489548,818,244,1
1764512489561,821,246,1
1764512489571,822,249,1
1764512489579,824,252,1
1764512489582,825,256,1
1764512489592,826,258,1
1764512489598,827,261,1
1764512489609,827,264,1
1764512489609,828,269,1
1764512489623,829,274,1
1764512489629,829,277,1
1764512489639,829,281,1
1764512489649,829,285,1
1764512489655,829,290,1
1764512489659,829,294,1
1764512489670,828,300,1
1764512489679,828,304,1
1764512489687,828,309,1
1764512489696,827,315,1
1764512489702,826,319,1
1764512489709,824,326,1
1764512489718,824,330,1
1764512489727,823,336,1
1764512489735,822,342,1
1764512489738,820,346,1
1764512489751,819,352,1
1764512489759,818,357,1
1764512489766,817,362,1
1764512489771,817,369,1
1764512489782,816,374,1
1764512489789,815,379,1
1764512489799,813,384,1
1764512489799,812,390,1
1764512489814,811,396,1
1764512489823,809,404,1
1764512489832,808,409,1
1764512489839,807,414,1
1764512489846,806,418,1
1764512489852,804,423,1
1764512489862,804,426,1
1764512489869,802,430,1
1764512489878,801,433,1
1764512489882,799,438,1
1764512489895,799,440,1
1764512489901,798,444,1
1764512489909,798,447,1
1764512489909,796,451,1
1764512489924,795,453,1
1764512489929,794,455,1
1764512489940,793,457,1
1764512489940,792,459,1
1764512489955,791,463,1
1764512489959,790,465,1
1764512489971,788,467,1
1764512489979,781,475,1
1764512489987,776,479,1
1764512489989,773,482,1
1764512490002,770,484,1
1764512490009,765,486,1
1764512490019,762,488,1
1764512490019,759,489,1
1764512490029,751,492,1
1764512490038,747,494,1
1764512490050,744,495,1
1764512490050,735,497,1
1764512490058,731,499,1
1764512490073,725,501,1
1764512490079,717,503,1
1764512490089,714,504,1
1764512490091,708,505,1
1764512490099,702,506,1
1764512490114,697,508,1
1764512490119,688,510,1
1764512490121,683,511,1
1764512490134,678,512,1
1764512490143,673,513,1
1764512490149,666,513,1
1764512490158,660,514,1
1764512490161,652,514,1
1764512490174,647,514,1
1764512490182,642,514,1
1764512490191,636,514,1
1764512490199,631,514,1
1764512490199,625,514,1
1764512490213,620,514,1
1764512490221,617,514,1
1764512490229,614,514,1
1764512490238,612,514,1
1764512490240,610,514,1
1764512490249,607,514,1
1764512490259,604,514,1
1764512490268,602,514,1
1764512490272,600,514,1
1764512490282,597,513,1
1764512490291,594,513,1
1764512490299,590,512,1
1764512490308,583,510,1
1764512490313,579,510,1
1764512490322,574,508,1
1764512490329,569,508,1
1764512490339,563,507,1
1764512490345,560,506,1
1764512490356,553,506,1
1764512490360,550,504,1
1764512490370,547,503,1
1764512490370,544,502,1
1764512490386,542,502,1
1764512490393,539,500,1
1764512490402,534,497,1
1764512490409,532,496,1
1764512490418,528,494,1
1764512490421,524,492,1
1764512490434,519,490,1
1764512490438,515,488,1
1764512490450,511,486,1
1764512490450,509,484,1
1764512490458,506,483,1
1764512490468,504,481,1
1764512490478,500,479,1
1764512490488,498,477,1
1764512490495,496,476,1
1764512490499,494,474,1
1764512490509,491,473,1
1764512490518,490,473,1
1764512490518,488,471,1
1764512490528,486,471,1
1764512490539,483,470,1
1764512490548,482,469,1
1764512490559,480,469,1
1764512490560,478,468,1
1764512490569,478,467,1
1764512490579,477,467,1
1764512490589,475,465,1
1764512490593,474,465,1
1764512490604,470,459,1
1764512490609,468,457,1
1764512490618,464,454,1
1764512490629,463,452,1
1764512490629,462,451,1
1764512490640,460,448,1
1764512490650,458,446,1
1764512490659,456,444,1
1764512490667,456,442,1
1764512490671,455,439,1
1764512490682,454,438,1
1764512490688,452,435,1
1764512490699,452,433,1
1764512490703,451,430,1
1764512490714,451,428,1
1764512490719,449,425,1
1764512490729,449,422,1
1764512490735,448,419,1
1764512490739,447,417,1
1764512490751,446,414,1
1764512490759,445,410,1
1764512490769,445,408,1
1764512490777,444,405,1
1764512490785,443,403,1
1764512490793,443,401,1
1764512490798,443,399,1
1764512490798,443,397,1
1764512490814,442,395,1
1764512490819,442,393,1
1764512490832,441,391,1
1764512490838,440,389,1
1764512490846,440,387,1
1764512490848,440,385,1
1764512490863,440,382,1
1764512490871,440,379,1
1764512490879,440,375,1
1764512490886,440,371,1
1764512490893,440,367,1
1764512490898,440,364,1
1764512490910,440,359,1
1764512490910,440,355,1
1764512490925,440,351,1
1764512490929,440,347,1
1764512490940,440,341,1
1764512490948,440,338,1
1764512490956,440,334,1
1764512490964,440,331,1
1764512490972,440,327,1
1764512490978,439,324,1
1764512490989,437,321,1
1764512490989,437,319,1
1764512491003,436,316,1
1764512491009,435,314,1
1764512491020,434,311,1
1764512491029,434,309,1
1764512491035,432,306,1
1764512491039,432,303,1
1764512491051,430,299,1
1764512491059,429,298,1
1764512491059,429,295,1
1764512491068,428,292,1
1764512491079,428,290,1
1764512491089,427,286,1
1764512491095,427,283,1
1764512491104,427,276,1
1764512491114,428,271,1
1764512491119,429,266,1
1764512491128,430,263,1
1764512491137,431,259,1
1764512491145,433,256,1
1764512491148,435,252,1
1764512491158,436,249,1
1764512491162,439,244,1
1764512491169,441,242,1
1764512491183,443,239,1
1764512491191,445,237,1
1764512491198,447,232,1
1764512491208,448,230,1
1764512491213,450,228,1
1764512491219,452,225,1
1764512491229,454,223,1
1764512491229,457,220,1
1764512491245,459,217,1
1764512491251,460,216,1
1764512491261,463,214,1
1764512491269,465,211,1
1764512491277,467,209,1
1764512491285,470,207,1
1764512491293,473,203,1
1764512491298,476,201,1
1764512491308,478,198,1
1764512491308,480,196,1
1764512491319,484,191,1
1764512491329,486,189,1
1764512491340,487,187,1
1764512491340,490,183,1
1764512491356,493,180,1
1764512491363,496,177,1
1764512491371,498,175,1
1764512491379,499,173,1
1764512491383,504,170,1
1764512491389,506,169,1
1764512491398,508,167,1
1764512491408,510,165,1
1764512491419,513,164,1
1764512491424,517,161,1
1764512491428,519,159,1
1764512491438,521,158,1
1764512491449,524,156,1
1764512491452,526,154,1
1764512491459,529,153,1
1764512491469,533,151,1
1764512491479,535,150,1
1764512491488,537,149,1
1764512491494,539,148,1
1764512491504,541,146,1
1764512491508,543,146,1
1764512491519,544,146,1
1764512491519,546,145,1
1764512491530,548,144,1
1764512491543,552,143,1
1764512491550,553,142,1
1764512491559,555,142,1
1764512491564,557,142,1
1764512491569,559,141,1
1764512491583,561,141,1
1764512491589,562,140,1
1764512491595,563,140,1
1764512491604,565,140,1
1764512491610,567,140,1
1764512491618,568,140,1
1764512491630,569,139,1
1764512491637,572,139,1
1764512491642,574,139,1
1764512491648,578,139,1
1764512491658,581,139,1
1764512491668,584,139,1
1764512491674,586,139,1
1764512491683,589,139,1
1764512491692,593,139,1
1764512491699,596,139,1
1764512491706,600,139,1
1764512491709,601,139,1
1764512491722,602,139,1
1764512491729,604,139,1
1764512491739,605,139,1
1764512491745,606,139,1
1764512491756,608,139,1
1764512491763,609,139,1
1764512491769,611,139,1
1764512491778,612,139,1
1764512491785,614,139,1
1764512491793,616,139,1
1764512491803,619,139,1
1764512491809,621,139,1
1764512491819,624,139,1
1764512491819,626,139,1
1764512491832,628,139,1
1764512491839,631,139,1
1764512491849,634,140,1
1764512491849,637,140,1
1764512491859,640,140,1
1764512491869,643,140,1
1764512491879,646,140,1
1764512491889,649,140,1
1764512491895,653,140,1
1764512491903,654,140,1
1764512491910,657,140,1
1764512491918,660,140,1
1764512491922,662,140,1
1764512491935,665,140,1
1764512491938,668,140,1
1764512491949,671,140,1
1764512491949,673,140,1
1764512491966,677,140,1
1764512491975,680,140,1
1764512491980,683,141,1
1764512491989,686,141,1
1764512491998,689,141,1
1764512491998,693,142,1
1764512492012,695,142,1
1764512492021,697,142,1
1764512492029,699,142,1
1764512492035,700,142,1
1764512492043,702,143,1
1764512492048,703,143,1
1764512492059,705,144,1
1764512492069,706,144,1
1764512492075,708,145,1
1764512492083,709,145,1
1764512492091,711,146,1
1764512492099,713,146,1
1764512492106,715,148,1
1764512492115,717,149,1
1764512492121,719,150,1
1764512492129,722,151,1
1764512492139,723,152,1
1764512492139,724,153,1
1764512492149,726,154,1
1764512492159,728,155,1
1764512492169,729,156,1
1764512492176,732,157,1
1764512492186,733,158,1
1764512492189,735,160,1
1764512492201,737,160,1
1764512492208,739,163,1
1764512492208,742,165,1
1764512492219,745,167,1
1764512492229,750,173,1
1764512492239,754,176,1
1764512492249,757,178,1
1764512492258,761,182,1
1764512492259,763,184,1
1764512492271,765,186,1
1764512492278,767,187,1
1764512492289,769,188,1
1764512492297,770,189,1
1764512492302,772,191,1
1764512492310,772,192,1
1764512492319,773,193,1
1764512492319,774,194,1
1764512492334,774,195,1
1764512492341,775,197,1
1764512492350,776,197,1
1764512492359,776,199,1
1764512492366,777,201,1
1764512492375,777,202,1
1764512492383,777,203,1
1764512492389,777,205,1
1764512492397,778,207,1
1764512492405,779,209,1
1764512492413,780,211,1
1764512492421,780,213,1
1764512492429,780,216,1
1764512492433,781,218,1
1764512492445,782,220,1
1764512492449,784,224,1
1764512492461,784,228,1
1764512492469,785,231,1
1764512492475,787,234,1
1764512492484,787,236,1
1764512492488,788,238,1
1764512492498,790,241,1
1764512492509,791,244,1
1764512492509,791,245,1
1764512492519,791,246,1
1764512492529,791,248,1
1764512492539,793,251,1
1764512492548,793,253,1
1764512492556,794,255,1
1764512492559,794,257,1
1764512492568,795,259,1
1764512492576,797,263,1
1764512492584,797,266,1
1764512492591,797,268,0
1764512492599,798,271,0
1764512492608,799,273,1
1764512492608,799,274,1
1764512492624,800,277,1
1764512492629,800,279,1
1764512492638,800,280,0
1764512492646,800,281,0
1764512492653,800,283,0
1764512492659,800,285,0
1764512492669,801,287,0
1764512492678,801,289,0
1764512492688,802,291,0
1764512492695,802,293,0
1764512492699,803,296,1
1764512492709,803,297,1
1764512492718,803,299,0
1764512492718,803,301,0
1764512492730,805,304,1
1764512492739,805,306,1
1764512492749,806,308,1
1764512492758,806,309,1
1764512492763,808,312,1
1764512492769,808,315,1
1764512492778,810,319,1
1764512492789,810,322,1
1764512492799,812,325,1
1764512492799,813,328,1
1764512492810,813,331,1
1764512492819,814,334,1
1764512492826,814,337,1
1764512492828,814,340,1
1764512492842,814,344,1
1764512492849,814,353,1
1764512492859,814,358,1
1764512492859,814,362,1
1764512492869,812,368,1
1764512492884,810,376,1
1764512492888,810,381,1
1764512492898,807,389,1
1764512492898,805,396,1
1764512492910,802,404,1
1764512492918,798,412,1
1764512492928,792,420,1
1764512492928,787,428,1
1764512492942,780,439,1
1764512492949,775,445,1
1764512492959,771,453,1
1764512492969,767,458,1
1764512492974,764,463,1
1764512492984,762,465,1
1764512492990,759,468,1
1764512492998,755,470,1
1764512493008,753,472,1
1764512493008,751,474,1
1764512493022,747,476,1
1764512493028,744,478,1
1764512493039,739,481,1
1764512493046,736,483,1
1764512493053,734,484,1
1764512493058,729,486,1
1764512493070,726,488,1
1764512493070,722,490,1
1764512493085,719,491,1
1764512493093,715,494,1
1764512493101,712,495,1
1764512493109,708,495,1
1764512493119,705,496,1
1764512493119,701,498,1
1764512493133,698,498,1
1764512493143,694,500,1
1764512493149,691,500,1
1764512493158,685,501,1
1764512493165,681,502,1
1764512493168,678,503,1
1764512493179,674,504,1
1764512493184,671,504,1
1764512493196,667,505,1
1764512493203,664,505,1
1764512493212,660,506,1
1764512493219,657,506,1
1764512493227,653,507,1
1764512493234,650,507,1
1764512493239,646,508,1
1764512493249,644,509,1
1764512493259,640,509,1
1764512493259,638,509,1
1764512493269,634,510,1
1764512493279,630,511,1
1764512493289,626,512,1
1764512493294,622,512,1
1764512493306,616,513,1
1764512493309,611,513,1
1764512493319,605,514,1
1764512493329,600,514,1
1764512493334,595,514,1
1764512493339,586,514,1
1764512493348,583,514,1
1764512493359,580,514,1
1764512493369,577,514,1
1764512493369,572,513,1
1764512493384,568,512,1
1764512493389,564,510,1
1764512493398,559,509,1
1764512493398,556,508,1
1764512493411,553,507,1
1764512493419,550,505,1
1764512493429,546,504,1
1764512493437,543,502,1
1764512493442,541,500,1
1764512493449,538,499,1
1764512493458,535,496,1
1764512493469,531,494,1
1764512493474,527,491,1
1764512493484,524,488,1
1764512493490,520,486,1
1764512493499,518,483,1
1764512493508,514,481,1
1764512493512,510,476,1
1764512493522,507,472,1
1764512493529,503,469,1
1764512493539,501,466,1
1764512493539,498,463,1
1764512493556,496,460,1
1764512493559,493,457,1
1764512493571,491,454,1
1764512493579,488,450,1
1764512493587,487,447,1
1764512493589,484,443,1
1764512493599,482,439,1
1764512493609,480,436,1
1764512493609,478,432,1
1764512493623,476,429,1
1764512493629,474,424,1
1764512493640,472,421,1
1764512493649,470,418,1
1764512493656,469,414,1
1764512493658,467,411,1
1764512493671,465,409,1
1764512493678,464,406,1
1764512493687,462,403,1
1764512493689,461,401,1
1764512493704,460,399,1
1764512493709,458,396,1
1764512493719,457,394,1
1764512493719,456,393,1
1764512493735,456,391,1
1764512493739,454,388,1
1764512493751,453,387,1
1764512493759,452,384,1
1764512493767,450,382,1
1764512493773,449,378,1
1764512493778,447,375,1
1764512493789,445,372,1
1764512493798,445,370,1
1764512493798,444,367,1
1764512493809,444,364,1
1764512493819,443,362,1
1764512493828,443,360,1
1764512493835,443,357,1
1764512493838,443,354,1
1764512493851,443,350,1
1764512493859,443,346,1
1764512493867,443,341,1
1764512493875,443,338,1
1764512493883,443,334,1
1764512493889,443,330,1
1764512493898,443,325,1
1764512493906,443,322,1
1764512493915,443,318,1
1764512493923,443,315,1
1764512493931,444,310,1
1764512493939,445,307,1
1764512493949,447,303,1
1764512493953,447,300,1
1764512493961,447,297,1
1764512493969,448,293,1
1764512493969,450,289,1
1764512493984,451,287,1
1764512493989,452,283,1
1764512493999,454,279,1
1764512494009,455,277,1
1764512494010,457,273,1
1764512494018,459,269,1
1764512494034,461,265,1
1764512494041,462,262,1
1764512494044,464,257,1
1764512494054,465,254,1
1764512494059,467,252,1
1764512494068,468,250,1
1764512494079,471,246,1
1764512494085,472,244,1
1764512494090,474,241,1
1764512494105,475,239,1
1764512494109,478,235,1
1764512494119,480,232,1
1764512494125,483,228,1
1764512494129,486,225,1
1764512494139,488,221,1
1764512494149,492,218,0
1764512494154,494,214,0
1764512494159,497,211,0
1764512494170,501,207,0
1764512494179,504,204,0
1764512494189,508,200,0
1764512494189,510,198,0
1764512494201,514,194,0
1764512494209,516,192,0
1764512494219,518,189,0
1764512494219,521,187,0
1764512494232,523,184,0
1764512494239,526,181,0
1764512494249,527,180,0
1764512494258,529,178,1
1764512494267,532,175,1
1764512494270,535,173,1
1764512494279,537,170,1
1764512494290,542,168,1
1764512494295,546,165,1
1764512494299,549,162,1
1764512494314,553,160,1
1764512494321,558,157,1
1764512494328,562,155,1
1764512494336,573,151,1
1764512494342,577,149,1
1764512494349,583,146,1
1764512494359,586,146,1
1764512494369,590,145,1
1764512494374,593,144,1
1764512494379,596,144,1
1764512494390,599,144,1
1764512494399,602,144,1
1764512494406,604,144,1
1764512494413,606,144,1
1764512494421,608,144,1
1764512494428,611,144,1
1764512494438,614,144,1
1764512494448,616,144,1
1764512494454,618,144,1
1764512494463,620,144,1
1764512494470,621,144,1
1764512494478,623,144,1
1764512494486,627,146,0
1764512494494,630,146,0
1764512494502,632,146,0
1764512494509,643,148,0
1764512494518,650,149,0
1764512494522,656,151,0
1764512494533,661,152,0
1764512494541,668,154,0
1764512494549,673,155,0
1764512494549,680,157,0
1764512494559,685,158,0
1764512494570,691,160,0
1764512494580,697,160,0
1764512494580,703,162,0
1764512494590,707,164,0
1764512494598,712,166,0
1764512494608,716,167,0
1764512494618,719,169,0
1764512494618,723,170,1
1764512494628,725,172,0
1764512494639,727,172,1
1764512494648,728,174,0
1764512494659,730,175,0
1764512494669,732,176,1
1764512494676,735,178,1
1764512494679,738,180,1
1764512494690,742,183,1
1764512494698,745,184,1
1764512494708,750,187,1
1764512494709,753,190,1
1764512494724,758,192,1
1764512494730,761,195,1
1764512494737,765,198,1
1764512494746,767,199,1
1764512494751,770,201,1
1764512494759,773,203,1
1764512494769,775,205,1
1764512494771,777,206,1
1764512494784,779,207,1
1764512494790,780,209,1
1764512494799,781,210,1
1764512494808,782,211,1
1764512494819,784,213,1
1764512494819,786,215,1
1764512494828,788,217,1
1764512494838,790,219,1
1764512494847,792,222,1
1764512494850,793,224,1
1764512494858,795,226,1
1764512494869,796,228,1
1764512494878,798,230,1
1764512494888,799,232,1
1764512494896,800,233,1
1764512494899,801,235,1
1764512494909,801,238,1
1764512494913,803,244,1
1764512494919,804,250,1
1764512494929,804,255,1
1764512494939,806,261,1
1764512494949,807,265,1
1764512494956,808,268,1
1764512494962,810,275,1
1764512494969,811,281,1
1764512494979,813,288,1
1764512494990,814,293,1
1764512494996,816,303,1
1764512495001,817,309,1
1764512495009,817,314,1
1764512495019,817,319,1
1764512495028,817,325,1
1764512495035,817,330,1
1764512495044,817,336,1
1764512495051,816,341,1
1764512495059,816,347,1
1764512495067,815,352,1
1764512495075,815,358,1
1764512495078,815,362,1
1764512495089,814,365,1
1764512495090,814,367,1
1764512495103,814,370,1
1764512495109,814,372,1
1764512495121,814,374,1
1764512495129,813,377,1
1764512495136,813,379,1
1764512495144,812,382,1
1764512495150,811,385,1
1764512495159,810,388,1
1764512495167,810,390,1
1764512495175,809,393,1
1764512495182,808,396,1
1764512495190,808,398,1
1764512495199,807,400,1
1764512495199,807,401,1
1764512495214,806,403,1
1764512495219,806,405,1
1764512495230,804,407,1
1764512495238,804,409,1
1764512495246,803,411,1
1764512495249,802,414,1
1764512495262,801,416,1
1764512495269,800,418,1
1764512495277,797,421,1
1764512495278,796,424,1
1764512495294,794,427,1
1764512495298,793,429,1
1764512495310,790,432,1
1764512495310,788,435,1
1764512495326,784,438,1
1764512495329,781,442,1
1764512495341,777,447,1
1764512495341,773,450,1
1764512495357,766,455,1
1764512495358,761,458,1
1764512495373,758,462,1
1764512495379,752,465,1
1764512495387,748,467,1
1764512495393,744,470,1
1764512495405,739,472,1
1764512495409,732,476,1
1764512495421,727,479,1
1764512495429,724,482,1
1764512495436,719,483,1
1764512495439,715,485,1
1764512495449,710,488,1
1764512495458,707,491,1
1764512495458,702,492,1
1764512495468,699,493,1
1764512495484,694,496,1
1764512495491,691,497,1
1764512495500,687,498,1
1764512495506,685,499,1
1764512495516,682,500,1
1764512495521,679,501,1
1764512495529,676,501,1
1764512495538,674,502,1
1764512495546,670,503,1
1764512495549,668,503,1
1764512495559,664,505,1
1764512495568,658,505,1
1764512495576,654,506,1
1764512495586,650,506,1
1764512495591,644,507,1
1764512495598,637,508,1
1764512495598,632,508,1
1764512495613,625,508,1
1764512495619,619,509,1
1764512495632,614,509,1
1764512495639,610,509,1
1764512495647,606,509,1
1764512495650,603,509,1
1764512495661,600,509,1
1764512495668,598,509,1
1764512495678,596,509,1
1764512495689,594,509,1
1764512495695,591,509,1
1764512495698,588,509,1
1764512495708,585,509,1
1764512495718,579,509,1
1764512495726,571,507,1
1764512495729,568,507,1
1764512495740,562,506,1
1764512495749,558,505,1
1764512495759,554,504,1
1764512495759,549,503,1
1764512495773,541,501,1
1764512495781,535,499,1
1764512495789,529,497,1
1764512495796,524,494,1
1764512495805,518,491,1
1764512495811,512,488,1
1764512495820,505,485,1
1764512495828,496,480,1
1764512495836,490,476,1
1764512495844,485,472,1
1764512495852,482,469,1
1764512495858,476,464,1
1764512495865,472,461,1
1764512495873,470,460,1
1764512495881,467,457,1
1764512495889,463,454,1
1764512495898,460,451,1
1764512495907,457,449,0
1764512495916,455,447,0
1764512495923,453,444,0
1764512495929,451,442,0
1764512495938,450,440,0
1764512495945,449,438,0
1764512495951,448,436,0
1764512495959,447,435,0
1764512495969,447,433,1
1764512495976,445,428,1
1764512495984,444,426,1
1764512495992,444,424,1
1764512496001,443,421,1
1764512496008,442,419,1
1764512496009,442,416,1
1764512496023,440,411,1
1764512496028,440,409,1
1764512496038,440,405,1
1764512496044,439,402,1
1764512496053,438,398,1
1764512496063,438,395,1
1764512496070,438,392,1
1764512496079,438,389,1
1764512496086,438,386,1
1764512496095,438,382,1
1764512496102,438,378,1
1764512496109,438,373,1
1764512496118,438,369,1
1764512496125,438,365,1
1764512496131,438,361,1
1764512496139,438,358,1
1764512496150,437,354,1
1764512496150,436,350,1
1764512496159,435,344,1
1764512496173,435,341,1
1764512496179,434,336,1
1764512496188,434,332,1
1764512496194,434,329,1
1764512496199,434,323,1
1764512496209,433,319,1
1764512496219,433,316,1
1764512496223,433,313,1
1764512496230,432,307,1
1764512496239,432,305,1
1764512496248,432,302,1
1764512496258,432,297,1
1764512496265,432,294,1
1764512496273,433,290,1
1764512496279,433,287,1
1764512496289,434,284,1
1764512496294,436,282,1
1764512496303,436,279,1
1764512496309,437,277,1
1764512496318,439,275,1
1764512496328,439,272,1
1764512496332,440,269,1
1764512496342,441,267,1
1764512496348,443,263,1
1764512496359,444,261,1
1764512496359,446,256,1
1764512496374,448,253,1
1764512496383,450,248,1
1764512496389,454,242,1
1764512496392,457,236,1
1764512496405,460,232,1
1764512496409,464,226,1
1764512496422,467,220,1
1764512496429,473,212,1
1764512496439,477,209,1
1764512496446,480,205,1
1764512496452,483,202,1
1764512496461,489,197,1
1764512496469,493,193,1
1764512496477,497,189,1
1764512496484,500,186,1
1764512496491,504,183,1
1764512496500,509,178,1
1764512496500,511,175,1
1764512496516,515,172,1
1764512496523,516,170,1
1764512496531,519,168,1
1764512496538,521,165,1
1764512496547,523,163,1
1764512496554,525,161,1
1764512496563,528,158,1
1764512496569,530,157,1
1764512496578,532,155,1
1764512496584,537,154,1
1764512496593,539,152,1
1764512496599,540,152,1
1764512496608,543,151,1
1764512496610,545,150,1
1764512496626,548,149,1
1764512496633,550,149,1
1764512496640,551,149,1
1764512496649,553,149,1
1764512496655,555,149,1
1764512496664,557,149,1
1764512496670,560,149,1
1764512496679,563,149,1
1764512496688,566,149,1
1764512496693,570,149,1
1764512496699,574,149,1
1764512496708,579,149,1
1764512496719,585,149,1
1764512496727,591,149,0
1764512496735,598,150,0
1764512496738,606,151,0
1764512496748,613,151,0
1764512496755,624,151,0
1764512496758,631,152,0
1764512496769,636,152,0
1764512496778,641,152,0
1764512496789,647,152,0
1764512496797,651,152,0
1764512496805,655,152,0
1764512496813,660,153,0
1764512496821,663,154,0
1764512496827,667,155,0
1764512496834,669,156,0
1764512496842,671,156,0
1764512496851,674,156,0
1764512496859,677,157,0
1764512496864,679,157,0
1764512496869,681,158,0
1764512496882,683,159,0
1764512496889,685,159,0
1764512496899,688,159,0
1764512496899,691,160,0
1764512496912,692,161,0
1764512496920,694,162,0
1764512496930,697,162,0
1764512496938,700,162,0
1764512496944,710,163,0
1764512496949,715,164,1
1764512496960,720,165,1
1764512496969,724,166,1
1764512496979,728,167,1
1764512496984,731,167,1
1764512496993,735,168,1
1764512496999,741,170,1
1764512497009,749,171,1
1764512497015,755,172,1
1764512497023,761,174,1
1764512497029,765,174,1
1764512497039,770,176,1
1764512497039,772,177,1
1764512497055,775,179,1
1764512497065,776,179,1
1764512497072,779,181,1
1764512497078,780,182,1
1764512497089,781,184,1
1764512497093,783,185,1
1764512497099,784,186,1
1764512497109,786,188,1
1764512497118,787,190,1
1764512497124,789,192,1
1764512497134,793,197,1
1764512497143,797,200,1
1764512497149,803,205,1
1764512497149,807,210,1
1764512497165,810,213,1
1764512497169,813,218,1
1764512497181,816,221,1
1764512497189,817,224,1
1764512497193,819,228,1
1764512497204,820,231,1
1764512497211,821,234,1
1764512497219,821,237,1
1764512497225,821,240,1
1764512497233,821,243,1
1764512497239,821,244,1
1764512497249,821,248,1
1764512497259,821,250,1
1764512497263,821,254,1
1764512497269,821,257,1
1764512497281,821,260,1
1764512497288,820,263,1
1764512497295,818,267,1
1764512497299,817,270,1
1764512497313,815,275,1
1764512497319,814,279,1
1764512497329,812,286,1
1764512497334,810,290,1
1764512497345,809,294,1
1764512497351,807,297,1
1764512497358,807,300,1
1764512497368,805,305,1
1764512497374,803,307,0
1764512497383,802,312,0
1764512497390,801,318,0
1764512497399,800,324,0
1764512497406,799,332,0
1764512497413,797,336,0
1764512497422,795,342,0
1764512497428,794,346,0
1764512497439,793,351,0
1764512497445,792,354,0
1764512497454,792,357,0
1764512497459,792,359,0
1764512497470,791,361,0
1764512497470,790,363,0
1764512497486,789,366,0
1764512497493,789,368,0
1764512497501,788,370,0
1764512497509,786,373,0
1764512497519,786,375,0
1764512497525,783,378,0
1764512497528,782,381,0
1764512497539,780,386,0
1764512497539,778,389,0
1764512497548,775,396,0
1764512497558,774,399,0
1764512497568,774,402,0
1764512497579,773,405,0
1764512497580,771,407,0
1764512497593,771,410,0
1764512497598,770,413,0
1764512497609,769,414,0
1764512497612,768,416,0
1764512497623,767,419,0
1764512497629,765,422,0
1764512497639,765,425,0
1764512497649,764,427,1
1764512497649,763,430,1
1764512497666,763,433,1
1764512497673,762,436,1
1764512497679,762,438,1
1764512497689,762,439,1
1764512497698,760,441,1
1764512497701,760,443,1
1764512497711,759,445,1
1764512497719,759,447,1
1764512497727,757,450,1
1764512497735,757,452,1
1764512497740,756,455,1
1764512497753,756,458,1
1764512497759,754,460,1
1764512497768,754,462,1
1764512497772,753,465,1
1764512497779,751,468,1
1764512497789,750,470,1
1764512497794,748,472,1
1764512497803,747,474,1
1764512497814,745,476,1
0,0,0,0
1764512497821,744,477,1
1764512497829,742,480,1
1764512497839,741,482,1
1764512497841,739,484,1
1764512497850,739,486,1
1764512497861,736,489,1
1764512497868,736,491,1
1764512497879,734,492,1
1764512497882,732,494,1
1764512497894,730,496,1
1764512497899,728,497,1
1764512497908,726,497,1
1764512497914,725,499,1
1764512497919,724,499,1
1764512497930,723,499,1
1764512497938,722,499,1
1764512497954,721,499,1
1764512498682,720,499,1
1764512498682,719,499,1
1764512498694,718,499,1
1764512498709,717,499,1
1764512498729,716,499,1
1764512498758,715,499,1
1764512498764,714,499,1
1764512498789,713,499,1
1764512498798,712,499,1
1764512498799,712,500,1
1764512498810,710,500,1
1764512498827,709,501,1
1764512498838,706,501,1
1764512498841,704,501,1
1764512498849,702,501,1
1764512498859,700,502,1
1764512498861,699,502,1
1764512498873,696,503,1
1764512498883,695,503,1
1764512498889,693,503,1
1764512498899,692,503,1
1764512498905,690,504,1
1764512498909,688,504,1
1764512498929,687,504,1
1764512498939,685,504,1
1764512498939,683,504,1
1764512498952,681,504,1
1764512498961,680,503,1
1764512498969,677,503,1
1764512498975,674,502,1
1764512498986,669,502,1
1764512498989,666,500,1
1764512498999,661,498,1
1764512499000,659,498,1
1764512499014,655,497,1
1764512499019,653,497,1
1764512499029,652,497,1
1764512499038,650,497,1
1764512499049,648,497,1
1764512499055,646,497,1
1764512499063,645,497,1
1764512499069,644,497,1
1764512499069,643,497,1
1764512499086,642,497,1
1764512499090,641,497,1
1764512499112,639,497,1
1764512499132,638,497,1
1764512499139,637,497,1
1764512499149,636,497,1
1764512499169,635,496,1
1764512499179,633,496,1
1764512499194,632,495,1
1764512499199,630,495,1
1764512499218,629,495,1
1764512499229,628,495,1
1764512499229,627,495,1
1764512499240,626,495,1
1764512499249,625,495,1
1764512499256,623,495,1
1764512499265,622,495,1
1764512499274,617,495,1
1764512499281,612,495,1
1764512499289,609,495,1
1764512499298,604,495,1
1764512499306,599,496,1
1764512499315,595,497,1
1764512499322,591,497,1
1764512499328,586,498,1
1764512499336,578,499,1
1764512499345,574,500,1
1764512499353,568,501,1
1764512499359,564,501,1
1764512499368,560,501,1
1764512499376,558,501,1
1764512499384,556,501,1
1764512499388,552,501,1
1764512499400,550,501,1
1764512499409,547,501,1
1764512499415,545,501,1
1764512499420,543,501,1
1764512499429,542,501,1
1764512499437,541,501,1
1764512499441,538,501,1
1764512499463,536,500,1
1764512499471,535,500,1
1764512499479,534,500,1
1764512499481,531,499,1
1764512499489,528,498,1
1764512499499,525,497,1
1764512499499,522,496,1
1764512499517,519,495,1
1764512499523,507,491,1
1764512499533,502,488,1
1764512499538,495,484,1
1764512499549,489,481,1
1764512499555,482,477,0
1764512499562,476,473,0
1764512499571,468,466,0
1764512499579,463,463,0
1764512499587,460,461,0
1764512499593,455,456,0
1764512499600,450,452,0
1764512499609,447,448,0
1764512499617,445,447,0
1764512499626,442,445,0
1764512499633,440,441,0
1764512499638,439,440,0
1764512499649,436,434,0
1764512499652,435,431,0
1764512499659,432,424,0
1764512499674,430,418,0
1764512499681,429,414,0
1764512499684,427,409,0
1764512499694,425,405,0
1764512499700,423,399,0
1764512499708,421,396,0
1764512499721,421,393,0
1764512499725,420,391,0
1764512499731,419,387,0
1764512499738,417,382,0
1764512499753,417,379,0
1764512499759,417,377,0
1764512499763,416,372,0
1764512499769,416,369,0
1764512499779,415,364,0
1764512499789,414,359,0
1764512499794,412,353,0
1764512499799,411,347,0
1764512499810,409,340,0
1764512499819,408,335,0
1764512499829,406,330,0
1764512499836,405,326,0
1764512499842,403,320,0
1764512499849,402,318,0
1764512499859,401,316,0
1764512499868,400,313,0
1764512499873,400,312,0
1764512499883,400,311,0
1764512499889,400,309,0
1764512499899,400,307,0
1764512499908,399,306,0
1764512499915,398,304,0
1764512499920,398,303,0
1764512499929,398,301,0
1764512499939,398,300,0
1764512499939,398,297,0
1764512499952,398,295,0
1764512499960,398,292,0
1764512499969,398,289,0
1764512499978,398,286,0
1764512499985,398,284,0
1764512499993,399,280,0
1764512500003,400,277,0
1764512500009,401,276,0
1764512500019,402,273,0
1764512500023,406,263,0
1764512500028,408,260,0
1764512500038,410,257,0
1764512500038,411,254,0
1764512500056,413,251,0
1764512500063,415,248,0
1764512500068,418,245,0
1764512500079,420,242,0
1764512500087,422,240,0
1764512500092,424,237,0
1764512500103,427,234,0
1764512500112,429,230,0
1764512500112,432,228,1
1764512500125,434,225,1
1764512500133,436,221,1
1764512500139,440,218,1
1764512500148,441,214,1
1764512500148,444,212,1
1764512500160,445,211,1
1764512500169,448,208,1
1764512500179,450,207,1
1764512500188,452,206,1
1764512500191,454,204,1
1764512500199,456,202,1
1764512500208,458,200,1
1764512500219,460,198,1
1764512500223,463,197,1
1764512500235,466,194,1
1764512500243,469,193,1
1764512500248,473,189,1
1764512500259,476,187,1
1764512500259,479,184,1
1764512500270,483,181,1
1764512500278,489,178,1
1764512500288,495,174,1
1764512500288,498,173,1
1764512500302,501,171,1
1764512500313,505,169,1
1764512500321,509,168,1
1764512500329,511,166,1
1764512500335,514,165,1
1764512500344,516,165,1
1764512500350,518,164,1
1764512500358,521,162,1
1764512500368,524,160,1
1764512500368,527,159,1
1764512500383,528,158,1
1764512500389,530,157,1
1764512500400,532,156,1
1764512500408,533,154,1
1764512500414,535,154,1
1764512500418,537,152,1
1764512500430,538,151,1
1764512500438,540,150,1
1764512500446,541,150,1
1764512500449,543,148,1
1764512500462,544,148,1
1764512500469,547,146,1
1764512500478,548,146,1
1764512500479,550,145,1
1764512500494,552,145,1
1764512500500,554,144,1
1764512500509,556,144,1
1764512500518,557,143,1
1764512500526,558,143,1
1764512500529,559,143,1
1764512500541,561,142,1
1764512500541,563,141,1
1764512500556,564,141,1
1764512500564,565,140,1
1764512500569,567,139,1
1764512500579,571,139,1
1764512500584,572,139,1
1764512500588,573,139,1
1764512500602,575,139,1
1764512500612,577,138,1
1764512500620,580,137,1
1764512500627,583,137,1
1764512500633,587,136,1
1764512500639,590,136,1
1764512500648,594,136,1
1764512500652,599,136,1
1764512500664,602,136,1
1764512500674,606,136,1
1764512500679,609,136,1
1764512500688,614,136,1
1764512500697,617,136,1
1764512500705,620,136,1
1764512500713,623,136,1
1764512500719,625,136,1
1764512500728,628,136,1
1764512500731,631,136,1
1764512500739,634,136,1
1764512500749,637,136,1
1764512500759,639,136,1
1764512500769,644,136,1
1764512500773,647,136,1
1764512500779,650,136,1
1764512500790,653,136,1
1764512500799,656,136,1
1764512500804,661,136,1
1764512500814,664,136,1
1764512500821,667,136,1
1764512500828,671,137,1
1764512500828,673,137,1
1764512500846,678,138,1
1764512500848,681,139,1
1764512500859,685,140,1
1764512500868,689,140,1
1764512500877,692,141,1
1764512500885,694,141,1
1764512500892,697,142,1
1764512500899,699,143,1
1764512500907,702,143,1
1764512500915,705,144,1
1764512500920,707,144,1
1764512500929,709,145,1
1764512500939,710,146,1
1764512500944,713,146,1
1764512500952,715,147,1
1764512500958,716,147,1
1764512500968,718,147,1
1764512500968,719,148,1
1764512500984,720,148,1
1764512500993,721,148,1
1764512501003,722,149,1
1764512501009,724,149,1
1764512501019,726,151,1
1764512501034,729,152,1
1764512501039,730,152,1
1764512501049,738,155,1
1764512501053,743,158,1
1764512501059,749,161,1
1764512501069,755,164,1
1764512501078,760,166,1
1764512501085,764,168,1
1764512501088,767,170,1
1764512501101,770,172,1
1764512501111,772,174,1
1764512501119,775,176,1
1764512501128,778,179,1
1764512501134,781,181,1
1764512501138,784,184,1
1764512501149,787,186,1
1764512501149,791,189,1
1764512501165,792,190,1
1764512501173,793,192,1
1764512501180,794,193,1
1764512501188,795,194,1
1764512501196,796,195,1
1764512501201,797,196,1
1764512501212,797,197,1
1764512501228,797,199,1
1764512501228,797,201,1
1764512501239,797,203,1
1764512501248,797,205,1
1764512501259,797,208,1
1764512501260,797,210,1
1764512501275,797,214,1
1764512501283,797,216,1
1764512501289,797,220,1
1764512501299,797,222,1
1764512501307,796,225,1
1764512501313,796,231,1
1764512501319,796,235,1
1764512501329,796,238,1
1764512501329,796,242,1
1764512501344,796,246,1
1764512501348,796,248,1
1764512501360,796,251,1
1764512501369,798,255,1
1764512501376,798,257,1
1764512501383,798,260,1
1764512501391,799,263,1
1764512501401,799,265,1
1764512501409,799,268,1
1764512501409,801,272,1
1764512501423,801,274,1
1764512501428,802,278,1
1764512501439,803,282,1
1764512501449,804,288,1
1764512501449,806,293,1
1764512501460,807,297,1
1764512501468,809,303,1
1764512501479,811,309,1
1764512501479,812,312,1
1764512501492,812,316,1
1764512501501,812,318,1
1764512501508,814,320,1
1764512501508,814,321,1
1764512501523,815,322,1
1764512501528,815,325,1
1764512501539,815,327,1
1764512501549,815,328,1
1764512501555,815,329,1
1764512501564,815,331,1
1764512501579,815,333,1
1764512501594,815,334,1
1764512501605,815,336,1
1764512501619,815,337,1
1764512501628,815,339,1
1764512501634,815,340,1
1764512501638,815,341,1
1764512501650,815,343,1
1764512501659,814,344,1
1764512501669,814,346,1
1764512501669,814,348,1
1764512501682,814,350,1
1764512501689,813,357,1
1764512501698,813,360,1
1764512501701,813,363,1
1764512501714,813,367,1
1764512501719,813,369,1
1764512501730,813,372,1
1764512501731,813,373,1
1764512501745,813,374,1
1764512501749,813,375,1
1764512501762,813,377,1
1764512501774,813,378,1
1764512501788,812,380,1
1764512501802,812,384,1
1764512501810,810,386,1
1764512501818,810,388,1
1764512501826,808,391,1
1764512501829,808,393,1
1764512501841,808,395,1
1764512501841,806,397,1
1764512501854,806,399,1
1764512501858,806,400,1
1764512501868,805,402,1
1764512501879,804,404,1
1764512501879,804,406,1
1764512501894,803,408,1
1764512501902,803,411,1
1764512501909,802,412,1
1764512501925,802,413,1
1764512501929,802,414,1
1764512501953,801,414,1
1764512501959,801,415,1
1764512501969,801,416,1
1764512501979,800,417,1
1764512501989,800,418,1
1764512502002,800,419,1
1764512502009,799,419,1
1764512502019,799,420,1
1764512502033,799,421,1
1764512502039,798,422,1
1764512502048,797,423,1
1764512502058,797,424,1
1764512502064,796,426,1
1764512502069,795,427,1
1764512502080,795,429,1
1764512502089,792,431,1
1764512502099,791,433,1
1764512502102,789,435,1
1764512502112,787,438,1
1764512502119,784,441,1
1764512502128,784,443,1
1764512502139,781,446,1
1764512502144,779,450,1
1764512502148,776,454,1
1764512502160,774,457,1
1764512502169,772,459,1
1764512502176,770,462,1
1764512502179,769,463,1
1764512502192,768,465,1
1764512502199,765,468,1
1764512502208,764,470,1
1764512502218,762,471,1
1764512502224,762,473,1
1764512502231,756,477,1
1764512502240,754,479,1
1764512502240,752,481,1
1764512502256,750,482,1
1764512502259,749,484,1
1764512502272,747,484,1
1764512502279,745,486,1
1764512502285,744,487,1
1764512502288,742,487,1
1764512502299,741,488,1
1764512502308,740,489,1
1764512502319,739,490,1
1764512502339,737,492,1
1764512502350,736,492,1
1764512502359,734,493,1
1764512502366,733,494,1
1764512502368,732,495,1
1764512502379,729,496,1
1764512502382,728,496,1
1764512502389,727,496,1
1764512502402,725,496,1
1764512502408,725,497,1
1764512502419,724,498,1
1764512502424,723,498,1
1764512502429,722,498,1
1764512502439,720,499,1
1764512502449,718,499,1
1764512502465,717,499,1
1764512502469,714,500,1
1764512502481,711,500,1
1764512502488,708,501,1
1764512502498,706,501,1
1764512502502,702,502,1
1764512502509,700,502,1
1764512502519,697,503,1
1764512502529,695,503,1
1764512502534,692,504,1
1764512502539,689,504,1
1764512502550,685,505,1
1764512502558,680,505,1
1764512502565,677,506,1
1764512502568,674,506,1
1764512502581,669,506,1
1764512502589,667,506,1
1764512502599,664,507,1
1764512502608,661,508,1
1764512502613,658,509,1
1764512502618,655,509,1
1764512502629,652,510,1
1764512502629,649,511,1
1764512502645,646,511,1
1764512502649,642,512,1
1764512502660,639,513,1
1764512502669,637,513,1
1764512502676,635,513,1
1764512502679,632,513,1
1764512502692,631,514,1
1764512502699,629,515,1
1764512502708,628,515,1
1764512502708,626,515,1
1764512502718,624,515,1
1764512502729,623,515,1
1764512502740,621,515,1
1764512502740,619,515,1
1764512502756,616,515,1
1764512502763,614,515,1
1764512502772,611,515,1
1764512502779,609,515,1
1764512502788,607,515,1
1764512502788,603,515,1
1764512502799,600,515,1
1764512502808,598,515,1
1764512502810,595,515,1
1764512502820,593,515,1
1764512502829,590,515,1
1764512502839,588,515,1
1764512502848,585,515,1
1764512502856,582,515,1
1764512502867,579,515,1
1764512502869,577,515,1
1764512502879,575,515,1
1764512502883,572,515,1
1764512502889,569,514,1
1764512502903,563,512,1
1764512502908,560,511,1
1764512502918,557,510,1
1764512502924,552,509,1
1764512502930,549,508,1
1764512502943,545,507,1
1764512502949,542,506,1
1764512502959,539,505,1
1764512502962,536,505,1
1764512502968,534,504,1
1764512502978,533,503,1
1764512502988,531,503,1
1764512502993,529,502,1
1764512503003,529,501,1
1764512503009,527,501,1
1764512503018,526,500,1
1764512503029,525,499,1
1764512503029,523,498,1
1764512503040,523,497,1
1764512503049,521,495,1
1764512503059,520,495,1
1764512503059,518,492,1
1764512503072,515,490,1
1764512503079,515,489,1
1764512503089,514,488,1
1764512503099,512,487,1
1764512503104,510,486,1
1764512503114,503,481,1
1764512503120,501,480,1
1764512503129,498,477,1
1764512503139,493,473,1
1764512503139,490,471,1
1764512503152,483,465,1
1764512503159,480,461,1
1764512503169,477,458,1
1764512503174,472,453,1
1764512503178,470,450,1
1764512503189,466,447,1
1764512503198,465,444,1
1764512503209,463,442,1
1764512503209,461,440,1
1764512503218,459,438,1
1764512503229,456,434,1
1764512503239,453,431,1
1764512503239,452,428,1
1764512503250,449,424,1
1764512503259,448,421,1
1764512503269,445,414,1
1764512503278,442,409,1
1764512503282,441,403,1
1764512503293,438,396,1
1764512503304,436,392,1
1764512503308,436,389,1
1764512503319,434,382,1
1764512503319,433,378,1
1764512503329,433,376,1
1764512503338,433,373,1
1764512503349,432,370,1
1764512503353,432,368,1
1764512503360,432,366,1
1764512503369,432,363,1
1764512503379,432,359,1
1764512503388,432,356,1
1764512503399,432,353,1
1764512503404,432,349,1
1764512503409,432,347,1
1764512503419,431,342,1
1764512503424,429,339,1
1764512503429,429,337,1
1764512503440,429,334,1
1764512503448,429,332,1
1764512503458,429,331,1
1764512503458,429,330,1
1764512503472,429,329,1
1764512503478,429,327,1
1764512503488,429,324,1
1764512503488,430,322,1
1764512503504,430,318,1
1764512503508,431,314,1
1764512503522,432,311,1
1764512503529,432,308,1
1764512503536,433,306,1
1764512503539,434,304,1
1764512503552,434,300,1
1764512503561,436,297,1
1764512503569,437,291,1
1764512503569,437,289,1
1764512503584,438,286,1
1764512503589,440,281,1
1764512503599,442,277,1
1764512503609,442,275,1
1764512503615,444,271,1
1764512503619,445,268,1
1764512503631,447,264,1
1764512503638,448,259,1
1764512503649,450,256,1
1764512503654,451,253,1
1764512503663,452,251,1
1764512503669,454,247,1
1764512503678,456,244,1
1764512503678,457,240,1
1764512503694,459,236,1
1764512503699,461,233,1
1764512503710,462,230,1
1764512503719,463,227,1
1764512503726,465,224,1
1764512503733,465,223,1
1764512503742,467,221,1
1764512503749,468,219,1
1764512503749,469,216,1
1764512503759,470,214,1
1764512503769,472,213,1
1764512503780,474,210,1
1764512503788,476,208,1
1764512503795,477,207,1
1764512503804,479,204,1
1764512503811,480,201,1
1764512503819,483,198,1
1764512503828,484,195,1
1764512503828,485,193,1
1764512503843,486,191,1
1764512503848,489,188,1
1764512503860,489,187,1
1764512503868,491,185,1
1764512503876,493,184,1
1764512503881,495,182,1
1764512503893,497,181,1
1764512503899,499,179,1
1764512503908,502,178,1
1764512503908,504,176,1
1764512503922,506,175,1
1764512503929,507,174,1
1764512503939,510,173,1
1764512503944,512,172,1
1764512503954,514,171,1
1764512503959,515,170,1
1764512503970,517,169,1
1764512503978,519,168,1
1764512503986,521,167,1
1764512503989,523,165,1
1764512504002,525,165,1
1764512504009,527,163,1
1764512504018,529,162,1
1764512504019,532,161,1
1764512504033,534,159,1
1764512504038,536,159,1
1764512504048,538,157,1
1764512504048,540,156,1
1764512504065,544,155,1
1764512504070,545,153,1
1764512504078,546,153,1
1764512504080,548,152,1
1764512504096,550,151,1
1764512504105,551,150,1
1764512504109,552,150,1
1764512504112,556,149,1
1764512504119,559,148,1
1764512504129,561,147,1
1764512504138,564,146,1
1764512504149,566,146,1
1764512504149,568,145,1
1764512504161,571,145,1
1764512504168,576,144,1
1764512504183,585,143,1
1764512504189,590,142,1
1764512504195,593,141,1
1764512504203,601,140,1
1764512504209,604,138,1
1764512504218,608,137,1
1764512504225,614,136,1
1764512504228,617,135,1
1764512504240,622,134,1
1764512504249,629,132,1
1764512504258,632,132,1
1764512504258,637,130,1
1764512504272,640,129,1
1764512504279,646,128,1
1764512504288,649,128,1
1764512504288,653,125,1
1764512504305,656,124,1
1764512504308,658,123,1
1764512504320,661,123,1
1764512504329,663,123,1
1764512504336,664,122,1
1764512504338,666,122,1
1764512504352,667,122,1
1764512504359,668,122,1
1764512504367,669,121,1
1764512504373,670,121,1
1764512504383,671,121,1
1764512504389,672,121,1
1764512504405,674,121,1
1764512504415,675,121,1
1764512504419,678,122,1
1764512504431,679,122,1
1764512504439,681,123,1
1764512504447,683,123,1
1764512504448,685,124,1
1764512504459,688,125,1
1764512504469,690,126,1
1764512504469,693,127,1
1764512504484,696,127,1
1764512504489,699,129,1
1764512504499,702,130,1
1764512504509,705,131,1
1764512504515,707,132,1
1764512504523,710,134,1
1764512504532,714,135,1
1764512504539,717,136,1
1764512504548,720,138,1
1764512504548,723,139,1
1764512504563,734,142,1
1764512504569,741,144,1
1764512504578,744,145,1
1764512504578,749,147,1
1764512504594,751,148,1
1764512504599,752,149,1
1764512504610,754,149,1
1764512504618,754,151,1
1764512504622,755,151,1
1764512504631,756,152,1
1764512504642,756,153,1
1764512504648,756,154,1
1764512504657,756,155,1
1764512504669,756,157,1
1764512504689,756,159,1
1764512504699,756,160,1
1764512504706,756,162,1
1764512504708,756,163,1
1764512504721,756,164,1
1764512504721,756,166,1
1764512504734,756,168,1
1764512504738,756,170,1
1764512504748,757,172,1
1764512504759,757,174,1
1764512504759,757,176,1
1764512504774,757,178,1
1764512504778,757,181,1
1764512504789,757,183,1
1764512504799,757,186,1
1764512504805,757,189,1
1764512504816,757,192,1
1764512504823,757,195,1
1764512504829,757,198,0
1764512504839,758,202,0
1764512504844,759,204,0
1764512504849,759,206,0
1764512504858,762,209,0
1764512504869,763,212,0
1764512504869,764,214,0
1764512504879,766,216,0
1764512504889,767,218,0
1764512504899,769,221,0
1764512504908,770,223,0
1764512504912,771,224,0
1764512504919,773,226,0
1764512504929,775,227,0
1764512504938,777,229,0
1764512504949,779,231,0
1764512504949,780,232,0
1764512504960,781,234,0
1764512504969,783,236,0
1764512504976,785,237,1
1764512504979,786,239,1
1764512504991,787,240,1
1764512504999,789,242,1
1764512505008,790,244,1
1764512505024,792,246,1
1764512505029,793,246,1
1764512505039,794,249,1
1764512505049,795,249,1
1764512505054,796,250,1
1764512505063,798,252,1
1764512505079,799,254,1
1764512505086,800,255,1
1764512505094,800,256,1
1764512505102,800,258,1
1764512505109,800,261,1
1764512505118,801,263,1
1764512505118,802,265,1
1764512505136,803,267,1
1764512505139,803,269,1
1764512505148,805,273,1
1764512505150,806,276,1
1764512505164,808,280,1
1764512505169,812,291,1
1764512505179,815,296,1
1764512505189,817,302,1
1764512505198,818,306,1
1764512505204,818,308,1
1764512505214,818,313,1
1764512505219,818,318,1
1764512505219,818,323,1
1764512505230,819,326,1
1764512505239,819,329,1
1764512505251,820,334,1
1764512505259,821,341,1
1764512505266,821,345,1
1764512505274,821,349,1
1764512505282,821,352,1
1764512505289,821,357,1
1764512505298,821,362,1
1764512505306,821,365,1
1764512505314,819,369,1
1764512505318,819,372,1
1764512505330,818,377,1
1764512505330,816,380,1
1764512505345,815,383,1
1764512505349,814,387,1
1764512505361,812,390,1
1764512505369,811,392,1
1764512505377,810,395,1
1764512505385,810,397,1
1764512505393,809,400,1
1764512505398,807,401,1
1764512505406,807,403,1
1764512505413,804,405,1
1764512505429,803,407,1
1764512505438,799,409,1
1764512505445,798,410,1
1764512505449,796,412,1
1764512505461,795,413,1
1764512505468,794,416,1
1764512505479,792,417,1
1764512505488,791,418,1
1764512505493,789,421,1
1764512505498,788,422,1
1764512505509,786,424,1
1764512505519,785,426,1
1764512505524,783,426,1
1764512505531,782,428,1
1764512505541,780,430,1
1764512505548,779,431,1
1764512505557,777,433,1
1764512505559,773,437,1
1764512505572,771,441,1
1764512505579,768,444,1
1764512505579,766,447,1
1764512505589,762,451,1
1764512505599,759,455,1
1764512505611,757,457,1
1764512505619,754,461,1
1764512505627,752,464,1
1764512505634,747,470,1
1764512505640,742,473,1
1764512505649,738,477,1
1764512505659,734,481,1
1764512505663,726,486,1
1764512505674,723,488,1
1764512505680,718,491,1
1764512505689,712,493,1
1764512505697,708,496,1
1764512505706,705,497,1
1764512505713,701,499,1
1764512505721,700,501,1
1764512505729,698,501,1
1764512505735,695,503,1
1764512505745,693,503,1
1764512505751,693,504,1
1764512505758,690,505,1
1764512505767,688,505,1
1764512505774,685,506,1
1764512505779,682,507,1
1764512505791,679,507,1
1764512505799,676,508,1
1764512505803,674,508,1
1764512505811,672,508,1
1764512505819,670,508,1
1764512505830,669,508,1
1764512505837,667,508,1
1764512505844,665,508,1
1764512505850,664,508,1
1764512505859,662,508,1
1764512505869,660,508,1
1764512505869,658,508,1
1764512505881,654,508,1
1764512505889,645,508,1
1764512505902,640,508,1
1764512505908,632,508,1
1764512505917,626,508,1
1764512505922,621,508,1
1764512505929,615,508,1
1764512505939,607,508,1
1764512505945,601,508,1
1764512505949,593,508,1
1764512505961,582,508,1
1764512505968,575,508,1
1764512505979,567,508,1
1764512505979,561,508,1
1764512505992,554,508,1
1764512505999,546,508,1
1764512506008,540,508,1
1764512506011,536,508,1
1764512506024,533,508,1
1764512506029,530,508,1
1764512506040,527,506,1
1764512506049,525,506,1
1764512506056,522,505,1
1764512506058,519,505,0
1764512506072,517,504,0
1764512506080,514,502,0
1764512506095,513,501,0
1764512506104,512,501,0
1764512506113,511,500,0
1764512506120,510,498,0
1764512506129,509,498,0
1764512506136,508,497,0
1764512506151,507,495,1
1764512506158,507,494,1
1764512506168,505,492,1
1764512506174,504,490,1
1764512506179,503,489,1
1764512506188,502,487,1
1764512506188,502,485,1
1764512506198,500,482,1
1764512506214,500,480,1
1764512506219,499,476,1
1764512506230,498,473,1
1764512506237,497,470,1
1764512506246,495,467,1
1764512506249,495,464,1
1764512506262,492,460,1
1764512506262,491,458,1
1764512506273,487,449,1
1764512506283,484,445,1
1764512506289,481,440,1
1764512506298,477,431,1
1764512506298,475,427,1
1764512506309,472,418,1
1764512506323,469,413,1
1764512506329,467,406,1
1764512506339,464,398,1
1764512506340,462,394,1
1764512506349,460,389,1
1764512506359,458,384,1
1764512506369,458,381,1
1764512506376,457,379,1
1764512506381,456,377,1
1764512506389,455,376,1
1764512506399,454,373,1
1764512506409,454,372,1
1764512506409,454,370,1
1764512506420,454,368,1
1764512506429,453,364,1
1764512506438,452,359,1
1764512506438,451,355,1
1764512506452,450,351,1
1764512506463,450,348,1
1764512506471,450,343,1
1764512506478,450,339,1
1764512506485,450,334,1
1764512506488,451,329,1
1764512506504,452,323,1
1764512506509,452,319,1
1764512506518,452,315,1
1764512506518,453,312,1
1764512506532,453,306,1
1764512506539,453,301,1
1764512506548,453,298,1
1764512506548,453,294,1
1764512506564,453,290,1
1764512506573,453,284,1
1764512506580,453,279,1
1764512506589,453,275,1
1764512506596,454,269,1
1764512506604,455,262,1
1764512506610,456,257,1
1764512506619,458,252,1
1764512506628,458,249,1
1764512506628,459,245,1
1764512506644,462,240,1
1764512506648,463,238,1
1764512506660,464,235,1
1764512506668,465,232,1
1764512506676,467,228,1
1764512506679,469,224,1
1764512506692,470,222,1
1764512506692,472,217,1
1764512506698,473,215,1
1764512506713,475,212,1
1764512506721,476,210,1
1764512506728,479,208,1
1764512506728,480,206,1
1764512506739,485,202,1
1764512506748,487,200,1
1764512506758,492,197,1
1764512506769,495,195,1
1764512506770,498,192,1
1764512506783,502,187,1
1764512506788,505,185,1
1764512506799,507,183,1
1764512506808,509,179,1
1764512506816,511,177,1
1764512506825,512,176,1
1764512506831,513,173,1
1764512506839,515,172,1
1764512506839,516,171,1
1764512506850,517,168,1
1764512506859,519,168,1
1764512506869,519,167,1
1764512506877,521,166,1
1764512506881,523,164,1
1764512506894,525,164,1
1764512506899,527,162,1
1764512506910,530,161,1
1764512506912,534,159,1
1764512506918,537,156,1
1764512506928,539,156,1
1764512506939,541,155,1
1764512506949,543,154,1
1764512506949,546,153,1
1764512506961,551,151,1
1764512506971,554,150,1
1764512506979,558,148,1
1764512506979,563,147,1
1764512506992,575,144,1
1764512506998,584,143,1
1764512507010,593,142,1
1764512507018,601,142,1
1764512507024,610,140,1
1764512507034,617,140,1
1764512507042,626,140,1
1764512507048,632,140,1
1764512507056,635,139,1
1764512507065,643,139,1
1764512507072,647,139,1
1764512507081,650,139,1
1764512507089,653,138,1
1764512507089,656,138,1
1764512507104,660,138,1
1764512507110,664,138,1
1764512507120,667,138,1
1764512507128,670,138,1
1764512507134,676,138,1
1764512507139,679,138,1
1764512507152,684,138,1
1764512507159,687,138,1
1764512507167,693,139,1
1764512507174,698,139,1
1764512507182,701,140,1
1764512507189,705,141,1
1764512507198,709,142,1
1764512507207,715,142,1
1764512507216,719,143,1
1764512507222,724,144,1
1764512507230,728,145,1
1764512507239,734,147,1
1764512507246,736,147,1
1764512507249,739,148,1
1764512507262,741,149,1
1764512507269,743,149,1
1764512507278,745,150,1
1764512507279,747,151,1
1764512507294,749,151,1
1764512507298,750,152,1
1764512507298,752,153,1
1764512507310,754,154,1
1764512507319,755,154,1
1764512507329,757,156,1
1764512507338,759,158,1
1764512507348,761,159,1
1764512507357,763,161,1
1764512507363,764,162,1
1764512507371,766,163,1
1764512507379,768,165,1
1764512507389,769,168,1
1764512507393,772,170,1
1764512507399,773,172,1
1764512507410,776,175,1
1764512507417,778,179,1
1764512507420,780,182,1
1764512507433,782,187,1
1764512507441,784,190,1
1764512507448,790,199,1
1764512507459,793,205,1
1764512507465,797,212,1
1764512507474,800,219,1
1764512507479,804,229,1
1764512507484,806,236,1
1764512507494,808,244,1
1764512507504,809,250,1
1764512507510,811,256,1
1764512507519,813,264,1
1764512507519,815,270,1
1764512507531,817,274,1
1764512507538,819,279,1
1764512507549,819,282,1
1764512507559,820,286,1
1764512507563,820,288,1
1764512507570,820,291,1
1764512507578,820,293,1
1764512507588,820,296,1
1764512507597,819,301,1
1764512507604,818,303,1
1764512507610,815,306,1
1764512507619,814,311,1
1764512507629,813,313,1
1764512507636,812,316,1
1764512507643,811,319,1
1764512507648,810,324,1
1764512507659,808,328,1
1764512507659,808,331,1
1764512507676,806,334,1
1764512507679,806,337,1
1764512507690,805,340,1
1764512507698,805,343,1
1764512507705,805,346,1
1764512507714,805,348,1
1764512507721,804,350,1
1764512507729,804,352,1
1764512507737,803,354,1
1764512507748,803,356,1
1764512507753,802,359,1
1764512507763,802,361,1
1764512507768,802,364,1
1764512507768,801,368,1
1764512507784,801,370,1
1764512507789,800,373,1
1764512507800,799,376,1
1764512507810,799,380,1
1764512507818,799,382,1
1764512507823,797,386,1
1764512507831,796,388,1
1764512507839,795,391,1
1764512507847,795,394,1
1764512507854,794,397,1
1764512507863,793,400,1
1764512507868,792,403,1
1764512507880,791,406,1
1764512507880,789,410,1
1764512507895,788,412,1
1764512507903,788,416,1
1764512507908,786,421,1
1764512507919,784,426,1
1764512507924,782,433,1
1764512507928,780,439,1
1764512507939,778,444,1
1764512507948,777,448,1
1764512507948,776,451,1
1764512507959,775,456,1
1764512507969,773,461,1
1764512507979,771,465,1
1764512507990,768,471,1
1764512507990,766,474,1
1764512507998,764,477,1
1764512508011,762,481,1
1764512508018,760,483,1
1764512508022,758,485,1
1764512508034,755,488,1
1764512508039,753,490,1
1764512508048,751,491,1
1764512508058,749,493,1
1764512508067,746,494,1
1764512508075,744,495,1
1764512508081,742,496,1
1764512508088,739,497,1
1764512508088,737,497,1
1764512508100,734,498,1
1764512508113,732,499,1
1764512508119,730,499,1
1764512508129,729,500,1
1764512508137,727,500,1
1764512508145,726,500,1
1764512508148,725,500,1
1764512508164,724,501,1
1764512508180,723,501,1
1764512508189,722,501,1
1764512508199,721,502,1
1764512508199,718,502,1
1764512508212,715,502,1
1764512508219,713,503,1
1764512508231,711,503,1
1764512508239,709,504,1
1764512508243,707,504,1
1764512508248,704,504,1
1764512508259,701,505,1
1764512508268,698,506,1
1764512508275,695,507,1
1764512508284,691,507,1
1764512508290,689,508,1
1764512508299,684,508,1
1764512508309,681,509,1
1764512508311,675,510,1
1764512508322,672,510,1
1764512508329,667,511,1
1764512508339,664,511,1
1764512508348,661,511,1
1764512508354,658,511,1
1764512508359,655,511,1
1764512508370,653,511,1
1764512508379,649,511,1
1764512508385,647,511,1
1764512508394,642,511,1
1764512508401,638,511,1
1764512508411,633,511,1
1764512508418,630,511,1
1764512508418,627,511,1
1764512508433,624,511,1
1764512508438,620,511,1
1764512508449,615,511,1
1764512508449,608,510,1
1764512508465,602,510,1
1764512508473,595,508,1
1764512508480,590,507,1
1764512508488,584,506,1
1764512508498,579,505,1
1764512508504,573,503,1
1764512508514,570,502,1
1764512508519,565,501,1
1764512508527,562,501,1
1764512508529,558,500,1
1764512508539,555,499,1
1764512508548,551,497,1
1764512508558,548,496,1
1764512508563,545,495,1
1764512508575,542,493,1
1764512508581,540,491,1
1764512508589,536,489,1
1764512508601,535,488,1
1764512508605,533,486,1
1764512508611,531,485,1
1764512508618,530,483,1
1764512508629,528,482,1
1764512508638,526,481,1
1764512508642,525,480,1
1764512508659,524,479,1
1764512508669,523,479,1
1764512508679,523,478,1
1764512508690,523,477,1
1764512508706,522,475,1
1764512508712,521,475,1
1764512508724,520,474,1
1764512508730,519,474,1
1764512508739,519,473,1
1764512508749,517,472,1
1764512508755,515,469,1
1764512508759,513,468,1
1764512508770,511,467,1
1764512508779,509,465,1
1764512508786,506,463,1
1764512508793,504,462,1
1764512508801,502,460,1
1764512508809,500,458,1
1764512508819,497,456,1
1764512508824,494,454,1
1764512508829,492,453,1
1764512508839,489,450,1
1764512508849,486,448,1
1764512508850,483,445,1
1764512508859,480,443,1
1764512508868,478,441,1
1764512508879,476,438,1
1764512508888,473,436,1
1764512508894,472,434,1
1764512508902,470,431,1
1764512508912,469,429,1
1764512508919,468,427,1
1764512508929,467,425,1
1764512508930,465,423,1
1764512508939,464,420,1
1764512508949,464,418,1
1764512508957,463,416,1
1764512508962,461,413,1
1764512508969,461,411,1
1764512508979,459,408,1
1764512508989,459,406,1
1764512508994,458,404,1
1764512509005,458,402,1
1764512509012,457,400,1
1764512509018,457,397,1
1764512509028,456,394,1
1764512509028,455,391,1
1764512509041,455,388,1
1764512509049,455,385,1
1764512509058,454,381,1
1764512509058,453,377,1
1764512509075,453,373,1
1764512509083,453,367,1
1764512509092,453,362,1
1764512509099,452,356,1
1764512509105,451,342,1
1764512509112,450,335,1
1764512509120,449,328,1
1764512509128,447,320,1
1764512509136,446,311,1
1764512509138,446,308,1
1764512509152,446,304,1
1764512509159,446,300,1
1764512509169,446,296,1
1764512509179,446,293,1
1764512509184,447,290,1
1764512509189,449,285,1
1764512509200,451,281,1
1764512509204,453,278,1
1764512509215,454,273,1
1764512509219,455,270,1
1764512509231,457,265,1
1764512509239,458,261,1
1764512509247,459,257,1
1764512509249,459,254,1
1764512509263,460,251,1
1764512509271,461,248,1
1764512509279,462,246,1
1764512509285,462,245,1
1764512509289,462,243,1
1764512509299,462,242,1
1764512509309,463,241,1
1764512509318,463,240,1
1764512509319,464,237,1
1764512509333,464,235,1
1764512509341,464,233,1
1764512509349,466,231,1
1764512509349,469,226,1
1764512509362,470,225,1
1764512509373,471,223,1
1764512509379,472,220,1
1764512509379,474,217,1
1764512509388,475,215,1
1764512509399,477,212,1
1764512509412,479,210,1
1764512509419,480,207,1
1764512509427,483,202,1
1764512509430,487,195,1
1764512509445,491,191,1
1764512509451,494,186,1
1764512509459,497,183,1
1764512509461,499,181,1
1764512509469,502,178,1
1764512509481,504,176,1
1764512509488,508,172,1
1764512509493,510,170,1
1764512509504,513,167,1
1764512509512,515,166,1
1764512509522,517,164,1
1764512509529,519,162,1
1764512509534,522,161,1
1764512509540,523,160,1
1764512509549,524,159,1
1764512509559,527,157,1
1764512509559,529,155,1
1764512509575,531,153,1
1764512509583,534,152,1
1764512509589,537,150,1
1764512509598,540,149,1
1764512509608,543,147,1
1764512509614,548,145,1
1764512509624,551,143,1
1764512509631,554,143,1
1764512509638,557,141,1
1764512509638,560,140,1
1764512509654,563,139,1
1764512509661,566,139,1
1764512509669,569,139,1
1764512509674,574,137,1
1764512509683,577,136,1
1764512509689,588,134,1
1764512509698,593,133,1
1764512509708,601,133,1
1764512509712,608,132,1
1764512509725,617,132,1
1764512509728,621,132,1
1764512509739,629,132,1
1764512509744,636,131,1
1764512509754,647,131,1
1764512509759,655,131,1
1764512509768,663,131,1
1764512509778,671,131,1
1764512509778,679,131,1
1764512509790,689,131,1
1764512509799,695,131,1
1764512509812,700,131,1
1764512509812,706,131,1
1764512509824,710,131,1
1764512509829,713,131,1
1764512509839,715,131,1
1764512509849,717,131,1
1764512509859,720,131,1
1764512509859,723,132,1
1764512509869,726,132,1
1764512509879,730,133,1
1764512509889,734,133,1
1764512509889,740,134,1
1764512509901,746,135,1
1764512509912,749,136,1
1764512509921,753,138,1
1764512509928,759,139,1
1764512509936,761,139,0
1764512509945,763,140,0
1764512509951,765,140,0
1764512509959,768,142,0
1764512509968,770,143,0
1764512509976,771,143,0
1764512509980,773,145,0
1764512509988,775,145,0
1764512509994,777,147,0
1764512510006,779,149,0
1764512510014,781,150,0
1764512510019,783,151,0
1764512510029,785,155,0
1764512510037,787,156,0
1764512510046,788,158,0
1764512510053,789,159,0
1764512510060,790,161,0
1764512510068,791,162,0
1764512510074,792,163,0
1764512510083,792,165,0
1764512510090,793,167,0
1764512510099,794,169,1
1764512510105,795,171,1
1764512510112,795,174,1
1764512510121,796,178,1
1764512510128,797,181,1
1764512510138,799,185,1
1764512510146,799,188,1
1764512510154,801,192,1
1764512510159,802,195,1
1764512510168,803,198,1
1764512510168,805,202,1
1764512510184,806,205,1
1764512510192,808,209,1
1764512510200,808,212,1
1764512510208,810,216,1
1764512510216,811,219,1
1764512510219,813,224,1
1764512510231,814,228,1
1764512510238,814,230,1
1764512510247,814,233,1
1764512510249,815,236,1
1764512510263,816,239,1
1764512510269,816,241,1
1764512510279,817,243,1
1764512510284,817,246,1
1764512510289,817,248,1
1764512510299,818,251,1
1764512510312,819,253,1
1764512510319,820,256,1
1764512510328,820,260,1
1764512510332,821,263,1
1764512510341,823,268,1
1764512510348,823,271,1
1764512510356,824,275,1
1764512510362,824,278,1
1764512510369,824,282,1
1764512510381,824,285,1
1764512510389,825,290,1
1764512510394,825,297,1
1764512510399,825,301,1
1764512510412,825,314,1
1764512510419,825,321,1
1764512510426,825,331,1
1764512510429,825,339,1
1764512510442,824,353,1
1764512510451,824,362,1
1764512510459,824,371,1
1764512510459,824,384,1
1764512510474,823,391,1
1764512510485,822,400,1
1764512510490,821,404,1
1764512510499,820,408,1
1764512510506,818,414,1
1764512510512,817,417,1
1764512510522,816,421,1
1764512510528,816,423,1
1764512510537,816,426,1
1764512510539,814,428,1
1764512510549,813,430,1
1764512510559,811,432,1
1764512510568,811,435,1
1764512510578,809,438,1
1764512510580,807,440,1
1764512510590,807,441,1
1764512510598,804,444,1
1764512510609,803,446,1
1764512510612,802,447,1
1764512510621,800,449,1
1764512510639,798,451,1
1764512510649,797,452,1
1764512510656,796,453,1
1764512510663,795,453,1
1764512510668,794,454,1
1764512510668,791,456,1
1764512510684,790,456,1
1764512510689,788,458,1
1764512510700,786,459,1
1764512510709,783,460,1
1764512510717,777,464,1
1764512510726,771,466,1
1764512510733,766,468,1
1764512510741,761,471,1
1764512510749,752,476,1
1764512510757,746,478,1
1764512510763,736,484,1
1764512510771,727,487,1
1764512510779,718,489,1
1764512510780,705,490,1
1764512510789,698,492,1
1764512510799,690,493,1
1764512510811,686,494,1
1764512510819,683,495,1
1764512510819,680,496,1
1764512510834,678,496,1
1764512510843,677,496,1
1764512510849,676,496,1
1764512510851,673,497,1
1764512510860,672,497,1
1764512510869,671,498,1
1764512510881,670,498,1
1764512510888,669,498,1
1764512510892,667,500,1
1764512510904,665,501,1
1764512510912,663,501,1
1764512510921,657,501,1
1764512510928,653,501,1
1764512510928,650,501,1
1764512510942,642,501,1
1764512510950,638,501,1
1764512510959,634,501,1
1764512510959,629,501,1
1764512510972,619,501,1
1764512510983,614,501,1
1764512510991,609,501,1
1764512510999,605,501,1
1764512511004,599,501,1
1764512511012,597,501,1
1764512511020,595,501,1
1764512511029,592,501,1
1764512511035,590,501,1
1764512511038,586,501,1
1764512511051,583,501,1
1764512511058,581,501,1
1764512511069,577,501,1
1764512511074,571,499,1
1764512511083,566,499,1
1764512511088,561,497,1
1764512511099,556,496,1
1764512511108,551,494,1
1764512511114,544,492,1
1764512511123,539,491,1
1764512511130,535,489,1
1764512511139,533,488,1
1764512511149,528,488,1
1764512511149,525,486,1
1764512511162,523,485,1
1764512511169,522,484,1
1764512511179,519,483,1
1764512511189,517,482,1
1764512511195,515,480,1
1764512511199,513,478,1
1764512511210,512,476,1
1764512511218,511,475,1
1764512511226,510,474,1
1764512511235,509,474,1
1764512511242,509,473,1
1764512511258,508,473,1
1764512511274,508,471,1
1764512511281,507,471,1
1764512511287,506,471,1
1764512511294,506,470,1
1764512511299,505,470,1
1764512511310,504,468,1
1764512511319,503,468,1
1764512511322,500,466,1
1764512511334,498,464,1
1764512511338,496,463,1
1764512511348,494,461,1
1764512511358,490,459,1
1764512511358,488,457,1
1764512511369,486,455,1
1764512511379,484,453,1
1764512511390,480,449,1
1764512511396,478,447,1
1764512511404,477,444,1
1764512511413,475,440,1
1764512511420,474,439,1
1764512511429,472,436,1
1764512511432,471,432,1
1764512511444,470,429,1
1764512511450,467,425,1
1764512511459,466,421,1
1764512511467,465,418,1
1764512511476,464,414,1
1764512511483,462,407,1
1764512511489,460,401,1
1764512511499,458,391,1
1764512511499,457,388,1
1764512511513,456,384,1
1764512511519,455,381,1
1764512511529,455,378,1
1764512511539,455,376,1
1764512511543,455,373,1
1764512511549,455,369,1
1764512511559,455,366,1
1764512511569,455,362,1
1764512511574,455,359,1
1764512511578,455,356,1
1764512511590,455,353,1
1764512511601,455,350,1
1764512511608,455,347,1
1764512511613,454,345,1
1764512511622,454,342,1
1764512511629,453,339,1
1764512511639,453,337,1
1764512511639,453,335,1
1764512511654,453,331,1
1764512511658,453,328,1
1764512511670,453,324,1
1764512511678,453,322,1
1764512511688,453,319,1
1764512511692,453,316,1
1764512511702,453,313,1
1764512511709,453,310,1
1764512511714,454,308,1
1764512511719,454,307,1
1764512511734,454,305,1
1764512511743,454,303,1
1764512511750,454,301,1
1764512511759,454,299,1
1764512511765,454,296,1
1764512511773,454,294,1
1764512511781,454,292,1
1764512511789,455,289,1
1764512511797,456,286,1
1764512511803,457,284,1
1764512511809,457,281,1
1764512511818,458,279,1
1764512511827,459,276,1
1764512511834,460,274,1
1764512511843,461,269,1
1764512511849,462,265,1
1764512511859,463,261,1
1764512511860,463,258,1
1764512511876,464,253,1
1764512511881,466,248,1
1764512511888,468,240,1
1764512511892,469,237,1
1764512511905,471,234,1
1764512511913,472,232,1
1764512511921,474,228,1
1764512511929,475,226,1
1764512511933,476,225,1
1764512511938,478,222,1
1764512511949,479,220,1
1764512511961,480,217,1
1764512511969,483,213,1
1764512511974,485,211,1
1764512511979,488,207,1
1764512511989,490,203,1
1764512511999,493,199,1
1764512512007,495,197,1
1764512512009,498,193,1
1764512512025,501,189,1
1764512512029,504,185,1
1764512512039,507,182,1
1764512512049,508,181,1
1764512512059,510,179,1
1764512512059,512,178,1
1764512512069,513,176,1
1764512512078,513,175,1
1764512512084,516,174,1
1764512512089,517,173,1
1764512512100,520,171,1
1764512512108,522,170,1
1764512512119,525,168,1
1764512512119,529,165,1
1764512512136,531,164,1
1764512512143,534,162,1
1764512512151,539,158,1
1764512512155,544,158,1
1764512512163,547,155,1
1764512512173,554,152,1
1764512512179,559,149,1
1764512512189,565,147,1
1764512512194,572,144,1
1764512512199,576,143,1
1764512512210,579,142,1
1764512512219,584,140,1
1764512512229,587,139,1
1764512512229,589,138,1
1764512512242,591,137,1
1764512512249,594,136,1
1764512512259,596,135,1
1764512512263,598,135,1
1764512512275,599,134,1
1764512512279,602,133,1
1764512512290,604,133,1
1764512512298,606,132,1
1764512512306,608,132,1
1764512512316,609,132,1
1764512512322,611,132,1
1764512512328,614,132,1
1764512512337,617,132,1
1764512512344,621,132,1
1764512512352,624,132,1
1764512512361,629,132,1
1764512512369,634,132,1
1764512512370,638,132,1
1764512512386,644,133,1
1764512512388,648,134,1
1764512512399,652,135,1
1764512512409,661,136,1
1764512512409,666,137,1
1764512512419,673,138,1
1764512512428,679,138,1
1764512512439,686,140,1
1764512512450,696,141,1
1764512512450,704,142,1
1764512512458,709,143,1
1764512512469,716,144,1
1764512512478,719,144,1
1764512512487,720,144,1
1764512512495,722,144,1
1764512512501,723,144,1
1764512512509,726,144,1
1764512512518,727,144,1
1764512512533,729,144,1
1764512512549,730,144,1
1764512512558,731,144,1
1764512512565,732,144,1
1764512512570,733,144,1
1764512512581,733,145,1
1764512512587,735,145,1
1764512512599,737,146,1
1764512512611,738,147,1
1764512512619,739,147,1
1764512512625,741,148,1
1764512512634,742,148,1
1764512512641,743,150,1
1764512512649,745,150,1
1764512512659,745,151,1
1764512512668,747,152,1
1764512512673,748,153,1
1764512512679,749,154,1
1764512512689,750,155,1
1764512512689,752,156,1
1764512512705,753,157,1
1764512512709,754,158,1
1764512512721,756,160,1
1764512512728,757,161,1
1764512512737,758,163,1
1764512512741,760,164,1
1764512512752,760,165,1
1764512512759,763,169,1
1764512512759,764,171,1
1764512512774,766,173,1
1764512512779,767,175,1
1764512512789,768,178,1
1764512512799,770,180,1
1764512512808,773,185,1
1764512512808,775,188,1
1764512512821,777,190,1
1764512512829,779,192,1
1764512512839,781,195,1
1764512512845,783,197,1
1764512512852,785,200,1
1764512512860,787,203,1
1764512512869,788,204,1
1764512512874,790,206,1
1764512512885,791,209,1
1764512512892,791,210,1
1764512512901,793,211,1
1764512512909,793,213,1
1764512512916,794,214,1
1764512512919,795,215,1
1764512512929,796,219,1
1764512512939,798,220,1
1764512512948,798,221,1
1764512512954,800,224,1
1764512512971,800,225,1
1764512512980,800,227,1
1764512512989,801,229,1
1764512512995,802,231,1
1764512512999,802,233,1
1764512513011,803,235,1
1764512513018,803,238,1
1764512513018,803,241,1
1764512513028,803,243,1
1764512513038,804,249,1
1764512513049,804,251,1
1764512513059,805,255,1
1764512513065,805,257,1
1764512513073,805,260,1
1764512513081,805,262,1
1764512513089,805,263,1
1764512513090,805,265,1
1764512513105,805,266,1
1764512513109,806,269,1
1764512513119,806,272,1
1764512513123,806,274,1
1764512513134,806,275,1
1764512513143,806,276,1
1764512513149,806,278,1
1764512513159,806,281,1
1764512513174,806,283,1
1764512513185,806,284,1
1764512513192,807,286,1
1764512513198,807,288,1
1764512513204,807,290,1
1764512513213,807,291,1
1764512513219,808,294,1
1764512513230,808,296,1
1764512513236,808,298,1
1764512513240,809,299,1
1764512513250,809,300,1
1764512513259,809,302,1
1764512513269,809,304,1
1764512513277,809,305,1
1764512513283,809,306,1
1764512513289,809,308,1
1764512513309,809,310,1
1764512513315,809,311,1
1764512513323,809,313,1
1764512513329,809,315,1
1764512513339,809,317,1
1764512513344,809,318,1
1764512513349,809,320,1
1764512513360,809,322,1
1764512513369,809,325,1
1764512513376,809,327,1
1764512513383,808,329,1
1764512513392,808,331,1
1764512513401,808,333,1
1764512513409,807,335,1
1764512513415,807,338,1
1764512513419,807,340,1
1764512513429,807,342,1
1764512513439,807,344,1
1764512513449,807,346,1
1764512513449,807,349,1
1764512513461,806,353,1
1764512513468,806,355,1
1764512513478,806,362,1
1764512513484,806,365,1
1764512513492,806,369,1
1764512513503,806,371,1
1764512513511,806,374,1
1764512513519,806,376,1
1764512513524,806,380,1
1764512513534,806,382,1
1764512513540,805,384,1
1764512513548,805,387,1
1764512513559,804,389,1
1764512513565,803,392,1
1764512513571,802,395,1
1764512513578,800,397,1
1764512513589,799,399,1
1764512513595,797,401,1
1764512513603,796,404,1
1764512513609,794,406,1
1764512513621,792,410,1
1764512513627,789,414,1
1764512513636,787,417,1
1764512513639,787,418,1
1764512513650,786,420,1
1764512513658,785,422,1
1764512513666,783,424,1
1764512513669,783,425,1
1764512513684,780,428,1
1764512513691,779,429,1
1764512513698,777,431,1
1764512513709,775,433,1
1764512513713,773,435,1
1764512513721,771,437,1
1764512513728,767,439,1
1764512513736,762,443,1
1764512513745,760,445,1
1764512513749,755,449,1
1764512513761,752,453,1
1764512513769,747,458,1
1764512513778,742,460,1
1764512513785,737,465,1
1764512513792,734,469,1
1764512513799,730,474,1
1764512513808,727,476,1
1764512513817,726,478,1
1764512513826,724,481,1
1764512513831,723,482,1
1764512513840,722,483,1
1764512513847,721,484,1
1764512513856,720,485,1
1764512513860,718,487,1
1764512513872,717,488,1
1764512513879,716,489,1
1764512513879,714,491,1
1764512513889,713,492,1
1764512513898,712,493,1
1764512513908,711,495,1
1764512513908,709,496,1
1764512513920,708,497,1
1764512513929,707,498,1
1764512513939,705,499,1
1764512513949,704,500,1
1764512513958,702,501,1
1764512513963,699,501,1
1764512513970,697,503,1
1764512513979,696,503,1
1764512513986,687,505,1
1764512513995,685,506,1
1764512514002,683,507,1
1764512514008,679,508,1
1764512514018,677,508,1
1764512514020,674,509,1
1764512514034,669,510,1
1764512514039,667,511,1
1764512514049,665,511,1
1764512514054,660,512,1
1764512514065,658,512,1
1764512514068,656,512,1
1764512514081,654,512,1
1764512514089,652,512,1
1764512514097,649,512,1
1764512514104,646,512,1
1764512514113,644,512,1
1764512514120,643,512,1
1764512514128,640,512,1
1764512514134,637,512,1
1764512514139,635,512,1
1764512514150,633,512,1
1764512514159,631,512,1
1764512514168,630,512,1
1764512514174,627,512,1
1764512514183,626,512,1
1764512514191,622,511,1
1764512514199,620,511,1
1764512514199,615,510,1
1764512514212,608,508,1
1764512514221,605,506,1
1764512514229,600,505,1
1764512514237,596,504,1
1764512514244,594,503,1
1764512514249,592,503,1
1764512514260,589,502,1
1764512514269,586,502,1
1764512514276,582,500,1
1764512514279,578,499,1
1764512514292,575,498,1
1764512514298,572,497,1
1764512514309,564,494,1
1764512514311,560,492,1
1764512514324,557,491,1
1764512514333,552,491,1
1764512514340,549,489,1
1764512514340,547,488,1
1764512514355,545,487,1
1764512514359,543,486,1
1764512514373,542,485,1
1764512514379,540,485,1
1764512514389,538,483,1
1764512514389,537,483,1
1764512514399,533,481,1
1764512514409,531,479,1
1764512514418,528,478,1
1764512514421,526,476,1
1764512514434,522,475,1
1764512514439,520,473,1
1764512514450,517,472,1
1764512514456,516,470,1
1764512514466,513,469,1
1764512514469,513,468,1
1764512514481,512,468,1
1764512514487,511,467,1
1764512514489,510,466,1
1764512514499,509,465,1
1764512514509,508,464,1
1764512514518,506,463,1
1764512514521,506,461,1
1764512514534,504,459,1
1764512514539,502,456,1
1764512514549,498,453,1
1764512514559,496,450,1
1764512514568,492,447,1
1764512514568,490,445,1
1764512514578,485,441,1
1764512514589,483,439,1
1764512514596,481,437,1
1764512514605,479,434,1
1764512514613,477,432,1
1764512514621,476,430,1
1764512514629,473,426,1
1764512514638,472,424,1
1764512514640,469,420,1
1764512514649,466,413,1
1764512514659,464,408,1
1764512514659,462,404,1
1764512514672,460,402,1
1764512514682,457,395,1
1764512514689,455,391,1
1764512514698,452,387,1
1764512514704,451,384,1
1764512514714,450,382,1
1764512514723,449,380,1
1764512514731,448,377,1
1764512514739,448,374,1
1764512514744,447,372,1
1764512514751,447,370,1
1764512514759,446,368,1
1764512514768,446,366,1
1764512514768,446,365,1
1764512514783,446,362,1
1764512514789,446,358,1
1764512514802,446,355,1
1764512514811,447,352,1
1764512514818,447,349,1
1764512514826,447,345,1
1764512514832,448,342,1
1764512514840,448,337,1
1764512514846,448,334,1
1764512514855,448,330,1
1764512514862,448,328,1
1764512514873,449,325,1
1764512514880,451,321,1
1764512514880,451,318,1
1764512514894,452,315,1
1764512514899,453,312,1
1764512514910,453,310,1
1764512514921,453,308,1
1764512514926,454,305,1
1764512514935,455,303,1
1764512514941,456,300,1
1764512514949,456,297,1
1764512514958,458,294,1
1764512514965,459,291,1
1764512514974,461,285,1
1764512514979,461,282,1
1764512514990,462,279,1
1764512514990,462,276,1
1764512515006,463,274,1
1764512515011,464,273,1
1764512515019,464,271,1
1764512515027,464,268,1
1764512515037,464,265,1
1764512515045,464,264,1
1764512515053,464,262,1
1764512515061,464,260,1
1764512515069,464,257,1
1764512515075,464,255,1
1764512515085,464,252,1
1764512515089,465,249,1
1764512515099,465,246,1
1764512515109,466,243,1
1764512515113,467,239,1
1764512515122,468,236,1
1764512515129,468,234,1
1764512515136,470,228,1
1764512515143,473,225,1
1764512515149,474,221,1
1764512515159,475,217,1
1764512515169,477,213,1
1764512515178,479,210,1
1764512515184,480,206,1
1764512515191,481,204,1
1764512515198,483,201,1
1764512515198,485,197,1
1764512515213,486,195,1
1764512515222,487,193,1
1764512515229,489,191,1
1764512515239,495,183,1
1764512515247,496,181,1
1764512515255,500,178,1
1764512515259,503,176,1
1764512515269,506,173,1
1764512515274,510,171,1
1764512515278,514,169,1
1764512515294,518,167,1
1764512515301,524,164,1
1764512515311,527,163,1
1764512515315,534,162,1
1764512515325,537,161,1
1764512515333,541,160,1
1764512515341,547,159,1
1764512515351,549,159,1
1764512515356,553,158,1
1764512515363,558,158,1
1764512515373,563,158,1
1764512515379,568,158,0
1764512515388,573,158,0
1764512515395,578,158,0
1764512515400,582,158,0
1764512515408,586,158,0
1764512515419,590,158,0
1764512515424,594,157,0
1764512515432,600,157,0
1764512515442,602,157,0
1764512515449,606,157,0
1764512515459,610,156,0
1764512515466,614,156,0
1764512515473,620,155,0
1764512515481,624,155,0
1764512515493,628,155,0
1764512515496,630,155,0
1764512515505,632,155,0
1764512515512,634,155,0
1764512515522,635,155,0
1764512515529,636,155,0
1764512515529,637,155,0
1764512515543,638,156,0
1764512515549,640,156,0
1764512515559,642,156,0
1764512515559,643,156,0
1764512515576,645,157,0
1764512515582,647,157,0
1764512515590,651,159,0
1764512515599,656,160,0
1764512515606,660,160,0
1764512515609,663,160,0
1764512515622,667,161,0
1764512515629,672,163,0
1764512515636,677,163,0
1764512515639,683,165,0
1764512515652,687,166,0
1764512515659,693,167,0
1764512515668,696,167,0
1764512515678,700,168,0
1764512515678,706,169,0
1764512515688,709,169,0
1764512515699,713,169,0
1764512515707,716,170,0
1764512515715,718,171,0
1764512515722,719,171,0
1764512515731,721,172,0
1764512515740,724,172,0
1764512515744,725,172,0
1764512515756,727,172,1
1764512515763,729,173,1
1764512515768,732,174,1
1764512515779,734,174,1
1764512515786,742,175,1
1764512515793,745,176,1
1764512515800,748,176,1
1764512515811,750,176,1
1764512515816,752,177,1
1764512515824,754,177,1
1764512515832,755,177,1
1764512515838,756,178,1
1764512515849,757,178,1
1764512515849,758,178,1
1764512515869,759,179,1
1764512515880,761,180,1
1764512515896,763,181,1
1764512515898,767,182,1
1764512515911,770,183,1
1764512515921,773,186,1
1764512515928,776,187,1
1764512515934,781,189,1
1764512515943,783,192,1
1764512515951,785,192,1
1764512515958,786,194,1
1764512515963,788,196,1
1764512515975,788,197,1
1764512515981,789,199,1
1764512515989,789,201,1
1764512515999,790,204,1
1764512516006,791,208,1
1764512516009,791,211,1
1764512516022,792,214,1
1764512516029,793,217,1
1764512516038,793,224,1
1764512516038,793,230,1
1764512516048,794,235,1
1764512516059,796,241,1
1764512516059,797,247,1
1764512516075,798,251,1
1764512516078,798,254,1
1764512516090,799,256,1
1764512516098,801,259,1
1764512516107,801,262,1
1764512516115,802,265,1
1764512516123,804,267,1
1764512516129,804,268,1
1764512516136,804,270,1
1764512516144,804,273,1
1764512516161,804,274,1
1764512516170,804,276,1
1764512516170,805,278,1
1764512516185,805,280,1
1764512516189,806,282,1
1764512516200,806,283,1
1764512516208,806,286,1
1764512516217,806,288,1
1764512516223,806,289,1
1764512516232,806,291,1
1764512516238,806,293,1
1764512516248,806,295,1
1764512516249,806,297,1
1764512516264,805,300,1
1764512516269,804,302,1
1764512516279,804,304,1
1764512516281,804,307,1
1764512516296,803,311,0
1764512516298,803,314,0
1764512516309,802,317,0
1764512516317,801,321,0
1764512516326,800,324,0
1764512516328,800,327,0
1764512516341,799,331,0
1764512516349,797,334,0
1764512516349,796,337,0
1764512516362,795,339,0
1764512516373,794,341,0
1764512516378,793,343,0
1764512516390,792,345,0
1764512516392,791,347,0
1764512516403,791,350,0
1764512516410,790,352,0
1764512516420,789,355,0
1764512516429,789,357,0
1764512516429,788,360,0
1764512516439,788,363,0
1764512516453,787,368,0
1764512516459,787,371,0
1764512516466,787,373,0
1764512516474,786,376,0
1764512516482,785,379,0
1764512516491,785,383,0
1764512516495,785,385,0
1764512516501,784,388,0
1764512516512,783,393,0
1764512516522,782,395,0
1764512516529,780,397,0
1764512516538,780,400,0
1764512516546,779,402,0
1764512516553,777,405,0
1764512516560,775,408,0
1764512516566,773,411,0
1764512516574,772,413,0
1764512516582,771,415,0
1764512516589,770,417,0
1764512516599,769,420,1
1764512516606,768,422,1
1764512516614,766,424,1
1764512516621,764,427,1
1764512516629,763,429,1
1764512516639,762,430,1
1764512516648,761,432,1
1764512516652,759,435,1
1764512516662,758,437,1
1764512516669,757,439,1
1764512516676,755,440,1
1764512516683,754,442,1
1764512516694,752,444,1
1764512516701,751,445,1
1764512516709,749,446,1
1764512516709,749,447,1
1764512516723,748,449,1
1764512516733,745,451,1
1764512516739,745,452,1
1764512516739,743,454,1
1764512516756,742,455,1
1764512516763,739,458,1
1764512516771,739,459,1
1764512516778,736,461,1
1764512516788,735,463,1
1764512516788,734,464,1
1764512516803,732,466,1
1764512516811,731,468,1
1764512516820,729,470,1
1764512516825,728,471,1
1764512516834,727,474,1
1764512516841,725,476,1
1764512516849,725,478,1
1764512516858,724,479,1
1764512516865,724,480,1
1764512516878,724,482,1
1764512516889,722,482,1
1764512516899,721,483,1
1764512516908,720,483,1
1764512516919,718,484,1
1764512516928,717,484,1
1764512516934,715,485,1
1764512516942,713,485,1
1764512516951,711,486,1
1764512516959,709,486,1
1764512516966,706,486,1
1764512516976,704,487,1
1764512516983,702,489,1
1764512516991,699,489,1
1764512516996,697,490,1
1764512517004,695,491,1
1764512517010,693,491,1
1764512517019,691,492,1
1764512517028,689,493,1
1764512517038,686,494,1
1764512517042,684,494,1
1764512517049,682,494,1
1764512517059,678,494,1
1764512517069,674,494,1
1764512517078,672,494,1
1764512517083,668,494,1
1764512517092,664,495,1
1764512517098,658,495,1
1764512517106,655,495,1
1764512517114,650,495,1
1764512517122,647,495,1
1764512517129,643,495,1
1764512517139,641,495,1
1764512517139,639,494,1
1764512517153,635,494,1
1764512517158,633,494,1
1764512517169,630,494,1
1764512517178,628,494,1
1764512517184,626,493,1
1764512517189,624,492,1
1764512517200,620,491,1
1764512517208,618,491,1
1764512517218,615,491,1
1764512517224,612,490,1
1764512517234,609,489,1
1764512517239,607,489,1
1764512517249,605,488,1
1764512517249,603,488,1
1764512517263,602,488,1
1764512517269,599,487,1
1764512517279,597,487,1
1764512517289,596,487,1
1764512517299,595,487,1
1764512517311,594,487,1
1764512517330,593,487,1
1764512517338,592,487,1
1764512517350,591,487,1
1764512517364,588,486,1
1764512517375,587,486,1
1764512517381,585,486,1
1764512517389,585,485,1
1764512517393,584,485,1
1764512517409,582,484,1
1764512517428,581,483,1
1764512517428,580,483,1
1764512517440,579,483,1
1764512517459,578,483,1
1764512517468,576,483,1
1764512517472,575,482,1
1764512517479,573,482,1
1764512517489,572,482,1
1764512517498,570,481,1
1764512517503,567,480,1
1764512517509,565,480,1
1764512517519,556,478,1
1764512517529,551,477,1
1764512517535,545,475,1
1764512517538,541,474,1
1764512517550,535,472,1
1764512517559,529,470,1
1764512517570,526,469,1
1764512517577,523,468,1
1764512517586,521,467,1
1764512517593,519,466,1
1764512517601,518,465,1
1764512517608,516,464,1
1764512517614,514,463,1
1764512517623,513,462,1
1764512517633,511,461,1
1764512517638,510,460,1
1764512517649,509,460,1
1764512517655,509,459,1
1764512517663,508,458,1
1764512517668,506,457,1
1764512517686,505,457,1
1764512517694,505,456,1
1764512517709,504,456,1
1764512517718,503,455,1
1764512517726,501,454,1
1764512517735,500,453,1
1764512517740,498,452,1
1764512517748,496,451,1
1764512517756,495,450,1
1764512517763,493,449,1
1764512517771,490,448,1
1764512517779,490,447,1
1764512517787,489,447,1
1764512517789,487,447,1
1764512517803,487,446,1
1764512517809,486,446,1
1764512517835,485,445,1
1764512517851,484,444,1
1764512517866,483,444,1
1764512517868,482,443,1
1764512517881,481,443,1
1764512517889,480,443,1
1764512517898,479,442,1
1764512517905,478,441,1
1764512517914,477,441,1
1764512517919,476,441,1
1764512517961,476,440,1
1764512517998,476,439,1
1764512518029,475,438,1
1764512518040,474,438,1
1764512518061,474,437,1
1764512518068,473,437,1
1764512518085,473,436,1
1764512518099,472,435,1
1764512518109,472,434,1
1764512518121,471,434,1
1764512518139,471,433,1
1764512518146,471,432,1
1764512518151,471,431,1
1764512518159,470,430,1
1764512518182,470,428,1
1764512518189,469,428,1
1764512518201,468,427,1
1764512518216,468,426,1
1764512518225,467,425,1
1764512518230,467,424,1
1764512518241,466,424,1
1764512518249,466,423,1
1764512518252,466,422,1
1764512518262,466,421,1
1764512518268,466,419,1
1764512518279,465,417,1
1764512518289,465,415,1
1764512518294,465,414,1
1764512518299,465,413,1
1764512518310,465,412,1
1764512518318,465,411,1
1764512518326,465,409,1
1764512518328,465,408,1
1764512518348,465,406,1
1764512518359,465,403,1
1764512518359,465,400,1
1764512518373,464,398,1
1764512518378,463,397,1
1764512518390,463,395,1
1764512518390,463,393,1
1764512518409,462,391,1
1764512518421,462,390,1
1764512518428,462,389,1
1764512518439,461,388,1
1764512518439,461,387,1
1764512518453,461,386,1
1764512518461,461,385,1
1764512518463,460,384,1
1764512518475,460,383,1
1764512518478,460,382,1
1764512518488,459,381,1
1764512518499,459,380,1
1764512518500,459,379,1
1764512518509,458,378,1
1764512518531,457,377,1
1764512518539,457,376,1
1764512518539,457,375,1
1764512518554,457,374,1
1764512518571,457,372,1
1764512518593,457,371,1
1764512518616,457,370,1
1764512518629,457,369,1
0,0,0,0
1764512518643,457,368,1
1764512518668,456,367,1
1764512518696,456,366,1
1764512518719,456,365,1
1764512518729,456,364,1
1764512518738,456,363,1
1764512518758,456,362,1
1764512518789,456,361,1
1764512518815,456,360,1
1764512518826,456,359,1
1764512518838,455,357,1
1764512518847,454,356,1
1764512518940,454,355,1
1764512518963,453,355,1
1764512518978,453,354,1
1764512519009,453,353,1
1764512519019,452,353,1
1764512519057,451,353,1
1764512519184,451,352,1
1764512519200,451,351,1
1764512519231,451,350,1
1764512519319,451,349,1
1764512519353,451,348,1
1764512519395,450,348,1
1764512519416,449,348,1
1764512519454,448,348,1
1764512519486,447,348,1
1764512519523,446,348,1
1764512519556,445,348,1
1764512519618,444,348,1
1764512521386,443,348,1
1764512522599,442,348,1
1764512522761,441,348,1
1764512522779,440,348,1
1764512522789,439,348,1
1764512522789,439,349,1
1764512522803,438,349,1
1764512524018,438,350,1
1764512524028,437,352,1
1764512524038,437,353,1
1764512524049,435,354,1
1764512524059,434,354,1
1764512524066,427,356,1
1764512524073,424,356,1
1764512524081,421,356,1
1764512524089,420,356,1
1764512524092,418,356,1
1764512524103,417,355,1
1764512524111,416,355,0
1764512524119,415,354,0
1764512524124,414,354,0
1764512524133,414,352,0
1764512524144,414,350,0
1764512524151,414,347,0
1764512524161,413,342,0
1764512524167,405,332,0
1764512524175,404,326,0
1764512524183,406,323,0
