software mouseReMoCo;version 1.3.0;isWithLSL false;screenWidth 1264;screenHeight 761;centerX 632;centerY 380;autoStart 3600;cycleMaxNumber 6;cycleDuration 20;borderColor java.awt.Color[r=255,g=255,b=255];textColor java.awt.Color[r=255,g=255,b=255];backgroundColor java.awt.Color[r=0,g=0,b=0];cursorColorRecord java.awt.Color[r=255,g=0,b=0];cursorColorWait java.awt.Color[r=255,g=255,b=0];task circular;cornerX 332;cornerY 80;externalRadius 300;internalRadius 220;borderRadius 1;cursorRadius 16;indexOfDifficulty 34.6912039832575;taskRadius 259.5;taskTolerance 47
2025-11-30 12:09:20.664 +0100

timestamp,mouseX,mouseY,mouseInTarget
1764500976569,384,363,1
1764500977134,384,362,1
1764500977166,384,361,1
1764500977169,385,361,1
1764500977363,385,360,1
1764500977375,385,359,1
1764500977407,386,358,1
1764500977425,386,357,1
1764500977526,386,356,1
1764500977536,387,356,1
1764500977554,387,355,1
1764500977570,387,354,1
1764500977570,388,354,1
1764500977584,388,353,1
1764500977608,389,352,1
1764500977616,389,351,1
1764500977640,390,350,1
1764500977664,390,349,1
1764500977680,391,348,1
1764500977690,392,347,1
1764500977696,392,346,1
1764500977701,393,345,1
1764500977713,394,344,1
1764500977722,395,343,1
1764500977728,396,342,1
1764500977728,397,341,1
1764500977744,398,340,1
1764500977744,399,339,1
1764500977760,400,338,0
1764500977764,401,336,0
1764500977776,402,334,0
1764500977776,403,332,0
1764500977791,404,331,0
1764500977793,405,329,0
1764500977801,406,326,0
1764500977807,407,324,0
1764500977807,408,322,0
1764500977823,409,320,0
1764500977838,410,319,0
1764500977838,411,317,0
1764500977854,412,316,0
1764500977859,413,314,0
1764500977864,414,313,0
1764500977870,415,312,0
1764500977870,415,311,0
1764500977891,416,310,0
1764500977894,417,309,0
1764500977902,417,308,0
1764500977902,418,307,0
1764500977917,418,306,0
1764500977934,419,305,0
1764500977934,419,304,0
1764500977949,420,304,0
1764500977955,420,303,0
1764500977978,420,302,0
1764500977981,421,302,0
1764500978006,421,301,0
1764500978014,422,301,0
1764500978014,423,300,0
1764500978032,423,299,0
1764500978034,424,298,0
1764500978047,425,297,0
1764500978047,425,296,0
1764500978061,426,295,0
1764500978061,427,294,0
1764500978077,428,293,0
1764500978080,428,292,0
1764500978094,429,291,0
1764500978100,430,290,0
1764500978110,431,289,0
1764500978113,432,288,0
1764500978124,432,287,0
1764500978132,433,286,0
1764500978140,434,285,0
1764500978141,435,284,0
1764500978141,436,283,0
1764500978163,437,282,0
1764500978169,438,280,0
1764500978173,438,279,0
1764500978186,439,278,0
1764500978190,440,276,0
1764500978201,441,275,0
1764500978205,442,274,0
1764500978218,442,273,0
1764500978225,443,272,0
1764500978231,443,271,0
1764500978237,444,270,0
1764500978248,444,269,0
1764500978254,445,268,0
1764500978254,445,267,0
1764500978270,445,266,0
1764500978270,446,265,0
1764500978287,446,263,0
1764500978296,447,262,0
1764500978303,447,261,0
1764500978306,448,260,0
1764500978316,449,259,0
1764500978316,449,258,0
1764500978332,450,257,0
1764500978341,451,256,0
1764500978348,451,255,0
1764500978348,452,254,0
1764500978364,453,252,0
1764500978371,454,251,0
1764500978380,455,249,0
1764500978382,456,246,0
1764500978396,457,243,0
1764500978401,458,240,0
1764500978412,459,237,0
1764500978412,460,234,0
1764500978429,461,232,0
1764500978433,462,229,0
1764500978442,463,226,0
1764500978443,464,223,0
1764500978459,465,221,0
1764500978464,466,219,0
1764500978464,467,217,0
1764500978475,468,216,0
1764500978475,469,213,0
1764500978491,470,212,0
1764500978501,471,211,0
1764500978507,472,209,0
1764500978507,473,208,0
1764500978527,474,207,0
1764500978537,475,205,0
1764500978539,476,204,0
1764500978539,478,203,0
1764500978559,479,201,0
1764500978564,480,199,1
1764500978570,482,197,1
1764500978570,483,196,1
1764500978586,485,195,1
1764500978598,487,194,0
1764500978602,489,193,0
1764500978614,491,192,0
1764500978622,492,191,0
1764500978623,494,189,0
1764500978634,495,188,0
1764500978644,497,187,0
1764500978652,499,186,0
1764500978654,501,185,0
1764500978666,503,184,0
1764500978676,505,183,0
1764500978681,508,181,0
1764500978681,511,180,0
1764500978699,514,179,0
1764500978701,516,178,0
1764500978713,519,176,0
1764500978722,522,174,0
1764500978729,525,172,0
1764500978734,528,171,0
1764500978745,532,170,0
1764500978745,535,169,0
1764500978745,538,168,0
1764500978763,541,167,0
1764500978763,544,166,0
1764500978777,547,166,0
1764500978777,550,165,0
1764500978793,553,164,0
1764500978809,556,163,0
1764500978815,559,162,0
1764500978818,562,161,0
1764500978825,565,160,0
1764500978825,568,159,0
1764500978841,571,158,0
1764500978841,574,157,0
1764500978859,577,156,0
1764500978859,580,155,0
1764500978873,583,154,0
1764500978873,586,153,0
1764500978889,589,152,0
1764500978889,592,151,0
1764500978904,594,150,0
1764500978904,597,149,0
1764500978923,599,148,0
1764500978931,602,148,0
1764500978936,604,147,0
1764500978936,606,146,0
1764500978953,608,146,0
1764500978953,610,146,0
1764500978969,611,145,0
1764500978974,612,145,0
1764500978985,614,144,1
1764500978994,615,144,1
1764500979001,617,144,1
1764500979007,618,144,1
1764500979007,619,143,1
1764500979024,621,143,1
1764500979030,622,143,1
1764500979033,623,143,1
1764500979049,624,143,1
1764500979049,625,142,1
1764500979049,626,142,1
1764500979072,627,141,1
1764500979072,628,141,1
1764500979083,629,140,1
1764500979094,631,140,1
1764500979101,632,139,1
1764500979110,633,139,1
1764500979113,634,139,1
1764500979126,635,139,1
1764500979128,636,139,1
1764500979142,637,139,1
1764500979146,638,139,1
1764500979155,639,139,1
1764500979159,640,140,1
1764500979169,641,140,1
1764500979180,642,140,1
1764500979180,643,140,1
1764500979191,644,140,1
1764500979201,645,140,1
1764500979206,646,140,1
1764500979219,647,141,1
1764500979222,648,141,1
1764500979222,649,142,1
1764500979241,650,142,1
1764500979243,651,143,1
1764500979254,653,143,1
1764500979254,654,144,1
1764500979271,656,144,1
1764500979280,658,145,1
1764500979286,660,146,0
1764500979288,661,147,0
1764500979303,663,148,0
1764500979303,664,148,0
1764500979317,667,148,0
1764500979317,669,149,0
1764500979343,675,150,0
1764500979349,678,151,0
1764500979358,681,152,0
1764500979365,683,153,0
1764500979374,686,153,0
1764500979381,688,154,0
1764500979381,691,155,0
1764500979398,694,156,0
1764500979402,697,157,0
1764500979412,699,158,0
1764500979414,702,159,0
1764500979428,705,160,0
1764500979433,707,162,0
1764500979445,711,163,0
1764500979445,714,164,0
1764500979445,717,165,0
1764500979464,721,166,0
1764500979474,725,167,0
1764500979477,728,168,0
1764500979477,732,169,0
1764500979492,735,170,0
1764500979502,739,171,0
1764500979509,742,173,0
1764500979509,745,174,0
1764500979524,747,175,0
1764500979529,750,177,0
1764500979544,753,178,0
1764500979545,756,180,0
1764500979558,759,181,1
1764500979562,762,184,0
1764500979574,765,186,0
1764500979581,767,187,0
1764500979588,769,189,0
1764500979590,771,191,0
1764500979604,774,192,0
1764500979604,776,194,0
1764500979620,777,194,0
1764500979620,779,196,0
1764500979637,781,197,0
1764500979645,782,198,0
1764500979651,784,200,0
1764500979660,785,201,0
1764500979667,786,202,0
1764500979676,788,204,0
1764500979683,789,205,0
1764500979692,790,206,0
1764500979699,791,208,0
1764500979706,792,211,0
1764500979715,793,212,0
1764500979715,794,214,0
1764500979731,796,216,0
1764500979734,797,217,0
1764500979746,800,220,0
1764500979746,802,221,0
1764500979762,804,224,0
1764500979767,806,226,0
1764500979778,808,228,0
1764500979778,810,230,0
1764500979778,812,232,0
1764500979795,815,234,0
1764500979802,818,237,0
1764500979813,820,239,0
1764500979813,821,242,0
1764500979825,823,244,0
1764500979841,824,247,0
1764500979844,825,250,0
1764500979844,826,253,0
1764500979861,827,256,0
1764500979861,828,259,0
1764500979872,829,261,0
1764500979872,830,263,0
1764500979888,831,266,0
1764500979902,832,268,0
1764500979904,834,270,0
1764500979904,836,272,0
1764500979920,838,274,0
1764500979920,841,276,0
1764500979939,843,278,0
1764500979946,846,279,1
1764500979952,848,282,1
1764500979952,850,284,1
1764500979968,852,287,1
1764500979968,854,289,1
1764500979984,855,292,1
1764500979984,856,294,1
1764500980000,857,296,1
1764500980008,858,299,1
1764500980017,859,301,1
1764500980020,860,304,1
1764500980032,861,307,1
1764500980032,862,309,1
1764500980048,863,312,1
1764500980054,864,315,1
1764500980064,865,317,1
1764500980064,866,320,1
1764500980080,867,323,1
1764500980089,868,325,1
1764500980096,868,327,1
1764500980102,869,330,1
1764500980110,870,333,1
1764500980111,871,335,1
1764500980127,872,337,1
1764500980127,873,340,1
1764500980143,874,343,1
1764500980146,875,346,1
1764500980159,875,348,1
1764500980159,876,350,1
1764500980170,876,353,1
1764500980174,876,355,1
1764500980174,876,357,1
1764500980194,876,358,1
1764500980202,875,361,1
1764500980206,874,362,1
1764500980206,874,365,1
1764500980223,873,367,1
1764500980223,872,368,1
1764500980242,872,371,1
1764500980250,871,373,1
1764500980254,870,375,1
1764500980265,870,377,1
1764500980274,869,379,1
1764500980274,868,381,1
1764500980288,867,383,0
1764500980298,866,385,0
1764500980302,865,387,0
1764500980312,864,390,0
1764500980319,863,391,0
1764500980322,862,394,0
1764500980333,862,397,0
1764500980333,861,400,0
1764500980359,859,404,0
1764500980365,858,408,0
1764500980365,858,410,0
1764500980381,857,414,0
1764500980386,856,416,0
1764500980397,856,420,0
1764500980402,855,423,0
1764500980412,855,426,0
1764500980412,854,429,0
1764500980412,854,431,0
1764500980428,853,434,0
1764500980444,853,437,0
1764500980444,853,440,0
1764500980459,854,442,0
1764500980462,854,446,0
1764500980475,854,448,0
1764500980478,855,450,0
1764500980490,855,452,0
1764500980498,855,454,0
1764500980503,856,456,1
1764500980508,857,458,1
1764500980522,857,459,1
1764500980524,858,461,1
1764500980538,859,463,1
1764500980541,860,464,1
1764500980541,861,465,1
1764500980557,861,466,1
1764500980557,862,467,1
1764500980574,862,468,1
1764500980574,862,470,1
1764500980585,862,471,1
1764500980597,862,472,1
1764500980602,862,474,1
1764500980602,861,474,1
1764500980616,861,476,1
1764500980616,860,477,1
1764500980632,859,479,1
1764500980632,859,480,1
1764500980648,858,483,1
1764500980663,857,484,1
1764500980666,856,486,1
1764500980679,855,487,1
1764500980679,854,489,1
1764500980679,853,491,1
1764500980699,852,493,1
1764500980703,851,494,1
1764500980711,850,495,1
1764500980711,849,497,1
1764500980727,848,499,1
1764500980727,847,500,1
1764500980745,846,502,1
1764500980753,844,504,1
1764500980759,843,506,1
1764500980759,841,508,1
1764500980775,840,510,1
1764500980775,838,512,1
1764500980793,836,514,1
1764500980793,834,517,1
1764500980807,832,519,1
1764500980807,830,521,1
1764500980824,828,522,1
1764500980827,826,524,1
1764500980840,824,527,1
1764500980843,823,528,1
1764500980856,822,531,1
1764500980856,821,533,1
1764500980872,819,535,1
1764500980872,818,537,1
1764500980872,817,538,1
1764500980894,816,541,1
1764500980894,815,543,1
1764500980903,814,545,1
1764500980918,813,546,1
1764500980926,812,548,1
1764500980934,810,549,1
1764500980939,808,551,1
1764500980944,806,553,1
1764500980950,804,555,1
1764500980950,802,557,1
1764500980971,799,559,1
1764500980980,797,561,1
1764500980981,795,563,1
1764500980981,792,564,1
1764500981002,790,566,1
1764500981010,788,568,1
1764500981013,787,570,1
1764500981027,785,571,1
1764500981032,783,573,1
1764500981032,781,574,1
1764500981045,779,576,1
1764500981045,778,578,1
1764500981061,776,580,1
1764500981061,774,582,1
1764500981079,772,585,1
1764500981088,770,587,1
1764500981093,768,589,1
1764500981103,766,591,1
1764500981111,764,592,1
1764500981111,762,593,1
1764500981125,761,595,1
1764500981125,759,596,1
1764500981140,758,597,1
1764500981140,756,598,1
1764500981156,755,599,1
1764500981156,753,600,1
1764500981172,751,601,1
1764500981172,749,602,1
1764500981188,747,603,1
1764500981188,744,604,1
1764500981204,742,605,1
1764500981204,739,606,1
1764500981220,737,607,1
1764500981222,734,608,1
1764500981236,733,609,1
1764500981236,730,610,1
1764500981252,727,611,1
1764500981252,725,612,1
1764500981252,722,613,1
1764500981267,719,614,1
1764500981267,716,615,1
1764500981283,713,616,1
1764500981298,711,616,1
1764500981303,708,617,1
1764500981314,705,617,1
1764500981314,702,618,1
1764500981314,699,619,1
1764500981334,695,619,1
1764500981334,692,619,1
1764500981346,688,619,1
1764500981346,684,619,1
1764500981368,681,618,1
1764500981370,677,618,1
1764500981381,673,618,1
1764500981381,669,618,1
1764500981394,666,618,1
1764500981403,662,618,1
1764500981408,659,617,1
1764500981408,656,617,1
1764500981425,653,616,1
1764500981438,650,616,1
1764500981440,647,615,0
1764500981440,644,615,0
1764500981459,641,615,0
1764500981461,638,615,0
1764500981472,635,615,0
1764500981472,632,614,0
1764500981490,629,614,0
1764500981500,626,614,0
1764500981503,623,613,0
1764500981509,620,613,0
1764500981522,617,613,0
1764500981522,614,612,0
1764500981535,611,612,0
1764500981535,608,611,0
1764500981553,605,610,0
1764500981553,602,609,0
1764500981567,599,609,0
1764500981567,596,608,0
1764500981583,592,608,0
1764500981592,589,607,0
1764500981599,586,606,0
1764500981604,583,606,0
1764500981615,580,606,0
1764500981617,577,605,0
1764500981634,574,604,0
1764500981634,571,603,0
1764500981634,567,602,0
1764500981653,564,602,0
1764500981653,561,601,0
1764500981663,558,600,0
1764500981663,555,600,0
1764500981679,552,599,0
1764500981679,549,599,0
1764500981703,546,599,0
1764500981710,543,598,0
1764500981710,540,598,1
1764500981710,537,597,1
1764500981726,534,597,1
1764500981726,531,597,1
1764500981745,528,596,1
1764500981745,525,596,1
1764500981758,522,595,1
1764500981758,519,594,1
1764500981773,516,593,1
1764500981773,513,592,1
1764500981789,511,592,1
1764500981789,509,591,1
1764500981805,506,591,1
1764500981805,503,591,1
1764500981821,501,592,1
1764500981821,498,592,1
1764500981837,496,592,1
1764500981848,493,591,1
1764500981853,490,591,1
1764500981853,487,590,1
1764500981869,485,590,1
1764500981869,482,589,1
1764500981886,480,588,1
1764500981886,479,587,1
1764500981904,477,586,1
1764500981905,475,585,1
1764500981916,474,584,1
1764500981921,472,582,1
1764500981934,470,581,1
1764500981934,469,580,1
1764500981948,468,578,1
1764500981953,467,576,1
1764500981965,466,574,1
1764500981965,465,573,1
1764500981980,464,571,1
1764500981988,463,569,1
1764500981996,462,568,1
1764500981998,461,565,1
1764500982009,460,563,1
1764500982012,459,560,1
1764500982028,457,557,1
1764500982028,456,554,1
1764500982028,454,552,1
1764500982044,453,549,1
1764500982044,451,547,1
1764500982059,449,545,1
1764500982059,447,543,1
1764500982076,445,541,1
1764500982076,443,538,1
1764500982094,441,536,1
1764500982094,440,534,1
1764500982108,439,533,1
1764500982108,438,531,1
1764500982123,437,530,1
1764500982123,436,528,1
1764500982139,435,526,1
1764500982139,434,523,1
1764500982156,433,522,1
1764500982156,432,519,1
1764500982171,431,517,1
1764500982182,430,515,1
1764500982188,429,513,1
1764500982198,427,511,1
1764500982205,425,509,1
1764500982205,424,507,1
1764500982219,422,506,1
1764500982219,421,504,1
1764500982235,419,501,1
1764500982239,417,499,1
1764500982250,416,497,1
1764500982250,414,494,1
1764500982266,413,492,1
1764500982266,412,490,1
1764500982282,411,488,1
1764500982284,410,485,1
1764500982298,409,482,1
1764500982305,409,480,1
1764500982314,408,478,1
1764500982314,407,475,1
1764500982330,406,474,1
1764500982334,405,472,1
1764500982346,404,470,1
1764500982350,403,468,1
1764500982350,402,467,1
1764500982368,401,465,1
1764500982370,400,463,1
1764500982382,399,462,1
1764500982392,398,459,1
1764500982393,397,457,1
1764500982405,396,455,1
1764500982409,396,453,1
1764500982423,395,450,1
1764500982425,394,447,1
1764500982438,394,444,1
1764500982443,393,441,1
1764500982454,393,438,1
1764500982458,393,435,1
1764500982471,393,432,1
1764500982475,393,430,1
1764500982475,393,428,1
1764500982491,393,425,1
1764500982492,394,423,1
1764500982505,395,420,1
1764500982510,395,417,1
1764500982523,395,415,1
1764500982529,395,412,1
1764500982536,396,410,1
1764500982536,396,407,1
1764500982552,396,405,1
1764500982554,396,402,1
1764500982569,396,399,1
1764500982569,396,396,1
1764500982585,396,394,1
1764500982594,396,391,1
1764500982601,396,388,1
1764500982606,396,385,1
1764500982615,397,383,0
1764500982624,397,380,0
1764500982631,398,377,0
1764500982631,398,375,0
1764500982648,398,372,0
1764500982654,398,370,0
1764500982664,399,367,0
1764500982664,399,365,0
1764500982664,399,362,0
1764500982683,399,359,0
1764500982683,399,356,0
1764500982695,400,354,0
1764500982706,400,351,0
1764500982714,400,349,0
1764500982726,400,347,0
1764500982726,400,345,0
1764500982726,400,343,0
1764500982747,400,341,0
1764500982752,399,339,1
1764500982761,399,338,1
1764500982761,399,336,1
1764500982774,399,333,1
1764500982774,399,331,1
1764500982794,399,329,1
1764500982794,399,327,1
1764500982806,399,324,1
1764500982806,399,322,1
1764500982824,400,319,1
1764500982832,400,316,1
1764500982837,401,313,1
1764500982837,401,310,1
1764500982852,402,307,1
1764500982852,403,304,1
1764500982868,404,302,1
1764500982868,405,299,1
1764500982887,406,296,1
1764500982887,407,293,1
1764500982900,407,290,1
1764500982906,408,288,1
1764500982920,409,286,1
1764500982928,410,283,1
1764500982932,411,280,1
1764500982932,412,277,1
1764500982947,413,274,1
1764500982957,414,271,1
1764500982963,414,268,1
1764500982963,415,266,1
1764500982981,416,263,1
1764500982990,417,260,1
1764500982995,418,257,1
1764500983004,419,254,1
1764500983011,420,252,1
1764500983020,421,249,1
1764500983027,422,247,1
1764500983034,423,245,1
1764500983044,424,242,1
1764500983051,425,240,1
1764500983054,427,238,1
1764500983063,428,235,1
1764500983075,430,233,1
1764500983075,432,231,1
1764500983091,435,228,1
1764500983097,437,226,1
1764500983100,438,223,1
1764500983114,440,221,1
1764500983122,441,219,1
1764500983125,442,218,1
1764500983125,443,215,1
1764500983138,445,212,1
1764500983138,446,210,1
1764500983154,447,209,1
1764500983154,448,206,1
1764500983171,449,204,1
1764500983185,450,202,1
1764500983190,451,200,1
1764500983198,452,199,1
1764500983201,453,197,1
1764500983206,455,194,1
1764500983218,457,194,1
1764500983218,458,192,1
1764500983234,459,191,1
1764500983234,461,189,1
1764500983248,462,189,1
1764500983248,464,188,1
1764500983264,465,186,1
1764500983264,467,186,1
1764500983283,469,185,1
1764500983286,471,184,1
1764500983296,473,183,1
1764500983307,475,181,1
1764500983314,478,181,1
1764500983314,480,180,1
1764500983327,483,178,1
1764500983327,485,177,1
1764500983345,487,176,1
1764500983345,490,175,1
1764500983359,493,174,1
1764500983370,495,173,1
1764500983375,501,171,1
1764500983391,504,170,1
1764500983391,507,169,1
1764500983407,510,168,1
1764500983409,513,167,1
1764500983423,516,166,1
1764500983432,519,165,1
1764500983441,522,164,1
1764500983448,525,163,1
1764500983448,527,162,1
1764500983455,531,161,1
1764500983471,534,160,1
1764500983474,537,159,1
1764500983487,540,158,1
1764500983487,543,157,1
1764500983503,545,156,1
1764500983507,548,155,1
1764500983510,550,154,1
1764500983519,553,153,1
1764500983519,556,152,1
1764500983535,559,151,1
1764500983535,562,150,1
1764500983550,564,149,1
1764500983550,566,148,1
1764500983571,568,147,1
1764500983571,569,146,1
1764500983582,571,145,1
1764500983582,573,144,1
1764500983601,575,143,1
1764500983608,577,142,1
1764500983614,579,141,1
1764500983614,581,140,1
1764500983629,584,138,1
1764500983629,586,137,1
1764500983645,589,136,1
1764500983656,592,135,1
1764500983663,595,134,1
1764500983665,598,133,1
1764500983677,601,132,1
1764500983677,604,131,1
1764500983694,607,131,1
1764500983694,609,130,1
1764500983708,612,129,1
1764500983708,615,128,1
1764500983725,618,127,1
1764500983729,621,126,1
1764500983740,624,125,1
1764500983740,627,124,1
1764500983758,630,123,1
1764500983761,633,122,1
1764500983772,636,121,1
1764500983772,639,120,1
1764500983788,642,119,1
1764500983788,644,118,1
1764500983804,646,117,1
1764500983808,649,117,1
1764500983820,652,117,1
1764500983820,654,117,1
1764500983820,656,117,1
1764500983838,657,117,1
1764500983838,659,117,1
1764500983851,661,117,1
1764500983867,664,117,1
1764500983867,666,116,1
1764500983882,668,116,1
1764500983882,671,116,1
1764500983898,674,116,1
1764500983901,676,117,1
1764500983908,679,117,1
1764500983914,682,117,1
1764500983914,685,118,1
1764500983930,688,119,1
1764500983930,691,119,1
1764500983945,694,120,1
1764500983945,697,120,1
1764500983963,700,121,1
1764500983977,702,122,1
1764500983977,705,123,1
1764500983977,708,124,1
1764500983993,711,125,1
1764500984006,714,126,1
1764500984011,717,127,1
1764500984022,720,128,1
1764500984023,723,129,1
1764500984036,726,130,1
1764500984039,729,131,1
1764500984039,732,132,1
1764500984060,735,133,1
1764500984068,738,134,1
1764500984071,741,136,1
1764500984084,744,137,1
1764500984089,747,139,1
1764500984089,750,140,1
1764500984102,753,141,1
1764500984114,755,142,1
1764500984121,758,143,1
1764500984130,760,144,1
1764500984134,763,145,1
1764500984134,765,146,1
1764500984152,767,148,1
1764500984152,770,149,1
1764500984166,773,151,1
1764500984171,775,152,1
1764500984182,778,154,1
1764500984182,781,155,1
1764500984197,783,157,1
1764500984208,785,158,1
1764500984213,787,159,1
1764500984213,788,161,1
1764500984229,790,162,1
1764500984232,791,163,1
1764500984246,793,164,1
1764500984250,794,165,1
1764500984262,795,166,1
1764500984266,796,167,1
1764500984280,797,169,1
1764500984280,798,171,1
1764500984280,799,172,1
1764500984300,800,174,1
1764500984310,801,175,1
1764500984312,802,177,1
1764500984324,804,178,1
1764500984325,805,180,1
1764500984325,806,182,1
1764500984343,807,185,1
1764500984354,808,187,1
1764500984357,809,189,1
1764500984357,811,192,1
1764500984373,813,194,1
1764500984386,814,196,1
1764500984393,815,198,1
1764500984398,816,200,1
1764500984408,818,203,1
1764500984408,819,205,1
1764500984421,820,208,1
1764500984421,821,211,1
1764500984439,822,213,1
1764500984448,823,215,1
1764500984453,824,217,1
1764500984453,826,220,1
1764500984469,827,223,1
1764500984469,828,226,1
1764500984485,829,228,1
1764500984485,830,230,1
1764500984501,832,232,1
1764500984508,833,233,1
1764500984517,835,235,1
1764500984526,837,237,1
1764500984533,838,238,1
1764500984533,840,240,1
1764500984550,841,241,1
1764500984550,843,243,1
1764500984564,845,246,1
1764500984573,846,248,1
1764500984580,848,251,1
1764500984588,849,252,1
1764500984596,851,255,1
1764500984596,852,257,1
1764500984610,854,258,1
1764500984612,856,260,1
1764500984626,859,261,1
1764500984627,860,263,1
1764500984643,862,264,1
1764500984643,864,266,1
1764500984659,866,266,1
1764500984662,868,268,1
1764500984672,869,269,1
1764500984677,870,271,1
1764500984677,871,272,1
1764500984691,872,274,1
1764500984704,873,276,1
1764500984711,874,278,1
1764500984711,875,280,1
1764500984723,876,282,1
1764500984723,877,286,1
1764500984741,878,288,1
1764500984749,878,290,1
1764500984755,879,292,1
1764500984755,879,295,1
1764500984773,879,298,1
1764500984782,879,300,1
1764500984786,880,303,1
1764500984790,880,305,1
1764500984802,880,308,1
1764500984812,880,310,1
1764500984818,880,313,1
1764500984828,880,315,1
1764500984834,880,317,1
1764500984844,880,320,1
1764500984852,880,322,1
1764500984852,880,324,1
1764500984865,881,326,1
1764500984865,881,327,1
1764500984882,881,330,1
1764500984882,881,333,1
1764500984898,881,335,1
1764500984898,881,337,1
1764500984914,881,340,1
1764500984922,881,342,1
1764500984922,881,345,1
1764500984930,881,348,1
1764500984945,880,349,1
1764500984950,880,352,1
1764500984950,880,355,1
1764500984961,881,357,1
1764500984977,881,360,1
1764500984980,881,362,1
1764500984988,881,364,1
1764500984998,881,366,1
1764500984998,881,368,1
1764500985014,882,371,1
1764500985014,882,373,1
1764500985024,883,376,1
1764500985039,883,378,1
1764500985039,883,381,1
1764500985039,884,383,1
1764500985055,884,385,1
1764500985055,885,388,1
1764500985074,885,390,1
1764500985085,885,392,1
1764500985087,886,395,1
1764500985087,887,397,1
1764500985107,887,399,1
1764500985113,887,402,1
1764500985119,887,404,1
1764500985119,887,406,1
1764500985135,887,408,1
1764500985135,887,411,1
1764500985154,887,414,1
1764500985154,887,416,1
1764500985166,887,419,1
1764500985172,887,421,1
1764500985184,887,423,1
1764500985185,887,426,1
1764500985200,887,428,1
1764500985200,887,431,1
1764500985214,887,433,1
1764500985214,886,435,1
1764500985230,885,436,1
1764500985230,885,439,1
1764500985246,884,441,1
1764500985250,884,442,1
1764500985262,883,444,1
1764500985266,882,446,1
1764500985278,881,447,1
1764500985283,880,448,1
1764500985294,879,450,1
1764500985296,878,452,1
1764500985296,876,454,1
1764500985314,875,456,1
1764500985314,874,459,1
1764500985326,872,461,1
1764500985326,870,465,1
1764500985341,869,467,1
1764500985357,867,471,1
1764500985357,865,474,1
1764500985373,863,477,1
1764500985375,861,480,1
1764500985375,860,482,1
1764500985389,858,485,1
1764500985389,857,487,1
1764500985419,854,492,1
1764500985426,853,494,1
1764500985426,852,496,1
1764500985436,850,499,1
1764500985448,849,500,1
1764500985454,849,502,1
1764500985464,848,504,1
1764500985468,847,505,1
1764500985480,846,507,1
1764500985486,846,508,1
1764500985486,845,510,1
1764500985500,844,511,1
1764500985511,843,513,1
1764500985518,842,514,1
1764500985526,841,516,1
1764500985534,840,517,1
1764500985534,839,518,1
1764500985548,838,519,1
1764500985558,837,520,1
1764500985564,836,521,1
1764500985572,835,522,1
1764500985580,834,523,1
1764500985580,833,524,1
1764500985596,832,525,1
1764500985598,831,526,1
1764500985613,830,527,1
1764500985613,829,528,1
1764500985629,828,530,1
1764500985632,827,531,1
1764500985632,826,533,1
1764500985644,825,534,1
1764500985659,824,536,1
1764500985660,822,538,1
1764500985660,821,540,1
1764500985676,819,542,1
1764500985691,817,544,1
1764500985691,814,546,1
1764500985691,813,549,1
1764500985707,811,551,1
1764500985713,809,555,1
1764500985728,806,557,1
1764500985728,804,560,1
1764500985739,801,561,1
1764500985739,799,563,1
1764500985755,797,565,1
1764500985755,795,567,1
1764500985771,793,569,1
1764500985780,790,571,1
1764500985786,788,574,1
1764500985798,786,576,1
1764500985805,784,578,1
1764500985814,781,580,1
1764500985818,779,583,1
1764500985818,776,585,1
1764500985833,774,586,1
1764500985833,772,587,1
1764500985849,770,589,1
1764500985849,768,590,1
1764500985868,767,591,1
1764500985868,765,593,1
1764500985884,762,594,1
1764500985890,760,595,1
1764500985898,758,596,1
1764500985898,756,597,1
1764500985914,754,598,1
1764500985914,752,599,1
1764500985930,750,600,1
1764500985930,748,601,1
1764500985946,745,602,1
1764500985950,743,603,1
1764500985961,740,605,1
1764500985966,738,606,1
1764500985977,736,607,1
1764500985978,733,608,1
1764500985978,731,609,1
1764500985993,728,610,1
1764500985993,725,612,1
1764500986014,722,613,1
1764500986014,720,614,1
1764500986025,717,615,1
1764500986039,715,616,1
1764500986041,713,617,1
1764500986041,711,618,1
1764500986057,709,619,1
1764500986071,706,620,1
1764500986074,704,621,1
1764500986074,702,622,1
1764500986089,699,623,1
1764500986089,697,623,1
1764500986105,695,624,1
1764500986114,692,625,1
1764500986120,690,625,1
1764500986120,687,626,1
1764500986140,684,627,1
1764500986146,681,627,1
1764500986152,678,628,1
1764500986152,675,628,1
1764500986170,672,629,1
1764500986173,668,629,1
1764500986183,665,630,1
1764500986195,662,630,1
1764500986199,659,630,1
1764500986199,655,631,1
1764500986215,652,632,1
1764500986225,648,632,1
1764500986232,644,633,1
1764500986240,640,634,1
1764500986246,636,634,1
1764500986256,632,635,1
1764500986262,628,635,1
1764500986262,624,636,1
1764500986278,620,636,1
1764500986278,616,636,1
1764500986294,612,637,1
1764500986299,608,638,1
1764500986309,604,639,1
1764500986315,601,639,1
1764500986326,598,640,1
1764500986326,595,641,1
1764500986326,592,641,1
1764500986348,589,641,1
1764500986348,586,641,1
1764500986365,583,641,1
1764500986372,581,641,1
1764500986372,579,640,1
1764500986388,578,639,1
1764500986394,576,638,1
1764500986394,575,637,1
1764500986405,573,636,1
1764500986415,571,635,1
1764500986426,570,634,1
1764500986429,569,633,1
1764500986436,568,632,1
1764500986436,567,631,1
1764500986452,566,631,1
1764500986452,564,629,1
1764500986472,563,628,1
1764500986474,561,627,1
1764500986487,560,626,1
1764500986487,558,624,1
1764500986500,557,623,1
1764500986511,555,622,1
1764500986515,553,621,1
1764500986515,551,619,1
1764500986534,550,618,1
1764500986542,548,617,1
1764500986546,546,616,1
1764500986546,545,614,1
1764500986562,543,612,1
1764500986574,541,609,1
1764500986582,540,607,1
1764500986582,538,604,1
1764500986594,535,602,1
1764500986594,533,599,1
1764500986612,531,596,1
1764500986615,529,593,1
1764500986626,526,590,0
1764500986626,524,587,0
1764500986644,521,584,0
1764500986652,518,582,0
1764500986658,515,580,0
1764500986658,512,578,0
1764500986674,509,577,0
1764500986674,507,575,0
1764500986690,504,574,0
1764500986690,502,572,0
1764500986706,499,570,0
1764500986715,496,568,0
1764500986722,493,565,0
1764500986722,490,563,0
1764500986722,487,562,0
1764500986742,484,560,0
1764500986742,481,559,0
1764500986753,478,558,0
1764500986753,475,557,1
1764500986771,471,556,1
1764500986785,468,554,1
1764500986785,465,553,1
1764500986785,461,552,1
1764500986805,458,551,1
1764500986815,454,550,1
1764500986817,451,549,1
1764500986817,448,548,1
1764500986833,445,547,1
1764500986833,443,546,1
1764500986848,440,545,1
1764500986848,437,544,1
1764500986868,435,543,1
1764500986874,432,542,1
1764500986880,431,541,1
1764500986880,429,540,1
1764500986900,427,539,1
1764500986900,426,538,1
1764500986912,425,538,1
1764500986915,424,537,1
1764500986930,423,536,1
1764500986934,422,535,1
1764500986946,421,534,1
1764500986946,420,533,1
1764500986959,419,532,1
1764500986959,418,531,1
1764500986978,417,530,1
1764500986984,416,529,1
1764500986992,415,528,1
1764500986994,414,526,1
1764500987008,414,525,1
1764500987015,413,523,1
1764500987024,412,521,1
1764500987024,411,518,1
1764500987040,410,516,1
1764500987040,410,514,1
1764500987055,409,513,1
1764500987060,408,511,1
1764500987060,407,509,1
1764500987079,407,506,1
1764500987079,406,503,1
1764500987089,405,500,1
1764500987103,404,497,1
1764500987103,404,494,1
1764500987115,403,491,1
1764500987124,402,488,1
1764500987124,401,485,1
1764500987135,401,482,1
1764500987135,400,479,1
1764500987150,399,476,1
1764500987165,398,473,1
1764500987172,397,469,1
1764500987172,396,466,1
1764500987186,395,463,1
1764500987195,394,460,1
1764500987198,393,457,1
1764500987198,392,454,1
1764500987215,392,451,1
1764500987215,391,448,1
1764500987229,389,445,1
1764500987229,388,442,1
1764500987245,387,440,1
1764500987257,386,436,1
1764500987261,385,433,1
1764500987273,384,430,1
1764500987280,383,427,1
1764500987282,382,424,1
1764500987295,381,421,1
1764500987295,380,418,1
1764500987309,379,416,1
1764500987315,379,413,1
1764500987326,378,410,1
1764500987326,378,407,1
1764500987342,378,405,1
1764500987342,377,402,1
1764500987358,377,400,1
1764500987358,377,397,1
1764500987358,377,394,1
1764500987374,377,392,1
1764500987389,377,389,1
1764500987389,377,387,1
1764500987405,377,384,1
1764500987405,377,381,1
1764500987415,377,378,1
1764500987430,377,376,1
1764500987432,377,373,1
1764500987437,378,371,1
1764500987437,378,368,1
1764500987458,379,365,1
1764500987458,379,363,1
1764500987474,380,361,1
1764500987474,381,358,1
1764500987484,382,356,1
1764500987484,383,354,1
1764500987501,384,352,1
1764500987511,385,350,1
1764500987515,386,348,1
1764500987529,386,346,1
1764500987532,387,344,1
1764500987545,387,342,1
1764500987550,388,340,1
1764500987550,388,337,1
1764500987563,389,335,1
1764500987563,389,333,1
1764500987581,390,330,1
1764500987581,391,327,1
1764500987595,392,325,1
1764500987595,393,322,1
1764500987611,394,320,1
1764500987615,395,317,1
1764500987626,396,314,1
1764500987629,397,311,1
1764500987644,398,308,1
1764500987644,399,305,1
1764500987658,400,302,1
1764500987663,401,299,1
1764500987676,402,296,1
1764500987679,403,293,1
1764500987690,404,290,1
1764500987698,405,287,1
1764500987706,406,285,1
1764500987706,408,282,1
1764500987722,409,279,1
1764500987730,410,277,1
1764500987737,411,274,1
1764500987747,411,272,1
1764500987748,412,270,1
1764500987760,413,268,1
1764500987760,413,265,1
1764500987771,413,262,1
1764500987785,414,260,1
1764500987786,414,257,1
1764500987786,415,254,1
1764500987803,416,252,1
1764500987803,417,250,1
1764500987817,418,248,1
1764500987817,418,246,1
1764500987834,419,243,1
1764500987834,420,242,1
1764500987849,421,240,1
1764500987849,422,238,1
1764500987870,423,236,1
1764500987870,424,235,1
1764500987881,425,233,1
1764500987881,426,232,1
1764500987899,427,231,1
1764500987899,428,229,1
1764500987915,429,228,1
1764500987915,430,227,1
1764500987929,431,225,1
1764500987929,433,224,1
1764500987945,435,222,1
1764500987945,437,221,1
1764500987962,440,219,1
1764500987962,443,218,1
1764500987976,446,216,1
1764500987987,448,215,1
1764500987992,450,214,1
1764500987992,451,213,1
1764500988008,453,212,1
1764500988015,456,211,1
1764500988024,458,210,1
1764500988026,461,208,1
1764500988040,463,207,1
1764500988048,466,205,1
1764500988056,469,204,1
1764500988065,472,203,1
1764500988065,474,201,1
1764500988072,477,200,1
1764500988072,480,198,1
1764500988088,483,197,0
1764500988088,486,195,0
1764500988103,489,194,0
1764500988115,491,192,0
1764500988125,493,191,0
1764500988128,495,188,0
1764500988135,496,186,1
1764500988135,498,185,1
1764500988150,500,184,1
1764500988150,501,183,1
1764500988172,503,181,1
1764500988172,504,181,1
1764500988182,506,179,1
1764500988197,508,178,1
1764500988197,509,177,1
1764500988197,510,176,1
1764500988215,512,174,1
1764500988215,513,173,1
1764500988229,514,172,1
1764500988229,515,170,1
1764500988245,516,169,1
1764500988245,518,168,1
1764500988262,519,167,1
1764500988262,520,165,1
1764500988276,521,164,1
1764500988276,522,163,1
1764500988292,523,162,1
1764500988305,524,161,1
1764500988308,526,160,1
1764500988315,527,158,1
1764500988328,529,157,1
1764500988332,532,156,1
1764500988340,534,155,1
1764500988340,536,154,1
1764500988358,539,153,1
1764500988365,541,152,1
1764500988371,544,151,1
1764500988371,546,150,1
1764500988390,548,149,1
1764500988393,550,148,1
1764500988406,552,147,1
1764500988406,554,146,1
1764500988419,555,145,1
1764500988419,558,144,1
1764500988443,563,142,1
1764500988452,566,141,1
1764500988452,569,140,1
1764500988452,572,139,1
1764500988468,575,138,1
1764500988468,578,137,1
1764500988483,581,136,1
1764500988499,584,135,1
1764500988499,587,134,1
1764500988513,589,133,1
1764500988515,592,132,1
1764500988527,596,131,1
1764500988534,599,130,1
1764500988543,603,129,1
1764500988551,606,128,1
1764500988554,609,127,1
1764500988562,612,126,1
1764500988576,615,126,1
1764500988585,618,125,1
1764500988585,621,124,1
1764500988595,624,123,1
1764500988595,626,122,1
1764500988614,629,121,1
1764500988619,632,120,1
1764500988626,635,119,1
1764500988626,638,118,1
1764500988644,640,117,1
1764500988648,643,116,1
1764500988657,645,116,1
1764500988668,648,115,1
1764500988676,650,115,1
1764500988685,653,115,1
1764500988690,655,115,1
1764500988698,657,115,1
1764500988706,658,115,1
1764500988706,660,115,1
1764500988720,662,116,1
1764500988720,664,116,1
1764500988736,666,117,1
1764500988736,668,117,1
1764500988753,670,117,1
1764500988753,672,117,1
1764500988767,674,117,1
1764500988778,677,117,1
1764500988783,679,117,1
1764500988792,681,117,1
1764500988800,684,118,1
1764500988800,686,118,1
1764500988815,688,119,1
1764500988820,690,120,1
1764500988830,691,121,1
1764500988830,692,122,1
1764500988846,694,123,1
1764500988846,696,123,1
1764500988863,698,124,1
1764500988864,700,125,1
1764500988878,702,126,1
1764500988878,704,127,1
1764500988894,707,128,1
1764500988894,708,129,1
1764500988894,711,130,1
1764500988916,713,131,1
1764500988916,716,132,1
1764500988926,718,133,1
1764500988926,721,134,1
1764500988946,724,135,1
1764500988946,728,136,1
1764500988960,731,137,1
1764500988970,734,139,1
1764500988974,737,140,1
1764500988974,740,142,1
1764500988990,743,143,1
1764500988990,746,144,1
1764500989006,749,146,1
1764500989016,752,147,1
1764500989021,755,149,1
1764500989021,758,151,1
1764500989037,761,152,1
1764500989037,764,154,1
1764500989053,767,155,1
1764500989053,770,157,1
1764500989068,773,159,1
1764500989068,776,161,1
1764500989084,779,162,1
1764500989084,782,163,1
1764500989100,785,164,1
1764500989100,787,165,1
1764500989116,790,166,1
1764500989116,792,167,1
1764500989132,794,168,1
1764500989132,796,169,1
1764500989148,798,170,1
1764500989148,800,171,1
1764500989164,802,173,1
1764500989173,803,174,1
1764500989180,804,175,1
1764500989180,806,177,1
1764500989196,808,178,1
1764500989196,810,179,1
1764500989212,811,180,1
1764500989216,813,181,1
1764500989228,815,183,1
1764500989228,817,185,1
1764500989228,818,186,1
1764500989244,820,187,1
1764500989244,821,188,1
1764500989265,823,189,1
1764500989273,824,191,1
1764500989281,825,193,1
1764500989281,826,194,1
1764500989296,827,197,1
1764500989304,828,199,1
1764500989308,829,201,1
1764500989316,830,203,1
1764500989324,831,205,1
1764500989324,832,207,1
1764500989343,833,209,1
1764500989352,835,211,1
1764500989356,836,214,1
1764500989365,837,216,1
1764500989374,838,219,1
1764500989382,839,221,1
1764500989386,840,224,1
1764500989398,841,226,1
1764500989406,842,228,1
1764500989408,843,230,1
1764500989418,844,232,1
1764500989428,845,234,1
1764500989434,846,236,1
1764500989443,847,238,1
1764500989450,848,241,1
1764500989459,849,243,1
1764500989468,850,245,1
1764500989478,851,247,1
1764500989481,852,251,1
1764500989488,853,253,1
1764500989498,854,255,1
1764500989502,855,257,1
1764500989513,856,258,1
1764500989518,857,260,1
1764500989529,858,262,1
1764500989538,860,263,1
1764500989545,861,265,1
1764500989547,862,266,1
1764500989558,863,268,1
1764500989568,864,270,1
1764500989578,864,272,1
1764500989583,865,274,1
1764500989592,865,276,1
1764500989598,866,278,1
1764500989609,866,279,1
1764500989609,867,280,1
1764500989617,867,282,1
1764500989628,868,284,1
1764500989638,868,285,1
1764500989648,868,287,1
1764500989648,869,289,1
1764500989661,870,291,1
1764500989669,870,293,1
1764500989674,871,295,1
1764500989682,872,297,1
1764500989690,873,299,1
1764500989699,874,301,1
1764500989708,875,303,1
1764500989708,876,304,1
1764500989719,877,306,1
1764500989728,877,307,1
1764500989738,878,309,1
1764500989747,878,311,1
1764500989751,878,314,1
1764500989758,879,316,1
1764500989768,879,317,1
1764500989778,880,319,1
1764500989783,881,320,1
1764500989788,881,322,1
1764500989799,882,324,1
1764500989808,882,327,1
1764500989813,883,329,1
1764500989818,883,330,1
1764500989830,884,333,1
1764500989838,884,335,1
1764500989848,885,338,1
1764500989848,885,340,1
1764500989861,886,342,1
1764500989868,886,343,1
1764500989878,887,346,1
1764500989883,888,348,1
1764500989893,888,350,1
1764500989899,888,352,1
1764500989909,889,355,1
1764500989918,889,357,1
1764500989925,889,360,1
1764500989928,889,362,1
1764500989938,889,365,1
1764500989948,889,368,1
1764500989958,890,370,1
1764500989958,890,372,1
1764500989972,890,375,1
1764500989978,890,378,1
1764500989989,889,381,1
1764500989998,889,383,1
1764500989999,888,385,1
1764500990008,888,388,1
1764500990018,888,390,1
1764500990028,887,393,1
1764500990028,887,395,1
1764500990038,886,398,1
1764500990048,886,400,1
1764500990059,886,403,1
1764500990059,885,404,1
1764500990068,885,407,1
1764500990078,884,409,1
1764500990088,883,410,1
1764500990098,882,412,1
1764500990099,881,414,1
1764500990108,880,416,1
1764500990118,879,417,1
1764500990129,878,420,1
1764500990130,877,422,1
1764500990138,876,425,1
1764500990150,875,427,1
1764500990158,874,429,1
1764500990162,873,431,1
1764500990173,872,433,1
1764500990178,872,435,1
1764500990189,871,436,1
1764500990194,870,439,1
1764500990203,869,441,1
1764500990212,868,442,1
1764500990218,867,444,1
1764500990228,866,446,1
1764500990238,865,448,1
1764500990242,864,449,1
1764500990248,863,451,1
1764500990258,862,453,1
1764500990258,862,454,1
1764500990274,861,455,1
1764500990279,860,457,1
1764500990290,859,458,1
1764500990298,858,459,1
1764500990306,857,461,1
1764500990308,856,461,1
1764500990322,855,463,1
1764500990328,854,464,1
1764500990337,854,465,1
1764500990340,853,467,1
1764500990358,852,469,1
1764500990368,851,470,1
1764500990378,850,472,1
1764500990384,849,473,1
1764500990388,848,474,0
1764500990399,848,475,0
1764500990400,847,477,0
1764500990413,847,478,1
1764500990418,846,479,0
1764500990428,845,480,0
1764500990439,845,481,0
1764500990447,844,483,0
1764500990448,844,484,1
1764500990458,843,486,1
1764500990469,842,487,0
1764500990473,841,488,0
1764500990484,841,490,1
1764500990488,840,491,0
1764500990499,839,492,0
1764500990508,839,493,0
1764500990514,838,495,0
1764500990518,838,496,1
1764500990528,837,498,1
1764500990538,836,499,1
1764500990545,836,500,1
1764500990548,835,502,1
1764500990558,835,503,1
1764500990568,834,505,1
1764500990577,833,506,1
1764500990578,832,507,1
1764500990590,832,508,1
1764500990599,831,509,1
1764500990608,830,510,1
1764500990611,829,511,1
1764500990622,828,512,1
1764500990628,827,514,1
1764500990640,826,516,1
1764500990642,825,517,1
1764500990653,824,518,1
1764500990658,823,519,1
1764500990669,822,521,1
1764500990679,821,523,1
1764500990685,820,524,1
1764500990688,819,526,1
1764500990702,818,527,1
1764500990708,818,528,1
1764500990717,817,529,1
1764500990724,816,531,1
1764500990732,815,532,1
1764500990738,814,533,1
1764500990748,813,535,1
1764500990757,812,537,1
1764500990764,811,538,1
1764500990768,810,541,1
1764500990779,808,542,1
1764500990788,807,544,1
1764500990788,806,546,1
1764500990799,805,547,1
1764500990808,804,549,1
1764500990818,804,551,1
1764500990828,803,552,1
1764500990833,802,554,1
1764500990838,801,556,1
1764500990849,800,558,1
1764500990849,799,560,1
1764500990864,797,563,1
1764500990868,796,565,1
1764500990878,794,567,1
1764500990888,793,570,1
1764500990890,791,572,1
1764500990899,790,574,1
1764500990908,789,577,1
1764500990919,787,579,1
1764500990921,786,581,1
1764500990928,785,584,1
1764500990939,783,586,1
1764500990948,782,588,1
1764500990958,781,591,1
1764500990958,780,593,1
1764500990972,779,596,1
1764500990979,778,598,1
1764500990988,776,599,1
1764500990998,775,602,1
1764500991003,773,604,1
1764500991008,772,605,1
1764500991018,770,607,1
1764500991029,769,608,1
1764500991032,767,610,1
1764500991038,765,612,1
1764500991050,762,613,1
1764500991058,760,615,1
1764500991064,757,617,1
1764500991073,754,619,1
1764500991082,751,621,1
1764500991090,749,622,1
1764500991095,746,624,1
1764500991099,744,625,1
1764500991112,741,626,1
1764500991118,738,627,1
1764500991128,736,628,1
1764500991128,733,629,1
1764500991143,730,630,1
1764500991148,727,631,1
1764500991159,724,632,1
1764500991163,722,633,1
1764500991174,719,634,1
1764500991178,716,635,1
1764500991190,714,636,1
1764500991199,712,637,1
1764500991207,709,638,1
1764500991213,706,639,1
1764500991222,703,640,1
1764500991228,700,640,1
1764500991228,698,641,1
1764500991243,695,641,1
1764500991248,693,641,1
1764500991258,691,642,1
1764500991269,690,643,1
1764500991277,688,644,1
1764500991285,685,645,1
1764500991288,682,646,1
1764500991300,679,647,1
1764500991306,676,648,1
1764500991308,673,648,1
1764500991318,670,649,1
1764500991328,667,649,1
1764500991338,663,649,1
1764500991348,659,650,1
1764500991348,656,650,1
1764500991358,652,651,1
1764500991368,648,652,1
1764500991378,645,653,1
1764500991382,642,654,1
1764500991388,638,654,1
1764500991400,635,655,1
1764500991408,631,655,1
1764500991414,627,655,1
1764500991418,623,655,1
1764500991428,620,656,1
1764500991438,617,656,1
1764500991444,614,656,1
1764500991448,611,656,1
1764500991462,608,656,1
1764500991468,605,656,1
1764500991485,600,656,1
1764500991492,597,656,1
1764500991500,595,655,1
1764500991508,593,655,1
1764500991514,592,654,1
1764500991524,589,653,1
1764500991528,587,652,1
1764500991540,585,652,1
1764500991547,582,651,1
1764500991553,579,650,1
1764500991558,576,649,1
1764500991568,573,648,1
1764500991579,571,647,1
1764500991579,569,646,1
1764500991588,566,645,1
1764500991600,564,644,1
1764500991608,561,642,1
1764500991618,559,641,1
1764500991624,556,640,1
1764500991628,554,639,1
1764500991638,551,638,1
1764500991649,548,637,1
1764500991654,546,636,1
1764500991663,543,635,1
1764500991670,540,634,1
1764500991679,538,633,1
1764500991684,535,632,1
1764500991688,533,631,1
1764500991699,530,630,1
1764500991708,527,629,1
1764500991718,524,628,1
1764500991727,521,627,1
1764500991729,518,626,1
1764500991738,516,625,1
1764500991748,513,624,1
1764500991758,510,622,1
1764500991761,507,621,1
1764500991768,505,620,1
1764500991778,502,619,1
1764500991789,499,618,1
1764500991794,498,617,1
1764500991802,495,616,1
1764500991809,493,615,1
1764500991809,491,614,1
1764500991826,489,613,1
1764500991826,487,612,1
1764500991840,485,611,1
1764500991840,483,610,1
1764500991856,481,609,1
1764500991856,480,608,1
1764500991872,478,607,1
1764500991872,477,606,1
1764500991888,476,605,1
1764500991888,475,604,1
1764500991904,474,603,1
1764500991904,472,602,1
1764500991920,471,601,1
1764500991922,470,599,1
1764500991922,468,598,1
1764500991941,467,597,1
1764500991941,464,595,1
1764500991952,463,593,1
1764500991952,460,592,1
1764500991967,458,590,1
1764500991967,455,588,1
1764500991983,452,585,1
1764500991983,449,583,1
1764500992003,447,581,1
1764500992022,443,576,1
1764500992026,440,573,1
1764500992031,439,570,1
1764500992045,437,568,1
1764500992046,436,565,1
1764500992046,435,562,1
1764500992065,434,560,1
1764500992075,433,557,1
1764500992078,431,555,1
1764500992090,430,552,1
1764500992094,428,549,1
1764500992103,427,547,1
1764500992110,426,544,1
1764500992110,424,542,1
1764500992126,423,540,1
1764500992126,421,538,1
1764500992143,420,536,1
1764500992153,419,533,1
1764500992157,417,531,1
1764500992162,416,528,1
1764500992174,415,526,1
1764500992174,413,523,1
1764500992189,412,520,1
1764500992189,411,517,1
1764500992205,410,514,1
1764500992205,409,511,1
1764500992220,408,508,1
1764500992220,407,505,1
1764500992238,406,502,1
1764500992241,405,499,1
1764500992252,404,496,1
1764500992252,403,493,1
1764500992268,402,490,1
1764500992268,401,487,1
1764500992284,400,484,1
1764500992284,399,482,1
1764500992300,398,479,1
1764500992305,397,477,1
1764500992316,396,475,1
1764500992316,395,472,1
1764500992331,394,469,1
1764500992331,393,467,1
1764500992347,392,464,1
1764500992347,391,461,1
1764500992362,390,458,1
1764500992370,389,456,1
1764500992379,388,453,1
1764500992380,387,451,1
1764500992393,386,448,1
1764500992395,385,446,1
1764500992406,384,443,1
1764500992417,383,441,1
1764500992425,382,439,1
1764500992432,380,436,1
1764500992436,379,435,1
1764500992442,378,432,1
1764500992455,377,429,1
1764500992460,376,427,1
1764500992471,375,424,1
1764500992474,374,422,1
1764500992487,373,419,1
1764500992493,372,416,1
1764500992499,371,414,1
1764500992506,371,412,1
1764500992514,371,409,1
1764500992521,371,407,1
1764500992521,371,405,1
1764500992540,370,403,1
1764500992548,370,400,1
1764500992553,370,399,1
1764500992565,370,397,1
1764500992569,370,395,1
1764500992569,370,394,1
1764500992585,370,392,1
1764500992587,370,389,1
1764500992601,371,387,1
1764500992606,371,384,1
1764500992618,372,382,1
1764500992627,372,380,1
1764500992633,373,378,1
1764500992633,374,375,1
1764500992649,375,373,1
1764500992649,376,370,1
1764500992665,377,367,1
1764500992673,378,365,1
1764500992681,379,362,1
1764500992681,380,360,1
1764500992696,381,357,1
1764500992698,382,355,1
1764500992706,382,353,1
1764500992714,383,352,1
1764500992714,383,350,1
1764500992728,384,348,1
1764500992744,384,347,1
1764500992744,384,345,1
1764500992760,385,342,1
1764500992760,385,340,1
1764500992760,385,337,1
1764500992778,386,335,1
1764500992778,387,333,1
1764500992791,388,330,1
1764500992806,389,328,1
1764500992811,390,325,1
1764500992811,391,322,1
1764500992823,392,320,1
1764500992823,393,317,1
1764500992840,394,314,1
1764500992840,395,311,1
1764500992855,396,308,1
1764500992865,397,305,1
1764500992874,398,302,1
1764500992874,399,299,1
1764500992887,400,296,1
1764500992887,400,293,1
1764500992903,401,290,1
1764500992906,402,287,1
1764500992920,403,284,1
1764500992920,404,281,1
1764500992936,405,279,1
1764500992940,406,276,1
1764500992950,407,274,1
1764500992950,408,272,1
1764500992966,409,269,1
1764500992966,410,268,1
1764500992982,411,265,1
1764500992982,412,263,1
1764500992998,413,261,1
1764500993006,414,259,1
1764500993015,415,256,1
1764500993022,416,254,1
1764500993022,417,251,1
1764500993033,418,248,1
1764500993033,419,246,1
1764500993050,420,243,1
1764500993050,421,241,1
1764500993062,422,238,1
1764500993078,423,236,1
1764500993078,424,234,1
1764500993078,425,231,1
1764500993096,425,229,1
1764500993106,426,227,1
1764500993114,427,225,1
1764500993114,428,222,1
1764500993130,429,220,1
1764500993134,430,217,1
1764500993144,431,215,1
1764500993147,433,212,1
1764500993158,435,210,1
1764500993158,436,208,1
1764500993174,438,206,1
1764500993174,439,204,1
1764500993189,441,202,1
1764500993189,442,201,1
1764500993207,443,199,1
1764500993207,444,198,1
1764500993221,445,197,1
1764500993232,446,196,1
1764500993236,447,194,1
1764500993236,448,193,1
1764500993252,449,192,1
1764500993252,451,190,1
1764500993271,452,189,1
1764500993274,453,188,1
1764500993284,455,186,1
1764500993284,456,185,1
1764500993299,458,184,1
1764500993309,460,183,1
1764500993315,463,181,1
1764500993325,465,180,1
1764500993331,468,179,1
1764500993341,470,178,1
1764500993347,473,177,1
1764500993353,475,176,1
1764500993362,477,175,1
1764500993362,480,174,1
1764500993378,482,173,1
1764500993386,485,172,1
1764500993394,488,171,1
1764500993394,490,170,1
1764500993407,491,169,1
1764500993412,494,167,1
1764500993425,495,166,1
1764500993433,497,165,1
1764500993442,499,164,1
1764500993447,501,163,1
1764500993457,502,162,1
1764500993457,504,161,1
1764500993457,505,160,1
1764500993473,507,159,1
1764500993487,508,158,1
1764500993491,510,157,1
1764500993491,511,156,1
1764500993509,513,155,1
1764500993515,515,154,1
1764500993520,517,153,1
1764500993520,518,152,1
1764500993539,519,151,1
1764500993539,521,150,1
1764500993555,522,149,1
1764500993557,523,148,1
1764500993572,524,147,1
1764500993572,525,146,1
1764500993584,526,145,1
1764500993584,527,144,1
1764500993600,528,144,1
1764500993607,529,143,1
1764500993619,530,142,1
1764500993619,532,141,1
1764500993632,533,140,1
1764500993632,534,139,1
1764500993648,536,138,1
1764500993659,538,137,1
1764500993664,541,136,1
1764500993664,543,135,1
1764500993682,546,134,1
1764500993682,548,133,1
1764500993698,551,132,1
1764500993698,553,131,1
1764500993713,556,130,1
1764500993713,559,129,1
1764500993713,562,128,1
1764500993731,565,127,1
1764500993731,567,126,1
1764500993744,570,125,1
1764500993744,572,124,1
1764500993760,575,123,1
1764500993760,577,122,1
1764500993776,579,121,1
1764500993776,581,120,1
1764500993794,583,119,1
1764500993794,586,119,1
1764500993807,588,118,1
1764500993807,590,117,1
1764500993828,592,116,1
1764500993828,595,116,1
1764500993839,597,115,1
1764500993839,600,114,1
1764500993855,602,114,1
1764500993855,604,113,1
1764500993871,606,112,1
1764500993880,609,112,1
1764500993887,611,112,1
1764500993887,613,111,1
1764500993904,616,111,1
1764500993907,618,111,1
1764500993918,620,111,1
1764500993918,623,111,1
1764500993934,625,111,1
1764500993934,626,111,1
1764500993953,629,111,1
1764500993954,632,111,1
1764500993966,635,111,1
1764500993974,637,111,1
1764500993983,640,111,1
1764500993983,643,111,1
1764500993998,645,112,1
1764500994007,648,113,1
1764500994016,650,114,1
1764500994017,652,116,1
1764500994031,655,117,1
1764500994034,658,118,1
1764500994047,661,119,1
1764500994047,663,121,1
1764500994061,666,122,1
1764500994068,668,123,1
1764500994072,670,124,1
1764500994078,673,125,1
1764500994093,675,126,1
1764500994094,677,127,1
1764500994109,680,128,1
1764500994112,683,129,1
1764500994112,686,130,1
1764500994130,688,131,1
1764500994139,691,132,1
1764500994142,694,133,1
1764500994142,697,134,1
1764500994162,700,135,1
1764500994162,703,136,1
1764500994175,706,137,1
1764500994175,709,138,1
1764500994190,713,139,1
1764500994190,716,140,1
1764500994208,720,141,1
1764500994208,723,142,1
1764500994224,726,143,1
1764500994226,729,144,1
1764500994238,732,145,1
1764500994247,735,146,1
1764500994254,738,147,1
1764500994262,741,149,1
1764500994270,744,150,1
1764500994270,747,151,1
1764500994286,750,152,1
1764500994286,752,153,1
1764500994301,755,154,1
1764500994308,758,155,1
1764500994317,760,157,1
1764500994323,763,158,1
1764500994333,766,159,1
1764500994333,768,160,1
1764500994349,770,161,1
1764500994351,772,163,1
1764500994365,775,165,1
1764500994365,777,166,1
1764500994365,779,168,1
1764500994380,781,169,1
1764500994380,783,170,1
1764500994403,785,172,1
1764500994408,786,174,1
1764500994414,787,175,1
1764500994414,789,176,1
1764500994428,790,178,1
1764500994428,791,179,1
1764500994444,792,181,1
1764500994444,793,182,1
1764500994459,795,184,1
1764500994459,796,185,1
1764500994480,798,187,1
1764500994485,799,189,1
1764500994491,801,191,1
1764500994491,803,192,1
1764500994512,805,194,1
1764500994516,807,195,1
1764500994527,808,197,1
1764500994527,810,198,1
1764500994542,811,199,1
1764500994548,813,201,1
1764500994557,814,202,1
1764500994557,816,204,1
1764500994573,817,205,1
1764500994581,818,207,1
1764500994586,819,209,1
1764500994597,821,211,1
1764500994602,822,213,1
1764500994613,823,215,1
1764500994622,824,217,1
1764500994622,825,218,1
1764500994636,826,220,1
1764500994636,827,221,1
1764500994650,828,222,1
1764500994650,829,223,1
1764500994666,830,224,1
1764500994671,831,225,1
1764500994682,833,226,1
1764500994682,835,228,1
1764500994682,837,229,1
1764500994698,839,230,1
1764500994708,841,231,1
1764500994713,843,232,1
1764500994729,844,233,1
1764500994729,845,234,1
1764500994745,846,236,1
1764500994745,847,237,1
1764500994745,848,238,1
1764500994761,849,240,1
1764500994761,850,241,1
1764500994782,851,242,1
1764500994782,852,243,1
1764500994793,853,245,1
1764500994808,854,246,1
1764500994811,855,247,1
1764500994811,856,249,1
1764500994824,857,250,1
1764500994824,858,251,1
1764500994840,859,252,1
1764500994840,860,254,1
1764500994858,861,255,1
1764500994861,862,256,1
1764500994874,863,257,1
1764500994874,864,258,1
1764500994888,865,260,1
1764500994888,866,260,1
1764500994904,867,262,1
1764500994908,868,263,1
1764500994921,869,265,1
1764500994923,870,266,1
1764500994935,870,268,1
1764500994935,871,270,1
1764500994951,872,271,1
1764500994951,873,273,1
1764500994968,873,275,1
1764500994974,874,276,1
1764500994983,875,278,1
1764500994983,875,279,1
1764500994999,876,280,1
1764500995008,876,282,1
1764500995016,877,284,1
1764500995016,877,286,1
1764500995031,878,287,1
1764500995035,878,288,1
1764500995047,878,290,1
1764500995047,878,291,1
1764500995064,879,292,1
1764500995071,879,295,1
1764500995071,879,297,1
1764500995078,879,298,1
1764500995094,879,300,1
1764500995094,879,302,1
1764500995110,880,304,1
1764500995116,880,306,1
1764500995120,880,308,1
1764500995128,881,311,1
1764500995141,881,313,1
1764500995141,881,315,1
1764500995141,881,317,1
1764500995162,881,319,1
1764500995162,881,322,1
1764500995175,881,324,1
1764500995175,881,326,1
1764500995195,882,327,1
1764500995199,882,328,1
1764500995209,882,330,1
1764500995215,882,332,1
1764500995224,882,333,1
1764500995233,883,335,1
1764500995240,883,336,1
1764500995249,883,337,1
1764500995254,883,339,1
1764500995265,883,340,1
1764500995268,883,342,1
1764500995268,884,343,1
1764500995286,884,344,1
1764500995286,884,346,1
1764500995300,884,347,1
1764500995309,885,349,1
1764500995327,885,352,1
1764500995333,885,354,1
1764500995339,885,355,1
1764500995349,885,357,1
1764500995349,885,359,1
1764500995363,885,361,1
1764500995373,885,363,1
1764500995380,885,365,1
1764500995380,885,367,1
1764500995380,885,369,1
1764500995395,885,372,1
1764500995411,885,374,1
1764500995419,885,376,1
1764500995427,885,378,1
1764500995436,885,380,1
1764500995444,885,382,1
1764500995444,884,384,1
1764500995459,884,387,1
1764500995459,883,389,1
1764500995459,882,391,1
1764500995481,882,393,1
1764500995484,881,396,1
1764500995490,881,397,1
1764500995506,880,400,1
1764500995510,880,403,1
1764500995516,879,406,1
1764500995522,878,411,1
1764500995542,878,414,1
1764500995549,877,416,1
1764500995553,877,420,1
1764500995553,876,423,1
1764500995570,876,426,1
1764500995570,876,429,1
1764500995589,875,432,1
1764500995597,875,435,1
1764500995601,875,438,1
1764500995610,875,441,1
1764500995620,874,442,1
1764500995629,874,445,1
1764500995633,874,447,1
1764500995645,874,448,1
1764500995651,874,450,1
1764500995651,875,452,1
1764500995664,875,454,1
1764500995675,875,455,1
1764500995680,875,457,1
1764500995691,875,459,1
1764500995696,875,461,1
1764500995696,875,463,1
1764500995714,875,464,1
1764500995714,874,466,1
1764500995728,874,467,1
1764500995728,874,468,1
1764500995744,873,471,1
1764500995746,873,472,1
1764500995759,872,474,1
1764500995759,871,476,1
1764500995777,871,478,1
1764500995777,870,480,1
1764500995791,869,482,1
1764500995791,869,483,1
1764500995807,868,485,1
1764500995810,867,486,1
1764500995823,867,488,1
1764500995823,866,490,1
1764500995839,865,492,1
1764500995844,864,494,1
1764500995854,863,495,1
1764500995854,862,497,1
1764500995870,861,499,1
1764500995872,859,500,1
1764500995885,858,502,1
1764500995885,857,503,1
1764500995901,856,505,1
1764500995903,855,506,1
1764500995911,854,508,1
1764500995917,853,509,1
1764500995931,852,511,1
1764500995935,851,513,1
1764500995947,850,515,1
1764500995951,849,516,1
1764500995964,848,517,1
1764500995964,847,518,1
1764500995964,846,519,1
1764500995984,845,521,1
1764500995990,844,523,1
1764500996000,842,525,1
1764500996000,841,527,1
1764500996016,840,528,1
1764500996016,838,530,1
1764500996032,837,532,1
1764500996032,836,534,1
1764500996044,834,536,1
1764500996044,833,538,1
1764500996060,832,539,1
1764500996071,831,541,1
1764500996077,830,542,1
1764500996077,829,543,1
1764500996092,828,544,1
1764500996103,827,545,1
1764500996107,826,546,1
1764500996111,825,547,1
1764500996124,824,548,1
1764500996132,823,550,1
1764500996140,822,551,1
1764500996140,821,552,1
1764500996156,820,553,1
1764500996165,819,555,1
1764500996165,818,556,1
1764500996179,817,557,1
1764500996187,816,559,1
1764500996194,815,560,1
1764500996203,814,561,1
1764500996211,813,562,1
1764500996218,812,563,1
1764500996220,811,564,1
1764500996220,810,565,1
1764500996241,809,566,1
1764500996241,808,567,1
1764500996250,807,568,1
1764500996265,806,569,1
1764500996265,805,569,1
1764500996281,804,570,1
1764500996285,803,570,1
1764500996285,802,571,1
1764500996302,800,572,1
1764500996311,799,573,1
1764500996313,798,573,1
1764500996313,796,574,1
1764500996328,795,575,1
1764500996344,794,576,1
1764500996346,793,577,1
1764500996346,792,578,1
1764500996363,790,578,1
1764500996363,789,579,1
1764500996375,788,580,1
1764500996375,787,581,1
1764500996394,785,582,1
1764500996394,784,583,1
1764500996411,781,584,1
1764500996411,780,584,1
1764500996426,777,585,1
1764500996433,775,586,1
1764500996439,773,587,1
1764500996439,771,588,1
1764500996455,769,589,1
1764500996459,767,590,1
1764500996471,766,591,1
1764500996471,765,592,1
1764500996487,763,593,1
1764500996487,762,594,1
0,0,0,0
1764500996505,760,595,1
1764500996512,759,596,1
1764500996519,757,597,1
1764500996529,756,598,1
1764500996536,753,599,1
1764500996537,751,600,1
1764500996550,748,600,1
1764500996559,747,601,1
1764500996566,745,602,1
1764500996575,743,603,1
1764500996582,741,604,1
1764500996591,738,605,1
1764500996600,736,606,1
1764500996601,735,607,1
1764500996614,733,608,1
1764500996614,731,609,1
1764500996630,729,609,1
1764500996634,727,609,1
1764500996645,725,610,1
1764500996649,724,610,1
1764500996661,722,611,1
1764500996666,721,611,1
1764500996677,719,612,1
1764500996677,718,613,1
1764500996691,717,614,1
1764500996693,716,615,1
1764500996707,714,616,1
1764500996712,712,617,1
1764500996712,710,618,1
1764500996732,708,619,1
1764500996734,706,620,1
1764500996740,703,621,1
1764500996740,701,622,1
1764500996759,698,623,1
1764500996759,695,624,1
1764500996772,693,625,1
1764500996772,691,626,1
1764500996788,689,626,1
1764500996788,686,626,1
1764500996806,684,626,1
1764500996813,682,627,1
1764500996822,680,627,1
1764500996822,678,628,1
1764500996839,677,628,1
1764500996839,675,628,1
1764500996852,673,629,1
1764500996852,672,629,1
1764500996868,670,630,1
1764500996868,668,630,1
1764500996883,666,631,1
1764500996883,665,631,1
1764500996899,663,632,1
1764500996899,661,632,1
1764500996915,659,632,1
1764500996915,658,633,1
1764500996935,657,633,1
1764500996939,656,633,1
1764500996947,655,633,1
1764500996955,654,633,1
1764500996963,653,633,1
1764500996963,652,633,1
1764500996979,652,634,1
1764500996979,651,634,1
1764500996995,650,634,1
1764500996999,649,634,1
1764500997009,648,634,1
1764500997013,647,634,1
1764500997026,646,634,1
1764500997026,645,634,1
1764500997042,643,635,1
1764500997049,642,635,1
1764500997058,641,636,1
1764500997060,639,636,1
1764500997060,637,637,1
1764500997074,636,637,1
1764500997074,635,637,1
1764500997089,633,638,1
1764500997089,631,638,1
1764500997105,629,638,1
1764500997114,628,639,1
1764500997125,626,639,1
1764500997125,624,639,1
1764500997137,622,639,1
1764500997137,620,639,1
1764500997153,618,639,1
1764500997153,616,639,1
1764500997169,614,639,1
1764500997175,612,639,1
1764500997189,610,639,1
1764500997189,608,639,1
1764500997201,605,638,1
1764500997201,603,638,1
1764500997218,600,638,1
1764500997218,598,637,1
1764500997233,595,636,1
1764500997233,592,636,1
1764500997248,589,635,1
1764500997248,587,635,1
1764500997265,584,634,1
1764500997268,581,634,1
1764500997281,577,634,1
1764500997286,574,634,1
1764500997298,571,633,1
1764500997298,568,632,1
1764500997314,565,631,1
1764500997320,562,630,1
1764500997327,558,629,1
1764500997328,555,628,1
1764500997328,552,627,1
1764500997344,549,626,1
1764500997344,546,626,1
1764500997362,543,625,1
1764500997376,539,625,1
1764500997381,536,624,1
1764500997381,533,623,1
1764500997392,530,622,1
1764500997392,527,621,1
1764500997410,524,621,1
1764500997414,521,620,1
1764500997424,518,619,1
1764500997437,515,618,1
1764500997446,513,617,1
1764500997446,511,616,1
1764500997457,510,616,1
1764500997465,508,615,1
1764500997471,507,615,1
1764500997475,506,614,1
1764500997491,505,613,1
1764500997491,504,612,1
1764500997503,503,612,1
1764500997503,502,611,1
1764500997520,501,611,1
1764500997524,500,610,1
1764500997534,499,610,1
1764500997557,498,609,1
1764500997789,497,609,1
1764500997922,496,609,1
1764500997954,495,610,1
1764501000322,496,611,1
1764501000348,496,612,1
1764501000364,495,613,1
1764501000380,494,614,1
1764501000382,493,614,1
1764501000396,493,615,1
1764501000398,492,615,1
1764501000510,491,615,1
1764501001077,490,615,1
1764501001077,489,615,1
1764501001095,488,615,1
1764501001095,487,615,1
1764501001108,486,615,1
1764501001128,485,614,1
1764501001128,484,614,1
1764501001142,483,614,1
1764501001142,482,614,1
1764501001157,481,614,1
1764501001173,481,613,1
1764501001177,480,613,1
1764501001191,479,613,1
1764501001205,478,613,1
1764501001205,477,612,1
1764501001221,476,612,1
1764501001221,475,612,1
1764501001243,474,612,1
1764501001252,473,611,1
1764501001252,472,611,1
1764501001268,471,610,1
1764501001268,470,610,1
1764501001281,469,609,1
1764501001284,468,608,1
1764501001284,467,607,1
1764501001304,466,606,1
1764501001304,465,605,1
1764501001317,465,604,1
1764501001317,464,603,1
1764501001332,463,602,1
1764501001347,463,601,1
1764501001347,462,600,1
1764501001364,462,599,1
1764501001375,462,598,1
1764501001378,462,597,1
1764501001378,462,596,1
1764501001398,462,595,1
1764501001412,462,594,1
1764501001417,462,593,1
1764501001438,462,592,1
1764501001458,462,591,1
1764501001747,463,591,1
1764501001747,464,591,1
1764501001763,465,591,1
1764501001779,465,592,1
1764501001925,465,591,1
1764501001945,464,591,1
1764501001945,464,590,1
1764501001958,463,589,1
1764501001958,462,588,1
1764501001977,462,587,1
1764501001981,461,585,1
1764501001989,461,584,1
1764501002000,460,582,1
1764501002007,460,580,1
1764501002009,459,579,1
1764501002023,458,578,1
1764501002023,458,576,1
1764501002039,457,574,1
1764501002048,456,572,1
1764501002054,455,570,1
1764501002062,454,569,1
1764501002070,453,567,1
1764501002074,452,565,1
1764501002085,452,564,1
1764501002087,451,562,1
1764501002101,450,560,1
1764501002101,449,559,1
1764501002117,449,557,1
1764501002124,448,555,1
1764501002132,447,553,1
1764501002133,446,551,1
1764501002147,446,549,1
1764501002155,445,548,1
1764501002164,445,546,1
1764501002172,444,545,1
1764501002179,444,544,1
1764501002179,443,543,1
1764501002194,443,542,1
1764501002195,442,542,1
1764501002210,442,541,1
1764501002218,442,540,1
1764501002218,441,539,1
1764501002227,441,538,1
1764501002246,440,538,1
1764501002275,440,537,1
1764501002283,439,537,1
1764501002295,439,536,1
1764501002295,438,536,1
1764501002307,438,535,1
1764501002307,438,534,1
1764501002323,437,533,1
1764501002323,436,532,1
1764501002339,435,531,1
1764501002347,434,531,1
1764501002355,434,530,1
1764501002366,433,529,1
1764501002371,432,528,1
1764501002371,431,527,1
1764501002387,430,526,1
1764501002389,430,525,1
1764501002403,429,523,1
1764501002403,428,522,1
1764501002419,427,521,1
1764501002424,426,519,1
1764501002435,425,519,1
1764501002435,424,518,1
1764501002447,423,517,1
1764501002455,422,516,1
1764501002466,421,515,1
1764501002466,420,514,1
1764501002482,419,512,1
1764501002482,418,511,1
1764501002497,417,510,1
1764501002501,417,509,1
1764501002503,416,507,1
1764501002519,415,506,1
1764501002523,414,505,1
1764501002529,414,503,1
1764501002529,413,501,1
1764501002552,412,499,1
1764501002560,411,497,1
1764501002561,410,495,1
1764501002574,409,493,1
1764501002581,408,491,1
1764501002586,407,488,1
1764501002597,406,486,1
1764501002599,405,484,1
1764501002609,404,482,1
1764501002609,404,480,1
1764501002625,403,477,1
1764501002625,402,475,1
1764501002643,401,473,1
1764501002649,400,471,1
1764501002657,399,470,1
1764501002657,398,467,1
1764501002675,397,466,1
1764501002678,396,464,1
1764501002691,395,463,1
1764501002691,394,461,1
1764501002704,393,459,1
1764501002714,392,457,1
1764501002721,391,456,1
1764501002724,390,454,1
1764501002738,389,451,1
1764501002741,388,450,1
1764501002753,388,448,1
1764501002753,387,446,1
1764501002768,387,445,1
1764501002769,386,443,1
1764501002769,386,441,1
1764501002785,385,439,1
1764501002800,384,437,1
1764501002800,384,435,1
1764501002816,383,434,1
1764501002816,383,433,1
1764501002816,383,431,1
1764501002832,382,429,1
1764501002832,382,428,1
1764501002853,382,427,1
1764501002853,382,425,1
1764501002863,381,424,1
1764501002863,381,422,1
1764501002883,381,421,1
1764501002883,381,419,1
1764501002895,380,417,1
1764501002895,380,416,1
1764501002911,380,414,1
1764501002917,380,412,1
1764501002932,380,410,1
1764501002932,380,409,1
1764501002944,380,407,1
1764501002953,380,405,1
1764501002962,379,404,1
1764501002962,379,402,1
1764501002975,378,400,1
1764501002975,378,399,1
1764501002993,377,397,1
1764501002993,376,396,1
1764501003008,375,395,1
1764501003008,374,394,1
1764501003023,373,393,1
1764501003023,372,392,1
1764501003038,371,391,1
1764501003038,371,390,1
1764501003055,370,389,1
1764501003064,369,388,1
1764501003072,369,387,1
1764501003072,368,387,1
1764501003085,368,386,1
1764501003167,367,386,1
1764501003656,368,386,1
1764501003672,368,385,1
1764501003672,369,384,1
1764501003685,369,383,1
1764501003685,370,383,1
1764501003704,370,382,1
1764501003704,371,382,1
1764501003728,372,382,1
1764501003742,373,383,1
1764501003749,373,384,1
1764501004364,372,384,1
1764501004366,370,384,1
1764501004379,369,385,1
1764501004404,368,386,1
1764501004428,367,386,1
1764501004466,367,385,1
1764501004480,367,384,1
1764501004492,366,384,1
1764501004700,367,384,1
1764501004700,367,383,1
1764501004719,368,383,1
1764501004740,369,382,1
1764501004748,369,381,1
1764501004748,370,381,1
1764501004992,369,381,1
1764501005077,369,380,1
1764501005086,368,380,1
1764501005092,368,379,1
1764501005100,368,378,1
1764501005107,367,377,1
1764501005123,367,376,1
1764501005157,367,375,1
1764501010943,367,374,1
1764501010943,366,374,1
1764501011829,367,375,1
1764501011845,367,376,1
1764501011861,367,377,1
1764501011861,368,378,1
1764501011893,369,379,1
1764501013021,369,378,1
1764501013052,369,377,1
1764501013068,369,376,1
1764501013079,369,375,1
1764501013108,369,374,1
1764501015211,369,373,1
1764501015226,369,372,1
1764501015243,369,371,1
1764501015261,369,370,1
1764501015276,369,369,1
1764501015276,370,368,1
1764501015291,370,367,1
1764501015314,370,366,1
1764501015323,370,365,1
1764501015331,370,364,1
1764501015344,370,363,1
1764501015354,371,362,1
1764501015370,371,361,1
1764501015378,371,360,1
1764501015386,371,359,1
1764501015405,371,358,1
1764501015418,371,357,1
1764501015418,371,356,1
1764501015433,371,355,1
1764501015453,371,354,1
1764501015453,372,353,1
1764501015465,372,352,1
1764501015481,372,351,1
1764501015494,373,350,1
1764501015498,373,349,1
1764501015498,373,348,1
1764501015514,373,347,1
1764501015514,374,346,1
1764501015533,374,345,1
1764501015538,375,344,1
1764501015545,375,343,1
1764501015552,375,342,1
1764501015564,376,341,1
1764501015572,376,340,1
1764501015578,377,339,1
1764501015586,377,338,1
1764501015592,378,337,1
1764501015603,378,336,1
1764501015610,379,334,1
1764501015619,380,333,1
1764501015626,381,332,1
1764501015635,382,331,1
1764501015640,383,330,1
1764501015649,384,328,1
1764501015656,385,327,1
1764501015656,386,325,1
1764501015672,387,323,1
1764501015680,387,322,1
1764501015687,388,320,1
1764501015696,388,318,1
1764501015696,389,316,1
1764501015710,390,315,1
1764501015719,390,313,1
1764501015728,391,311,1
1764501015735,391,310,1
1764501015743,391,309,1
1764501015750,392,307,1
1764501015756,392,306,1
1764501015756,393,305,1
1764501015766,393,303,1
1764501015781,394,302,1
1764501015789,394,301,1
1764501015797,395,300,1
1764501015800,396,299,1
1764501015813,397,298,1
1764501015814,397,297,1
1764501015829,398,296,1
1764501015830,399,295,1
1764501015843,399,294,1
1764501015850,400,293,1
1764501015856,401,292,1
1764501015861,401,291,1
1764501015861,402,290,1
1764501015882,402,289,1
1764501015882,403,287,1
1764501015895,403,286,1
1764501015895,403,285,1
1764501015909,404,284,1
1764501015909,404,283,1
1764501015925,405,282,1
1764501015925,405,281,1
1764501015944,406,280,1
1764501015951,407,279,1
1764501015956,408,278,1
1764501015961,408,277,1
1764501015975,409,276,1
1764501015977,410,275,1
1764501015989,410,274,1
1764501015999,411,273,1
1764501016005,412,272,1
1764501016016,413,271,1
1764501016023,414,270,1
1764501016024,414,269,1
1764501016036,415,267,1
1764501016044,416,266,1
1764501016052,417,264,1
1764501016056,418,263,1
1764501016068,419,262,1
1764501016077,420,261,1
1764501016085,421,259,1
1764501016085,422,256,1
1764501016100,423,254,1
1764501016100,424,252,1
1764501016100,425,250,1
1764501016118,426,248,1
1764501016132,427,246,1
1764501016138,428,244,1
1764501016147,429,243,1
1764501016147,430,241,1
1764501016156,431,240,1
1764501016168,432,239,1
1764501016173,432,237,1
1764501016183,433,236,1
1764501016193,434,234,1
1764501016200,435,233,1
1764501016200,436,232,1
1764501016216,436,231,1
1764501016222,437,230,1
1764501016226,438,229,1
1764501016226,439,228,1
1764501016246,440,227,1
1764501016246,441,226,1
1764501016262,442,225,1
1764501016262,443,224,1
1764501016278,444,223,1
1764501016278,445,221,1
1764501016290,446,220,1
1764501016290,447,219,1
1764501016306,448,218,1
1764501016306,449,217,1
1764501016322,450,217,1
1764501016333,451,216,1
1764501016340,452,215,1
1764501016342,453,213,1
1764501016354,454,213,1
1764501016364,455,212,1
1764501016370,456,211,1
1764501016370,457,210,1
1764501016386,458,209,1
1764501016395,460,208,1
1764501016402,461,207,1
1764501016402,462,205,1
1764501016402,463,205,1
1764501016418,464,204,1
1764501016434,465,203,1
1764501016440,466,202,1
1764501016449,467,201,1
1764501016457,468,200,1
1764501016465,469,199,1
1764501016465,471,197,1
1764501016465,472,196,1
1764501016481,473,194,1
1764501016481,474,194,1
1764501016497,475,193,1
1764501016497,476,191,1
1764501016519,477,190,1
1764501016520,478,189,1
1764501016529,479,188,1
1764501016537,480,186,1
1764501016549,481,186,1
1764501016557,482,185,1
1764501016561,483,184,1
1764501016573,485,182,1
1764501016577,486,181,1
1764501016589,487,180,1
1764501016597,488,179,1
1764501016599,490,178,1
1764501016609,491,177,1
1764501016619,492,176,1
1764501016625,493,175,1
1764501016628,494,174,1
1764501016642,495,173,1
1764501016651,496,172,1
1764501016658,497,171,1
1764501016663,498,170,1
1764501016663,499,169,1
1764501016673,501,168,1
1764501016689,502,167,1
1764501016692,504,166,1
1764501016697,507,164,1
1764501016705,509,163,1
1764501016721,511,161,1
1764501016728,513,160,1
1764501016728,515,158,1
1764501016737,518,157,1
1764501016751,520,155,1
1764501016755,523,154,1
1764501016763,525,153,1
1764501016771,528,152,1
1764501016771,530,150,1
1764501016784,532,149,1
1764501016784,535,148,1
1764501016804,537,147,1
1764501016804,539,146,1
1764501016816,541,145,1
1764501016816,543,144,1
1764501016835,545,143,1
1764501016844,547,142,1
1764501016853,550,141,1
1764501016853,552,140,1
1764501016866,555,139,1
1764501016866,557,138,1
1764501016881,559,137,1
1764501016881,561,136,1
1764501016895,563,135,1
1764501016895,565,134,1
1764501016911,567,134,1
1764501016911,569,133,1
1764501016927,571,132,1
1764501016927,573,131,1
1764501016943,575,130,1
1764501016946,576,129,1
1764501016959,578,128,1
1764501016959,580,128,1
1764501016977,582,127,1
1764501016978,584,126,1
1764501016978,585,126,1
1764501016999,588,125,1
1764501017007,590,124,1
1764501017011,592,124,1
1764501017023,594,123,1
1764501017030,596,123,1
1764501017037,598,122,1
1764501017045,600,122,1
1764501017051,602,122,1
1764501017060,604,122,1
1764501017060,606,122,1
1764501017070,608,122,1
1764501017083,610,121,1
1764501017089,612,121,1
1764501017101,614,121,1
1764501017102,616,121,1
1764501017102,618,120,1
1764501017117,620,120,1
1764501017117,622,119,1
1764501017133,623,119,1
1764501017133,625,119,1
1764501017149,628,118,1
1764501017159,630,118,1
1764501017165,632,118,1
1764501017179,635,118,1
1764501017184,638,118,1
1764501017192,641,119,1
1764501017201,644,120,1
1764501017209,646,120,1
1764501017215,649,121,1
1764501017225,652,122,1
1764501017228,655,122,1
1764501017241,658,122,1
1764501017246,660,123,1
1764501017249,663,123,1
1764501017259,666,124,1
1764501017259,669,125,1
1764501017277,672,125,1
1764501017277,675,126,1
1764501017292,678,127,1
1764501017292,681,128,1
1764501017308,683,129,1
1764501017308,686,130,1
1764501017322,688,131,1
1764501017322,691,132,1
1764501017340,694,133,1
1764501017349,697,134,1
1764501017354,700,135,1
1764501017365,703,136,1
1764501017372,706,137,1
1764501017378,709,139,1
1764501017388,713,140,1
1764501017388,716,141,1
1764501017402,719,142,1
1764501017402,722,143,1
1764501017418,725,144,1
1764501017420,728,146,1
1764501017434,731,148,1
1764501017434,734,149,1
1764501017434,737,151,1
1764501017450,740,152,1
1764501017460,743,153,1
1764501017472,745,154,1
1764501017481,748,155,1
1764501017489,751,156,1
1764501017497,753,157,1
1764501017497,756,158,1
1764501017511,759,159,1
1764501017513,762,160,1
1764501017527,765,161,1
1764501017530,768,162,1
1764501017543,771,163,1
1764501017544,773,163,1
1764501017559,776,164,1
1764501017565,779,165,1
1764501017573,780,166,1
1764501017576,782,167,1
1764501017589,783,168,1
1764501017596,784,169,1
1764501017605,786,170,1
1764501017608,787,171,1
1764501017621,788,172,1
1764501017626,789,172,1
1764501017628,790,173,1
1764501017640,791,174,1
1764501017651,792,175,1
1764501017656,793,176,1
1764501017660,794,177,1
1764501017683,796,179,1
1764501017687,798,180,1
1764501017687,799,181,1
1764501017704,801,181,1
1764501017704,803,182,1
1764501017719,804,183,1
1764501017719,806,183,1
1764501017736,807,184,1
1764501017745,808,185,1
1764501017751,810,186,1
1764501017751,811,187,1
1764501017767,812,188,1
1764501017767,814,189,1
1764501017783,815,190,1
1764501017783,816,191,1
1764501017798,817,192,1
1764501017802,818,193,1
1764501017814,819,194,1
1764501017818,820,194,1
1764501017825,821,196,1
1764501017830,822,197,1
1764501017846,823,197,1
1764501017849,823,198,1
1764501017861,824,199,1
1764501017861,825,200,1
1764501017877,826,201,1
1764501017877,827,202,1
1764501017877,828,203,1
1764501017893,829,204,1
1764501017893,830,205,1
1764501017909,831,206,1
1764501017909,832,207,1
1764501017930,833,209,1
1764501017934,834,210,1
1764501017940,835,211,1
1764501017940,836,212,1
1764501017956,837,213,1
1764501017961,838,215,1
1764501017976,839,216,1
1764501017978,840,217,1
1764501017992,842,218,1
1764501017992,843,220,1
1764501018004,844,221,1
1764501018004,845,223,1
1764501018019,846,225,1
1764501018019,847,227,1
1764501018038,848,229,1
1764501018038,850,232,1
1764501018051,852,234,1
1764501018061,853,236,1
1764501018070,855,239,1
1764501018072,857,241,1
1764501018083,859,243,1
1764501018083,861,246,1
1764501018099,863,247,1
1764501018109,865,250,1
1764501018115,867,251,1
1764501018115,868,253,1
1764501018132,869,255,1
1764501018132,871,258,1
1764501018132,872,259,1
1764501018147,873,262,1
1764501018163,874,263,1
1764501018171,875,266,1
1764501018179,876,267,1
1764501018184,877,268,1
1764501018194,878,270,1
1764501018198,879,271,1
1764501018198,880,273,1
1764501018210,881,274,1
1764501018210,881,275,1
1764501018226,882,276,1
1764501018226,882,278,1
1764501018243,883,279,1
1764501018243,884,281,1
1764501018262,884,282,1
1764501018262,885,284,1
1764501018273,885,285,1
1764501018273,886,287,1
1764501018294,886,288,1
1764501018294,886,290,1
1764501018305,887,291,1
1764501018305,887,292,1
1764501018326,887,294,1
1764501018326,887,295,1
1764501018337,887,297,1
1764501018337,888,298,1
1764501018357,888,300,1
1764501018363,889,301,1
1764501018371,889,303,1
1764501018371,889,304,1
1764501018388,889,306,1
1764501018394,889,307,1
1764501018401,889,309,1
1764501018401,889,311,1
1764501018417,890,313,1
1764501018417,890,315,1
1764501018435,890,317,1
1764501018443,889,319,1
1764501018449,889,321,1
1764501018459,888,323,1
1764501018464,887,325,1
1764501018467,887,327,1
1764501018480,886,330,1
1764501018489,885,333,1
1764501018496,885,335,1
1764501018505,885,337,1
1764501018512,884,340,1
1764501018521,884,342,1
1764501018527,883,345,1
1764501018528,883,348,1
1764501018538,883,350,1
1764501018551,883,353,1
1764501018560,883,356,1
1764501018564,882,358,1
1764501018575,882,361,1
1764501018575,882,362,1
1764501018591,882,364,1
1764501018591,882,365,1
1764501018591,882,368,1
1764501018612,882,370,1
1764501018623,882,372,1
1764501018623,881,374,1
1764501018632,881,376,1
1764501018646,881,378,1
1764501018646,881,379,1
1764501018654,881,380,1
1764501018665,881,381,1
1764501018670,881,383,1
1764501018670,882,384,1
1764501018698,883,386,1
1764501018703,884,387,1
1764501018715,885,388,1
1764501018718,885,389,1
1764501018729,886,390,1
1764501018737,887,391,1
1764501018745,887,393,1
1764501018749,888,394,1
1764501018761,888,395,1
1764501018767,888,396,1
1764501018777,889,397,1
1764501018791,889,398,1
1764501018797,889,400,1
1764501018806,889,401,1
1764501018814,888,402,1
1764501018814,888,404,1
1764501018830,888,405,1
1764501018838,887,406,1
1764501018846,887,408,1
1764501018846,886,409,1
1764501018859,886,410,1
1764501018868,885,410,1
1764501018868,885,412,1
1764501018877,884,413,1
1764501018877,884,414,1
1764501018893,883,416,1
1764501018908,883,417,1
1764501018913,882,418,1
1764501018917,882,420,1
1764501018924,881,422,1
1764501018924,881,423,1
1764501018942,880,426,1
1764501018942,880,428,1
1764501018956,880,430,1
1764501018966,879,432,1
1764501018971,879,434,1
1764501018971,878,436,1
1764501018992,878,438,1
1764501018992,877,441,1
1764501019003,877,443,1
1764501019003,876,445,1
1764501019019,875,447,1
1764501019019,874,450,1
1764501019038,873,452,1
1764501019038,872,455,1
1764501019053,871,456,1
1764501019057,871,458,1
1764501019073,870,460,1
1764501019073,870,461,1
1764501019083,869,463,1
1764501019095,869,465,1
1764501019101,869,466,1
1764501019101,868,467,1
1764501019114,867,469,1
1764501019125,867,471,1
1764501019133,866,472,1
1764501019139,865,473,1
1764501019146,865,474,1
1764501019157,864,474,1
1764501019162,863,476,1
1764501019166,862,477,1
1764501019178,861,478,1
1764501019184,860,479,1
1764501019194,859,480,1
1764501019203,858,480,1
1764501019210,857,482,1
1764501019215,856,483,1
1764501019226,855,485,1
1764501019230,854,486,1
1764501019230,853,487,1
1764501019250,852,487,1
1764501019258,851,489,1
1764501019258,850,490,1
1764501019273,849,491,1
1764501019273,848,492,1
1764501019273,847,493,1
1764501019289,846,494,1
1764501019289,845,495,1
1764501019305,844,497,1
1764501019305,843,498,1
1764501019326,842,499,1
1764501019330,841,500,1
1764501019343,840,501,1
1764501019343,839,503,1
1764501019353,839,504,1
1764501019365,838,505,1
1764501019373,838,507,1
1764501019381,837,508,1
1764501019389,837,510,1
1764501019389,837,511,1
1764501019402,837,513,1
1764501019402,837,514,1
1764501019418,837,515,1
1764501019418,837,516,1
1764501019432,837,517,1
1764501019432,837,518,1
1764501019451,837,519,1
1764501019459,837,520,1
1764501019466,837,521,1
1764501019475,837,522,1
1764501019479,837,523,1
1764501019479,837,524,1
1764501019497,836,525,1
1764501019505,836,526,1
1764501019512,836,527,1
1764501019521,836,528,1
1764501019528,835,529,1
1764501019531,834,530,1
1764501019544,833,532,1
1764501019544,832,533,1
1764501019560,831,535,1
1764501019566,830,536,1
1764501019566,829,538,1
1764501019576,828,540,1
1764501019591,827,542,1
1764501019591,826,543,1
1764501019591,825,545,1
1764501019610,824,547,1
1764501019610,822,549,1
1764501019628,821,551,1
1764501019628,820,553,1
1764501019639,819,555,1
1764501019639,818,558,1
1764501019655,817,559,1
1764501019666,816,561,1
1764501019670,814,563,1
1764501019670,813,565,1
1764501019697,811,568,1
1764501019702,809,569,1
1764501019715,808,570,1
1764501019718,807,572,1
1764501019731,806,573,1
1764501019736,805,574,1
1764501019736,804,575,1
1764501019752,803,577,1
1764501019761,802,578,1
1764501019767,801,579,1
1764501019777,800,580,1
1764501019784,799,581,1
1764501019793,798,583,1
1764501019800,797,584,1
1764501019800,796,585,1
1764501019813,795,586,1
1764501019823,794,587,1
1764501019829,793,588,1
1764501019839,792,589,1
1764501019845,791,590,1
1764501019850,790,591,1
1764501019862,789,592,1
1764501019871,787,593,1
1764501019877,786,593,1
1764501019885,785,594,1
1764501019893,784,594,1
1764501019900,782,595,1
1764501019910,781,596,1
1764501019910,780,596,1
1764501019926,778,597,1
1764501019928,776,597,1
1764501019928,774,598,1
1764501019941,772,598,1
1764501019941,770,599,1
1764501019959,767,600,1
1764501019971,765,601,1
1764501019973,763,602,1
1764501019973,761,603,1
1764501019991,759,604,1
1764501019991,756,605,1
1764501020005,754,606,1
1764501020009,752,607,1
1764501020021,750,608,1
1764501020033,748,608,1
1764501020038,746,609,1
1764501020038,743,609,1
1764501020052,741,610,1
1764501020062,739,610,1
1764501020068,738,611,1
1764501020068,736,612,1
1764501020084,734,613,1
1764501020084,732,614,1
1764501020100,730,615,1
1764501020100,728,616,1
1764501020116,726,617,1
1764501020116,723,618,1
1764501020134,721,619,1
1764501020138,719,620,1
1764501020148,716,621,1
1764501020156,713,622,1
1764501020164,710,623,1
1764501020172,707,624,1
1764501020180,704,625,1
1764501020184,702,625,1
1764501020184,699,626,1
1764501020196,696,627,1
1764501020196,693,628,1
1764501020212,690,628,1
1764501020228,687,629,1
1764501020232,684,630,1
1764501020244,681,631,1
1764501020244,678,632,1
1764501020244,675,633,1
1764501020262,672,634,1
1764501020273,669,635,1
1764501020275,666,636,1
1764501020275,663,637,1
1764501020296,661,638,1
1764501020296,658,639,1
1764501020306,656,640,1
1764501020322,654,640,1
1764501020322,652,641,1
1764501020322,649,642,1
1764501020342,647,642,1
1764501020342,646,642,1
1764501020358,644,643,1
1764501020358,641,643,1
1764501020373,639,643,1
1764501020373,636,644,1
1764501020388,633,644,1
1764501020396,630,644,1
1764501020402,627,644,1
1764501020413,624,644,1
1764501020418,621,644,1
1764501020429,618,644,1
1764501020433,615,644,1
1764501020445,612,644,1
1764501020449,608,644,1
1764501020459,605,643,1
1764501020467,602,642,1
1764501020474,599,641,1
1764501020481,596,641,1
1764501020481,593,641,1
1764501020497,590,641,1
1764501020497,588,641,1
1764501020513,585,640,1
1764501020513,582,639,1
1764501020529,580,638,1
1764501020536,578,636,1
1764501020545,576,635,1
1764501020547,574,634,1
1764501020561,573,633,1
1764501020561,571,632,1
1764501020575,569,631,1
1764501020583,566,630,1
1764501020591,563,629,1
1764501020599,560,627,1
1764501020608,557,626,1
1764501020614,554,625,1
1764501020621,551,624,1
1764501020631,549,623,1
1764501020639,547,622,1
1764501020639,544,621,1
1764501020653,543,620,1
1764501020656,541,619,1
1764501020669,538,617,1
1764501020674,536,616,1
1764501020674,534,615,1
1764501020689,532,614,1
1764501020693,530,613,1
1764501020702,528,612,1
1764501020702,526,611,1
1764501020720,523,610,1
1764501020731,521,608,1
1764501020734,518,607,1
1764501020747,515,606,1
1764501020750,512,605,1
1764501020750,509,604,1
1764501020768,506,603,1
1764501020775,503,602,1
1764501020782,500,601,1
1764501020782,497,600,1
1764501020801,494,599,1
1764501020809,492,597,1
1764501020814,490,595,1
1764501020825,487,594,1
1764501020830,485,593,1
1764501020838,483,592,1
1764501020846,480,591,1
1764501020850,478,590,1
1764501020862,475,589,1
1764501020864,473,587,1
1764501020877,471,585,1
1764501020877,469,583,1
1764501020894,467,581,1
1764501020898,465,578,1
1764501020909,463,576,1
1764501020909,461,574,1
1764501020925,460,572,1
1764501020925,458,570,1
1764501020941,457,569,1
1764501020941,455,568,1
1764501020957,453,567,1
1764501020958,451,566,1
1764501020958,449,564,1
1764501020975,447,563,1
1764501020988,446,561,1
1764501020991,445,559,1
1764501021004,444,556,1
1764501021010,443,554,1
1764501021020,442,551,1
1764501021020,441,549,1
1764501021020,440,547,1
1764501021038,439,544,1
1764501021049,438,542,1
1764501021057,437,540,1
1764501021065,435,538,1
1764501021067,434,536,1
1764501021081,433,534,1
1764501021083,432,531,1
1764501021083,431,529,1
1764501021099,430,526,1
1764501021111,429,524,1
1764501021115,428,522,1
1764501021127,427,519,1
1764501021133,426,518,1
1764501021133,425,516,1
1764501021151,424,514,1
1764501021156,423,512,1
1764501021163,422,510,1
1764501021173,421,508,1
1764501021181,420,506,1
1764501021189,419,504,1
1764501021195,418,502,1
1764501021205,417,500,1
1764501021213,416,499,1
1764501021213,415,497,1
1764501021227,414,496,1
1764501021227,413,494,1
1764501021243,412,492,1
1764501021252,411,491,1
1764501021259,410,490,1
1764501021267,409,488,1
1764501021276,408,487,1
1764501021278,407,485,1
1764501021278,405,483,1
1764501021291,404,481,1
1764501021291,403,480,1
1764501021307,402,477,1
1764501021307,401,475,1
1764501021322,400,473,1
1764501021322,399,471,1
1764501021338,398,469,1
1764501021338,397,467,1
1764501021354,396,464,1
1764501021354,395,462,1
1764501021374,394,460,1
1764501021376,394,457,1
1764501021386,393,455,1
1764501021386,392,452,1
1764501021406,391,450,1
1764501021406,390,447,1
1764501021417,389,444,1
1764501021417,388,442,1
1764501021434,387,439,1
1764501021434,386,437,1
1764501021451,385,435,1
1764501021451,384,432,1
1764501021467,383,429,1
1764501021467,383,428,1
1764501021481,382,425,1
1764501021483,381,423,1
1764501021497,381,419,1
1764501021497,380,417,1
1764501021513,379,415,1
1764501021513,378,412,1
1764501021529,378,410,1
1764501021539,377,407,1
1764501021539,376,404,1
1764501021545,375,402,1
1764501021562,374,399,1
1764501021565,374,396,1
1764501021576,373,394,1
1764501021576,372,391,1
1764501021594,372,389,1
1764501021598,372,387,1
1764501021598,372,385,1
1764501021608,372,384,1
1764501021608,372,382,1
1764501021630,372,381,1
1764501021640,373,379,1
1764501021640,373,377,1
1764501021640,374,375,1
1764501021655,375,373,1
1764501021655,375,371,1
1764501021677,376,369,1
1764501021677,377,367,1
1764501021687,377,364,1
1764501021699,378,362,1
1764501021703,379,360,1
1764501021703,379,358,1
1764501021720,380,355,1
1764501021733,380,353,1
1764501021739,381,351,1
1764501021747,382,349,1
1764501021750,382,347,1
1764501021763,383,344,1
1764501021771,383,342,1
1764501021776,384,339,1
1764501021786,385,336,1
1764501021786,386,334,1
1764501021802,387,331,1
1764501021802,388,328,1
1764501021816,389,325,1
1764501021825,389,322,1
1764501021829,390,319,1
1764501021841,391,316,1
1764501021850,392,313,1
1764501021858,393,310,1
1764501021861,393,307,1
1764501021871,394,304,1
1764501021877,395,302,1
1764501021887,395,299,1
1764501021893,395,297,1
1764501021903,395,295,1
1764501021909,395,293,1
1764501021919,395,292,1
1764501021919,395,290,1
1764501021929,395,288,1
1764501021941,396,287,1
1764501021945,396,285,1
1764501021957,397,284,1
1764501021965,398,283,1
1764501021972,398,281,1
1764501021978,399,279,1
1764501021978,400,277,1
1764501021988,401,276,1
1764501022003,402,273,1
1764501022011,403,270,1
1764501022019,404,268,1
1764501022027,406,266,1
1764501022035,407,264,1
1764501022044,408,261,1
1764501022051,409,259,1
1764501022051,410,256,1
1764501022065,411,254,1
1764501022073,412,251,1
1764501022078,413,249,1
1764501022089,415,246,1
1764501022097,416,244,1
1764501022097,417,242,1
1764501022113,418,240,1
1764501022118,419,238,1
1764501022118,420,236,1
1764501022129,421,235,1
1764501022129,422,233,1
1764501022147,423,231,1
1764501022147,424,230,1
1764501022160,425,228,1
1764501022176,426,227,1
1764501022178,427,226,1
1764501022185,429,225,1
1764501022192,430,223,1
1764501022205,432,221,1
1764501022210,433,220,1
1764501022221,435,218,1
1764501022223,436,217,1
1764501022237,437,216,1
1764501022240,439,214,1
1764501022240,440,213,1
1764501022254,441,211,1
1764501022267,442,210,1
1764501022272,443,209,1
1764501022278,444,208,1
1764501022286,445,207,1
1764501022293,446,206,1
1764501022306,447,205,1
1764501022312,448,204,1
1764501022318,449,203,1
1764501022318,450,202,1
1764501022336,451,201,1
1764501022336,452,200,1
1764501022353,453,199,1
1764501022361,455,198,1
1764501022366,456,197,1
1764501022366,458,196,1
1764501022382,460,195,1
1764501022391,462,194,1
1764501022398,464,193,1
1764501022407,467,192,1
1764501022415,469,191,1
1764501022417,472,189,1
1764501022432,474,188,1
1764501022434,476,186,1
1764501022434,478,185,1
1764501022450,481,183,1
1764501022450,484,181,1
1764501022462,486,180,1
1764501022478,488,178,1
1764501022478,490,178,1
1764501022494,491,177,1
1764501022501,493,176,1
1764501022501,494,174,1
1764501022511,495,173,1
1764501022511,497,172,1
1764501022528,498,171,1
1764501022539,499,170,1
1764501022542,500,169,1
1764501022555,502,167,1
1764501022557,504,165,1
1764501022557,506,164,1
1764501022575,509,162,1
1764501022579,511,160,1
1764501022589,513,159,1
1764501022589,516,158,1
1764501022605,517,157,1
1764501022605,518,156,1
1764501022620,520,154,1
1764501022620,522,153,1
1764501022638,524,152,1
1764501022638,526,151,1
1764501022652,527,150,1
1764501022652,528,150,1
1764501022671,530,148,1
1764501022679,531,147,1
1764501022683,533,146,1
1764501022683,534,145,1
1764501022701,535,144,1
1764501022711,536,144,1
1764501022715,538,143,1
1764501022725,539,142,1
1764501022731,541,141,1
1764501022741,542,140,1
1764501022747,543,140,1
1764501022755,544,139,1
1764501022763,545,138,1
1764501022764,547,137,1
1764501022779,548,136,1
1764501022779,550,135,1
1764501022795,551,134,1
1764501022795,553,133,1
1764501022811,555,132,1
1764501022811,557,131,1
1764501022827,559,131,1
1764501022830,562,130,1
1764501022841,565,129,1
1764501022849,568,128,1
1764501022858,571,128,1
1764501022858,574,127,1
1764501022874,577,127,1
1764501022880,580,127,1
1764501022880,583,126,1
1764501022893,586,126,1
1764501022893,589,125,1
1764501022906,592,124,1
1764501022906,596,123,1
1764501022922,599,122,1
1764501022922,603,121,1
1764501022937,607,121,1
1764501022937,611,120,1
1764501022957,614,119,1
1764501022965,616,119,1
1764501022969,619,118,1
1764501022980,622,118,1
1764501022984,625,117,1
1764501022997,628,117,1
1764501023002,631,117,1
1764501023013,633,117,1
1764501023016,636,117,1
1764501023027,638,117,1
1764501023032,640,118,1
1764501023043,641,118,1
1764501023048,643,118,1
1764501023059,644,119,1
1764501023068,646,120,1
1764501023075,647,120,1
1764501023081,649,120,1
1764501023089,650,121,1
1764501023097,651,121,1
1764501023097,652,122,1
1764501023113,653,122,1
1764501023118,654,123,1
1764501023129,655,123,1
1764501023131,656,124,1
1764501023145,657,125,1
1764501023151,658,125,1
1764501023159,660,126,1
1764501023163,661,126,1
1764501023176,663,127,1
1764501023183,664,128,1
1764501023192,666,129,1
1764501023199,667,130,1
1764501023208,669,131,1
1764501023213,671,132,1
1764501023221,673,133,1
1764501023226,675,133,1
1764501023226,678,134,1
1764501023239,681,135,1
1764501023239,683,136,1
1764501023258,686,137,1
1764501023258,688,138,1
1764501023271,690,139,1
1764501023281,692,140,1
1764501023289,695,141,1
1764501023289,698,142,1
1764501023303,700,143,1
1764501023303,702,143,1
1764501023319,705,144,1
1764501023319,707,145,1
1764501023334,710,146,1
1764501023334,712,147,1
1764501023350,715,147,1
1764501023350,718,148,1
1764501023366,721,149,1
1764501023366,724,149,1
1764501023385,727,150,1
1764501023392,730,150,1
1764501023397,733,150,1
1764501023397,736,150,1
1764501023413,738,151,1
1764501023423,741,151,1
1764501023430,743,152,1
1764501023439,745,153,1
1764501023445,747,154,1
1764501023455,749,155,1
1764501023462,751,156,1
1764501023468,753,157,1
1764501023477,755,158,1
1764501023482,758,159,1
1764501023493,760,160,1
1764501023495,762,160,1
1764501023509,764,161,1
1764501023509,766,162,1
1764501023525,768,162,1
1764501023525,770,162,1
1764501023539,772,163,1
1764501023547,774,164,1
1764501023555,776,165,1
1764501023563,777,165,1
1764501023571,779,166,1
1764501023579,781,167,1
1764501023582,783,168,1
1764501023592,784,169,1
1764501023601,786,170,1
1764501023603,788,171,1
1764501023603,791,172,1
1764501023624,793,173,1
1764501023633,795,174,1
1764501023641,798,175,1
1764501023641,799,176,1
1764501023657,801,177,1
1764501023657,802,178,1
1764501023670,803,179,1
1764501023679,804,181,1
1764501023682,805,182,1
1764501023682,807,184,1
1764501023699,808,186,1
1764501023699,809,187,1
1764501023713,810,189,1
1764501023721,811,191,1
1764501023733,813,193,1
1764501023733,814,194,1
1764501023749,815,195,1
1764501023756,817,197,1
1764501023763,819,199,1
1764501023773,821,201,1
1764501023777,823,203,1
1764501023782,825,205,1
1764501023794,826,209,1
1764501023795,828,211,1
1764501023809,830,213,1
1764501023809,831,216,1
1764501023827,832,218,1
1764501023827,834,220,1
1764501023841,836,223,1
1764501023841,838,225,1
1764501023857,840,228,1
1764501023857,843,231,1
1764501023873,846,234,1
1764501023881,848,236,1
1764501023889,849,238,1
1764501023889,851,240,1
1764501023904,853,242,1
1764501023913,854,244,1
1764501023913,856,246,1
1764501023920,857,248,1
1764501023920,858,250,1
1764501023938,859,253,1
1764501023952,860,255,1
1764501023959,861,257,1
1764501023965,862,259,1
1764501023968,863,261,1
1764501023968,864,263,1
1764501023983,865,265,1
1764501023983,866,266,1
1764501024005,867,268,1
1764501024005,868,270,1
1764501024015,869,272,1
1764501024015,870,275,1
1764501024037,871,277,1
1764501024041,872,279,1
1764501024046,873,281,1
1764501024046,874,284,1
1764501024066,875,286,1
1764501024075,876,288,1
1764501024082,877,290,1
1764501024091,878,292,1
1764501024099,878,294,1
1764501024099,879,297,1
1764501024112,880,299,1
1764501024112,880,301,1
1764501024125,880,303,1
1764501024125,881,306,1
1764501024144,881,308,1
1764501024144,881,310,1
1764501024158,881,312,1
1764501024158,882,314,1
1764501024174,882,317,1
1764501024183,882,319,1
1764501024189,882,321,1
1764501024199,882,323,1
1764501024205,882,324,1
1764501024215,882,326,1
1764501024221,882,328,1
1764501024221,883,330,1
1764501024238,883,332,1
1764501024238,883,333,1
1764501024253,883,335,1
1764501024258,883,336,1
1764501024268,884,337,1
1764501024278,884,338,1
1764501024284,884,340,1
1764501024284,884,341,1
1764501024300,884,342,1
1764501024300,884,343,1
1764501024300,884,345,1
1764501024316,884,346,1
1764501024332,884,348,1
1764501024332,884,349,1
1764501024355,884,351,1
1764501024363,885,352,1
1764501024363,885,353,1
1764501024374,886,354,1
1764501024384,886,355,1
1764501024393,886,356,1
1764501024395,887,358,1
1764501024395,887,359,1
1764501024417,887,361,1
1764501024425,887,362,1
1764501024432,887,364,1
1764501024439,887,365,1
1764501024442,887,367,1
1764501024455,888,368,1
1764501024458,888,370,1
1764501024471,888,371,1
1764501024480,888,373,1
1764501024483,888,375,1
1764501024490,888,376,1
1764501024490,888,378,1
1764501024509,888,380,1
1764501024510,888,381,1
1764501024522,888,383,1
1764501024533,888,384,1
1764501024538,888,386,1
1764501024549,888,388,1
1764501024553,888,390,1
1764501024553,888,391,1
1764501024570,888,393,1
1764501024573,888,395,1
1764501024585,888,397,1
1764501024585,887,398,1
1764501024601,887,400,1
1764501024601,887,403,1
1764501024617,887,405,1
1764501024617,887,407,1
1764501024633,887,410,1
1764501024633,887,412,1
1764501024649,887,414,1
1764501024649,887,416,1
1764501024665,887,418,1
1764501024673,887,420,1
1764501024681,887,422,1
1764501024687,887,423,1
1764501024687,888,425,1
1764501024697,888,426,1
1764501024713,888,427,1
1764501024713,888,428,1
1764501024727,887,431,1
1764501024735,887,433,1
1764501024735,886,435,1
1764501024751,886,438,1
1764501024751,886,441,1
1764501024761,885,444,1
1764501024773,885,447,1
1764501024776,884,450,1
1764501024783,883,453,1
1764501024797,883,455,1
1764501024803,883,458,1
1764501024811,882,461,1
1764501024811,882,463,1
1764501024824,881,465,1
1764501024824,880,467,1
1764501024839,879,468,1
1764501024839,879,471,1
1764501024858,878,473,1
1764501024858,877,475,1
1764501024872,876,478,1
1764501024883,875,480,1
1764501024889,874,482,1
1764501024897,873,484,1
1764501024906,872,487,1
1764501024906,871,489,1
1764501024920,870,491,1
1764501024920,869,493,1
1764501024936,868,496,1
1764501024936,867,497,1
1764501024936,866,499,1
1764501024951,865,500,1
1764501024967,864,502,1
1764501024967,863,503,1
1764501024983,862,504,1
1764501024985,861,506,1
1764501025000,860,507,1
1764501025007,859,509,1
1764501025012,859,510,1
1764501025017,858,511,1
1764501025029,857,512,1
1764501025032,857,513,1
1764501025045,856,514,1
1764501025048,856,515,1
1764501025061,855,516,1
1764501025069,854,517,1
1764501025069,853,518,1
1764501025083,852,519,1
1764501025094,851,521,1
1764501025094,850,522,1
1764501025113,849,522,1
1764501025113,848,523,1
1764501025126,847,524,1
1764501025126,846,525,1
1764501025142,845,526,1
1764501025145,844,527,1
1764501025157,843,528,1
1764501025157,842,529,1
1764501025175,841,530,1
1764501025185,840,531,1
1764501025192,839,532,1
1764501025192,838,533,1
1764501025205,837,534,1
1764501025214,836,535,1
1764501025221,835,536,1
1764501025231,834,537,1
1764501025237,833,538,1
1764501025237,832,538,1
1764501025253,830,540,1
1764501025263,829,541,1
1764501025269,828,542,1
1764501025277,826,543,1
1764501025285,825,544,1
1764501025285,824,545,1
1764501025300,823,546,1
1764501025309,822,547,1
1764501025316,821,548,1
1764501025325,820,549,1
1764501025325,819,550,1
1764501025339,818,551,1
1764501025348,817,553,1
1764501025355,815,554,1
1764501025363,813,555,1
1764501025363,812,556,1
1764501025381,810,557,1
1764501025386,808,558,1
1764501025386,806,559,1
1764501025398,805,560,1
1764501025409,803,561,1
1764501025416,801,562,1
1764501025420,800,563,1
1764501025427,799,564,1
1764501025441,797,565,1
1764501025442,796,566,1
1764501025458,794,567,1
1764501025458,793,568,1
1764501025458,791,569,1
1764501025475,790,570,1
1764501025485,788,571,1
1764501025494,787,572,1
1764501025494,785,573,1
1764501025509,784,574,1
1764501025509,783,575,1
1764501025522,782,576,1
1764501025522,781,577,1
1764501025540,780,578,1
1764501025549,779,579,1
1764501025557,778,580,1
1764501025565,777,581,1
1764501025570,775,582,1
1764501025581,774,583,1
1764501025587,773,583,1
1764501025595,772,584,1
1764501025602,771,585,1
1764501025611,771,586,1
1764501025618,770,586,1
1764501025627,769,587,1
1764501025634,768,588,1
1764501025644,767,589,1
1764501025651,766,590,1
1764501025654,765,591,1
1764501025665,764,592,1
1764501025674,763,593,1
1764501025681,762,594,1
1764501025686,760,595,1
1764501025697,759,595,1
1764501025705,757,596,1
1764501025713,756,597,1
1764501025718,754,598,1
1764501025718,752,599,1
1764501025735,751,600,1
1764501025741,750,601,1
1764501025751,748,602,1
1764501025759,747,603,1
1764501025760,746,604,1
1764501025760,745,605,1
1764501025778,744,606,1
1764501025789,743,608,1
1764501025793,741,609,1
1764501025805,739,610,1
1764501025808,737,611,1
1764501025822,735,612,1
1764501025826,732,614,1
1764501025837,729,616,1
1764501025840,726,617,1
1764501025840,724,619,1
1764501025857,721,621,1
1764501025857,718,623,1
1764501025874,715,624,1
1764501025883,712,625,1
1764501025888,709,626,1
1764501025899,706,627,1
1764501025904,703,628,1
1764501025904,701,629,1
1764501025921,698,630,1
1764501025925,695,631,1
1764501025936,692,632,1
1764501025936,689,633,1
1764501025953,686,634,1
1764501025954,683,635,1
1764501025968,680,636,1
1764501025968,677,637,1
1764501025983,674,638,1
1764501025986,671,639,1
1764501025999,669,640,1
1764501025999,666,640,1
1764501026015,664,640,1
1764501026018,662,641,1
1764501026031,660,642,1
1764501026033,658,643,1
1764501026042,656,643,1
1764501026046,654,643,1
1764501026062,652,644,1
1764501026068,650,644,1
1764501026078,648,644,1
1764501026078,646,644,1
1764501026093,644,644,1
1764501026098,642,644,1
1764501026098,640,644,1
1764501026114,638,644,1
1764501026123,636,644,1
1764501026125,633,644,1
1764501026139,630,644,1
1764501026143,627,644,1
1764501026143,624,645,1
1764501026156,621,646,1
1764501026156,618,646,1
1764501026174,616,647,1
1764501026186,613,647,1
1764501026188,610,647,1
1764501026201,607,647,1
1764501026207,605,647,1
1764501026207,602,647,1
1764501026219,600,647,1
1764501026219,598,647,1
1764501026237,595,648,1
1764501026237,593,648,1
1764501026251,590,648,1
1764501026251,588,648,1
1764501026268,586,648,1
1764501026268,585,648,1
1764501026287,583,648,1
1764501026295,581,647,1
1764501026299,579,646,1
1764501026310,578,645,1
1764501026316,576,644,1
1764501026325,575,643,1
1764501026331,572,642,1
1764501026341,571,641,1
1764501026347,569,641,1
1764501026357,566,640,1
1764501026363,563,639,1
1764501026363,560,638,1
1764501026379,557,637,1
1764501026387,554,636,1
1764501026395,551,635,1
1764501026404,548,634,1
1764501026412,545,633,1
1764501026416,543,632,1
1764501026416,541,631,1
1764501026427,539,630,1
1764501026445,537,629,1
1764501026447,534,628,1
1764501026457,532,627,1
1764501026465,531,626,1
1764501026474,529,625,1
1764501026482,527,624,1
1764501026487,525,623,1
1764501026490,523,622,1
1764501026503,522,621,1
1764501026506,520,620,1
1764501026519,518,619,1
1764501026522,516,618,1
1764501026522,514,616,1
1764501026542,512,615,1
1764501026542,510,614,1
1764501026553,508,613,1
1764501026565,505,612,1
1764501026570,503,611,1
1764501026581,500,610,1
1764501026588,498,609,1
1764501026598,495,608,1
1764501026601,493,607,1
1764501026613,491,606,1
1764501026618,490,605,1
1764501026627,489,604,1
1764501026633,487,603,1
1764501026643,486,602,1
1764501026648,485,601,1
1764501026659,484,600,1
1764501026668,482,598,1
1764501026676,480,597,1
1764501026681,479,595,1
1764501026689,478,594,1
1764501026697,477,592,1
1764501026705,476,591,1
1764501026713,474,589,1
1764501026721,473,588,1
1764501026736,470,586,1
1764501026739,469,585,1
1764501026750,468,584,1
1764501026750,466,582,1
1764501026764,464,581,1
1764501026775,462,580,1
1764501026776,459,579,1
1764501026789,457,578,1
1764501026798,455,577,1
1764501026808,454,575,1
1764501026813,453,574,1
1764501026813,452,572,1
1764501026829,451,570,1
1764501026831,450,568,1
1764501026844,449,566,1
1764501026844,448,563,1
1764501026856,447,560,1
1764501026856,446,558,1
1764501026874,445,556,1
1764501026874,444,554,1
1764501026889,442,551,1
1764501026889,441,550,1
1764501026906,440,547,1
1764501026916,439,544,1
1764501026923,438,542,1
1764501026931,437,539,1
1764501026935,436,537,1
1764501026946,435,534,1
1764501026953,434,532,1
1764501026964,434,530,1
1764501026967,433,527,1
1764501026977,432,525,1
1764501026983,431,523,1
1764501026993,430,521,1
1764501026998,429,518,1
1764501027003,428,516,1
1764501027015,427,514,1
1764501027023,426,512,1
1764501027031,425,510,1
1764501027033,424,508,1
1764501027047,423,507,1
1764501027047,422,505,1
1764501027063,421,503,1
1764501027063,420,501,1
1764501027078,419,500,1
1764501027078,418,498,1
1764501027089,417,496,1
1764501027097,416,494,1
1764501027110,415,491,1
1764501027117,414,489,1
1764501027126,413,487,1
1764501027126,411,485,1
1764501027139,410,483,1
1764501027147,409,480,1
1764501027151,408,479,1
1764501027163,407,476,1
1764501027163,406,475,1
1764501027174,405,473,1
1764501027187,404,470,1
1764501027189,403,469,1
1764501027189,402,467,1
1764501027204,401,465,1
1764501027204,400,463,1
1764501027223,399,461,1
1764501027223,398,459,1
1764501027236,397,457,1
1764501027236,396,454,1
1764501027255,395,453,1
1764501027266,394,451,1
1764501027269,393,449,1
1764501027279,392,448,1
1764501027284,391,445,1
1764501027296,391,444,1
1764501027300,390,442,1
1764501027312,389,440,1
1764501027316,388,439,1
1764501027326,387,437,1
1764501027332,386,434,1
1764501027342,386,432,1
1764501027348,385,429,1
1764501027357,384,428,1
1764501027366,384,425,1
1764501027373,383,423,1
1764501027381,382,421,1
1764501027383,381,419,1
1764501027389,380,416,1
1764501027397,380,413,1
1764501027412,379,411,1
1764501027412,378,409,1
1764501027428,378,406,1
1764501027428,378,404,1
1764501027444,377,402,1
1764501027444,377,400,1
1764501027444,377,399,1
1764501027465,377,398,1
1764501027473,377,397,1
1764501027475,377,394,1
1764501027489,377,392,1
1764501027497,377,390,1
1764501027505,377,388,1
1764501027510,377,385,1
1764501027510,378,383,1
1764501027527,378,380,1
1764501027535,378,378,1
1764501027542,378,375,1
1764501027542,378,373,1
1764501027558,378,370,1
1764501027564,378,368,1
1764501027574,379,366,1
1764501027574,380,364,1
1764501027587,380,362,1
1764501027597,381,360,1
1764501027603,382,358,1
1764501027603,383,356,1
1764501027621,384,354,1
1764501027623,385,352,1
1764501027634,386,349,1
1764501027634,387,346,1
1764501027652,388,344,1
1764501027654,389,341,1
1764501027666,390,338,1
1764501027675,391,335,1
1764501027683,393,332,1
1764501027691,394,329,1
1764501027699,396,325,1
1764501027701,397,322,1
1764501027701,399,319,1
1764501027715,400,317,1
1764501027730,401,314,1
1764501027737,402,311,1
1764501027739,402,309,1
1764501027748,403,306,1
1764501027761,404,304,1
1764501027763,404,301,1
1764501027775,405,299,1
1764501027778,405,297,1
1764501027791,405,296,1
1764501027794,405,294,1
1764501027807,405,292,1
1764501027812,406,290,1
1764501027812,406,289,1
1764501027825,407,287,1
1764501027825,407,285,1
1764501027843,408,283,1
1764501027843,409,281,1
1764501027857,409,280,1
1764501027869,410,278,1
1764501027875,411,276,1
1764501027875,412,275,1
1764501027891,412,273,1
1764501027891,413,272,1
1764501027904,414,270,1
1764501027904,415,269,1
1764501027922,416,267,1
1764501027922,417,266,1
1764501027937,418,264,1
1764501027937,419,263,1
1764501027955,420,261,1
1764501027957,421,260,1
1764501027967,422,259,1
1764501027978,423,258,1
1764501027984,424,257,1
1764501027994,425,256,1
1764501028000,426,255,1
1764501028002,427,254,1
1764501028017,428,252,1
1764501028023,429,251,1
1764501028031,431,249,1
1764501028031,432,248,1
1764501028047,433,246,1
1764501028047,434,245,1
1764501028063,435,244,1
1764501028063,436,243,1
1764501028079,437,242,1
1764501028079,438,240,1
1764501028093,439,239,1
1764501028095,440,238,1
1764501028110,441,236,1
1764501028111,442,235,1
1764501028122,443,234,1
1764501028126,444,232,1
1764501028142,445,231,1
1764501028142,446,229,1
1764501028142,447,227,1
1764501028158,448,226,1
1764501028171,449,223,1
1764501028174,450,221,1
1764501028187,451,219,1
1764501028191,452,218,1
1764501028191,453,216,1
1764501028205,454,215,1
1764501028215,455,213,1
1764501028221,456,213,1
1764501028233,457,212,1
1764501028238,458,210,1
1764501028238,459,208,1
1764501028253,460,207,1
1764501028253,461,204,1
1764501028269,463,203,1
1764501028269,464,201,1
1764501028284,466,198,1
1764501028291,468,196,1
1764501028300,469,194,1
1764501028300,471,192,1
1764501028317,473,190,1
1764501028317,475,189,1
1764501028331,476,186,1
1764501028331,477,185,1
1764501028348,479,183,1
1764501028357,481,181,1
1764501028364,482,181,1
1764501028364,483,179,1
1764501028380,485,178,1
1764501028380,486,176,1
1764501028396,487,175,1
1764501028396,488,174,1
1764501028411,489,173,1
1764501028418,490,172,1
1764501028427,491,171,1
1764501028427,493,169,1
1764501028443,495,168,1
1764501028448,497,167,1
1764501028459,500,166,1
1764501028459,502,164,1
1764501028459,505,163,1
1764501028478,508,162,1
1764501028478,511,160,1
1764501028491,514,158,1
1764501028504,517,156,1
1764501028508,520,155,1
1764501028521,523,154,1
1764501028523,526,153,1
1764501028538,529,152,1
1764501028543,532,151,1
1764501028543,535,150,1
1764501028554,538,149,1
1764501028554,541,147,1
1764501028575,544,146,1
1764501028575,547,145,1
1764501028591,550,144,1
1764501028591,553,143,1
1764501028602,556,142,1
1764501028612,559,141,1
1764501028620,562,140,1
1764501028629,564,140,1
1764501028634,566,139,1
1764501028634,568,138,1
1764501028650,569,137,1
1764501028650,571,136,1
1764501028666,573,135,1
1764501028672,574,134,1
1764501028682,576,133,1
1764501028691,578,132,1
1764501028698,580,131,1
1764501028698,582,130,1
1764501028715,585,129,1
1764501028724,587,128,1
1764501028737,593,126,1
1764501028745,596,125,1
1764501028753,598,124,1
1764501028755,601,123,1
1764501028765,603,122,1
1764501028765,606,121,1
1764501028778,608,120,1
1764501028794,610,119,1
1764501028798,611,119,1
1764501028807,613,118,1
1764501028812,614,118,1
1764501028812,615,117,1
1764501028831,616,117,1
1764501028831,617,116,1
1764501028846,618,116,1
1764501028855,620,115,1
1764501028858,621,115,1
1764501028858,623,114,1
1764501028875,624,114,1
1764501028875,626,113,1
1764501028893,629,112,1
1764501028895,631,111,1
1764501028907,633,110,1
1764501028913,635,110,1
1764501028925,638,110,1
1764501028926,640,110,1
1764501028937,643,110,1
1764501028937,646,110,1
1764501028955,648,110,1
1764501028958,651,110,1
1764501028971,654,110,1
1764501028971,657,111,1
1764501028984,660,112,1
1764501028993,662,113,1
1764501029000,664,114,1
1764501029000,665,114,1
1764501029016,667,115,1
1764501029016,668,115,1
1764501029034,670,116,1
1764501029038,672,117,1
1764501029049,673,117,1
1764501029056,675,118,1
1764501029056,676,119,1
1764501029065,678,120,1
1764501029065,680,121,1
1764501029080,681,121,1
1764501029096,683,122,1
1764501029096,685,123,1
1764501029112,687,124,1
1764501029117,689,124,1
1764501029117,692,125,1
1764501029127,694,126,1
1764501029144,696,127,1
1764501029148,698,128,1
1764501029148,700,129,1
1764501029159,703,130,1
1764501029174,705,131,1
1764501029175,707,132,1
1764501029187,709,133,1
1764501029193,712,134,1
1764501029193,714,135,1
1764501029207,716,136,1
1764501029207,718,137,1
1764501029223,721,138,1
1764501029223,723,139,1
1764501029239,726,140,1
1764501029239,728,141,1
1764501029255,730,142,1
1764501029263,733,143,1
1764501029270,735,144,1
1764501029270,737,145,1
1764501029286,740,146,1
1764501029293,743,147,1
1764501029302,746,148,1
1764501029302,748,149,1
1764501029320,751,150,1
1764501029320,754,151,1
1764501029334,757,152,1
1764501029338,759,153,1
1764501029351,762,154,1
1764501029359,765,155,1
1764501029366,768,156,1
1764501029366,771,157,1
1764501029366,774,157,1
1764501029382,777,158,1
1764501029398,779,159,1
1764501029398,781,161,1
1764501029411,783,162,1
1764501029418,785,164,1
1764501029429,786,165,1
1764501029429,788,167,1
1764501029429,790,169,1
1764501029445,791,170,1
1764501029445,793,171,1
1764501029466,795,172,1
1764501029466,797,173,1
1764501029477,798,174,1
1764501029477,800,175,1
1764501029498,801,176,1
1764501029498,803,177,1
1764501029509,804,178,1
1764501029509,806,178,1
1764501029524,808,180,1
1764501029524,809,181,1
1764501029544,811,181,1
1764501029544,813,183,1
1764501029556,814,184,1
1764501029556,816,185,1
1764501029574,818,186,1
1764501029583,820,188,1
1764501029590,821,189,1
1764501029598,823,190,1
1764501029604,824,192,1
1764501029604,825,193,1
1764501029620,826,194,1
1764501029620,828,194,1
1764501029637,829,196,1
1764501029638,830,197,1
1764501029652,831,199,1
1764501029652,832,200,1
1764501029668,833,202,1
1764501029668,834,204,1
1764501029683,835,205,1
1764501029683,836,207,1
1764501029699,837,208,1
1764501029702,838,210,1
1764501029715,839,211,1
1764501029715,841,212,1
1764501029731,842,213,1
1764501029731,843,214,1
1764501029747,844,215,1
1764501029747,846,216,1
1764501029747,847,218,1
1764501029766,848,219,1
1764501029779,849,221,1
1764501029779,850,221,1
1764501029779,851,223,1
1764501029798,852,225,1
1764501029798,853,227,1
1764501029817,854,229,1
1764501029817,855,230,1
1764501029826,856,232,1
1764501029835,857,234,1
1764501029845,858,236,1
1764501029845,859,238,1
1764501029860,860,240,1
1764501029860,861,242,1
1764501029873,862,244,1
1764501029873,863,246,1
1764501029889,864,247,1
1764501029898,865,249,1
1764501029905,866,251,1
1764501029905,867,253,1
1764501029921,868,255,1
1764501029921,869,257,1
1764501029937,870,258,1
1764501029937,871,260,1
1764501029953,872,262,1
1764501029953,873,264,1
1764501029971,874,266,1
1764501029975,875,268,1
1764501029984,876,270,1
1764501029984,877,271,1
1764501030000,878,274,1
1764501030000,878,276,1
1764501030016,879,278,1
1764501030016,880,280,1
1764501030032,881,282,1
1764501030033,881,285,1
1764501030048,882,287,1
1764501030048,883,289,1
1764501030064,884,292,1
1764501030068,884,294,1
1764501030079,885,296,1
1764501030079,885,298,1
1764501030095,886,300,1
1764501030098,886,302,1
1764501030111,887,305,1
1764501030114,887,307,1
1764501030127,888,309,1
1764501030136,888,311,1
1764501030143,888,314,1
1764501030149,887,316,1
1764501030158,887,319,1
1764501030166,886,321,1
1764501030166,886,324,1
1764501030175,885,327,1
1764501030188,884,330,1
1764501030190,883,332,1
1764501030206,882,335,1
1764501030209,881,338,1
1764501030220,880,341,1
1764501030222,880,344,1
1764501030222,880,347,1
1764501030238,879,350,1
1764501030238,879,353,1
1764501030258,879,356,1
1764501030258,879,359,1
1764501030270,879,362,1
1764501030270,879,365,1
1764501030289,879,368,1
1764501030289,878,370,1
1764501030302,878,373,1
1764501030302,877,376,1
1764501030317,877,378,1
1764501030317,876,382,1
1764501030333,876,384,1
1764501030333,876,387,1
1764501030351,876,388,1
1764501030360,876,390,1
1764501030367,876,391,1
1764501030367,876,393,1
1764501030383,876,394,1
1764501030388,876,395,1
1764501030399,876,397,1
1764501030399,876,398,1
1764501030413,877,400,1
1764501030418,877,402,1
1764501030429,878,403,1
1764501030433,879,404,1
1764501030445,879,406,1
1764501030449,879,408,1
1764501030461,880,409,1
1764501030461,880,410,1
1764501030461,880,411,1
1764501030477,880,413,1
1764501030477,880,414,1
1764501030499,880,416,1
1764501030513,880,418,1
1764501030513,880,419,1
1764501030527,879,420,1
1764501030527,879,421,1
1764501030545,879,422,1
1764501030545,878,423,1
1764501030557,878,425,1
1764501030557,877,426,1
1764501030575,877,427,1
1764501030575,876,429,1
1764501030599,875,431,1
1764501030604,875,432,1
1764501030604,875,433,1
1764501030620,874,434,1
1764501030620,874,435,1
1764501030636,874,436,1
1764501030636,873,438,1
1764501030653,873,439,1
1764501030653,873,440,1
1764501030668,872,442,1
1764501030685,871,444,1
1764501030694,871,446,1
1764501030700,870,447,1
1764501030701,869,448,1
1764501030717,868,449,1
1764501030717,867,452,1
1764501030717,866,453,1
1764501030733,865,454,1
1764501030733,864,455,1
1764501030756,863,457,1
1764501030756,862,459,1
1764501030766,861,460,1
1764501030780,860,461,1
1764501030780,859,463,1
1764501030780,858,464,1
1764501030799,858,465,1
1764501030799,857,466,1
1764501030817,856,467,1
1764501030817,855,468,1
1764501030828,854,469,1
1764501030828,853,471,1
1764501030846,853,472,1
1764501030853,852,474,1
1764501030862,851,474,1
1764501030862,850,476,1
1764501030875,849,478,1
1764501030875,848,479,1
1764501030895,847,480,1
1764501030900,846,481,1
1764501030907,845,483,1
1764501030918,844,484,1
1764501030925,843,485,0
1764501030925,843,487,1
1764501030939,842,488,1
1764501030939,842,489,1
1764501030957,841,491,1
1764501030957,840,492,1
1764501030970,839,493,0
1764501030970,839,495,1
1764501030987,839,496,1
1764501030987,838,497,1
1764501031003,838,498,1
1764501031003,838,500,1
1764501031024,838,502,1
1764501031035,838,504,1
1764501031037,838,505,1
1764501031043,838,507,1
1764501031051,838,508,1
1764501031051,838,509,1
1764501031067,837,511,1
1764501031082,837,513,1
1764501031082,837,514,1
1764501031098,836,516,1
1764501031101,836,518,1
1764501031101,835,519,1
1764501031114,835,521,1
1764501031114,834,522,1
1764501031135,834,524,1
1764501031138,833,526,1
1764501031146,832,527,1
1764501031146,831,529,1
1764501031164,830,530,1
1764501031164,829,532,1
1764501031177,828,533,1
1764501031188,827,535,1
1764501031197,826,537,1
1764501031206,825,539,1
1764501031209,824,541,1
1764501031209,823,543,1
1764501031225,822,545,1
1764501031225,821,547,1
1764501031243,820,549,1
1764501031251,819,551,1
1764501031257,818,553,1
1764501031257,817,554,1
1764501031272,815,556,1
1764501031283,814,558,1
1764501031288,813,559,1
1764501031288,812,561,1
1764501031306,811,562,1
1764501031306,810,564,1
1764501031321,809,565,1
1764501031321,808,566,1
1764501031336,807,567,1
1764501031338,806,568,1
1764501031352,806,569,1
1764501031352,805,570,1
1764501031368,804,571,1
1764501031368,803,573,1
1764501031384,802,574,1
1764501031384,801,575,1
1764501031400,800,576,1
1764501031401,799,577,1
1764501031415,798,578,1
1764501031415,797,579,1
1764501031415,795,580,1
1764501031436,794,581,1
1764501031436,792,582,1
1764501031447,791,583,1
1764501031447,789,584,1
1764501031463,788,585,1
1764501031479,787,586,1
1764501031479,785,587,1
1764501031479,783,588,1
1764501031498,781,589,1
1764501031501,780,590,1
1764501031515,779,591,1
1764501031515,777,592,1
1764501031532,776,593,1
1764501031536,775,594,1
1764501031544,774,595,1
1764501031544,772,596,1
1764501031561,771,597,1
1764501031567,769,598,1
1764501031577,767,599,1
1764501031577,766,600,1
1764501031591,764,601,1
1764501031602,762,602,1
1764501031607,760,603,1
1764501031607,758,603,1
1764501031623,757,604,1
1764501031623,755,605,1
1764501031641,753,605,1
1764501031648,752,605,1
1764501031655,751,606,1
1764501031657,749,607,1
1764501031671,748,607,1
1764501031671,746,608,1
1764501031671,744,608,1
1764501031687,742,608,1
1764501031702,740,609,1
1764501031705,739,609,1
1764501031705,737,610,1
1764501031719,735,611,1
1764501031719,732,612,1
1764501031735,730,613,1
1764501031735,727,614,1
1764501031755,725,615,1
1764501031759,723,615,1
1764501031766,721,616,1
1764501031766,719,617,1
1764501031787,718,618,1
1764501031796,716,619,1
1764501031802,714,620,1
1764501031802,712,621,1
1764501031817,710,621,1
1764501031817,708,622,1
1764501031830,706,622,1
1764501031838,704,623,1
1764501031846,701,623,1
1764501031846,699,623,1
1764501031865,697,624,1
1764501031865,695,624,1
1764501031878,692,625,1
1764501031878,689,626,1
1764501031894,687,626,1
1764501031902,684,627,1
1764501031912,682,628,1
1764501031915,680,629,1
1764501031927,678,630,1
1764501031927,677,631,1
1764501031927,676,632,1
1764501031943,674,633,1
1764501031958,673,634,1
1764501031962,672,635,1
1764501031974,670,636,1
1764501031974,668,637,1
1764501031990,667,638,1
1764501031990,665,639,1
1764501032002,664,639,1
1764501032006,662,640,1
1764501032006,661,641,1
1764501032028,660,641,1
1764501032032,658,642,1
1764501032038,656,642,1
1764501032044,654,643,1
1764501032056,652,644,1
1764501032056,650,644,1
1764501032070,648,645,1
1764501032070,645,646,1
1764501032086,643,647,1
1764501032086,641,648,1
1764501032105,638,648,1
1764501032105,636,649,1
1764501032118,634,649,1
1764501032118,631,650,1
1764501032135,629,650,1
1764501032138,627,650,1
1764501032150,624,649,1
1764501032150,621,649,1
1764501032165,618,649,1
1764501032165,615,648,1
1764501032181,612,648,1
1764501032189,609,647,1
1764501032197,606,647,1
1764501032202,604,646,1
1764501032215,601,646,1
1764501032216,598,645,1
1764501032229,595,645,1
1764501032229,593,644,1
1764501032245,590,643,1
1764501032245,588,642,1
1764501032245,585,641,1
1764501032268,582,640,1
1764501032276,579,639,1
1764501032277,575,638,1
1764501032277,572,636,1
1764501032297,569,635,1
1764501032302,566,634,1
1764501032308,563,633,1
1764501032308,560,632,1
1764501032329,557,631,1
1764501032329,554,630,1
1764501032345,551,629,1
1764501032345,548,628,1
1764501032356,546,627,1
1764501032356,543,626,1
1764501032372,540,624,1
1764501032372,538,623,1
1764501032390,536,621,1
1764501032390,534,619,1
1764501032404,531,617,1
1764501032404,528,615,1
1764501032423,525,613,1
1764501032423,522,611,1
1764501032435,519,610,1
1764501032435,516,608,1
1764501032451,513,607,1
1764501032451,510,606,1
1764501032467,507,604,1
1764501032467,504,603,1
1764501032483,501,601,1
1764501032483,499,600,1
1764501032499,496,599,1
1764501032502,493,597,1
1764501032515,490,595,1
1764501032515,487,594,1
1764501032531,484,592,1
1764501032536,482,591,1
1764501032548,479,590,1
1764501032551,477,588,1
1764501032563,475,587,1
1764501032563,472,586,1
1764501032579,470,585,1
1764501032585,467,584,1
1764501032589,464,583,1
1764501032595,461,582,1
1764501032602,458,581,1
1764501032611,456,580,1
1764501032626,453,579,1
1764501032626,450,578,1
1764501032642,447,577,1
1764501032648,444,576,1
1764501032650,441,574,1
1764501032663,439,573,1
1764501032663,436,572,1
1764501032674,433,570,1
1764501032674,431,569,1
1764501032689,428,567,1
1764501032702,426,566,1
1764501032705,424,565,1
1764501032705,422,563,1
1764501032725,419,561,1
1764501032731,417,559,1
1764501032737,416,558,1
1764501032737,415,557,1
1764501032753,414,555,1
1764501032761,413,554,1
1764501032771,412,552,1
1764501032774,411,550,1
1764501032787,410,549,1
1764501032787,409,547,1
1764501032803,408,545,1
1764501032806,407,543,1
1764501032816,406,541,1
1764501032816,405,538,1
1764501032833,404,537,1
1764501032838,403,535,1
1764501032848,402,533,1
1764501032848,401,531,1
1764501032864,400,529,1
1764501032867,399,527,1
1764501032880,399,526,1
1764501032880,398,523,1
1764501032897,397,521,1
1764501032903,396,519,1
1764501032911,395,517,1
1764501032911,394,515,1
1764501032927,393,513,1
1764501032931,392,511,1
1764501032945,391,509,1
1764501032945,390,507,1
1764501032961,389,505,1
1764501032964,388,503,1
1764501032974,388,500,1
1764501032975,387,498,1
1764501032991,386,495,1
1764501032996,385,493,1
1764501033003,384,490,1
1764501033006,383,488,1
1764501033022,382,485,1
1764501033029,381,483,1
1764501033032,380,480,1
1764501033044,379,478,1
1764501033044,378,476,1
1764501033058,377,473,1
1764501033058,376,470,1
1764501033070,375,467,1
1764501033070,375,465,1
1764501033088,374,463,1
1764501033088,374,461,1
1764501033104,374,459,1
1764501033104,374,457,1
1764501033122,375,454,1
1764501033122,375,453,1
1764501033134,375,451,1
1764501033134,375,448,1
1764501033153,376,446,1
1764501033158,376,444,1
1764501033166,376,442,1
1764501033166,376,440,1
1764501033184,375,439,1
1764501033189,375,437,1
1764501033199,375,435,1
1764501033204,374,433,1
1764501033215,374,431,1
1764501033218,374,429,1
1764501033218,374,427,1
1764501033232,374,425,1
1764501033232,374,423,1
1764501033254,374,421,1
1764501033262,374,419,1
1764501033262,373,416,1
1764501033278,373,414,1
1764501033278,373,413,1
1764501033278,373,411,1
1764501033294,373,408,1
1764501033304,373,406,1
1764501033310,374,404,1
1764501033310,374,400,1
1764501033326,374,399,1
1764501033326,374,396,1
1764501033342,375,394,1
1764501033354,375,391,1
1764501033358,375,388,1
1764501033358,375,386,1
1764501033376,375,383,1
1764501033378,374,380,1
1764501033389,374,378,1
1764501033402,374,375,1
1764501033407,373,373,1
1764501033409,373,370,1
1764501033422,373,368,1
1764501033429,373,366,1
1764501033439,373,365,1
1764501033442,373,363,1
1764501033454,373,362,1
1764501033454,373,361,1
1764501033470,374,359,1
1764501033474,374,358,1
1764501033474,374,357,1
1764501033486,375,355,1
1764501033502,375,354,1
1764501033505,375,352,1
1764501033518,376,350,1
1764501033518,376,349,1
1764501033537,377,347,1
1764501033537,378,344,1
1764501033545,378,342,1
1764501033555,379,340,1
1764501033555,379,338,1
1764501033571,380,336,1
1764501033571,380,333,1
1764501033581,381,331,1
1764501033597,381,328,1
1764501033598,382,326,1
1764501033606,382,324,1
1764501033612,383,322,1
1764501033612,383,319,1
1764501033633,384,317,1
1764501033633,384,315,1
1764501033644,384,313,1
1764501033644,385,310,1
1764501033665,385,308,1
1764501033665,385,306,1
1764501033676,385,303,1
1764501033676,386,301,1
1764501033692,387,298,1
1764501033692,388,295,1
1764501033708,389,293,1
1764501033708,390,290,1
1764501033727,391,287,1
1764501033733,392,285,1
1764501033739,393,282,1
1764501033739,394,280,1
1764501033766,395,275,1
1764501033773,396,273,1
1764501033773,397,272,1
1764501033789,397,270,1
1764501033792,398,268,1
1764501033803,399,266,1
1764501033806,400,265,1
1764501033819,401,264,1
1764501033819,402,262,1
1764501033835,403,261,1
1764501033837,405,259,1
1764501033850,406,258,1
1764501033860,407,257,1
1764501033866,408,256,1
1764501033868,409,255,1
1764501033882,410,254,1
1764501033882,411,253,1
1764501033898,412,252,1
1764501033905,413,251,1
1764501033914,414,250,1
1764501033914,415,249,1
1764501033914,416,248,1
1764501033932,417,247,1
1764501033932,418,246,1
1764501033946,419,245,1
1764501033946,420,244,1
1764501033961,421,242,1
1764501033961,422,241,1
1764501033977,423,239,1
1764501033977,424,237,1
1764501033996,425,235,1
1764501034006,426,233,1
1764501034009,427,232,1
1764501034009,428,230,1
1764501034027,429,228,1
1764501034027,430,227,1
1764501034046,431,226,1
1764501034050,432,225,1
1764501034057,433,223,1
1764501034057,434,221,1
1764501034072,435,220,1
1764501034072,436,218,1
1764501034088,437,217,1
1764501034092,438,215,1
1764501034106,439,213,1
1764501034106,440,212,1
1764501034120,442,210,1
1764501034120,443,208,1
1764501034138,444,205,1
1764501034140,445,204,1
1764501034153,446,202,1
1764501034153,447,201,1
1764501034168,448,199,1
1764501034168,449,197,1
1764501034183,450,196,1
1764501034189,451,195,1
1764501034199,452,194,1
1764501034206,453,192,1
1764501034215,454,191,1
1764501034215,455,189,1
1764501034233,456,188,1
1764501034238,457,187,1
1764501034238,458,186,1
1764501034247,459,185,1
1764501034247,460,184,1
1764501034263,461,183,1
1764501034263,462,181,1
1764501034281,464,180,1
1764501034294,465,179,1
1764501034294,466,178,1
1764501034306,468,177,1
1764501034310,470,176,1
1764501034310,472,175,1
1764501034326,474,174,1
1764501034326,477,172,1
1764501034344,479,171,1
1764501034344,481,170,1
1764501034358,483,169,1
1764501034358,485,168,1
1764501034374,486,167,1
1764501034374,487,166,1
1764501034392,489,164,1
1764501034392,491,163,1
1764501034406,493,162,1
1764501034406,494,161,1
1764501034422,496,160,1
1764501034433,498,159,1
1764501034438,500,158,1
1764501034439,503,157,1
1764501034453,505,156,1
1764501034453,508,155,1
1764501034471,511,154,1
1764501034471,513,153,1
1764501034485,516,152,1
1764501034495,519,151,1
1764501034501,522,150,1
1764501034506,525,149,1
1764501034517,528,148,1
1764501034517,530,147,1
1764501034533,533,146,1
1764501034533,535,145,1
1764501034549,537,144,1
1764501034553,538,143,1
1764501034565,540,142,1
1764501034567,542,141,1
1764501034580,544,140,1
1764501034580,545,139,1
1764501034597,547,138,1
1764501034597,549,137,1
1764501034612,550,136,1
1764501034612,552,135,1
1764501034628,553,134,1
1764501034633,555,133,1
1764501034641,556,133,1
1764501034649,558,132,1
1764501034653,559,131,1
1764501034662,560,131,1
1764501034675,561,130,1
1764501034678,563,130,1
1764501034690,564,129,1
1764501034696,565,128,1
1764501034698,567,127,1
1764501034715,569,127,1
1764501034716,570,126,1
1764501034722,572,125,1
1764501034722,574,124,1
1764501034743,576,123,1
1764501034743,578,122,1
1764501034754,580,122,1
1764501034766,582,121,1
1764501034775,583,120,1
1764501034778,585,119,1
1764501034786,588,118,1
1764501034786,590,117,1
1764501034805,593,116,1
1764501034807,596,116,1
1764501034818,599,115,1
1764501034818,602,114,1
1764501034835,605,113,1
1764501034838,608,112,1
1764501034849,611,111,1
1764501034849,614,110,1
1764501034867,617,109,1
1764501034874,620,108,1
1764501034884,623,108,1
1764501034888,626,107,1
1764501034897,629,107,1
1764501034906,632,107,1
1764501034913,635,106,1
1764501034921,638,106,1
1764501034928,640,106,1
1764501034937,643,106,1
1764501034944,645,106,1
1764501034950,646,106,1
1764501034958,648,106,1
1764501034967,651,106,1
1764501034975,653,107,1
1764501034982,655,107,1
1764501034990,657,107,1
1764501034999,659,108,1
1764501035008,662,108,1
1764501035008,664,109,1
1764501035008,667,110,1
1764501035024,669,111,1
1764501035024,672,112,1
1764501035046,675,113,1
1764501035046,678,114,1
1764501035055,680,115,1
1764501035055,683,116,1
1764501035074,685,117,1
1764501035074,688,118,1
1764501035088,691,119,1
1764501035100,694,120,1
1764501035107,697,121,1
1764501035116,700,121,1
1764501035119,704,122,1
1764501035119,707,122,1
1764501035138,711,123,1
1764501035138,714,124,1
1764501035153,717,125,1
1764501035158,720,126,1
1764501035166,723,127,1
1764501035166,726,127,1
1764501035182,729,128,1
1764501035190,731,129,1
1764501035198,734,130,1
1764501035207,737,131,1
1764501035215,739,133,1
1764501035218,742,135,1
1764501035230,743,137,1
1764501035230,746,138,1
1764501035247,748,139,1
1764501035253,750,141,1
1764501035264,752,142,1
1764501035272,754,143,1
1764501035272,757,145,1
1764501035278,759,146,1
1764501035294,761,147,1
1764501035296,763,148,1
1764501035310,765,150,1
1764501035310,767,151,1
1764501035326,768,152,1
1764501035326,770,153,1
1764501035326,771,154,1
1764501035347,772,155,1
1764501035347,773,157,1
1764501035357,774,159,1
1764501035357,776,161,1
1764501035373,778,163,1
1764501035373,780,165,1
1764501035389,782,167,1
1764501035389,785,169,1
1764501035409,787,171,1
1764501035413,789,172,1
1764501035421,792,174,1
1764501035421,795,176,1
1764501035438,796,177,1
1764501035438,799,180,1
1764501035452,801,181,1
1764501035452,803,184,1
1764501035471,805,185,1
1764501035475,808,188,1
1764501035484,810,189,1
1764501035484,813,191,1
1764501035503,815,194,1
1764501035508,816,196,1
1764501035516,818,197,1
1764501035516,819,199,1
1764501035534,820,201,1
1764501035536,821,202,1
1764501035548,822,204,1
1764501035548,823,205,1
1764501035566,824,207,1
1764501035568,825,208,1
1764501035580,826,210,1
1764501035580,827,211,1
1764501035580,828,213,1
1764501035604,830,213,1
1764501035613,831,216,1
1764501035613,832,217,1
1764501035628,833,219,1
1764501035628,834,220,1
1764501035643,835,222,1
1764501035648,837,223,1
1764501035648,838,225,1
1764501035659,840,226,1
1764501035674,841,227,1
1764501035678,842,229,1
1764501035678,843,230,1
1764501035698,844,231,1
1764501035707,845,232,1
1764501035708,846,233,1
1764501035708,847,234,1
1764501035722,848,236,1
1764501035736,849,237,1
1764501035741,850,238,1
1764501035741,851,240,1
1764501035754,852,241,1
1764501035761,853,242,1
1764501035775,854,243,1
1764501035779,855,244,1
1764501035786,856,245,1
1764501035786,857,246,1
1764501035804,859,247,1
1764501035807,860,248,1
1764501035821,862,249,1
1764501035829,863,250,1
1764501035835,865,251,1
1764501035835,867,252,1
1764501035851,868,253,1
1764501035854,870,254,1
1764501035866,871,255,1
1764501035866,872,256,1
1764501035882,873,257,1
1764501035882,874,259,1
1764501035898,875,260,1
1764501035908,876,261,1
1764501035914,877,263,1
1764501035914,878,265,1
1764501035930,878,266,1
1764501035930,879,268,1
1764501035945,880,269,1
1764501035945,881,271,1
1764501035962,882,272,1
1764501035966,882,273,1
1764501035966,883,275,1
1764501035978,883,276,1
1764501035993,884,277,1
1764501035993,885,278,1
1764501036008,885,279,1
1764501036009,886,280,1
1764501036009,887,282,1
1764501036041,888,285,1
1764501036046,889,287,1
1764501036046,889,288,1
1764501036058,890,290,1
1764501036058,891,292,1
1764501036075,891,294,1
1764501036075,892,295,1
1764501036093,892,298,1
1764501036093,892,300,1
1764501036105,893,303,1
1764501036108,893,305,1
1764501036121,893,307,1
1764501036121,893,309,1
1764501036136,893,311,1
1764501036136,894,313,1
1764501036152,894,314,1
1764501036152,894,317,1
1764501036168,894,319,1
1764501036170,894,321,1
1764501036184,894,323,1
1764501036190,894,325,1
1764501036201,895,327,1
1764501036209,895,329,1
1764501036216,895,330,1
1764501036218,895,332,1
1764501036234,894,333,1
1764501036237,894,335,1
1764501036248,894,337,1
1764501036248,893,339,1
1764501036264,893,341,1
1764501036264,893,342,1
1764501036280,892,344,1
1764501036287,892,345,1
1764501036296,891,347,1
1764501036296,890,349,1
1764501036310,890,351,1
1764501036314,889,352,1
1764501036314,889,354,1
1764501036327,888,356,1
1764501036327,887,358,1
1764501036343,887,361,1
1764501036359,886,362,1
1764501036359,886,364,1
1764501036359,885,365,1
1764501036375,885,367,1
1764501036388,885,368,1
1764501036392,884,370,1
1764501036392,884,371,1
1764501036410,884,373,1
1764501036417,884,375,1
1764501036422,884,376,1
1764501036422,883,378,1
1764501036440,883,380,1
1764501036440,883,382,1
1764501036456,883,383,1
1764501036462,883,384,1
1764501036473,882,385,1
1764501036474,882,388,1
1764501036485,882,390,1
1764501036485,881,391,1
1764501036502,881,393,1
1764501036510,881,394,1
0,0,0,0
1764501036517,881,396,1
1764501036517,881,397,1
1764501036535,881,398,1
1764501036535,881,400,1
1764501036548,880,401,1
1764501036548,880,402,1
1764501036566,880,403,1
1764501036567,880,404,1
1764501036580,879,404,1
1764501036590,879,406,1
1764501036596,879,407,1
1764501036606,878,408,1
1764501036613,878,409,1
1764501036617,878,410,1
1764501036628,877,412,1
1764501036631,877,413,1
1764501036644,876,414,1
1764501036652,876,415,1
1764501036660,875,416,1
1764501036664,875,418,1
1764501036675,874,419,1
1764501036675,873,420,1
1764501036675,873,422,1
1764501036694,872,423,1
1764501036707,871,424,1
1764501036711,871,426,1
1764501036722,870,427,1
1764501036722,870,428,1
1764501036738,869,429,1
1764501036746,868,431,1
1764501036746,868,433,1
1764501036757,867,435,1
1764501036757,866,436,1
1764501036776,866,438,1
1764501036776,865,439,1
1764501036791,864,441,1
1764501036800,864,442,1
1764501036801,864,444,1
1764501036811,864,445,1
1764501036817,864,447,1
1764501036827,864,448,1
1764501036833,864,449,1
1764501036833,864,451,1
1764501036853,864,452,1
1764501036853,865,453,1
1764501036867,865,454,1
1764501036867,865,455,1
1764501036883,866,457,1
1764501036888,866,458,1
1764501036900,866,459,1
1764501036902,867,460,1
1764501036915,867,461,1
1764501036915,868,461,1
1764501036929,868,463,1
1764501036929,868,464,1
1764501036945,869,465,1
1764501036945,869,466,1
1764501036961,869,467,1
1764501036977,869,468,1
1764501036977,870,470,1
1764501036993,870,471,1
1764501036997,870,472,1
1764501036997,870,473,1
1764501037011,870,474,1
1764501037024,870,475,1
1764501037025,870,476,1
1764501037025,870,477,1
1764501037047,870,478,1
1764501037047,870,480,1
1764501037057,870,481,1
1764501037057,870,483,1
1764501037073,870,485,1
1764501037073,870,486,1
1764501037094,869,487,1
1764501037097,869,490,1
1764501037104,869,492,1
1764501037111,869,494,1
1764501037124,869,496,1
1764501037124,868,498,1
1764501037136,868,500,1
1764501037136,867,503,1
1764501037156,866,505,1
1764501037156,865,507,1
1764501037168,864,510,1
1764501037168,863,512,1
1764501037188,862,515,1
1764501037190,861,517,1
1764501037199,860,520,1
1764501037199,859,523,1
1764501037217,858,525,1
1764501037217,857,527,1
1764501037231,856,530,1
1764501037231,855,532,1
1764501037247,854,534,1
1764501037247,853,536,1
1764501037263,853,537,1
1764501037263,852,539,1
1764501037279,851,540,1
1764501037279,850,542,1
1764501037295,849,543,1
1764501037295,849,544,1
1764501037311,848,545,1
1764501037320,848,546,1
1764501037320,847,547,1
1764501037327,847,548,1
1764501037350,847,549,1
1764501037358,846,549,1
1764501037572,845,549,1
1764501037584,844,548,1
1764501037584,843,548,1
1764501037602,842,547,1
1764501037616,841,547,1
1764501037636,840,547,1
1764501037648,840,546,1
1764501037680,839,546,1
1764501037696,838,546,1
1764501037713,838,545,1
1764501037928,839,545,1
1764501038006,839,546,1
1764501039136,839,547,1
1764501039137,839,548,1
1764501039150,838,549,1
1764501039151,837,550,1
1764501039166,837,551,1
1764501039167,836,552,1
1764501039183,835,554,1
1764501039190,834,555,1
1764501039195,833,556,1
1764501039198,832,557,1
1764501039198,831,558,1
1764501039218,830,559,1
1764501039218,829,560,1
1764501039235,828,561,1
1764501039235,827,562,1
1764501039246,826,563,1
1764501039257,825,564,1
1764501039264,824,565,1
1764501039278,824,566,1
1764501039296,823,567,1
1764501039310,823,568,1
1764501039318,822,568,1
1764501039341,822,569,1
1764501039357,821,570,1
1764501039373,821,571,1
1764501039389,820,572,1
1764501039405,820,573,1
1764501039423,819,574,1
1764501039436,819,575,1
1764501039436,818,575,1
1764501039455,818,576,1
1764501039468,818,577,1
1764501039732,817,577,1
1764501039774,817,576,1
1764501039793,816,575,1
1764501039793,815,574,1
1764501039812,815,573,1
1764501039815,814,573,1
1764501039822,814,572,1
1764501052333,815,572,1
1764501052348,816,572,1
1764501053415,815,572,1
1764501054693,815,571,1
1764501054705,815,570,1
1764501054720,814,570,1
1764501054727,814,569,1
1764501054748,814,568,1
1764501054765,814,567,1
1764501054782,814,566,1
1764501054794,813,566,1
1764501054810,813,565,1
1764501055233,813,564,1
1764501055247,812,564,1
1764501055266,812,563,1
1764501055298,812,562,1
1764501055407,812,561,1
1764501055560,811,562,1
1764501055570,810,562,1
1764501055585,810,563,1
1764501055585,809,563,1
1764501055601,808,563,1
1764501055601,807,563,1
1764501055620,807,564,1
1764501055620,806,564,1
1764501055689,805,564,1
1764501055753,805,565,1
1764501055760,804,565,1
1764501055775,803,566,1
1764501055783,802,566,1
1764501055783,801,567,1
1764501055794,800,567,1
1764501055794,799,568,1
1764501055813,798,569,1
1764501055827,797,569,1
1764501055827,796,569,1
1764501055841,795,570,1
1764501055841,794,570,1
1764501055857,793,572,1
1764501055870,792,572,1
1764501055873,791,573,1
1764501055883,790,574,1
1764501055891,789,575,1
1764501055891,788,576,1
1764501055905,787,577,1
1764501055905,786,577,1
1764501055923,785,578,1
1764501055931,784,579,1
1764501055936,783,580,1
1764501055936,782,581,1
1764501055953,781,581,1
1764501055961,780,582,1
1764501055968,779,583,1
1764501055973,778,584,1
1764501055984,777,584,1
1764501055987,776,585,1
1764501056001,774,586,1
1764501056010,773,586,1
1764501056015,772,587,1
1764501056018,771,588,1
1764501056031,769,589,1
1764501056039,768,590,1
1764501056049,767,591,1
1764501056051,766,592,1
1764501056063,765,593,1
1764501056068,764,594,1
1764501056079,763,594,1
1764501056081,762,595,1
1764501056094,761,596,1
1764501056101,760,597,1
1764501056110,759,598,1
1764501056113,758,598,1
1764501056126,757,599,1
1764501056131,756,600,1
1764501056131,755,601,1
1764501056144,754,602,1
1764501056155,753,602,1
1764501056158,752,603,1
1764501056158,751,604,1
1764501056184,750,605,1
1764501056195,749,605,1
1764501056201,748,606,1
1764501056208,747,606,1
1764501056208,746,606,1
1764501056221,745,607,1
1764501056233,743,607,1
1764501056241,742,608,1
1764501056241,741,608,1
1764501056253,740,608,1
1764501056253,739,609,1
1764501056269,738,609,1
1764501056269,737,610,1
1764501056284,736,611,1
1764501056284,735,611,1
1764501056300,734,612,1
1764501056300,732,612,1
1764501056316,731,613,1
1764501056316,729,613,1
1764501056331,727,614,1
1764501056331,724,615,1
1764501056348,723,615,1
1764501056348,720,616,1
1764501056366,718,616,1
1764501056373,716,616,1
1764501056382,714,617,1
1764501056389,712,617,1
1764501056397,710,617,1
1764501056397,708,617,1
1764501056397,706,617,1
1764501056413,704,617,1
1764501056428,702,617,1
1764501056432,700,617,1
1764501056444,698,618,1
1764501056444,696,618,1
1764501056459,694,619,1
1764501056459,692,620,1
1764501056474,690,621,1
1764501056475,688,621,1
1764501056490,686,622,1
1764501056493,685,622,1
1764501056506,683,622,1
1764501056514,682,622,1
1764501056514,681,623,1
1764501056525,679,624,1
1764501056532,677,624,1
1764501056538,676,625,1
1764501056538,674,625,1
1764501056554,672,626,1
1764501056554,670,626,1
1764501056570,668,627,1
1764501056583,666,627,1
1764501056588,664,627,1
1764501056588,662,628,1
1764501056605,660,628,1
1764501056605,658,628,1
1764501056621,655,628,1
1764501056621,653,629,1
1764501056636,652,629,1
1764501056636,650,630,1
1764501056651,648,630,1
1764501056651,647,630,1
1764501056665,645,631,1
1764501056665,644,631,1
1764501056683,643,631,1
1764501056687,642,631,1
1764501056698,641,631,1
1764501056706,640,631,1
1764501056713,639,630,1
1764501056713,638,630,1
1764501056729,637,630,1
1764501056736,636,629,1
1764501056745,635,629,1
1764501056747,634,628,1
1764501056761,632,628,1
1764501056769,631,628,1
1764501056777,630,628,1
1764501056777,627,628,1
1764501056777,625,628,1
1764501056793,622,628,1
1764501056793,620,628,1
1764501056808,618,628,1
1764501056824,616,628,1
1764501056831,613,628,1
1764501056840,611,628,1
1764501056840,608,628,1
1764501056840,606,627,1
1764501056856,604,627,1
1764501056856,601,627,1
1764501056871,600,626,1
1764501056871,598,626,1
1764501056895,597,626,1
1764501056900,596,625,1
1764501056909,594,625,1
1764501056911,592,625,1
1764501056919,591,624,1
1764501056929,590,624,1
1764501056935,588,624,1
1764501056935,587,623,1
1764501056953,586,623,1
1764501056953,584,623,1
1764501056967,582,623,1
1764501056967,580,623,1
1764501056985,579,623,1
1764501056993,577,623,1
1764501057002,576,624,1
1764501057002,574,624,1
1764501057017,573,624,1
1764501057025,572,624,1
1764501057033,571,623,1
1764501057042,569,623,1
1764501057047,568,623,1
1764501057055,567,622,1
1764501057063,565,621,1
1764501057068,563,620,1
1764501057079,561,619,1
1764501057079,559,618,1
1764501057095,556,617,1
1764501057095,553,616,1
1764501057095,551,615,1
1764501057111,548,614,1
1764501057111,545,614,1
1764501057133,543,613,1
1764501057133,540,612,1
1764501057143,538,611,1
1764501057143,537,611,1
1764501057159,535,611,1
1764501057159,534,610,1
1764501057179,533,609,1
1764501057185,531,609,1
1764501057191,530,608,1
1764501057200,529,607,1
1764501057206,527,606,1
1764501057206,526,605,1
1764501057223,524,604,1
1764501057233,523,603,1
1764501057238,522,602,1
1764501057238,520,601,1
1764501057254,519,600,1
1764501057254,518,599,1
1764501057270,516,598,1
1764501057270,515,597,1
1764501057288,513,596,1
1764501057288,512,595,1
1764501057301,511,594,1
1764501057301,509,593,1
1764501057317,507,592,1
1764501057323,506,591,1
1764501057334,504,590,1
1764501057334,503,589,1
1764501057351,501,588,1
1764501057351,500,587,1
1764501057365,498,586,1
1764501057365,497,585,1
1764501057381,495,584,1
1764501057381,493,583,1
1764501057399,491,582,1
1764501057400,489,581,1
1764501057413,487,580,1
1764501057415,485,579,1
1764501057415,483,578,1
1764501057434,482,577,1
1764501057434,480,576,1
1764501057445,478,575,1
1764501057445,476,574,1
1764501057460,475,573,1
1764501057460,473,572,1
1764501057483,472,571,1
1764501057492,470,570,1
1764501057493,469,569,1
1764501057493,467,568,1
1764501057508,465,567,1
1764501057521,463,566,1
1764501057528,462,565,1
1764501057534,460,564,1
1764501057545,459,563,1
1764501057545,457,562,1
1764501057559,456,561,1
1764501057560,454,560,1
1764501057571,453,559,1
1764501057571,452,558,1
1764501057591,450,557,1
1764501057593,449,556,1
1764501057603,448,555,1
1764501057603,447,554,1
1764501057619,446,553,1
1764501057619,445,552,1
1764501057637,444,551,1
1764501057639,443,549,1
1764501057650,442,548,1
1764501057650,441,547,1
1764501057666,440,546,1
1764501057666,439,545,1
1764501057682,438,544,1
1764501057682,437,543,1
1764501057698,436,542,1
1764501057700,435,540,1
1764501057714,434,539,1
1764501057714,433,538,1
1764501057729,432,537,1
1764501057735,431,536,1
1764501057745,430,535,1
1764501057745,429,533,1
1764501057762,428,532,1
1764501057762,427,531,1
1764501057777,426,530,1
1764501057777,425,528,1
1764501057793,424,526,1
1764501057793,423,525,1
1764501057809,422,524,1
1764501057809,421,522,1
1764501057809,420,520,1
1764501057826,419,519,1
1764501057835,418,517,1
1764501057840,417,516,1
1764501057840,416,515,1
1764501057858,415,514,1
1764501057858,414,513,1
1764501057877,413,511,1
1764501057877,412,510,1
1764501057892,411,508,1
1764501057900,410,507,1
1764501057903,410,506,1
1764501057903,409,504,1
1764501057922,408,503,1
1764501057934,407,502,1
1764501057935,406,501,1
1764501057935,405,500,1
1764501057951,405,499,1
1764501057951,404,498,1
1764501057967,403,497,1
1764501057967,402,495,1
1764501057983,402,494,1
1764501057983,402,493,1
1764501058001,401,491,1
1764501058001,400,490,1
1764501058017,399,489,1
1764501058020,399,487,1
1764501058031,398,486,1
1764501058035,397,484,1
1764501058049,396,482,1
1764501058049,395,480,1
1764501058063,394,478,1
1764501058068,393,476,1
1764501058079,392,474,1
1764501058079,391,472,1
1764501058097,390,470,1
1764501058099,390,469,1
1764501058111,389,467,1
1764501058111,388,464,1
1764501058127,387,463,1
1764501058131,387,461,1
1764501058143,386,459,1
1764501058143,385,457,1
1764501058143,385,454,1
1764501058166,384,452,1
1764501058173,384,450,1
1764501058182,383,448,1
1764501058190,382,445,1
1764501058193,382,443,1
1764501058200,381,442,1
1764501058206,380,440,1
1764501058206,379,439,1
1764501058227,379,438,1
1764501058235,379,437,1
1764501058238,378,435,1
1764501058259,377,434,1
1764501058264,377,432,1
1764501058270,377,431,1
1764501058282,377,430,1
1764501058286,377,429,1
1764501058286,377,427,1
1764501058301,376,426,1
1764501058301,376,425,1
1764501058319,376,423,1
1764501058319,375,421,1
1764501058335,375,419,1
1764501058335,374,417,1
1764501058351,373,416,1
1764501058353,373,414,1
1764501058365,372,412,1
1764501058365,372,411,1
1764501058383,372,409,1
1764501058383,371,408,1
1764501058398,371,407,1
1764501058400,371,406,1
1764501058413,370,405,1
1764501058413,370,404,1
1764501058430,370,403,1
1764501058435,370,402,1
1764501058445,370,400,1
1764501058445,370,399,1
1764501058445,370,398,1
1764501058461,370,397,1
1764501058461,370,396,1
1764501058477,370,395,1
1764501058477,370,394,1
1764501058492,370,393,1
1764501058508,370,392,1
1764501058508,370,391,1
1764501058508,371,390,1
1764501058528,371,388,1
1764501058538,371,387,1
1764501058540,371,385,1
1764501058540,371,384,1
1764501058556,371,381,1
1764501058569,371,379,1
1764501058572,371,377,1
1764501058572,372,375,1
1764501058587,372,373,1
1764501058587,372,370,1
1764501058603,372,368,1
1764501058603,372,366,1
1764501058622,373,364,1
1764501058622,373,362,1
1764501058639,374,360,1
1764501058639,374,358,1
1764501058653,375,356,1
1764501058653,375,354,1
1764501058667,376,352,1
1764501058677,377,351,1
1764501058683,377,349,1
1764501058683,377,347,1
1764501058699,378,345,1
1764501058699,379,343,1
1764501058715,379,342,1
1764501058723,379,339,1
1764501058731,380,337,1
1764501058735,380,335,1
1764501058747,380,333,1
1764501058747,381,331,1
1764501058765,381,329,1
1764501058765,381,327,1
1764501058765,381,326,1
1764501058779,382,324,1
1764501058792,382,323,1
1764501058799,383,321,1
1764501058799,383,320,1
1764501058811,383,319,1
1764501058811,383,317,1
1764501058831,384,316,1
1764501058835,384,315,1
1764501058843,384,313,1
1764501058843,385,312,1
1764501058863,385,311,1
1764501058863,385,309,1
1764501058877,385,308,1
1764501058887,385,307,1
1764501058891,385,305,1
1764501058899,385,304,1
1764501058909,385,302,1
1764501058911,386,301,1
1764501058923,386,299,1
1764501058933,386,298,1
1764501058939,387,296,1
1764501058939,387,294,1
1764501058957,388,292,1
1764501058965,389,290,1
1764501058971,390,289,1
1764501058973,391,287,1
1764501058987,392,285,1
1764501058994,393,283,1
1764501059003,394,282,1
1764501059006,395,280,1
1764501059019,396,278,1
1764501059023,397,276,1
1764501059023,398,274,1
1764501059035,398,273,1
1764501059050,399,271,1
1764501059053,400,270,1
1764501059066,400,268,1
1764501059074,401,267,1
1764501059082,402,265,1
1764501059090,402,264,1
1764501059098,403,262,1
1764501059098,404,261,1
1764501059112,405,259,1
1764501059119,406,257,1
1764501059119,407,256,1
1764501059135,408,254,1
1764501059135,409,253,1
1764501059145,410,251,1
1764501059161,411,250,1
1764501059161,412,249,1
1764501059161,413,247,1
1764501059181,414,246,1
1764501059187,415,245,1
1764501059193,416,243,1
1764501059200,417,241,1
1764501059213,418,239,1
1764501059213,419,238,1
1764501059224,420,236,1
1764501059235,421,234,1
1764501059244,422,232,1
1764501059245,423,230,1
1764501059256,424,228,1
1764501059256,424,227,1
1764501059273,425,226,1
1764501059273,425,225,1
1764501059287,425,224,1
1764501059287,425,223,1
1764501059303,426,221,1
1764501059320,427,220,1
1764501059320,427,219,1
1764501059336,428,218,1
1764501059338,429,217,1
1764501059352,429,216,1
1764501059352,430,215,1
1764501059368,431,213,1
1764501059368,432,212,1
1764501059384,433,211,1
1764501059384,435,210,1
1764501059400,436,209,1
1764501059402,437,208,1
1764501059416,438,206,1
1764501059420,439,205,1
1764501059420,440,203,1
1764501059436,441,202,1
1764501059436,442,201,1
1764501059450,443,199,1
1764501059450,445,197,1
1764501059463,446,197,1
1764501059479,448,196,1
1764501059483,449,194,1
1764501059492,450,194,1
1764501059501,451,193,1
1764501059508,453,191,1
1764501059511,454,190,1
1764501059524,455,189,1
1764501059532,457,188,1
1764501059536,458,186,1
1764501059544,460,185,1
1764501059554,462,184,1
1764501059558,464,183,1
1764501059569,467,181,1
1764501059576,470,180,1
1764501059586,473,178,1
1764501059589,476,176,1
1764501059598,479,174,1
1764501059607,482,172,1
1764501059607,485,170,1
1764501059621,488,168,1
1764501059621,491,166,1
1764501059639,494,165,1
1764501059639,497,164,1
1764501059652,499,163,1
1764501059652,502,162,1
1764501059671,504,161,1
1764501059673,506,160,1
1764501059683,508,159,1
1764501059687,509,158,1
1764501059699,512,157,1
1764501059699,514,156,1
1764501059717,516,155,1
1764501059725,519,154,1
1764501059731,521,153,1
1764501059736,523,152,1
1764501059747,526,151,1
1764501059752,528,150,1
1764501059764,531,149,1
1764501059764,534,148,1
1764501059779,536,147,1
1764501059788,537,146,1
1764501059795,539,145,1
1764501059800,540,144,1
1764501059800,541,144,1
1764501059811,542,143,1
1764501059811,543,143,1
1764501059833,544,142,1
1764501059836,545,141,1
1764501059842,546,140,1
1764501059858,547,140,1
1764501059858,548,139,1
1764501059858,549,139,1
1764501059879,550,138,1
1764501059879,551,137,1
1764501059890,552,137,1
1764501059890,553,136,1
1764501059911,554,136,1
1764501059913,556,135,1
1764501059928,557,134,1
1764501059933,558,133,1
1764501059937,560,133,1
1764501059950,562,132,1
1764501059953,564,131,1
1764501059966,566,130,1
1764501059969,569,129,1
1764501059982,572,128,1
1764501059989,575,127,1
1764501059993,578,126,1
1764501060003,581,125,1
1764501060011,584,124,1
1764501060019,587,123,1
1764501060019,590,122,1
1764501060032,593,121,1
1764501060036,596,121,1
1764501060051,598,120,1
1764501060053,601,120,1
1764501060064,603,119,1
1764501060070,606,118,1
1764501060081,609,118,1
1764501060081,612,118,1
1764501060097,615,117,1
1764501060105,618,117,1
1764501060113,620,118,1
1764501060113,623,118,1
1764501060113,626,118,1
1764501060132,628,118,1
1764501060136,630,118,1
1764501060144,633,118,1
1764501060160,636,118,1
1764501060167,639,117,1
1764501060176,642,117,1
1764501060185,645,117,1
1764501060190,648,117,1
1764501060192,651,117,1
1764501060206,654,117,1
1764501060210,657,117,1
1764501060222,660,118,1
1764501060224,663,119,1
1764501060236,666,120,1
1764501060241,670,121,1
1764501060254,673,122,1
1764501060256,676,123,1
1764501060256,680,124,1
1764501060272,683,125,1
1764501060282,686,126,1
1764501060290,689,127,1
1764501060300,692,128,1
1764501060305,695,129,1
1764501060316,697,130,1
1764501060320,700,130,1
1764501060330,703,131,1
1764501060336,706,131,1
1764501060346,708,132,1
1764501060352,711,133,1
1764501060354,713,134,1
1764501060370,715,135,1
1764501060373,717,136,1
1764501060383,719,137,1
1764501060391,720,138,1
1764501060399,721,139,1
1764501060399,723,140,1
1764501060415,724,141,1
1764501060415,725,142,1
1764501060431,726,143,1
1764501060439,728,144,1
1764501060439,730,145,1
1764501060447,731,146,1
1764501060463,733,147,1
1764501060465,735,148,1
1764501060478,737,149,1
1764501060482,739,150,1
1764501060494,741,151,1
1764501060494,743,152,1
1764501060494,745,153,1
1764501060510,747,154,1
1764501060524,749,155,1
1764501060528,750,156,1
1764501060537,752,157,1
1764501060542,754,158,1
1764501060556,756,159,1
1764501060564,757,160,1
1764501060572,759,161,1
1764501060573,761,162,1
1764501060586,763,163,1
1764501060589,765,164,1
1764501060589,767,165,1
1764501060606,768,166,1
1764501060606,770,167,1
1764501060622,771,168,1
1764501060622,773,169,1
1764501060637,774,170,1
1764501060637,776,171,1
1764501060653,778,172,1
1764501060653,780,173,1
1764501060668,782,174,1
1764501060668,785,175,1
1764501060684,787,176,1
1764501060689,789,177,1
1764501060700,790,178,1
1764501060700,791,179,1
1764501060717,793,180,1
1764501060717,794,181,1
1764501060733,795,182,1
1764501060741,796,183,1
1764501060749,797,184,1
1764501060753,798,185,1
1764501060765,799,186,1
1764501060772,800,187,1
1764501060780,801,188,1
1764501060781,802,189,1
1764501060797,803,190,1
1764501060801,804,191,1
1764501060812,805,192,1
1764501060812,806,193,1
1764501060828,807,194,1
1764501060833,808,195,1
1764501060837,809,196,1
1764501060847,810,197,1
1764501060858,811,197,1
1764501060860,812,199,1
1764501060874,813,200,1
1764501060883,814,201,1
1764501060883,815,202,1
1764501060893,817,203,1
1764501060904,818,204,1
1764501060910,819,205,1
1764501060917,820,207,1
1764501060923,820,208,1
1764501060936,821,209,1
1764501060940,822,210,1
1764501060940,823,211,1
1764501060955,824,213,1
1764501060955,825,213,1
1764501060970,826,215,1
1764501060970,827,216,1
1764501060987,828,217,1
1764501060993,829,218,1
1764501061002,831,219,1
1764501061002,832,220,1
1764501061020,833,221,1
1764501061020,834,222,1
1764501061034,835,223,1
1764501061044,837,224,1
1764501061050,838,226,1
1764501061060,839,227,1
1764501061066,840,228,1
1764501061071,842,229,1
1764501061082,843,231,1
1764501061082,844,232,1
1764501061098,845,233,1
1764501061100,846,234,1
1764501061114,847,235,1
1764501061114,848,236,1
1764501061129,849,237,1
1764501061137,850,238,1
1764501061145,851,239,1
1764501061153,852,240,1
1764501061161,853,241,1
1764501061168,854,242,1
1764501061177,855,243,1
1764501061183,856,244,1
1764501061200,857,246,1
1764501061208,858,247,1
1764501061213,859,248,1
1764501061222,860,249,1
1764501061224,861,251,1
1764501061238,862,252,1
1764501061246,863,254,1
1764501061246,864,255,1
1764501061262,865,257,1
1764501061262,866,258,1
1764501061271,867,260,1
1764501061271,868,262,1
1764501061289,869,263,1
1764501061300,870,263,1
1764501061303,871,265,1
1764501061316,872,266,1
1764501061319,873,268,1
1764501061332,874,270,1
1764501061338,875,271,1
1764501061338,876,272,1
1764501061351,877,274,1
1764501061351,878,275,1
1764501061369,879,276,1
1764501061378,880,279,1
1764501061384,881,282,1
1764501061394,882,284,1
1764501061399,883,286,1
1764501061399,884,288,1
1764501061415,884,291,1
1764501061425,885,292,1
1764501061431,885,295,1
1764501061439,886,298,1
1764501061447,886,300,1
1764501061447,887,303,1
1764501061463,887,306,1
1764501061470,888,308,1
1764501061470,889,311,1
1764501061479,890,314,1
1764501061495,890,316,1
1764501061501,890,319,1
1764501061510,891,321,1
1764501061510,891,324,1
1764501061526,891,327,1
1764501061531,892,329,1
1764501061539,892,332,1
1764501061542,892,335,1
1764501061542,893,337,1
1764501061558,894,339,1
1764501061571,894,342,1
1764501061574,895,344,1
1764501061574,896,346,1
1764501061589,896,348,1
1764501061589,896,351,1
1764501061605,896,353,1
1764501061605,897,355,1
1764501061626,897,357,1
1764501061631,897,359,1
1764501061639,897,361,1
1764501061639,897,362,1
1764501061653,897,365,1
1764501061653,897,367,1
1764501061669,897,368,1
1764501061669,896,370,1
1764501061685,896,372,1
1764501061693,896,373,1
1764501061703,896,374,1
1764501061705,895,375,1
1764501061719,895,377,1
1764501061719,895,378,1
1764501061733,895,379,1
1764501061742,895,380,1
1764501061749,895,381,1
1764501061753,895,383,1
1764501061765,894,384,1
1764501061774,894,385,1
1764501061781,894,387,1
1764501061783,894,388,1
1764501061783,894,389,1
1764501061801,893,390,1
1764501061801,892,391,1
1764501061813,892,392,1
1764501061828,892,393,1
1764501061836,891,394,1
1764501061844,891,395,1
1764501061844,891,396,1
1764501061844,890,397,1
1764501061861,890,398,1
1764501061874,889,399,1
1764501061876,889,400,1
1764501061890,888,401,1
1764501061898,887,402,1
1764501061898,887,403,1
1764501061910,886,404,1
1764501061922,886,405,1
1764501061923,885,406,1
1764501061934,885,408,1
1764501061943,885,409,1
1764501061949,885,410,1
1764501061959,885,412,1
1764501061965,884,413,1
1764501061971,884,415,1
1764501061971,884,416,1
1764501061987,883,417,1
1764501061998,883,418,1
1764501062003,883,420,1
1764501062014,883,422,1
1764501062021,883,423,1
1764501062023,882,423,1
1764501062037,882,425,1
1764501062043,881,426,1
1764501062051,880,428,1
1764501062060,879,429,1
1764501062065,879,430,1
1764501062072,878,431,1
1764501062083,878,432,1
1764501062084,877,434,1
1764501062097,877,435,1
1764501062114,877,437,1
1764501062114,877,439,1
1764501062130,876,440,1
1764501062130,876,441,1
1764501062145,876,442,1
1764501062147,876,444,1
1764501062161,876,445,1
1764501062161,876,446,1
1764501062177,875,447,1
1764501062177,875,448,1
1764501062177,875,450,1
1764501062200,874,451,1
1764501062200,874,452,1
1764501062213,873,454,1
1764501062224,872,455,1
1764501062247,871,458,1
1764501062255,871,459,1
1764501062261,870,460,1
1764501062261,870,461,1
1764501062277,870,462,1
1764501062285,870,464,1
1764501062291,870,465,1
1764501062291,869,466,1
1764501062303,869,467,1
1764501062315,869,469,1
1764501062318,869,470,1
1764501062318,869,472,1
1764501062334,869,473,1
1764501062343,869,474,1
1764501062350,868,475,1
1764501062350,868,477,1
1764501062369,868,479,1
1764501062369,868,480,1
1764501062381,867,482,1
1764501062381,866,483,1
1764501062397,865,485,1
1764501062397,865,486,1
1764501062417,864,487,1
1764501062417,863,489,1
1764501062431,862,490,1
1764501062431,861,492,1
1764501062445,860,493,1
1764501062445,859,495,1
1764501062463,858,496,1
1764501062466,857,498,1
1764501062477,856,500,1
1764501062477,855,502,1
1764501062493,854,504,1
1764501062493,853,506,1
1764501062509,853,508,1
1764501062513,852,510,1
1764501062525,851,511,1
1764501062525,850,513,1
1764501062541,849,514,1
1764501062550,848,516,1
1764501062557,847,517,1
1764501062557,846,519,1
1764501062572,845,521,1
1764501062573,844,522,1
1764501062589,844,524,1
1764501062593,843,525,1
1764501062593,842,527,1
1764501062604,841,529,1
1764501062620,839,530,1
1764501062620,838,532,1
1764501062620,837,533,1
1764501062641,836,535,1
1764501062644,835,536,1
1764501062652,834,537,1
1764501062652,833,538,1
1764501062671,832,540,1
1764501062683,831,541,1
1764501062683,830,542,1
1764501062683,829,543,1
1764501062699,828,544,1
1764501062699,827,545,1
1764501062716,826,546,1
1764501062716,825,547,1
1764501062736,824,548,1
1764501062744,823,549,1
1764501062747,822,550,1
1764501062747,821,551,1
1764501062763,820,551,1
1764501062763,819,553,1
1764501062779,818,554,1
1764501062779,817,555,1
1764501062795,816,556,1
1764501062795,815,557,1
1764501062810,814,558,1
1764501062810,813,558,1
1764501062828,812,559,1
1764501062833,811,560,1
1764501062844,810,561,1
1764501062845,809,562,1
1764501062859,808,563,1
1764501062859,807,564,1
1764501062876,806,564,1
1764501062884,805,565,1
1764501062884,804,566,1
1764501062893,803,567,1
1764501062893,802,568,1
1764501062907,801,569,1
1764501062923,800,570,1
1764501062929,799,571,1
1764501062933,797,572,1
1764501062943,796,573,1
1764501062943,795,574,1
1764501062957,793,575,1
1764501062957,792,576,1
1764501062971,791,577,1
1764501062971,790,578,1
1764501062991,789,579,1
1764501063000,788,580,1
1764501063005,787,581,1
1764501063016,786,582,1
1764501063018,785,583,1
1764501063018,784,584,1
1764501063037,783,585,1
1764501063043,782,586,1
1764501063050,781,587,1
1764501063050,780,588,1
1764501063068,779,589,1
1764501063072,778,590,1
1764501063083,777,591,1
1764501063083,776,592,1
1764501063098,775,592,1
1764501063098,774,593,1
1764501063114,773,594,1
1764501063114,772,594,1
1764501063129,771,595,1
1764501063129,770,595,1
1764501063145,770,596,1
1764501063149,769,596,1
1764501063161,768,597,1
1764501063161,767,598,1
1764501063177,766,598,1
1764501063177,765,599,1
1764501063193,764,599,1
1764501063201,763,600,1
1764501063201,762,601,1
1764501063213,761,601,1
1764501063225,760,602,1
1764501063226,759,603,1
1764501063240,758,604,1
1764501063245,756,605,1
1764501063256,754,606,1
1764501063256,752,607,1
1764501063256,750,608,1
1764501063277,748,609,1
1764501063286,747,609,1
1764501063288,745,610,1
1764501063288,744,611,1
1764501063306,742,612,1
1764501063317,741,612,1
1764501063319,739,613,1
1764501063335,738,614,1
1764501063335,737,615,1
1764501063345,735,616,1
1764501063351,733,617,1
1764501063364,731,618,1
1764501063370,730,619,1
1764501063380,728,620,1
1764501063383,725,622,1
1764501063396,723,623,1
1764501063401,720,624,1
1764501063410,718,625,1
1764501063415,716,626,1
1764501063426,714,627,1
1764501063433,712,628,1
1764501063442,710,629,1
1764501063446,709,630,1
1764501063446,707,631,1
1764501063463,704,632,1
1764501063472,702,633,1
1764501063477,700,634,1
1764501063488,697,634,1
1764501063495,695,635,1
1764501063503,693,636,1
1764501063511,690,637,1
1764501063519,688,637,1
1764501063527,685,638,1
1764501063529,683,638,1
1764501063541,680,639,1
1764501063550,677,640,1
1764501063558,675,640,1
1764501063566,672,641,1
1764501063574,669,641,1
1764501063582,666,642,1
1764501063590,663,642,1
1764501063593,660,643,1
1764501063593,658,643,1
1764501063612,655,643,1
1764501063612,653,643,1
1764501063621,651,643,1
1764501063637,648,643,1
1764501063637,646,642,1
1764501063653,643,642,1
1764501063653,640,641,1
1764501063653,638,640,1
1764501063673,635,639,1
1764501063673,632,638,1
1764501063684,629,637,1
1764501063684,626,636,1
1764501063700,623,635,1
1764501063700,620,635,1
1764501063716,617,634,1
1764501063716,614,634,1
1764501063733,611,634,1
1764501063733,609,633,1
1764501063749,607,633,1
1764501063749,605,632,1
1764501063766,603,631,1
1764501063766,601,630,1
1764501063779,599,629,1
1764501063779,597,628,1
1764501063795,595,627,1
1764501063795,594,626,1
1764501063810,592,625,1
1764501063810,590,624,1
1764501063829,588,623,1
1764501063838,586,622,1
1764501063846,584,621,1
1764501063846,582,620,1
1764501063860,581,619,1
1764501063868,579,619,1
1764501063875,577,618,1
1764501063884,574,618,1
1764501063891,571,617,1
1764501063891,569,616,1
1764501063907,566,615,1
1764501063907,563,614,1
1764501063923,560,613,1
1764501063923,557,612,1
1764501063955,548,609,1
1764501063955,546,608,1
1764501063967,543,608,1
1764501063970,541,607,1
1764501063970,539,607,1
1764501063991,536,606,1
1764501064000,533,606,1
1764501064002,530,605,1
1764501064002,527,604,1
1764501064020,524,603,1
1764501064032,522,602,1
1764501064034,519,602,1
1764501064046,517,601,1
1764501064053,515,600,1
1764501064062,513,599,1
1764501064065,510,598,1
1764501064073,508,597,1
1764501064083,505,596,1
1764501064094,503,595,1
1764501064102,500,594,1
1764501064106,497,593,1
1764501064113,495,592,1
1764501064124,493,591,1
1764501064132,490,590,1
1764501064140,488,589,1
1764501064146,486,588,1
1764501064156,483,587,1
1764501064164,481,586,1
1764501064164,478,585,1
1764501064178,476,584,1
1764501064186,473,583,1
1764501064195,470,582,1
1764501064201,468,581,1
1764501064210,465,579,1
1764501064210,462,578,1
1764501064226,460,576,1
1764501064233,457,574,1
1764501064233,455,573,1
1764501064246,454,572,1
1764501064246,453,570,1
1764501064258,451,569,1
1764501064258,450,568,1
1764501064273,448,566,1
1764501064289,446,565,1
1764501064293,445,563,1
1764501064293,443,562,1
1764501064304,441,561,1
1764501064304,439,560,1
1764501064326,437,558,1
1764501064334,436,556,1
1764501064342,434,555,1
1764501064350,433,552,1
1764501064358,432,550,1
1764501064364,431,548,1
1764501064370,430,546,1
1764501064370,429,544,1
1764501064388,428,542,1
1764501064388,426,540,1
1764501064399,425,538,1
1764501064412,424,537,1
1764501064415,423,535,1
1764501064428,422,534,1
1764501064431,421,532,1
1764501064442,420,530,1
1764501064450,419,529,1
1764501064458,418,528,1
1764501064463,417,526,1
1764501064463,416,525,1
1764501064479,415,523,1
1764501064490,415,522,1
1764501064495,414,521,1
1764501064499,413,519,1
1764501064511,413,518,1
1764501064511,412,517,1
1764501064527,411,516,1
1764501064527,410,514,1
1764501064544,409,513,1
1764501064551,408,511,1
1764501064553,408,510,1
1764501064560,407,509,1
1764501064573,406,508,1
1764501064579,405,507,1
1764501064590,404,506,1
1764501064592,403,505,1
1764501064607,402,504,1
1764501064611,401,503,1
1764501064623,400,502,1
1764501064623,399,501,1
1764501064623,398,500,1
1764501064643,397,499,1
1764501064650,396,498,1
1764501064655,396,497,1
1764501064655,395,496,1
1764501064673,394,494,1
1764501064684,393,493,1
1764501064687,392,492,1
1764501064687,391,490,1
1764501064702,390,488,1
1764501064702,389,486,1
1764501064718,388,484,1
1764501064718,387,482,1
1764501064737,386,479,1
1764501064738,385,477,1
1764501064751,384,475,1
1764501064751,383,473,1
1764501064766,382,470,1
1764501064768,381,468,1
1764501064783,380,465,1
1764501064783,379,463,1
1764501064799,379,460,1
1764501064802,378,457,1
1764501064802,377,454,1
1764501064820,377,451,1
1764501064830,376,448,1
1764501064831,376,445,1
1764501064846,376,443,1
1764501064851,375,441,1
1764501064862,375,438,1
1764501064870,375,436,1
1764501064870,375,434,1
1764501064883,376,431,1
1764501064888,376,429,1
1764501064900,376,426,1
1764501064900,376,423,1
1764501064912,375,419,1
1764501064912,375,416,1
1764501064932,374,413,1
1764501064941,374,411,1
1764501064946,373,408,1
1764501064953,373,405,1
1764501064957,373,402,1
1764501064957,373,399,1
1764501064973,373,396,1
1764501064973,372,394,1
1764501064989,372,391,1
1764501064989,371,388,1
1764501065006,370,385,1
1764501065008,369,382,1
1764501065021,369,380,1
1764501065021,368,378,1
1764501065037,367,375,1
1764501065047,366,372,1
1764501065055,365,370,1
1764501065057,364,367,1
1764501065068,364,365,1
1764501065074,363,362,1
1764501065086,363,360,1
1764501065089,362,358,1
1764501065100,362,355,1
1764501065100,362,353,1
1764501065117,363,352,1
1764501065126,363,350,1
1764501065131,363,348,1
1764501065131,364,346,1
1764501065148,365,345,1
1764501065151,366,343,1
1764501065164,366,342,1
1764501065164,367,340,1
1764501065180,368,338,1
1764501065188,369,336,1
1764501065196,370,334,1
1764501065201,371,332,1
1764501065201,372,330,1
1764501065213,372,327,1
1764501065213,373,325,1
1764501065227,374,323,1
1764501065227,374,320,1
1764501065248,375,318,1
1764501065259,375,315,1
1764501065259,376,312,1
1764501065275,376,310,1
1764501065279,377,307,1
1764501065279,378,305,1
1764501065291,379,302,1
1764501065291,380,299,1
1764501065311,381,296,1
1764501065311,382,294,1
1764501065322,383,291,1
1764501065322,384,288,1
1764501065338,385,285,1
1764501065351,386,282,1
1764501065353,388,279,1
1764501065365,389,276,1
1764501065373,390,273,1
1764501065373,391,270,1
1764501065390,392,267,1
1764501065393,393,265,1
1764501065401,394,262,1
1764501065412,395,259,1
1764501065419,396,257,1
1764501065419,397,255,1
1764501065433,398,253,1
1764501065444,399,251,1
1764501065451,400,249,1
1764501065452,401,247,1
1764501065465,402,246,1
1764501065474,403,245,1
1764501065482,404,243,1
1764501065489,405,242,1
1764501065498,406,240,1
1764501065504,407,238,1
1764501065513,408,236,1
1764501065513,410,234,1
1764501065513,412,233,1
1764501065533,414,231,1
1764501065545,416,229,1
1764501065551,418,227,1
1764501065561,419,225,1
1764501065561,420,224,1
1764501065576,421,223,1
1764501065576,423,221,1
1764501065576,425,220,1
1764501065592,426,219,1
1764501065606,427,218,1
1764501065609,428,217,1
1764501065622,429,215,1
1764501065629,430,213,1
1764501065633,431,212,1
1764501065640,432,211,1
1764501065651,433,209,1
1764501065656,434,207,1
1764501065668,435,205,1
1764501065674,436,203,1
1764501065684,437,201,1
1764501065687,438,200,1
1764501065700,439,197,1
1764501065706,440,197,1
1764501065706,441,196,1
1764501065720,442,194,1
1764501065722,443,193,1
1764501065735,444,191,1
1764501065738,445,189,1
1764501065753,446,188,1
1764501065753,447,187,1
1764501065767,449,186,1
1764501065767,451,184,1
1764501065783,452,183,1
1764501065783,454,181,1
1764501065800,455,180,1
1764501065800,458,179,1
1764501065816,460,178,1
1764501065818,463,176,1
1764501065832,465,175,1
1764501065832,467,173,1
1764501065845,469,171,1
1764501065851,471,169,1
1764501065851,473,166,1
1764501065863,475,164,1
1764501065879,477,162,1
1764501065879,480,160,1
1764501065895,482,158,1
1764501065903,484,157,1
1764501065905,486,156,1
1764501065911,488,155,1
1764501065924,491,154,1
1764501065929,494,153,1
1764501065940,497,152,1
1764501065948,499,151,1
1764501065951,502,150,1
1764501065959,504,149,1
1764501065967,506,148,1
1764501065977,508,147,1
1764501065977,510,146,1
1764501065990,512,145,1
1764501065990,514,144,1
1764501066006,517,143,1
1764501066013,519,142,1
1764501066022,521,141,1
1764501066022,524,140,1
1764501066039,526,139,1
1764501066048,528,138,1
1764501066055,530,137,1
1764501066055,532,136,1
1764501066070,534,135,1
1764501066075,536,134,1
1764501066086,538,133,1
1764501066096,540,132,1
1764501066102,542,131,1
1764501066110,544,130,1
1764501066118,546,129,1
1764501066126,549,128,1
1764501066133,551,127,1
1764501066142,553,126,1
1764501066151,556,125,1
1764501066153,559,124,1
1764501066153,561,123,1
1764501066165,564,122,1
1764501066165,566,121,1
1764501066183,568,120,1
1764501066183,570,120,1
1764501066201,571,119,1
1764501066213,573,118,1
1764501066213,574,117,1
1764501066229,576,116,1
1764501066229,577,116,1
1764501066229,578,115,1
1764501066246,579,115,1
1764501066258,580,114,1
1764501066265,581,114,1
1764501066274,582,114,1
1764501066276,584,114,1
1764501066290,585,114,1
1764501066293,586,114,1
1764501066293,587,115,1
1764501066308,589,115,1
1764501066320,590,115,1
1764501066327,591,115,1
1764501066336,593,115,1
1764501066340,595,115,1
1764501066352,596,115,1
1764501066356,598,115,1
1764501066366,600,115,1
1764501066372,603,115,1
1764501066382,604,115,1
1764501066390,606,115,1
1764501066398,608,115,1
1764501066404,610,115,1
1764501066414,612,115,1
1764501066422,615,115,1
1764501066424,617,116,1
1764501066435,618,116,1
1764501066435,620,117,1
1764501066452,621,118,1
1764501066452,623,118,1
1764501066467,624,119,1
1764501066467,626,120,1
1764501066484,627,121,1
1764501066488,630,122,1
1764501066488,632,123,1
1764501066499,634,124,1
1764501066499,636,125,1
1764501066521,638,126,1
1764501066531,641,127,1
1764501066531,643,128,1
1764501066546,646,129,1
1764501066554,649,130,1
1764501066554,652,132,1
1764501066565,656,133,1
1764501066575,659,134,1
1764501066578,662,135,1
1764501066578,665,136,1
1764501066600,667,137,1
1764501066600,670,138,1
1764501066610,672,139,1
1764501066610,675,140,1
1764501066630,677,141,1
1764501066634,680,142,1
1764501066641,683,143,1
1764501066654,686,144,1
1764501066657,689,145,1
1764501066670,692,146,1
1764501066673,695,147,1
1764501066673,698,148,1
1764501066689,702,149,1
1764501066689,705,150,1
1764501066705,709,150,1
1764501066716,713,151,1
1764501066722,717,151,1
1764501066722,721,152,1
1764501066737,724,152,1
1764501066737,727,153,1
1764501066753,730,154,1
1764501066762,732,155,1
1764501066769,735,155,1
1764501066773,738,156,1
1764501066785,740,156,1
1764501066794,743,157,1
1764501066801,745,158,1
1764501066805,747,159,1
1764501066817,749,160,1
1764501066817,751,161,1
1764501066832,753,161,1
1764501066834,754,162,1
1764501066848,757,162,1
1764501066855,759,163,1
1764501066864,761,164,1
1764501066870,763,164,1
1764501066870,766,165,1
1764501066879,769,166,1
1764501066879,772,166,1
1764501066896,774,167,1
1764501066911,776,168,1
1764501066911,778,169,1
1764501066926,779,170,1
1764501066932,780,171,1
1764501066932,781,172,1
1764501066942,782,172,1
1764501066955,783,173,1
1764501066966,785,173,1
1764501066967,786,174,1
1764501066974,787,175,1
1764501066988,788,176,1
1764501066990,789,177,1
1764501067003,790,178,1
1764501067006,791,178,1
1764501067010,793,180,1
1764501067021,794,181,1
1764501067021,796,181,1
1764501067042,797,183,1
1764501067050,799,184,1
1764501067055,801,185,1
1764501067055,803,186,1
1764501067071,805,186,1
1764501067076,807,188,1
1764501067085,809,189,1
1764501067085,811,189,1
1764501067100,813,191,1
1764501067110,815,192,1
1764501067116,817,193,1
1764501067116,820,194,1
1764501067132,823,196,1
1764501067132,826,197,1
1764501067149,829,197,1
1764501067155,831,199,1
1764501067164,834,200,1
1764501067174,836,202,1
1764501067181,838,203,1
1764501067187,840,204,1
1764501067195,841,205,1
1764501067201,843,206,1
1764501067212,844,208,1
1764501067212,846,209,1
1764501067230,847,211,1
1764501067236,849,213,1
1764501067244,850,214,1
1764501067248,851,216,1
1764501067255,852,218,1
1764501067260,853,221,1
1764501067271,854,223,1
1764501067276,855,225,1
1764501067276,856,227,1
1764501067291,857,229,1
1764501067307,858,232,1
1764501067307,859,234,1
1764501067307,860,236,1
1764501067327,861,239,1
1764501067327,863,241,1
1764501067343,864,244,1
1764501067346,865,246,1
1764501067357,866,249,1
1764501067357,867,251,1
1764501067375,868,253,1
1764501067375,868,255,1
1764501067387,869,258,1
1764501067387,870,259,1
1764501067405,871,261,1
1764501067405,872,263,1
1764501067419,873,265,1
1764501067419,874,266,1
1764501067435,875,268,1
1764501067435,876,269,1
1764501067451,877,271,1
1764501067460,878,272,1
1764501067468,879,274,1
1764501067468,880,276,1
1764501067484,881,278,1
1764501067492,882,280,1
1764501067500,883,282,1
1764501067508,884,284,1
1764501067508,885,286,1
1764501067515,886,288,1
1764501067531,887,289,1
1764501067533,888,291,1
1764501067546,889,292,1
1764501067546,890,294,1
1764501067562,890,296,1
1764501067570,891,298,1
1764501067576,892,299,1
1764501067578,892,301,1
1764501067578,893,303,1
1764501067600,893,304,1
1764501067610,894,307,1
1764501067610,894,309,1
1764501067624,894,311,1
1764501067632,895,313,1
1764501067632,895,314,1
1764501067641,895,317,1
1764501067641,896,318,1
1764501067657,896,319,1
1764501067657,897,321,1
1764501067673,897,322,1
1764501067673,898,323,1
1764501067689,898,325,1
1764501067689,898,326,1
1764501067704,899,328,1
1764501067704,899,330,1
1764501067721,900,332,1
1764501067721,900,335,1
1764501067737,900,337,1
1764501067737,901,339,1
1764501067755,901,340,1
1764501067755,901,342,1
1764501067770,901,343,1
1764501067770,901,344,1
1764501067786,901,346,1
1764501067794,901,348,1
1764501067800,901,349,1
1764501067810,901,350,1
1764501067817,900,352,1
1764501067819,900,353,1
1764501067819,900,355,1
1764501067837,900,357,1
1764501067848,900,358,1
1764501067856,899,360,1
1764501067865,899,361,1
1764501067868,899,362,1
1764501067888,898,364,1
1764501067896,898,366,1
1764501067896,898,367,1
1764501067910,897,368,1
1764501067912,897,370,1
1764501067926,897,371,1
1764501067934,897,372,1
1764501067943,897,373,1
1764501067943,897,375,1
1764501067956,896,376,1
1764501067962,896,377,1
1764501067966,896,378,1
1764501067975,896,380,1
1764501067988,895,381,1
1764501067991,895,383,1
1764501067991,894,384,1
1764501068013,894,385,1
1764501068013,893,387,1
1764501068024,893,389,1
1764501068024,893,390,1
1764501068042,892,391,1
1764501068051,892,393,1
1764501068056,891,395,1
1764501068066,891,397,1
1764501068076,891,399,1
1764501068086,890,401,1
1764501068086,890,402,1
1764501068104,890,403,1
1764501068106,890,404,1
1764501068118,890,406,1
1764501068118,890,407,1
1764501068134,890,408,1
1764501068134,890,409,1
1764501068149,890,410,1
1764501068165,890,412,1
1764501068167,890,413,1
1764501068182,890,414,1
1764501068182,889,415,1
1764501068199,889,416,1
1764501068214,889,417,1
1764501068214,888,419,1
1764501068214,888,420,1
1764501068229,888,421,1
1764501068242,888,422,1
1764501068249,888,423,1
1764501068261,887,426,1
1764501068261,887,427,1
1764501068277,887,428,1
1764501068277,887,430,1
1764501068277,886,432,1
1764501068293,886,433,1
1764501068293,886,435,1
1764501068308,886,436,1
1764501068308,885,438,1
1764501068324,885,440,1
1764501068324,884,442,1
1764501068340,884,443,1
1764501068340,883,445,1
1764501068357,883,447,1
1764501068357,882,448,1
1764501068371,882,451,1
1764501068384,881,452,1
1764501068391,880,454,1
1764501068391,880,456,1
1764501068405,879,458,1
1764501068405,878,460,1
1764501068419,877,462,1
1764501068419,877,464,1
1764501068434,876,467,1
1764501068434,875,469,1
1764501068450,874,472,1
1764501068457,874,474,1
1764501068468,873,477,1
1764501068468,873,479,1
1764501068482,872,482,1
1764501068482,871,484,1
1764501068500,871,486,1
1764501068503,870,489,1
1764501068514,869,491,1
1764501068514,868,493,1
1764501068531,867,495,1
1764501068531,866,497,1
1764501068546,865,499,1
1764501068554,864,501,1
1764501068563,863,503,1
1764501068563,862,505,1
1764501068578,862,507,1
1764501068578,861,509,1
1764501068594,860,511,1
1764501068603,859,513,1
1764501068603,858,514,1
1764501068610,857,516,1
1764501068610,856,518,1
1764501068632,855,519,1
1764501068641,854,522,1
1764501068641,853,524,1
1764501068657,852,526,1
1764501068657,851,528,1
1764501068657,850,529,1
1764501068674,849,531,1
1764501068674,848,533,1
1764501068691,847,535,1
1764501068702,846,537,1
1764501068705,845,538,1
1764501068705,844,540,1
1764501068721,843,542,1
1764501068721,842,543,1
1764501068738,841,545,1
1764501068748,840,546,1
1764501068753,839,547,1
1764501068764,838,548,1
1764501068772,838,550,1
1764501068772,837,551,1
1764501068784,836,551,1
1764501068796,835,553,1
1764501068801,834,554,1
1764501068805,833,555,1
1764501068816,832,557,1
1764501068816,831,558,1
1764501068832,830,559,1
1764501068832,829,560,1
1764501068848,828,561,1
1764501068858,827,562,1
1764501068864,826,563,1
1764501068866,825,564,1
1764501068879,824,565,1
1764501068888,823,566,1
1764501068896,822,567,1
1764501068905,821,568,1
1764501068912,820,568,1
1764501068912,819,569,1
1764501068912,818,570,1
1764501068934,817,571,1
1764501068934,816,572,1
1764501068950,815,573,1
1764501068959,814,574,1
1764501068965,813,575,1
1764501068969,811,576,1
1764501068979,810,577,1
1764501068991,809,578,1
1764501068993,808,579,1
1764501068993,806,580,1
1764501069013,804,581,1
1764501069013,803,582,1
1764501069025,802,583,1
1764501069025,801,584,1
1764501069041,800,585,1
1764501069041,798,586,1
1764501069054,797,587,1
1764501069058,795,588,1
1764501069072,794,589,1
1764501069076,792,590,1
1764501069086,790,591,1
1764501069086,789,592,1
1764501069104,788,593,1
1764501069104,786,595,1
1764501069120,785,596,1
1764501069128,784,597,1
1764501069134,782,598,1
1764501069144,781,599,1
1764501069152,780,600,1
1764501069158,779,601,1
1764501069166,778,602,1
1764501069176,776,603,1
1764501069182,775,603,1
1764501069191,774,604,1
1764501069198,772,605,1
1764501069206,770,606,1
1764501069214,769,607,1
1764501069222,767,607,1
1764501069230,765,608,1
1764501069239,763,609,1
1764501069246,760,610,1
1764501069250,758,611,1
1764501069260,756,612,1
1764501069267,754,612,1
1764501069267,752,613,1
1764501069278,750,614,1
1764501069278,747,614,1
1764501069294,745,615,1
1764501069309,744,615,1
1764501069309,742,615,1
1764501069309,741,616,1
1764501069325,740,616,1
1764501069325,739,616,1
1764501069340,738,616,1
1764501069340,737,616,1
1764501069359,736,616,1
1764501069359,735,616,1
1764501069372,734,616,1
1764501069372,733,616,1
1764501069392,731,616,1
1764501069392,730,617,1
1764501069403,729,617,1
1764501069417,728,618,1
1764501069422,726,618,1
1764501069422,725,619,1
1764501069439,724,619,1
1764501069439,723,620,1
1764501069451,721,621,1
1764501069460,720,622,1
1764501069469,719,623,1
1764501069469,717,624,1
1764501069482,716,624,1
1764501069494,715,625,1
1764501069498,713,626,1
1764501069498,712,627,1
1764501069514,711,627,1
1764501069514,710,628,1
1764501069530,709,628,1
1764501069530,708,629,1
1764501069548,706,629,1
1764501069548,705,630,1
1764501069564,703,630,1
1764501069569,701,630,1
1764501069578,700,631,1
1764501069579,699,632,1
1764501069595,697,632,1
1764501069598,696,633,1
1764501069610,694,633,1
1764501069610,693,634,1
1764501069626,691,634,1
1764501069632,689,635,1
1764501069633,688,635,1
1764501069642,686,636,1
1764501069642,684,636,1
1764501069664,682,637,1
1764501069668,680,638,1
1764501069673,677,638,1
1764501069673,675,639,1
1764501069694,673,639,1
1764501069694,670,640,1
1764501069705,667,640,1
1764501069705,665,641,1
1764501069726,662,642,1
1764501069734,660,642,1
1764501069737,658,643,1
1764501069737,656,643,1
1764501069752,654,644,1
1764501069764,651,644,1
1764501069768,648,645,1
1764501069768,645,645,1
1764501069784,642,645,1
1764501069784,639,645,1
1764501069802,636,645,1
1764501069802,633,645,1
1764501069816,630,646,1
1764501069816,627,646,1
1764501069834,624,646,1
1764501069834,621,647,1
1764501069847,618,647,1
1764501069847,615,647,1
1764501069866,612,647,1
1764501069866,609,648,1
1764501069879,606,648,1
1764501069879,604,648,1
1764501069897,601,648,1
1764501069905,598,648,1
1764501069912,595,649,1
1764501069920,592,649,1
1764501069928,589,650,1
1764501069936,586,650,1
1764501069944,584,650,1
1764501069953,582,650,1
1764501069953,580,650,1
1764501069968,578,650,1
1764501069968,576,650,1
1764501069975,575,650,1
1764501069975,574,649,1
1764501069993,573,649,1
1764501070006,571,649,1
1764501070015,570,648,1
1764501070015,569,647,1
1764501070022,568,647,1
1764501070022,566,647,1
1764501070039,565,646,1
1764501070039,563,646,1
1764501070056,561,645,1
1764501070066,559,645,1
1764501070072,557,644,1
1764501070077,555,644,1
1764501070090,553,643,1
1764501070098,550,642,1
1764501070105,548,642,1
1764501070114,546,641,1
1764501070117,544,640,1
1764501070130,543,640,1
1764501070133,542,639,1
1764501070133,540,639,1
1764501070150,539,638,1
1764501070150,538,637,1
1764501070166,537,636,1
1764501070166,536,635,1
1764501070183,535,634,1
1764501070183,534,633,1
1764501070196,533,632,1
1764501070202,532,631,1
1764501070212,531,630,1
1764501070212,530,629,1
1764501070230,529,628,1
1764501070233,528,627,1
1764501070244,527,626,1
1764501070244,526,625,1
1764501070263,525,624,1
1764501070268,524,623,1
1764501070276,523,622,1
1764501070276,522,621,1
1764501070292,520,620,1
1764501070292,519,619,1
1764501070308,517,618,1
1764501070310,516,617,1
1764501070324,514,616,1
1764501070324,513,615,1
1764501070324,511,613,1
1764501070340,510,612,1
1764501070340,509,611,1
1764501070356,508,610,1
1764501070367,507,609,1
1764501070371,505,608,1
1764501070387,504,607,1
1764501070387,503,606,1
1764501070403,501,605,1
1764501070406,500,603,1
1764501070406,498,602,1
1764501070423,497,601,1
1764501070423,496,600,1
1764501070435,495,599,1
1764501070448,494,598,1
1764501070451,492,597,1
1764501070465,491,596,1
1764501070467,489,595,1
1764501070479,487,594,1
1764501070486,486,593,1
1764501070493,484,592,1
1764501070498,483,591,1
1764501070504,481,590,1
1764501070518,480,589,1
1764501070525,479,588,1
1764501070530,478,587,1
1764501070530,477,586,1
1764501070546,476,585,1
1764501070546,475,584,1
1764501070562,474,583,1
1764501070567,473,582,1
1764501070579,472,581,1
1764501070583,471,580,1
1764501070583,470,579,1
1764501070595,469,578,1
1764501070611,468,577,1
1764501070613,466,576,1
1764501070627,465,575,1
1764501070628,464,574,1
1764501070642,463,573,1
1764501070651,462,572,1
1764501070658,461,571,1
1764501070664,460,570,1
1764501070667,459,569,1
1764501070680,458,568,1
1764501070680,457,566,1
1764501070692,456,565,1
1764501070705,455,564,1
1764501070705,454,563,1
1764501070718,452,562,1
1764501070726,451,561,1
1764501070726,450,559,1
1764501070737,449,557,1
1764501070748,448,556,1
1764501070753,447,555,1
1764501070767,446,554,1
1764501070768,445,553,1
1764501070768,444,551,1
1764501070790,443,550,1
1764501070793,442,549,1
1764501070804,441,548,1
1764501070804,440,547,1
1764501070816,439,545,1
1764501070816,438,544,1
1764501070832,437,543,1
1764501070832,436,542,1
1764501070847,435,541,1
1764501070847,434,539,1
1764501070867,434,538,1
1764501070868,433,537,1
1764501070879,432,536,1
1764501070879,431,534,1
1764501070898,430,533,1
1764501070905,429,531,1
1764501070912,428,530,1
1764501070912,427,528,1
1764501070928,426,527,1
1764501070928,424,525,1
1764501070944,423,524,1
1764501070944,422,523,1
1764501070969,418,521,1
1764501070976,417,519,1
1764501070984,416,519,1
1764501070984,415,518,1
1764501070991,414,516,1
1764501070991,413,515,1
1764501071009,412,513,1
1764501071023,411,511,1
1764501071031,410,510,1
1764501071038,409,508,1
1764501071047,407,506,1
1764501071047,406,504,1
1764501071054,405,502,1
1764501071067,404,500,1
1764501071070,403,497,1
1764501071078,402,494,1
1764501071092,401,492,1
1764501071092,400,489,1
1764501071102,399,486,1
1764501071102,398,483,1
1764501071122,397,480,1
1764501071122,396,478,1
1764501071134,395,475,1
1764501071134,395,472,1
1764501071153,394,469,1
1764501071153,393,466,1
1764501071167,393,463,1
1764501071167,392,460,1
1764501071185,391,458,1
1764501071193,390,455,1
1764501071197,390,453,1
1764501071202,389,451,1
1764501071213,389,448,1
1764501071225,388,445,1
1764501071233,387,444,1
1764501071233,386,441,1
1764501071245,386,439,1
1764501071245,385,437,1
1764501071262,384,435,1
1764501071271,383,433,1
1764501071277,382,432,1
1764501071287,381,429,1
1764501071295,380,428,1
1764501071295,379,426,1
1764501071295,378,425,1
1764501071309,377,424,1
1764501071325,376,422,1
1764501071327,376,421,1
1764501071341,375,419,1
1764501071341,375,418,1
1764501071357,374,416,1
1764501071357,374,415,1
1764501071367,373,413,1
1764501071383,373,412,1
1764501071389,373,411,1
1764501071389,373,410,1
1764501071405,373,409,1
1764501071405,374,408,1
1764501071425,374,406,1
1764501071425,374,405,1
1764501071436,375,404,1
1764501071436,375,402,1
1764501071453,376,400,1
1764501071453,376,399,1
1764501071467,376,397,1
1764501071467,377,394,1
1764501071484,377,393,1
1764501071484,378,391,1
1764501071499,378,389,1
1764501071499,378,387,1
1764501071515,378,386,1
1764501071515,378,384,1
1764501071531,378,381,1
1764501071531,378,380,1
1764501071550,378,378,1
1764501071559,379,377,1
1764501071563,379,375,1
1764501071573,379,373,1
1764501071580,380,371,1
1764501071589,381,369,1
1764501071594,382,366,1
1764501071605,383,363,1
1764501071612,383,360,1
1764501071621,384,357,1
1764501071627,385,354,1
1764501071627,386,351,1
1764501071643,387,348,1
1764501071651,388,345,1
1764501071658,389,342,1
1764501071667,390,339,1
1764501071674,391,336,1
1764501071683,392,334,1
1764501071690,392,332,1
1764501071697,392,329,1
1764501071705,392,327,1
1764501071710,392,326,1
1764501071721,392,324,1
1764501071726,392,322,1
1764501071737,392,320,1
1764501071745,392,319,1
1764501071753,392,318,1
1764501071753,392,316,1
1764501071753,392,315,1
1764501071769,391,313,1
1764501071783,391,312,1
1764501071790,391,311,1
1764501071798,391,309,1
1764501071801,392,308,1
1764501071815,392,307,1
1764501071822,393,305,1
1764501071827,393,304,1
1764501071833,393,303,1
1764501071833,394,302,1
1764501071852,394,301,1
1764501071861,395,300,1
1764501071867,395,299,1
1764501071877,396,298,1
1764501071884,396,296,1
1764501071890,397,295,1
1764501071897,398,294,1
1764501071897,398,292,1
1764501071913,399,291,1
1764501071915,400,289,1
1764501071930,401,288,1
1764501071933,402,286,1
1764501071946,403,284,1
1764501071949,404,283,1
1764501071949,404,281,1
1764501071970,405,279,1
1764501071970,406,277,1
1764501071984,407,276,1
1764501071993,408,274,1
1764501071993,408,273,1
1764501072009,409,271,1
1764501072013,409,269,1
1764501072022,410,267,1
1764501072027,410,265,1
1764501072038,411,263,1
1764501072041,411,262,1
1764501072041,412,260,1
1764501072062,412,259,1
1764501072067,413,258,1
1764501072076,413,256,1
1764501072078,414,255,1
1764501072089,414,254,1
1764501072089,415,253,1
1764501072104,415,251,1
1764501072104,416,250,1
1764501072120,417,248,1
1764501072120,417,247,1
1764501072140,418,246,1
1764501072140,418,244,1
1764501072152,419,243,1
1764501072152,419,242,1
1764501072170,420,241,1
1764501072179,421,240,1
1764501072184,422,239,1
1764501072195,423,237,1
1764501072202,424,236,1
1764501072204,425,235,1
1764501072215,426,234,1
1764501072225,427,233,1
1764501072232,428,232,1
1764501072241,429,231,1
1764501072248,430,230,1
1764501072257,431,229,1
1764501072266,432,228,1
1764501072268,433,226,1
1764501072268,435,224,1
1764501072280,437,222,1
1764501072280,440,220,1
1764501072296,443,218,1
1764501072311,446,217,1
1764501072311,449,215,1
1764501072327,452,212,1
1764501072327,455,209,1
1764501072327,458,206,1
1764501072348,461,204,1
1764501072351,464,201,1
1764501072358,467,198,1
1764501072368,470,196,1
1764501072377,473,194,1
1764501072377,476,193,1
1764501072390,478,191,1
1764501072390,480,189,1
1764501072406,481,189,1
1764501072406,482,188,1
1764501072426,483,186,1
1764501072426,484,185,1
1764501072437,486,184,1
1764501072437,487,183,1
1764501072454,489,181,1
1764501072454,490,180,1
1764501072469,491,179,1
1764501072469,492,178,1
1764501072488,493,177,1
1764501072493,494,176,1
1764501072502,495,175,1
1764501072502,496,174,1
1764501072520,498,173,1
1764501072527,499,172,1
1764501072533,500,171,1
1764501072533,501,170,1
1764501072551,502,168,1
1764501072551,503,167,1
1764501072567,504,166,1
1764501072574,505,165,1
1764501072581,506,164,1
1764501072581,507,163,1
1764501072597,508,162,1
1764501072599,509,161,1
1764501072613,510,160,1
1764501072613,511,159,1
1764501072629,512,158,1
1764501072634,513,157,1
1764501072644,515,156,1
1764501072644,517,155,1
1764501072644,519,154,1
1764501072663,522,153,1
1764501072674,524,152,1
1764501072676,527,151,1
1764501072692,530,150,1
1764501072692,533,149,1
1764501072707,536,148,1
1764501072707,539,147,1
1764501072723,543,146,1
1764501072726,546,145,1
1764501072726,549,144,1
1764501072739,552,142,1
1764501072739,555,141,1
1764501072759,558,139,1
1764501072759,561,138,1
1764501072774,564,137,1
1764501072774,567,136,1
1764501072786,569,135,1
1764501072786,572,134,1
1764501072805,575,134,1
1764501072805,578,133,1
1764501072822,580,132,1
1764501072822,583,132,1
1764501072838,586,131,1
1764501072838,588,130,1
1764501072850,591,129,1
1764501072850,594,128,1
1764501072866,597,127,1
1764501072874,600,126,1
1764501072882,603,125,1
1764501072893,606,124,1
1764501072900,608,123,1
1764501072906,611,123,1
1764501072913,612,122,1
1764501072913,614,122,1
1764501072932,616,121,1
1764501072938,618,121,1
1764501072945,620,121,1
1764501072947,622,121,1
1764501072961,624,121,1
1764501072963,626,121,1
1764501072985,629,119,1
1764501072992,631,119,1
1764501072992,633,118,1
1764501073009,634,118,1
1764501073011,635,118,1
1764501073024,637,118,1
1764501073026,638,118,1
1764501073040,640,118,1
1764501073040,642,119,1
1764501073040,644,120,1
1764501073056,646,120,1
1764501073056,648,121,1
1764501073075,651,121,1
1764501073087,653,122,1
1764501073090,655,122,1
1764501073090,657,123,1
1764501073103,660,123,1
1764501073103,662,124,1
1764501073119,663,125,1
1764501073119,666,125,1
1764501073140,668,126,1
1764501073140,670,126,1
1764501073150,671,127,1
1764501073161,673,127,1
1764501073167,674,128,1
1764501073175,675,129,1
1764501073182,676,129,1
1764501073182,678,130,1
1764501073202,679,130,1
1764501073211,681,131,1
1764501073214,682,132,1
1764501073227,684,133,1
1764501073234,686,133,1
1764501073234,688,134,1
1764501073248,690,135,1
1764501073257,693,135,1
1764501073261,695,136,1
1764501073273,698,137,1
1764501073280,701,138,1
1764501073281,704,138,1
1764501073293,706,139,1
1764501073293,709,140,1
1764501073310,712,141,1
1764501073319,714,142,1
1764501073325,716,142,1
1764501073325,718,143,1
1764501073343,719,144,1
1764501073350,720,144,1
1764501073358,722,144,1
1764501073358,723,145,1
1764501073358,724,145,1
1764501073380,725,145,1
1764501073389,726,146,1
1764501073396,728,146,1
1764501073396,729,146,1
1764501073413,731,146,1
1764501073421,732,146,1
1764501073429,734,146,1
1764501073429,736,146,1
1764501073437,738,147,1
1764501073437,739,147,1
1764501073453,741,147,1
1764501073453,742,147,1
1764501073469,744,147,1
1764501073475,745,148,1
1764501073486,746,149,1
1764501073486,748,150,1
1764501073502,749,150,1
1764501073502,750,151,1
1764501073518,752,152,1
1764501073518,753,153,1
1764501073532,754,153,1
1764501073532,755,154,1
1764501073550,756,155,1
1764501073550,758,156,1
1764501073564,759,157,1
1764501073575,761,157,1
1764501073582,762,158,1
1764501073584,764,159,1
1764501073596,766,160,1
1764501073596,768,161,1
1764501073612,770,162,1
1764501073612,771,163,1
1764501073627,773,164,1
1764501073627,774,165,1
1764501073644,775,166,1
1764501073644,776,167,1
1764501073660,777,169,1
1764501073662,778,170,1
1764501073677,779,171,1
1764501073677,780,172,1
1764501073690,781,173,1
1764501073693,783,174,1
1764501073707,784,175,1
1764501073707,786,175,1
1764501073723,787,176,1
1764501073723,789,177,1
1764501073739,791,178,1
1764501073739,792,179,1
1764501073739,794,180,1
1764501073760,796,181,1
1764501073760,798,182,1
1764501073776,799,183,1
1764501073776,801,184,1
1764501073792,803,185,1
1764501073792,805,186,1
1764501073802,807,188,1
1764501073802,810,189,1
1764501073818,811,190,1
1764501073818,813,191,1
1764501073838,814,192,1
1764501073844,815,193,1
1764501073850,816,194,1
1764501073850,817,195,1
1764501073867,818,196,1
1764501073876,819,197,1
1764501073884,820,198,1
1764501073884,821,199,1
1764501073897,823,200,1
1764501073897,824,202,1
1764501073915,825,203,1
1764501073915,826,204,1
1764501073932,827,205,1
1764501073932,828,205,1
1764501073945,829,207,1
1764501073954,830,208,1
1764501073961,831,209,1
1764501073961,832,211,1
1764501073977,833,212,1
1764501073987,834,213,1
1764501073993,835,214,1
1764501073997,836,216,1
1764501073997,837,217,1
1764501074017,839,218,1
1764501074025,840,219,1
1764501074025,841,221,1
1764501074041,842,222,1
1764501074048,843,225,1
1764501074056,844,226,1
1764501074056,845,228,1
1764501074056,846,230,1
1764501074077,847,231,1
1764501074079,848,233,1
1764501074088,849,234,1
1764501074104,851,236,1
1764501074106,852,237,1
1764501074106,853,239,1
1764501074122,854,240,1
1764501074134,855,242,1
1764501074135,856,244,1
1764501074149,857,247,1
1764501074152,858,248,1
1764501074152,859,250,1
1764501074167,860,252,1
1764501074177,861,254,1
1764501074183,862,256,1
1764501074183,863,257,1
1764501074202,864,259,1
1764501074211,864,260,1
1764501074217,865,263,1
1764501074217,865,264,1
1764501074235,866,266,1
1764501074235,867,268,1
1764501074248,868,270,1
1764501074248,869,272,1
1764501074264,870,273,1
1764501074264,871,275,1
1764501074280,872,276,1
1764501074289,873,277,1
1764501074296,874,279,1
1764501074296,875,280,1
1764501074312,876,282,1
1764501074314,876,284,1
1764501074328,877,285,1
1764501074328,878,287,1
1764501074328,879,289,1
1764501074351,879,291,1
1764501074359,880,293,1
1764501074367,880,295,1
1764501074375,880,296,1
1764501074383,881,298,1
1764501074391,881,300,1
1764501074393,881,302,1
1764501074405,881,304,1
1764501074407,881,305,1
1764501074407,881,307,1
1764501074428,881,309,1
1764501074437,881,310,1
1764501074445,882,312,1
1764501074453,882,314,1
1764501074453,882,315,1
1764501074467,882,316,1
1764501074473,883,318,1
1764501074483,883,320,1
1764501074485,883,321,1
1764501074499,884,323,1
1764501074501,884,324,1
1764501074515,885,326,1
1764501074516,886,327,1
1764501074516,886,329,1
1764501074532,886,330,1
1764501074545,887,332,1
1764501074548,887,333,1
1764501074561,887,335,1
1764501074566,887,337,1
1764501074577,887,338,1
1764501074580,888,339,1
1764501074580,888,340,1
1764501074596,888,342,1
1764501074607,888,343,1
1764501074623,888,345,1
1764501074630,888,346,1
1764501074639,888,348,1
1764501074646,888,349,1
1764501074646,888,351,1
1764501074661,888,352,1
1764501074669,888,354,1
1764501074675,887,355,1
1764501074677,887,356,1
1764501074692,887,357,1
1764501074701,887,358,1
1764501074708,887,359,1
1764501074715,887,361,1
1764501074724,887,362,1
1764501074724,886,362,1
1764501074739,886,364,1
1764501074747,886,365,1
1764501074747,886,366,1
1764501074763,885,367,1
1764501074771,885,368,1
1764501074777,885,369,1
1764501074777,885,370,1
1764501074787,885,371,1
1764501074801,885,373,1
1764501074805,885,374,1
1764501074817,884,375,1
1764501074818,884,376,1
1764501074833,884,377,1
1764501074835,883,378,1
1764501074835,883,380,1
1764501074850,882,381,1
1764501074863,882,383,1
1764501074870,882,384,1
1764501074879,881,385,1
1764501074884,881,387,1
1764501074895,881,388,1
1764501074902,881,390,1
1764501074903,880,391,1
1764501074914,880,393,1
1764501074914,880,396,1
1764501074932,879,397,1
1764501074933,879,400,1
1764501074945,878,402,1
1764501074945,878,404,1
1764501074964,878,406,1
1764501074973,877,408,1
1764501074978,877,409,1
1764501074983,877,410,1
1764501074993,877,412,1
1764501075000,877,414,1
1764501075010,877,415,1
1764501075010,877,416,1
1764501075025,877,417,1
1764501075025,877,419,1
1764501075025,877,421,1
1764501075048,877,423,1
1764501075057,877,425,1
1764501075064,877,426,1
1764501075073,877,428,1
1764501075080,877,429,1
1764501075090,878,431,1
1764501075093,878,433,1
1764501075093,878,435,1
1764501075105,878,436,1
1764501075105,878,439,1
1764501075121,878,441,1
1764501075134,878,442,1
1764501075139,878,445,1
1764501075139,878,447,1
1764501075152,877,449,1
1764501075152,877,452,1
1764501075169,876,454,1
1764501075178,876,455,1
1764501075188,875,458,1
1764501075197,875,459,1
1764501075202,874,461,1
1764501075213,874,463,1
1764501075220,873,464,1
1764501075229,873,466,1
1764501075231,873,467,1
1764501075243,872,468,1
1764501075247,871,470,1
1764501075259,871,472,1
1764501075264,870,473,1
1764501075270,869,474,1
1764501075281,868,476,1
1764501075281,867,477,1
1764501075296,866,478,1
1764501075304,865,479,1
1764501075311,864,480,1
1764501075311,863,482,1
1764501075327,862,483,1
1764501075329,861,484,1
1764501075343,860,485,1
1764501075343,859,487,1
1764501075359,858,487,1
1764501075364,857,489,1
1764501075375,856,490,1
1764501075379,855,491,1
1764501075391,855,493,1
1764501075391,854,494,1
1764501075406,853,495,1
1764501075409,852,497,1
1764501075422,851,498,1
1764501075426,850,499,1
1764501075437,849,500,1
1764501075438,848,501,1
1764501075454,847,502,1
1764501075461,846,503,1
1764501075469,845,504,1
1764501075477,844,506,1
1764501075485,843,507,1
1764501075485,842,508,1
1764501075499,841,509,1
1764501075500,840,510,1
1764501075515,839,511,1
1764501075521,838,512,1
1764501075523,837,514,1
1764501075532,836,515,1
1764501075547,835,516,1
1764501075547,834,517,1
1764501075547,833,518,1
1764501075563,833,519,1
1764501075563,832,520,1
1764501075582,831,521,1
1764501075582,830,522,1
1764501075595,829,524,1
1764501075609,828,525,1
1764501075613,827,526,1
1764501075613,826,527,1
1764501075630,825,528,1
1764501075639,824,529,1
1764501075645,823,530,1
1764501075655,822,531,1
1764501075659,821,532,1
1764501075671,821,534,1
1764501075678,820,535,1
1764501075678,819,536,1
1764501075691,818,537,1
1764501075693,817,538,1
1764501075708,816,540,1
1764501075710,815,541,1
1764501075724,814,542,1
1764501075732,813,543,1
1764501075740,812,544,1
1764501075746,812,545,1
1764501075750,811,546,1
1764501075763,810,548,1
1764501075763,810,549,1
1764501075779,810,550,1
1764501075779,809,551,1
1764501075803,808,552,1
1764501075803,808,553,1
1764501075817,808,554,1
1764501075819,807,554,1
1764501075819,807,555,1
1764501075837,806,556,1
1764501075837,806,557,1
1764501075850,805,558,1
1764501075866,804,559,1
1764501075872,804,560,1
1764501075878,803,561,1
1764501075882,802,562,1
1764501075895,802,563,1
1764501075897,801,564,1
1764501075897,800,565,1
1764501075913,799,566,1
1764501075913,797,567,1
1764501075934,796,568,1
1764501075940,795,569,1
1764501075945,794,570,1
1764501075945,793,571,1
1764501075961,792,572,1
1764501075961,791,573,1
1764501075978,790,574,1
1764501075978,789,575,1
1764501075993,788,576,1
1764501075993,787,577,1
1764501076017,785,579,1
1764501076024,784,581,1
1764501076024,783,582,1
1764501076042,782,583,1
1764501076044,781,584,1
1764501076058,779,586,1
1764501076065,778,587,1
1764501076072,775,589,1
1764501076080,773,591,1
1764501076088,771,593,1
1764501076088,768,596,1
1764501076104,765,597,1
1764501076113,763,598,1
1764501076120,760,600,1
1764501076126,758,601,1
1764501076136,756,602,1
1764501076139,754,603,1
1764501076139,753,604,1
1764501076152,752,605,1
1764501076168,750,606,1
1764501076174,749,607,1
1764501076179,747,608,1
1764501076183,746,609,1
1764501076183,744,610,1
1764501076203,743,611,1
1764501076203,741,612,1
1764501076218,740,613,1
1764501076218,738,615,1
1764501076231,736,616,1
1764501076231,735,617,1
1764501076252,734,618,1
1764501076252,732,619,1
1764501076262,731,620,1
1764501076262,729,621,1
1764501076279,728,622,1
1764501076279,726,623,1
1764501076294,725,624,1
1764501076294,723,625,1
1764501076313,722,626,1
1764501076313,721,627,1
1764501076328,719,628,1
1764501076332,718,629,1
1764501076342,716,629,1
1764501076346,714,630,1
1764501076358,712,631,1
1764501076358,711,631,1
1764501076374,708,632,1
1764501076385,706,632,1
1764501076391,703,633,1
1764501076399,701,633,1
1764501076406,698,633,1
1764501076415,696,634,1
1764501076422,693,634,1
1764501076431,690,634,1
1764501076439,687,634,1
1764501076443,684,635,1
1764501076443,681,635,1
1764501076455,678,635,1
1764501076455,676,635,1
1764501076470,673,636,1
1764501076479,670,636,1
1764501076486,667,637,1
1764501076486,664,638,1
1764501076502,661,639,1
1764501076502,658,639,1
1764501076518,655,639,1
1764501076518,653,640,1
0,0,0,0
1764501076534,650,640,1
1764501076543,647,640,1
1764501076551,644,640,1
1764501076563,641,640,1
1764501076568,639,640,1
1764501076579,636,640,1
1764501076581,633,640,1
1764501076593,630,641,1
1764501076597,627,642,1
1764501076609,624,642,1
1764501076614,622,642,1
1764501076625,619,642,1
1764501076632,616,642,1
1764501076641,613,643,1
1764501076645,610,643,1
1764501076648,607,643,1
1764501076662,604,643,1
1764501076662,602,643,1
1764501076679,599,644,1
1764501076686,596,644,1
1764501076695,593,645,1
1764501076695,591,645,1
1764501076695,588,645,1
1764501076710,587,645,1
1764501076726,585,645,1
1764501076728,584,645,1
1764501076733,582,645,1
1764501076745,581,644,1
1764501076745,579,643,1
1764501076758,577,643,1
1764501076758,576,642,1
1764501076778,574,642,1
1764501076784,573,642,1
1764501076790,570,642,1
1764501076790,569,641,1
1764501076806,567,641,1
1764501076806,566,641,1
1764501076822,565,640,1
1764501076822,564,639,1
1764501076840,563,639,1
1764501076848,561,638,1
1764501076856,560,637,1
1764501076856,558,636,1
1764501076871,557,636,1
1764501076879,556,635,1
1764501076888,555,634,1
1764501076891,554,634,1
1764501076902,553,633,1
1764501076918,552,632,1
1764501076921,551,632,1
1764501076933,551,631,1
1764501076933,550,631,1
1764501076951,550,630,1
1764501076951,549,630,1
1764501076981,548,629,1
1764501077463,548,630,1
1764501077497,548,631,1
1764501094584,547,631,1
1764501094584,547,630,1
1764501094599,546,630,1
1764501094599,545,630,1
1764501094615,544,630,1
1764501094620,543,629,1
1764501094628,542,629,1
1764501094628,541,628,1
1764501094646,540,627,1
1764501094654,539,627,1
1764501094660,538,626,1
1764501094660,537,626,1
1764501094678,536,625,1
1764501094694,535,624,1
1764501094701,534,624,1
1764501094708,533,623,1
1764501094724,532,622,1
1764501094724,531,622,1
1764501094739,530,621,1
1764501094755,529,620,1
1764501094764,528,619,1
1764501094764,527,619,1
1764501094773,527,618,1
1764501094773,526,618,1
1764501094789,525,617,1
1764501094789,524,616,1
1764501094803,523,616,1
1764501094815,522,615,1
1764501094819,521,614,1
1764501094819,520,614,1
1764501094839,519,613,1
1764501094839,518,612,1
1764501094850,517,611,1
1764501094850,516,610,1
1764501094866,514,609,1
1764501094866,513,608,1
1764501094881,512,607,1
1764501094897,511,606,1
1764501094897,509,605,1
1764501094897,508,604,1
1764501094915,506,603,1
1764501094915,504,603,1
1764501094929,502,602,1
1764501094939,500,601,1
1764501094944,499,600,1
1764501094944,496,599,1
1764501094960,495,598,1
1764501094960,494,598,1
1764501094976,493,597,1
1764501094976,492,596,1
1764501094992,491,595,1
1764501094992,490,594,1
1764501095011,489,593,1
1764501095017,488,592,1
1764501095024,487,591,1
1764501095034,486,590,1
1764501095041,485,589,1
1764501095041,484,588,1
1764501095057,483,588,1
1764501095057,482,587,1
1764501095073,481,586,1
1764501095082,481,585,1
1764501095095,479,583,1
1764501095103,478,582,1
1764501095103,477,581,1
1764501095118,476,580,1
1764501095118,475,579,1
1764501095135,474,578,1
1764501095144,473,577,1
1764501095150,472,576,1
1764501095158,471,575,1
1764501095167,470,574,1
1764501095168,469,573,1
1764501095181,468,572,1
1764501095190,467,571,1
1764501095200,466,570,1
1764501095201,465,569,1
1764501095213,464,568,1
1764501095213,463,567,1
1764501095229,462,566,1
1764501095231,461,565,1
1764501095245,460,564,1
1764501095252,459,563,1
1764501095252,458,562,1
1764501095268,457,561,1
1764501095276,456,560,1
1764501095282,455,559,1
1764501095282,454,558,1
1764501095292,453,557,1
1764501095292,452,556,1
1764501095308,451,555,1
1764501095308,450,554,1
1764501095324,449,553,1
1764501095324,448,551,1
1764501095344,447,551,1
1764501095344,446,550,1
1764501095358,445,549,1
1764501095368,444,548,1
1764501095376,443,547,1
1764501095384,442,546,1
1764501095387,441,545,1
1764501095387,440,544,1
1764501095403,439,543,1
1764501095403,438,542,1
1764501095419,437,541,1
1764501095419,435,540,1
1764501095434,434,538,1
1764501095445,433,538,1
1764501095453,431,537,1
1764501095461,430,536,1
1764501095466,429,535,1
1764501095466,428,534,1
1764501095483,426,533,1
1764501095485,425,531,1
1764501095499,423,530,1
1764501095501,422,529,1
1764501095516,420,528,1
1764501095519,419,527,1
1764501095531,417,526,1
1764501095540,415,525,1
1764501095545,414,524,1
1764501095548,412,523,1
1764501095563,411,522,1
1764501095570,410,521,1
1764501095578,409,521,1
1764501095584,408,520,1
1764501095595,407,519,1
1764501095599,406,518,1
1764501095599,406,517,1
1764501095613,405,515,1
1764501095624,405,514,1
1764501095626,404,513,1
1764501095640,404,512,1
1764501095645,403,511,1
1764501095656,403,510,1
1764501095657,402,509,1
1764501095673,402,508,1
1764501095676,401,507,1
1764501095676,401,506,1
1764501095690,400,504,1
1764501095699,400,503,1
1764501095705,399,502,1
1764501095719,398,501,1
1764501095720,397,500,1
1764501095720,397,499,1
1764501095739,396,498,1
1764501095745,395,497,1
1764501095755,395,495,1
1764501095763,395,494,1
1764501095769,394,493,1
1764501095769,394,492,1
1764501095784,393,491,1
1764501095784,393,489,1
1764501095800,392,488,1
1764501095800,391,487,1
1764501095816,390,485,1
1764501095818,389,483,1
1764501095832,388,481,1
1764501095832,387,480,1
1764501095848,386,478,1
1764501095848,385,477,1
1764501095864,384,475,1
1764501095866,383,474,1
1764501095880,382,472,1
1764501095884,381,470,1
1764501095896,380,469,1
1764501095896,379,467,1
1764501095912,378,466,1
1764501095915,377,464,1
1764501095928,377,462,1
1764501095928,376,460,1
1764501095928,375,458,1
1764501095945,374,456,1
1764501095960,373,455,1
1764501095964,373,452,1
1764501095974,372,450,1
1764501095975,371,447,1
1764501095991,370,444,1
1764501095993,370,442,1
1764501095993,369,439,1
1764501096006,368,436,1
1764501096006,367,434,1
1764501096022,366,432,1
1764501096022,365,429,1
1764501096045,364,429,1
1764501096045,363,427,1
1764501096056,362,426,1
1764501096056,361,424,1
1764501096069,361,423,1
1764501096069,360,422,1
1764501096086,359,420,1
1764501096086,359,419,1
1764501096106,358,418,1
1764501096108,358,416,1
1764501096117,358,414,1
1764501096136,358,413,1
1764501096145,358,412,1
1764501096149,358,411,1
1764501096161,358,410,1
1764501096168,358,408,1
1764501096176,358,407,1
1764501096181,359,406,1
1764501096181,359,405,1
1764501096199,359,404,1
1764501096204,359,402,1
1764501096214,359,400,1
1764501096216,360,400,1
1764501096231,360,399,1
1764501096231,360,397,1
1764501096246,361,396,1
1764501096246,361,395,1
1764501096246,361,394,1
1764501096263,361,393,1
1764501096263,362,392,1
1764501096285,362,391,1
1764501096292,363,390,1
1764501096300,363,389,1
1764501096308,364,388,1
1764501096311,364,387,1
1764501096311,365,385,1
1764501096324,365,384,1
1764501096340,366,382,1
1764501096346,367,381,1
1764501096346,368,380,1
1764501096355,368,378,1
1764501096355,369,377,1
1764501096374,370,375,1
1764501096374,371,373,1
1764501096387,371,370,1
1764501096387,372,369,1
1764501096403,373,367,1
1764501096403,374,365,1
1764501096423,374,363,1
1764501096423,375,361,1
1764501096435,375,360,1
1764501096446,376,358,1
1764501096451,377,356,1
1764501096451,377,354,1
1764501096468,378,352,1
1764501096468,378,351,1
1764501096483,379,348,1
1764501096483,379,346,1
1764501096500,380,345,1
1764501096500,380,342,1
1764501096514,381,339,1
1764501096514,381,337,1
1764501096531,382,334,1
1764501096540,382,331,1
1764501096548,382,330,1
1764501096553,382,327,1
1764501096563,383,325,1
1764501096563,383,323,1
1764501096578,383,321,1
1764501096578,383,319,1
1764501096594,384,317,1
1764501096602,384,315,1
1764501096610,384,313,1
1764501096618,384,311,1
1764501096626,384,310,1
1764501096626,385,309,1
1764501096626,385,308,1
1764501096646,385,307,1
1764501096658,385,306,1
1764501096658,385,304,1
1764501096672,385,303,1
1764501096679,386,302,1
1764501096683,386,301,1
1764501096696,386,300,1
1764501096696,386,299,1
1764501096705,386,297,1
1764501096705,387,296,1
1764501096720,387,295,1
1764501096734,387,294,1
1764501096741,387,292,1
1764501096746,388,291,1
1764501096752,388,290,1
1764501096766,389,289,1
1764501096767,389,288,1
1764501096767,390,287,1
1764501096783,390,286,1
1764501096783,391,285,1
1764501096799,392,284,1
1764501096799,393,282,1
1764501096815,394,281,1
1764501096815,395,279,1
1764501096831,396,278,1
1764501096831,397,276,1
1764501096850,398,274,1
1764501096858,399,272,1
1764501096863,400,270,1
1764501096863,402,267,1
1764501096879,404,265,1
1764501096879,405,262,1
1764501096894,406,260,1
1764501096894,407,258,1
1764501096912,408,256,1
1764501096915,409,254,1
1764501096927,410,252,1
1764501096936,411,251,1
1764501096943,412,249,1
1764501096946,413,247,1
1764501096961,414,245,1
1764501096964,415,244,1
1764501096964,416,243,1
1764501096975,417,241,1
1764501096975,418,240,1
1764501096994,419,239,1
1764501097007,420,237,1
1764501097007,421,236,1
1764501097007,422,235,1
1764501097023,422,234,1
1764501097023,423,233,1
1764501097038,424,231,1
1764501097047,425,230,1
1764501097060,426,228,1
1764501097060,427,227,1
1764501097070,428,226,1
1764501097085,429,225,1
1764501097089,429,223,1
1764501097091,430,222,1
1764501097101,431,221,1
1764501097101,432,220,1
1764501097125,432,219,1
1764501097129,433,217,1
1764501097137,434,216,1
1764501097145,435,215,1
1764501097148,436,213,1
1764501097148,437,213,1
1764501097164,438,211,1
1764501097164,439,210,1
1764501097183,440,209,1
1764501097183,441,208,1
1764501097196,442,207,1
1764501097196,443,205,1
1764501097214,445,204,1
1764501097214,446,202,1
1764501097230,447,201,1
1764501097232,448,199,1
1764501097243,449,197,1
1764501097246,451,196,1
1764501097259,452,194,1
1764501097270,454,192,1
1764501097277,456,191,1
1764501097284,457,189,1
1764501097292,459,187,1
1764501097301,461,185,1
1764501097308,462,183,1
1764501097316,464,181,1
1764501097323,465,180,1
1764501097323,466,178,1
1764501097340,468,178,1
1764501097346,469,176,1
1764501097346,470,175,1
1764501097362,471,174,1
1764501097362,472,173,1
1764501097378,473,172,1
1764501097379,474,171,1
1764501097388,475,170,1
1764501097388,476,168,1
1764501097403,477,167,1
1764501097403,479,166,1
1764501097419,480,164,1
1764501097419,482,163,1
1764501097436,483,162,1
1764501097447,484,160,1
1764501097453,486,159,1
1764501097453,487,158,1
1764501097472,489,157,1
1764501097477,492,156,1
1764501097482,494,154,1
1764501097482,496,152,1
1764501097501,498,151,1
1764501097503,501,150,1
1764501097514,504,149,1
1764501097514,507,148,1
1764501097534,509,147,1
1764501097538,511,146,1
1764501097547,514,145,1
1764501097547,517,144,1
1764501097563,519,143,1
1764501097563,522,142,1
1764501097577,525,141,1
1764501097585,527,140,1
1764501097595,530,139,1
1764501097600,532,138,1
1764501097609,534,137,1
1764501097609,537,136,1
1764501097626,539,135,1
1764501097634,541,134,1
1764501097640,543,134,1
1764501097647,545,133,1
1764501097657,546,132,1
1764501097661,548,132,1
1764501097661,550,131,1
1764501097680,552,131,1
1764501097680,554,130,1
1764501097689,556,129,1
1764501097704,559,128,1
1764501097704,561,128,1
1764501097704,563,128,1
1764501097728,566,128,1
1764501097734,569,128,1
1764501097736,572,128,1
1764501097747,575,128,1
1764501097758,578,128,1
1764501097761,581,128,1
1764501097769,584,128,1
1764501097769,587,127,1
1764501097784,590,126,1
1764501097784,593,125,1
1764501097803,596,125,1
1764501097803,599,124,1
1764501097816,602,123,1
1764501097816,605,123,1
1764501097834,608,122,1
1764501097834,611,122,1
1764501097851,613,122,1
1764501097851,615,122,1
1764501097863,617,122,1
1764501097874,620,122,1
1764501097881,623,122,1
1764501097890,626,121,1
1764501097895,629,120,1
1764501097906,631,120,1
1764501097911,633,120,1
1764501097923,636,119,1
1764501097927,639,118,1
1764501097936,642,118,1
1764501097943,645,118,1
1764501097952,648,117,1
1764501097960,651,117,1
1764501097960,654,117,1
1764501097974,657,116,1
1764501097974,660,116,1
1764501097990,663,116,1
1764501097995,665,116,1
1764501098007,668,115,1
1764501098014,670,115,1
1764501098022,672,115,1
1764501098030,675,115,1
1764501098038,677,115,1
1764501098046,680,115,1
1764501098054,682,115,1
1764501098054,684,115,1
1764501098054,687,115,1
1764501098069,689,115,1
1764501098085,692,115,1
1764501098088,693,115,1
1764501098101,696,115,1
1764501098101,698,115,1
1764501098117,700,115,1
1764501098117,702,116,1
1764501098117,703,116,1
1764501098133,704,116,1
1764501098139,706,116,1
1764501098148,708,116,1
1764501098162,710,116,1
1764501098164,711,116,1
1764501098178,713,116,1
1764501098184,715,116,1
1764501098184,716,116,1
1764501098195,717,117,1
1764501098208,718,118,1
1764501098214,719,118,1
1764501098224,720,119,1
1764501098227,721,120,1
1764501098241,722,121,1
1764501098247,723,122,1
1764501098247,724,123,1
1764501098259,725,124,1
1764501098259,727,125,1
1764501098275,728,126,1
1764501098275,729,126,1
1764501098293,730,127,1
1764501098302,731,128,1
1764501098308,732,129,1
1764501098308,733,130,1
1764501098323,735,130,1
1764501098323,737,131,1
1764501098340,738,132,1
1764501098348,740,133,1
1764501098356,742,134,1
1764501098365,744,135,1
1764501098371,745,136,1
1764501098380,748,137,1
1764501098384,749,138,1
1764501098394,751,140,1
1764501098394,753,141,1
1764501098403,756,143,1
1764501098419,758,145,1
1764501098424,761,147,1
1764501098435,764,149,1
1764501098435,767,150,1
1764501098448,770,151,1
1764501098453,773,152,1
1764501098460,776,153,1
1764501098467,778,154,1
1764501098467,781,155,1
1764501098482,784,156,1
1764501098482,787,158,1
1764501098503,790,159,1
1764501098503,793,161,1
1764501098514,796,163,1
1764501098514,799,165,1
1764501098530,802,167,1
1764501098530,804,168,1
1764501098548,806,170,1
1764501098548,808,172,1
1764501098566,810,174,1
1764501098575,812,176,1
1764501098578,814,178,1
1764501098578,817,180,1
1764501098594,819,181,1
1764501098600,822,184,1
1764501098610,824,186,1
1764501098610,827,187,1
1764501098626,829,189,1
1764501098626,832,190,1
1764501098641,833,192,1
1764501098649,835,194,1
1764501098660,836,196,1
1764501098660,837,198,1
1764501098674,838,201,1
1764501098679,839,203,1
1764501098690,840,205,1
1764501098698,841,206,1
1764501098700,842,208,1
1764501098713,843,209,1
1764501098720,844,211,1
1764501098722,845,212,1
1764501098736,846,213,1
1764501098744,847,215,1
1764501098749,848,217,1
1764501098757,849,218,1
1764501098766,850,220,1
1764501098774,851,221,1
1764501098782,852,222,1
1764501098785,853,223,1
1764501098798,853,225,1
1764501098803,854,226,1
1764501098807,855,227,1
1764501098823,855,228,1
1764501098830,856,230,1
1764501098832,857,231,1
1764501098844,858,232,1
1764501098849,858,233,1
1764501098849,859,234,1
1764501098864,860,235,1
1764501098864,861,236,1
1764501098880,861,237,1
1764501098880,862,238,1
1764501098898,863,239,1
1764501098907,864,240,1
1764501098912,865,241,1
1764501098912,866,243,1
1764501098930,867,244,1
1764501098931,868,244,1
1764501098944,869,246,1
1764501098949,870,247,1
1764501098960,870,249,1
1764501098960,871,250,1
1764501098976,872,252,1
1764501098984,873,253,1
1764501098992,874,255,1
1764501098992,875,257,1
1764501099008,876,259,1
1764501099012,877,260,1
1764501099024,878,262,1
1764501099024,879,263,1
1764501099039,880,265,1
1764501099039,881,266,1
1764501099049,882,268,1
1764501099055,883,270,1
1764501099055,883,272,1
1764501099078,884,274,1
1764501099086,885,275,1
1764501099088,885,277,1
1764501099101,886,279,1
1764501099104,886,281,1
1764501099104,887,284,1
1764501099117,888,286,1
1764501099117,889,288,1
1764501099140,889,290,1
1764501099142,890,292,1
1764501099151,890,294,1
1764501099162,890,296,1
1764501099165,891,299,1
1764501099178,891,302,1
1764501099180,891,304,1
1764501099194,891,306,1
1764501099198,891,309,1
1764501099208,891,311,1
1764501099215,891,314,1
1764501099224,891,316,1
1764501099228,891,319,1
1764501099241,891,322,1
1764501099244,891,325,1
1764501099253,890,327,1
1764501099264,890,330,1
1764501099264,890,331,1
1764501099277,890,333,1
1764501099277,889,335,1
1764501099293,889,337,1
1764501099293,889,339,1
1764501099307,889,341,1
1764501099315,890,343,1
1764501099323,890,345,1
1764501099334,891,347,1
1764501099339,891,349,1
1764501099339,891,350,1
1764501099356,891,352,1
1764501099364,892,354,1
1764501099370,892,355,1
1764501099370,892,356,1
1764501099386,892,358,1
1764501099393,893,359,1
1764501099402,893,361,1
1764501099402,894,362,1
1764501099417,894,364,1
1764501099425,894,365,1
1764501099434,894,368,1
1764501099434,894,370,1
1764501099449,894,372,1
1764501099449,894,374,1
1764501099468,894,376,1
1764501099472,893,378,1
1764501099476,893,380,1
1764501099484,892,382,1
1764501099497,891,384,1
1764501099502,891,386,1
1764501099502,891,388,1
1764501099513,890,390,1
1764501099529,890,392,1
1764501099529,890,395,1
1764501099529,889,397,1
1764501099550,889,400,1
1764501099561,889,402,1
1764501099561,890,404,1
1764501099561,890,407,1
1764501099582,891,409,1
1764501099584,891,412,1
1764501099592,891,414,1
1764501099601,891,416,1
1764501099608,892,417,1
1764501099608,892,420,1
1764501099624,892,422,1
1764501099624,892,424,1
1764501099644,892,426,1
1764501099650,892,428,1
1764501099656,892,431,1
1764501099656,892,433,1
1764501099674,891,435,1
1764501099674,891,438,1
1764501099688,891,440,1
1764501099688,891,442,1
1764501099706,891,445,1
1764501099706,890,448,1
1764501099719,890,449,1
1764501099719,890,452,1
1764501099735,890,453,1
1764501099738,890,454,1
1764501099751,890,455,1
1764501099751,890,457,1
1764501099767,890,458,1
1764501099767,889,461,1
1764501099783,889,463,1
1764501099798,889,465,1
1764501099798,888,467,1
1764501099814,888,468,1
1764501099816,887,470,1
1764501099830,886,471,1
1764501099830,885,473,1
1764501099846,885,475,1
1764501099850,884,477,1
1764501099862,883,480,1
1764501099862,882,482,1
1764501099862,881,484,1
1764501099883,880,486,1
1764501099883,879,489,1
1764501099894,878,491,1
1764501099894,877,493,1
1764501099913,876,495,1
1764501099925,875,498,1
1764501099925,874,500,1
1764501099925,873,502,1
1764501099941,872,504,1
1764501099950,871,506,1
1764501099962,870,507,1
1764501099963,869,509,1
1764501099973,868,510,1
1764501099973,867,512,1
1764501099991,866,513,1
1764501100001,865,514,1
1764501100005,863,516,1
1764501100012,862,517,1
1764501100022,861,518,1
1764501100022,860,519,1
1764501100036,859,521,1
1764501100036,858,522,1
1764501100055,857,523,1
1764501100062,856,524,1
1764501100068,855,525,1
1764501100079,854,526,1
1764501100084,853,527,1
1764501100084,852,528,1
1764501100102,851,529,1
1764501100102,850,530,1
1764501100118,849,531,1
1764501100118,848,532,1
1764501100132,847,533,1
1764501100132,846,534,1
1764501100148,845,535,1
1764501100155,844,536,1
1764501100164,843,537,1
1764501100167,842,538,1
1764501100180,841,539,1
1764501100180,840,540,1
1764501100194,839,541,1
1764501100202,838,542,1
1764501100211,837,543,1
1764501100215,836,544,1
1764501100227,835,545,1
1764501100231,834,546,1
1764501100243,833,547,1
1764501100250,832,548,1
1764501100250,831,549,1
1764501100259,830,550,1
1764501100272,829,550,1
1764501100280,828,551,1
1764501100288,827,552,1
1764501100291,826,553,1
1764501100291,825,554,1
1764501100307,824,555,1
1764501100307,823,556,1
1764501100323,822,557,1
1764501100323,821,558,1
1764501100341,820,559,1
1764501100351,819,560,1
1764501100354,818,561,1
1764501100354,817,562,1
1764501100373,816,563,1
1764501100373,815,564,1
1764501100387,814,565,1
1764501100389,813,566,1
1764501100402,812,567,1
1764501100402,811,568,1
1764501100418,810,568,1
1764501100418,809,569,1
1764501100436,808,570,1
1764501100436,807,571,1
1764501100451,806,572,1
1764501100458,805,573,1
1764501100466,804,574,1
1764501100466,803,575,1
1764501100482,802,577,1
1764501100482,800,578,1
1764501100498,799,580,1
1764501100503,797,581,1
1764501100503,796,582,1
1764501100514,794,583,1
1764501100528,793,584,1
1764501100532,792,585,1
1764501100546,790,587,1
1764501100551,789,588,1
1764501100562,788,589,1
1764501100564,786,590,1
1764501100564,785,591,1
1764501100582,783,592,1
1764501100585,781,594,1
1764501100598,779,595,1
1764501100609,778,596,1
1764501100609,776,597,1
1764501100620,773,598,1
1764501100625,771,599,1
1764501100625,769,600,1
1764501100641,768,601,1
1764501100652,766,602,1
1764501100660,764,603,1
1764501100662,763,604,1
1764501100673,761,605,1
1764501100673,760,606,1
1764501100691,758,607,1
1764501100691,756,608,1
1764501100705,755,608,1
1764501100707,753,609,1
1764501100721,751,610,1
1764501100731,750,610,1
1764501100739,747,611,1
1764501100747,746,612,1
1764501100753,744,613,1
1764501100753,742,614,1
1764501100753,741,614,1
1764501100777,740,615,1
1764501100785,738,615,1
1764501100786,737,616,1
1764501100801,736,616,1
1764501100801,734,616,1
1764501100816,733,617,1
1764501100819,732,617,1
1764501100819,731,617,1
1764501100833,729,618,1
1764501100847,728,619,1
1764501100852,727,619,1
1764501100864,725,619,1
1764501100864,724,619,1
1764501100879,722,620,1
1764501100882,720,620,1
1764501100882,719,620,1
1764501100895,717,621,1
1764501100895,715,621,1
1764501100911,713,621,1
1764501100911,711,622,1
1764501100927,709,622,1
1764501100927,707,623,1
1764501100943,705,624,1
1764501100952,702,624,1
1764501100962,699,625,1
1764501100964,698,625,1
1764501100974,695,625,1
1764501100974,693,625,1
1764501100990,690,626,1
1764501100990,688,626,1
1764501101006,685,626,1
1764501101006,682,627,1
1764501101023,679,627,1
1764501101023,676,628,1
1764501101038,673,629,1
1764501101038,670,629,1
1764501101056,667,630,1
1764501101059,664,631,1
1764501101072,662,631,1
1764501101072,659,632,1
1764501101086,657,633,1
1764501101086,654,633,1
1764501101102,652,633,1
1764501101102,649,634,1
1764501101118,646,634,1
1764501101124,644,635,1
1764501101134,641,636,1
1764501101134,638,636,1
1764501101154,634,637,1
1764501101158,633,637,1
1764501101167,632,638,1
1764501101181,631,638,1
1764501101183,629,638,1
1764501101197,628,638,1
1764501101197,627,638,1
1764501101212,626,638,1
1764501101218,624,638,1
1764501101218,623,637,1
1764501101228,622,637,1
1764501101243,620,637,1
1764501101252,618,636,1
1764501101254,616,636,1
1764501101260,613,636,1
1764501101260,611,636,1
1764501101280,608,636,1
1764501101282,605,636,1
1764501101291,602,635,1
1764501101291,599,635,1
1764501101312,596,635,1
1764501101317,593,635,1
1764501101323,590,635,1
1764501101323,586,635,1
1764501101340,583,635,1
1764501101352,581,635,1
1764501101355,578,634,1
1764501101355,576,634,1
1764501101371,573,633,1
1764501101383,571,633,1
1764501101389,569,633,1
1764501101389,568,632,1
1764501101402,565,631,1
1764501101402,563,631,1
1764501101420,561,630,1
1764501101424,559,629,1
1764501101436,556,628,1
1764501101439,554,627,1
1764501101452,552,626,1
1764501101461,549,625,1
1764501101468,547,624,1
1764501101468,545,623,1
1764501101482,543,622,1
1764501101482,542,621,1
1764501101498,540,620,1
1764501101498,538,619,1
1764501101514,537,618,1
1764501101514,535,617,1
1764501101530,533,616,1
1764501101532,531,615,1
1764501101532,530,614,1
1764501101552,527,613,1
1764501101560,525,613,1
1764501101568,522,612,1
1764501101568,520,611,1
1764501101577,517,610,1
1764501101592,515,610,1
1764501101592,513,610,1
1764501101602,511,609,1
1764501101614,509,608,1
1764501101614,507,607,1
1764501101625,505,607,1
1764501101625,504,606,1
1764501101640,502,605,1
1764501101652,500,604,1
1764501101655,499,603,1
1764501101655,497,603,1
1764501101671,496,602,1
1764501101685,495,601,1
1764501101692,493,600,1
1764501101698,492,599,1
1764501101703,491,598,1
1764501101703,489,597,1
1764501101724,487,596,1
1764501101724,484,595,1
1764501101734,482,594,1
1764501101734,480,593,1
1764501101753,478,592,1
1764501101761,475,590,1
1764501101768,473,589,1
1764501101768,471,588,1
1764501101783,468,586,1
1764501101794,466,585,1
1764501101799,463,584,1
1764501101799,460,582,1
1764501101815,458,580,1
1764501101824,456,579,1
1764501101832,453,577,1
1764501101832,452,575,1
1764501101847,450,573,1
1764501101853,448,572,1
1764501101853,445,570,1
1764501101863,443,569,1
1764501101879,441,568,1
1764501101879,440,566,1
1764501101892,437,563,1
1764501101897,435,561,1
1764501101910,432,558,1
1764501101912,430,555,1
1764501101912,429,551,1
1764501101926,427,549,1
1764501101941,425,547,1
1764501101949,423,545,1
1764501101954,421,543,1
1764501101965,420,541,1
1764501101965,419,539,1
1764501101973,417,537,1
1764501101973,415,536,1
1764501101993,413,533,1
1764501101993,411,530,1
1764501102005,409,527,1
1764501102005,408,524,1
1764501102023,407,521,1
1764501102023,406,519,1
1764501102037,405,516,1
1764501102051,404,514,1
1764501102056,403,512,1
1764501102058,402,509,1
1764501102068,401,507,1
1764501102078,400,506,1
1764501102084,399,504,1
1764501102084,398,503,1
1764501102102,397,501,1
1764501102102,396,500,1
1764501102118,395,498,1
1764501102120,394,496,1
1764501102131,393,494,1
1764501102131,392,492,1
1764501102148,391,491,1
1764501102154,390,490,1
1764501102168,390,488,1
1764501102170,389,486,1
1764501102180,389,484,1
1764501102184,389,483,1
1764501102194,388,481,1
1764501102205,388,479,1
1764501102210,388,477,1
1764501102216,388,475,1
1764501102226,388,473,1
1764501102237,387,470,1
1764501102242,386,467,1
1764501102243,385,464,1
1764501102258,385,463,1
1764501102267,384,460,1
1764501102273,384,458,1
1764501102273,383,455,1
1764501102290,382,452,1
1764501102292,381,449,1
1764501102306,380,446,1
1764501102312,379,444,1
1764501102313,378,441,1
1764501102325,377,438,1
1764501102325,376,436,1
1764501102337,375,434,1
1764501102337,374,431,1
1764501102361,373,429,1
1764501102369,373,426,1
1764501102373,372,424,1
1764501102373,371,422,1
1764501102387,371,419,1
1764501102399,370,417,1
1764501102403,369,416,1
1764501102415,369,413,1
1764501102416,369,411,1
1764501102416,368,409,1
1764501102436,368,407,1
1764501102437,368,404,1
1764501102447,368,402,1
1764501102454,368,400,1
1764501102463,368,398,1
1764501102463,368,396,1
1764501102479,368,394,1
1764501102492,368,392,1
1764501102496,368,390,1
1764501102507,368,388,1
1764501102510,368,385,1
1764501102523,369,383,1
1764501102528,369,380,1
1764501102539,369,378,1
1764501102542,370,375,1
1764501102555,371,373,1
1764501102562,372,370,1
1764501102562,373,367,1
1764501102573,374,364,1
1764501102573,375,361,1
1764501102592,376,358,1
1764501102592,377,355,1
1764501102605,377,352,1
1764501102605,378,349,1
1764501102621,379,347,1
1764501102621,380,344,1
1764501102639,381,341,1
1764501102644,382,338,1
1764501102655,383,335,1
1764501102655,383,332,1
1764501102669,384,329,1
1764501102669,384,326,1
1764501102686,385,323,1
1764501102692,385,320,1
1764501102701,386,317,1
1764501102701,387,314,1
1764501102717,387,311,1
1764501102719,388,309,1
1764501102733,389,306,1
1764501102733,390,304,1
1764501102749,391,302,1
1764501102753,392,300,1
1764501102755,393,298,1
1764501102764,393,296,1
1764501102779,394,294,1
1764501102783,395,292,1
1764501102795,395,290,1
1764501102795,396,289,1
1764501102811,397,288,1
1764501102813,398,286,1
1764501102813,399,285,1
1764501102827,399,284,1
1764501102827,400,283,1
1764501102843,401,281,1
1764501102855,402,280,1
1764501102864,403,278,1
1764501102873,404,276,1
1764501102875,405,274,1
1764501102875,406,273,1
1764501102890,407,271,1
1764501102890,408,269,1
1764501102906,409,266,1
1764501102906,410,263,1
1764501102922,411,261,1
1764501102922,412,258,1
1764501102938,413,255,1
1764501102938,414,253,1
1764501102956,415,251,1
1764501102965,416,249,1
1764501102970,416,248,1
1764501102981,417,246,1
1764501102988,418,244,1
1764501102997,419,242,1
1764501103002,420,239,1
1764501103002,421,238,1
1764501103017,422,237,1
1764501103023,423,235,1
1764501103034,424,233,1
1764501103043,425,232,1
1764501103050,426,231,1
1764501103055,427,229,1
1764501103066,428,227,1
1764501103074,429,225,1
1764501103074,430,223,1
1764501103081,431,221,1
1764501103097,432,219,1
1764501103103,433,218,1
1764501103113,435,216,1
1764501103115,436,215,1
1764501103129,437,212,1
1764501103129,438,211,1
1764501103145,439,209,1
1764501103145,441,207,1
1764501103154,442,205,1
1764501103161,443,205,1
1764501103161,444,204,1
1764501103182,446,202,1
1764501103185,449,200,1
1764501103199,451,199,1
1764501103202,454,197,1
1764501103208,457,194,1
1764501103216,460,192,1
1764501103226,462,191,1
1764501103237,465,189,1
1764501103242,468,188,1
1764501103253,470,186,1
1764501103260,473,185,1
1764501103264,476,183,1
1764501103272,478,181,1
1764501103283,481,180,1
1764501103290,482,178,1
1764501103290,484,177,1
1764501103304,487,176,1
1764501103315,490,175,1
1764501103319,493,173,1
1764501103331,496,171,1
1764501103337,499,169,1
1764501103337,501,168,1
1764501103351,504,166,1
1764501103355,507,164,1
1764501103367,510,163,1
1764501103372,512,161,1
1764501103383,514,159,1
1764501103383,517,158,1
1764501103400,519,157,1
1764501103402,521,156,1
1764501103415,524,155,1
1764501103415,526,154,1
1764501103431,528,153,1
1764501103431,530,152,1
1764501103447,532,151,1
1764501103447,534,150,1
1764501103462,535,149,1
1764501103462,536,148,1
1764501103477,537,147,1
1764501103478,539,146,1
1764501103478,540,146,1
1764501103496,542,145,1
1764501103496,543,145,1
1764501103510,545,144,1
1764501103525,547,143,1
1764501103530,549,142,1
1764501103531,551,142,1
1764501103541,554,141,1
1764501103555,556,140,1
1764501103562,558,139,1
1764501103562,561,139,1
1764501103579,564,138,1
1764501103583,567,137,1
1764501103589,570,136,1
1764501103601,573,135,1
1764501103605,576,134,1
1764501103605,578,133,1
1764501103621,581,133,1
1764501103621,583,132,1
1764501103640,586,131,1
1764501103640,588,131,1
1764501103654,590,131,1
1764501103657,591,130,1
1764501103669,592,130,1
1764501103669,594,130,1
1764501103685,595,130,1
1764501103688,596,130,1
1764501103702,597,130,1
1764501103702,598,129,1
1764501103718,599,129,1
1764501103721,600,129,1
1764501103732,602,128,1
1764501103732,603,127,1
1764501103748,606,127,1
1764501103750,608,126,1
1764501103766,611,126,1
1764501103772,614,126,1
1764501103780,617,125,1
1764501103780,620,125,1
1764501103795,623,125,1
1764501103796,625,125,1
1764501103811,628,125,1
1764501103812,630,125,1
1764501103827,633,125,1
1764501103835,636,125,1
1764501103835,639,125,1
1764501103851,641,125,1
1764501103851,643,125,1
1764501103862,645,125,1
1764501103873,648,125,1
1764501103875,649,125,1
1764501103889,651,126,1
1764501103896,653,126,1
1764501103901,654,127,1
1764501103907,657,127,1
1764501103907,659,127,1
1764501103923,661,128,1
1764501103923,664,128,1
1764501103942,666,129,1
1764501103951,668,130,1
1764501103958,671,131,1
1764501103958,674,131,1
1764501103971,676,132,1
1764501103971,679,133,1
1764501103987,682,134,1
1764501103987,685,135,1
1764501104002,688,136,1
1764501104002,690,137,1
1764501104020,693,138,1
1764501104021,696,139,1
1764501104034,698,140,1
1764501104034,701,141,1
1764501104050,703,142,1
1764501104057,705,142,1
1764501104066,708,143,1
1764501104066,711,144,1
1764501104082,714,145,1
1764501104082,717,145,1
1764501104098,720,146,1
1764501104106,723,147,1
1764501104106,726,147,1
1764501104116,729,147,1
1764501104130,732,148,1
1764501104130,735,148,1
1764501104130,737,148,1
1764501104146,740,148,1
1764501104158,743,148,1
1764501104161,746,148,1
1764501104161,748,148,1
1764501104182,751,149,1
1764501104187,754,149,1
1764501104193,756,150,1
1764501104193,758,150,1
1764501104214,761,150,1
1764501104216,763,151,1
1764501104225,765,151,1
1764501104225,767,152,1
1764501104243,769,152,1
1764501104253,771,152,1
1764501104261,772,153,1
1764501104264,774,154,1
1764501104276,776,154,1
1764501104276,777,155,1
1764501104292,778,155,1
1764501104292,779,156,1
1764501104305,780,156,1
1764501104315,782,157,1
1764501104321,783,158,1
1764501104331,785,159,1
1764501104338,786,160,1
1764501104345,788,161,1
1764501104353,790,162,1
1764501104360,792,163,1
1764501104368,793,164,1
1764501104371,795,165,1
1764501104384,796,166,1
1764501104384,797,167,1
1764501104400,799,168,1
1764501104404,800,169,1
1764501104416,801,170,1
1764501104418,803,171,1
1764501104418,804,172,1
1764501104432,805,173,1
1764501104432,806,175,1
1764501104448,807,176,1
1764501104460,808,178,1
1764501104470,809,180,1
1764501104479,810,181,1
1764501104479,811,183,1
1764501104479,812,185,1
1764501104495,813,186,1
1764501104495,814,188,1
1764501104515,816,190,1
1764501104515,817,192,1
1764501104533,818,194,1
1764501104537,819,197,1
1764501104542,820,199,1
1764501104542,822,202,1
1764501104561,823,203,1
1764501104561,824,205,1
1764501104574,825,208,1
1764501104574,826,210,1
1764501104591,828,213,1
1764501104591,829,215,1
1764501104605,830,218,1
1764501104618,832,220,1
1764501104624,833,222,1
1764501104624,834,225,1
1764501104637,836,227,1
1764501104637,837,228,1
1764501104656,839,230,1
1764501104661,841,232,1
1764501104669,842,233,1
1764501104669,844,234,1
1764501104685,845,235,1
1764501104685,847,237,1
1764501104703,848,238,1
1764501104703,849,239,1
1764501104717,851,241,1
1764501104717,852,242,1
1764501104735,853,244,1
1764501104743,854,245,1
1764501104748,855,247,1
1764501104748,856,249,1
1764501104764,857,250,1
1764501104768,858,252,1
1764501104780,858,253,1
1764501104789,859,255,1
1764501104796,860,256,1
1764501104796,861,257,1
1764501104812,862,258,1
1764501104812,863,259,1
1764501104827,864,260,1
1764501104829,865,262,1
1764501104843,866,263,1
1764501104844,867,265,1
1764501104859,868,266,1
1764501104864,868,267,1
1764501104876,869,268,1
1764501104880,869,269,1
1764501104880,870,271,1
1764501104892,871,273,1
1764501104892,871,275,1
1764501104908,872,276,1
1764501104919,873,278,1
1764501104924,873,279,1
1764501104924,874,281,1
1764501104940,874,282,1
1764501104940,875,284,1
1764501104958,876,286,1
1764501104964,876,288,1
1764501104971,877,289,1
1764501104971,878,291,1
1764501104990,879,292,1
1764501104998,879,294,1
1764501105003,880,295,1
1764501105003,881,297,1
1764501105019,881,298,1
1764501105035,882,301,1
1764501105037,882,302,1
1764501105051,882,303,1
1764501105051,882,305,1
1764501105067,882,306,1
1764501105067,883,307,1
1764501105083,883,308,1
1764501105083,883,309,1
1764501105099,883,310,1
1764501105104,884,311,1
1764501105115,884,312,1
1764501105123,884,313,1
1764501105130,884,314,1
1764501105130,885,314,1
1764501105130,885,316,1
1764501105150,885,317,1
1764501105164,885,319,1
1764501105177,886,320,1
1764501105185,886,321,1
1764501105192,886,322,1
1764501105201,886,323,1
1764501105201,886,324,1
1764501105209,886,325,1
1764501105217,886,327,1
1764501105238,885,329,1
1764501105244,885,330,1
1764501105244,885,332,1
1764501105259,885,333,1
1764501105268,885,334,1
1764501105275,885,336,1
1764501105275,885,337,1
1764501105292,885,339,1
1764501105292,885,340,1
1764501105304,885,342,1
1764501105304,885,343,1
1764501105320,884,346,1
1764501105320,884,348,1
1764501105336,884,351,1
1764501105336,884,353,1
1764501105352,884,356,1
1764501105352,883,359,1
1764501105368,882,362,1
1764501105368,882,364,1
1764501105383,881,367,1
1764501105383,881,368,1
1764501105399,881,371,1
1764501105399,881,374,1
1764501105415,881,376,1
1764501105424,881,378,1
1764501105431,881,381,1
1764501105441,881,383,1
1764501105447,881,385,1
1764501105454,881,387,1
1764501105463,881,389,1
1764501105464,881,390,1
1764501105480,881,392,1
1764501105480,881,394,1
1764501105494,882,395,1
1764501105499,882,397,1
1764501105510,882,400,1
1764501105517,882,402,1
1764501105517,883,403,1
1764501105529,883,404,1
1764501105529,883,407,1
1764501105542,883,409,1
1764501105558,883,412,1
1764501105564,883,413,1
1764501105574,883,416,1
1764501105574,883,417,1
1764501105589,883,420,1
1764501105589,882,422,1
1764501105589,882,425,1
1764501105605,882,427,1
1764501105605,881,429,1
1764501105621,881,432,1
1764501105621,881,434,1
1764501105636,881,435,1
1764501105636,880,437,1
1764501105652,880,439,1
1764501105664,879,440,1
1764501105669,879,442,1
1764501105669,879,444,1
1764501105685,879,446,1
1764501105695,879,448,1
1764501105701,879,449,1
1764501105701,878,451,1
1764501105718,878,453,1
1764501105721,878,454,1
1764501105732,877,456,1
1764501105732,877,458,1
1764501105748,877,460,1
1764501105748,876,461,1
1764501105765,875,464,1
1764501105765,875,466,1
1764501105780,875,468,1
1764501105782,874,470,1
1764501105795,874,473,1
1764501105795,873,474,1
1764501105812,872,477,1
1764501105812,871,479,1
1764501105828,870,480,1
1764501105830,869,483,1
1764501105844,868,484,1
1764501105850,867,485,1
1764501105854,866,487,1
1764501105865,865,489,1
1764501105876,864,491,1
1764501105880,863,493,1
1764501105892,862,496,1
1764501105892,861,498,1
1764501105892,860,500,1
1764501105907,859,502,1
1764501105919,858,504,1
1764501105929,857,505,1
1764501105929,857,507,1
1764501105940,856,508,1
1764501105953,855,510,1
1764501105955,854,511,1
1764501105965,853,512,1
1764501105975,852,514,1
1764501105980,851,515,1
1764501105991,850,517,1
1764501105999,849,519,1
1764501106003,848,521,1
1764501106015,847,522,1
1764501106018,846,524,1
1764501106031,845,526,1
1764501106036,844,529,1
1764501106044,843,530,1
1764501106050,842,532,1
1764501106061,841,533,1
1764501106065,840,535,1
1764501106077,839,536,1
1764501106084,838,537,1
1764501106084,837,538,1
1764501106097,836,539,1
1764501106104,835,540,1
1764501106114,835,541,1
1764501106123,834,543,1
1764501106129,833,544,1
1764501106135,832,545,1
1764501106146,831,546,1
1764501106146,830,547,1
1764501106161,829,549,1
1764501106165,828,550,1
1764501106177,827,551,1
1764501106177,826,552,1
1764501106201,823,554,1
1764501106209,821,556,1
1764501106217,819,557,1
1764501106224,817,559,1
1764501106231,815,560,1
1764501106240,813,561,1
1764501106240,811,563,1
1764501106240,810,564,1
1764501106257,808,565,1
1764501106265,806,566,1
1764501106279,805,567,1
1764501106279,803,568,1
1764501106295,802,569,1
1764501106298,800,570,1
1764501106311,798,571,1
1764501106311,797,572,1
1764501106320,796,573,1
1764501106333,793,574,1
1764501106336,792,576,1
1764501106336,790,577,1
1764501106351,788,579,1
1764501106351,786,581,1
1764501106367,785,582,1
1764501106367,783,583,1
1764501106383,782,584,1
1764501106383,780,586,1
1764501106401,779,587,1
1764501106401,778,588,1
1764501106418,776,589,1
1764501106418,775,590,1
1764501106432,773,591,1
1764501106436,771,592,1
1764501106449,770,593,1
1764501106451,767,594,1
1764501106462,765,595,1
1764501106473,764,596,1
1764501106478,762,597,1
1764501106486,761,598,1
1764501106496,759,599,1
1764501106499,758,600,1
1764501106510,756,601,1
1764501106510,755,603,1
1764501106526,753,604,1
1764501106526,752,605,1
1764501106542,751,606,1
1764501106542,749,607,1
1764501106542,748,609,1
1764501106564,746,610,1
1764501106573,745,611,1
1764501106574,743,612,1
1764501106590,741,613,1
1764501106590,739,614,1
1764501106604,736,615,1
1764501106606,734,616,1
1764501106606,731,617,1
1764501106624,728,618,1
1764501106624,725,619,1
1764501106642,722,620,1
1764501106643,719,621,1
1764501106653,716,622,1
1764501106665,714,623,1
1764501106669,711,624,1
1764501106669,708,625,1
1764501106685,705,627,1
1764501106685,702,628,1
1764501106704,699,629,1
1764501106704,697,630,1
1764501106717,695,631,1
1764501106717,693,632,1
1764501106733,690,633,1
1764501106733,688,634,1
1764501106748,686,635,1
1764501106748,683,636,1
1764501106766,681,637,1
1764501106766,678,638,1
1764501106780,675,639,1
1764501106780,673,639,1
1764501106798,670,640,1
1764501106804,667,640,1
1764501106812,664,640,1
1764501106818,661,640,1
1764501106828,658,640,1
1764501106828,655,640,1
1764501106845,652,640,1
1764501106847,649,640,1
1764501106860,646,640,1
1764501106865,643,641,1
1764501106865,641,642,1
1764501106880,638,643,1
1764501106892,636,643,1
1764501106892,634,644,1
1764501106892,632,645,1
1764501106915,629,645,1
1764501106924,627,646,1
1764501106924,624,646,1
1764501106924,622,647,1
1764501106945,619,647,1
1764501106954,616,647,1
1764501106955,613,647,1
1764501106966,610,647,1
1764501106974,608,647,1
1764501106974,605,647,1
1764501106987,603,647,1
1764501106999,601,647,1
1764501107003,598,647,1
1764501107003,596,647,1
1764501107019,594,647,1
1764501107019,591,647,1
1764501107035,589,647,1
1764501107035,586,648,1
1764501107051,584,648,1
1764501107051,581,648,1
1764501107067,579,648,1
1764501107067,577,648,1
1764501107083,575,648,1
1764501107083,573,647,1
1764501107100,572,647,1
1764501107104,570,646,1
1764501107114,569,645,1
1764501107114,567,644,1
1764501107130,566,644,1
1764501107139,565,643,1
1764501107146,564,642,1
1764501107146,562,641,1
1764501107163,561,641,1
1764501107166,560,640,1
1764501107178,558,639,1
1764501107178,557,638,1
1764501107178,556,637,1
1764501107201,554,637,1
1764501107210,553,636,1
1764501107214,551,635,1
1764501107226,550,634,1
1764501107226,547,634,1
1764501107242,545,633,1
1764501107244,543,632,1
1764501107258,541,632,1
1764501107258,538,631,1
1764501107266,536,630,1
1764501107275,533,629,1
1764501107289,531,628,1
1764501107289,529,627,1
1764501107303,527,626,1
1764501107305,525,625,1
1764501107319,522,624,1
1764501107320,520,623,1
1764501107320,517,622,1
1764501107340,515,622,1
1764501107349,512,621,1
1764501107355,509,620,1
1764501107357,506,619,1
1764501107368,503,618,1
1764501107368,501,617,1
1764501107386,499,616,1
1764501107389,497,615,1
1764501107403,494,614,1
1764501107403,492,613,1
1764501107416,490,612,1
1764501107416,489,611,1
1764501107434,487,610,1
1764501107436,485,609,1
1764501107448,484,608,1
1764501107448,482,607,1
1764501107464,480,606,1
1764501107472,478,605,1
1764501107480,477,604,1
1764501107480,475,603,1
1764501107496,473,602,1
1764501107500,471,600,1
1764501107512,470,598,1
1764501107512,468,596,1
1764501107512,465,595,1
1764501107534,463,593,1
1764501107544,461,590,1
1764501107550,459,588,1
1764501107554,457,586,1
1764501107566,454,584,1
1764501107574,452,581,1
1764501107575,450,578,1
1764501107575,448,576,1
1764501107591,446,573,1
1764501107605,444,570,1
1764501107607,442,568,1
1764501107607,440,565,1
1764501107623,439,562,1
1764501107637,437,560,1
1764501107639,435,558,1
1764501107651,434,556,1
1764501107660,432,554,1
1764501107666,431,552,1
1764501107671,430,550,1
1764501107683,429,548,1
1764501107690,428,547,1
1764501107699,427,545,1
1764501107703,426,543,1
1764501107703,425,541,1
1764501107720,424,539,1
1764501107720,423,537,1
1764501107737,422,535,1
1764501107737,421,532,1
1764501107750,420,531,1
1764501107750,419,528,1
1764501107767,418,526,1
1764501107767,417,524,1
1764501107782,416,523,1
1764501107782,415,521,1
1764501107797,414,519,1
1764501107797,413,517,1
1764501107813,412,515,1
1764501107815,411,513,1
1764501107829,410,511,1
1764501107829,409,509,1
1764501107844,408,507,1
1764501107844,407,505,1
1764501107860,406,503,1
1764501107866,405,502,1
1764501107877,404,499,1
1764501107885,403,497,1
1764501107893,402,496,1
1764501107900,401,494,1
1764501107900,400,492,1
1764501107908,399,491,1
1764501107924,398,489,1
1764501107924,397,488,1
1764501107924,396,486,1
1764501107947,396,484,1
1764501107947,395,482,1
1764501107960,394,480,1
1764501107966,393,478,1
1764501107971,392,476,1
1764501107985,391,474,1
1764501107987,390,472,1
1764501108001,389,469,1
1764501108005,389,467,1
1764501108005,389,466,1
1764501108024,388,464,1
1764501108024,387,463,1
1764501108034,387,461,1
1764501108034,386,460,1
1764501108050,385,458,1
1764501108050,384,456,1
1764501108067,383,454,1
1764501108067,382,453,1
1764501108082,381,451,1
1764501108082,380,450,1
1764501108100,379,448,1
1764501108105,378,447,1
1764501108114,378,446,1
1764501108114,377,445,1
1764501108132,376,443,1
1764501108140,376,441,1
1764501108146,375,439,1
1764501108146,375,437,1
1764501108162,375,434,1
1764501108167,374,431,1
1764501108178,374,428,1
1764501108178,374,425,1
1764501108194,373,422,1
1764501108196,372,419,1
1764501108218,371,413,1
1764501108220,370,410,1
1764501108229,370,407,1
1764501108240,370,404,1
1764501108241,370,401,1
1764501108257,370,398,1
1764501108257,370,396,1
1764501108267,370,393,1
1764501108277,370,390,1
1764501108289,370,388,1
1764501108295,370,384,1
1764501108303,369,382,1
1764501108308,369,379,1
1764501108319,369,376,1
1764501108320,368,373,1
1764501108320,368,370,1
1764501108343,368,368,1
1764501108352,368,365,1
1764501108352,369,363,1
1764501108352,370,360,1
1764501108370,370,358,1
1764501108381,371,356,1
1764501108382,372,354,1
1764501108382,373,353,1
1764501108404,374,351,1
1764501108414,375,349,1
1764501108414,376,348,1
1764501108414,376,346,1
1764501108432,377,345,1
1764501108432,377,344,1
1764501108446,378,342,1
1764501108446,378,341,1
1764501108467,378,340,1
1764501108467,378,338,1
1764501108480,378,337,1
1764501108484,378,336,1
1764501108494,379,335,1
1764501108494,379,333,1
1764501108511,379,332,1
1764501108511,379,331,1
1764501108528,380,330,1
1764501108528,380,329,1
1764501108541,380,328,1
1764501108541,381,326,1
1764501108557,381,325,1
1764501108568,382,323,1
1764501108573,382,322,1
1764501108584,383,320,1
1764501108590,383,319,1
1764501108599,384,317,1
1764501108605,384,316,1
1764501108605,385,314,1
1764501108621,386,312,1
1764501108621,387,310,1
1764501108637,388,309,1
1764501108645,389,307,1
1764501108653,389,305,1
1764501108657,390,303,1
1764501108668,391,302,1
1764501108668,391,301,1
1764501108684,392,299,1
1764501108687,393,298,1
1764501108697,394,296,1
1764501108700,395,295,1
1764501108717,395,293,1
1764501108717,396,291,1
1764501108731,397,290,1
1764501108731,398,288,1
1764501108745,399,286,1
1764501108750,399,285,1
1764501108750,400,283,1
1764501108769,401,280,1
1764501108769,402,278,1
1764501108778,403,276,1
1764501108778,404,274,1
1764501108801,405,272,1
1764501108801,406,269,1
1764501108812,407,267,1
1764501108812,408,265,1
1764501108827,409,262,1
1764501108827,410,259,1
1764501108844,411,257,1
1764501108844,412,255,1
1764501108857,413,253,1
1764501108868,414,251,1
1764501108873,415,249,1
1764501108873,416,246,1
1764501108889,417,244,1
1764501108901,418,241,1
1764501108906,419,239,1
1764501108906,420,237,1
1764501108920,421,234,1
1764501108920,422,233,1
1764501108936,423,230,1
1764501108936,423,228,1
1764501108952,424,225,1
1764501108952,425,223,1
1764501108971,426,221,1
1764501108973,427,219,1
1764501108984,428,218,1
1764501108984,429,217,1
1764501109000,430,216,1
1764501109002,431,214,1
1764501109015,432,213,1
1764501109025,433,212,1
1764501109031,434,211,1
1764501109041,436,209,1
1764501109049,437,208,1
1764501109057,438,207,1
1764501109063,439,205,1
1764501109069,441,203,1
1764501109082,442,202,1
1764501109084,443,200,1
1764501109095,445,199,1
1764501109095,446,197,1
1764501109111,447,197,1
1764501109120,448,195,1
1764501109120,449,194,1
1764501109129,451,193,1
1764501109141,452,192,1
1764501109148,454,191,1
1764501109158,456,189,1
1764501109163,457,188,1
1764501109168,459,186,1
1764501109174,461,186,1
1764501109174,462,185,1
1764501109195,464,183,1
1764501109195,465,181,1
1764501109210,467,181,1
1764501109218,468,180,1
1764501109228,469,178,1
1764501109228,471,177,1
1764501109243,473,176,1
1764501109251,474,175,1
1764501109253,475,173,1
1764501109259,477,172,1
1764501109272,478,171,1
1764501109281,479,170,1
1764501109288,480,170,1
1764501109298,481,169,1
1764501109304,482,168,1
1764501109313,483,167,1
1764501109316,484,166,1
1764501109327,485,165,1
1764501109335,486,164,1
1764501109335,487,163,1
1764501109348,488,161,1
1764501109348,490,160,1
1764501109366,493,159,1
1764501109368,495,158,1
1764501109379,498,157,1
1764501109379,500,156,1
1764501109397,503,155,1
1764501109397,506,154,1
1764501109411,509,153,1
1764501109411,512,152,1
1764501109428,515,151,1
1764501109432,518,150,1
1764501109443,520,149,1
1764501109443,523,148,1
1764501109459,526,147,1
1764501109464,529,146,1
1764501109475,532,145,1
1764501109475,535,144,1
1764501109492,538,144,1
1764501109492,540,143,1
1764501109506,543,142,1
1764501109506,546,142,1
1764501109506,549,141,1
1764501109524,552,140,1
1764501109524,555,139,1
1764501109538,557,138,1
1764501109538,560,137,1
1764501109553,563,136,1
1764501109569,566,135,1
1764501109570,567,134,1
1764501109570,570,133,1
1764501109590,572,133,1
1764501109595,574,132,1
1764501109606,577,131,1
1764501109613,579,130,1
1764501109621,582,129,1
1764501109628,584,128,1
1764501109633,587,127,1
1764501109633,589,127,1
1764501109652,592,127,1
1764501109652,595,127,1
1764501109669,598,126,1
1764501109669,600,126,1
1764501109684,603,126,1
1764501109684,605,125,1
1764501109696,608,125,1
1764501109696,610,124,1
1764501109712,611,124,1
1764501109712,614,124,1
1764501109728,615,124,1
1764501109728,617,124,1
1764501109746,619,124,1
1764501109754,621,123,1
1764501109759,623,123,1
1764501109768,624,122,1
1764501109776,626,122,1
1764501109776,628,121,1
1764501109794,630,121,1
1764501109798,631,121,1
1764501109809,634,121,1
1764501109811,636,121,1
1764501109825,638,121,1
1764501109833,640,121,1
1764501109833,643,122,1
1764501109844,646,122,1
1764501109844,649,122,1
1764501109864,652,122,1
1764501109868,655,122,1
1764501109880,658,122,1
1764501109880,660,122,1
1764501109888,663,123,1
1764501109888,666,123,1
1764501109907,669,123,1
1764501109907,672,123,1
1764501109920,675,124,1
1764501109920,677,124,1
1764501109936,679,124,1
1764501109936,681,124,1
1764501109952,683,124,1
1764501109952,684,125,1
1764501109968,687,125,1
1764501109968,689,126,1
1764501109984,691,126,1
1764501109984,693,126,1
1764501110000,696,127,1
1764501110000,698,128,1
1764501110015,700,129,1
1764501110015,701,129,1
1764501110032,703,130,1
1764501110040,705,131,1
1764501110047,707,132,1
1764501110057,709,132,1
1764501110063,712,133,1
1764501110069,715,134,1
1764501110079,717,135,1
1764501110089,719,136,1
1764501110095,721,137,1
1764501110099,722,138,1
1764501110111,724,139,1
1764501110111,726,140,1
1764501110128,729,141,1
1764501110133,731,142,1
1764501110143,734,143,1
1764501110145,736,144,1
1764501110145,739,145,1
1764501110165,742,146,1
1764501110169,744,148,1
1764501110182,747,149,1
1764501110184,749,150,1
1764501110190,752,152,1
1764501110190,754,153,1
1764501110205,757,154,1
1764501110219,759,156,1
1764501110221,762,157,1
1764501110221,764,159,1
1764501110245,766,160,1
1764501110245,768,161,1
1764501110252,770,162,1
1764501110252,772,163,1
1764501110271,774,164,1
1764501110284,776,166,1
1764501110284,778,167,1
1764501110297,780,168,1
1764501110304,782,169,1
1764501110304,783,170,1
1764501110320,785,171,1
1764501110320,786,172,1
1764501110332,788,174,1
1764501110345,789,175,1
1764501110351,791,177,1
1764501110351,793,178,1
1764501110367,795,180,1
1764501110369,796,183,1
1764501110380,798,185,1
1764501110380,799,186,1
1764501110396,801,189,1
1764501110396,803,191,1
1764501110412,806,192,1
1764501110412,808,194,1
1764501110431,811,196,1
1764501110431,813,197,1
1764501110447,815,199,1
1764501110447,816,200,1
1764501110461,818,202,1
1764501110469,819,204,1
1764501110477,821,205,1
1764501110482,823,207,1
1764501110491,825,209,1
1764501110492,827,211,1
1764501110492,829,212,1
1764501110515,830,213,1
1764501110518,831,215,1
1764501110526,832,217,1
1764501110539,834,219,1
1764501110539,835,221,1
1764501110553,837,224,1
1764501110555,838,226,1
1764501110569,839,229,1
1764501110572,841,231,1
1764501110572,842,233,1
1764501110586,843,235,1
1764501110602,844,236,1
1764501110607,845,238,1
1764501110614,846,240,1
1764501110618,847,241,1
1764501110624,848,243,1
1764501110638,849,244,1
1764501110647,850,246,1
1764501110649,851,247,1
1764501110649,851,249,1
1764501110669,852,251,1
1764501110669,853,252,1
1764501110681,853,254,1
1764501110681,854,256,1
1764501110700,855,257,1
1764501110704,855,259,1
1764501110712,856,260,1
1764501110712,856,262,1
1764501110729,857,264,1
1764501110729,857,266,1
1764501110744,858,268,1
1764501110744,858,269,1
1764501110762,859,270,1
1764501110769,859,272,1
1764501110776,860,273,1
1764501110787,861,274,1
1764501110794,862,275,1
1764501110800,863,276,1
1764501110808,864,277,1
1764501110817,865,278,1
1764501110824,866,279,1
1764501110833,867,280,1
1764501110840,868,281,1
1764501110849,868,282,1
1764501110855,869,283,1
1764501110855,870,284,1
1764501110869,871,285,1
1764501110876,872,286,1
1764501110887,873,287,1
1764501110887,873,288,1
1764501110903,874,289,1
1764501110905,874,290,1
1764501110919,875,291,1
1764501110919,875,292,1
1764501110919,876,293,1
1764501110940,876,294,1
1764501110949,876,295,1
1764501110956,877,297,1
1764501110965,877,298,1
1764501110969,878,300,1
1764501110981,878,301,1
1764501110982,878,303,1
1764501110982,879,304,1
1764501111001,879,305,1
1764501111010,879,306,1
1764501111018,879,308,1
1764501111026,879,309,1
1764501111034,879,311,1
1764501111042,879,312,1
1764501111050,879,314,1
1764501111056,879,317,1
1764501111066,879,318,1
1764501111073,879,321,1
1764501111083,879,323,1
1764501111087,878,326,1
1764501111097,878,327,1
1764501111105,877,330,1
1764501111112,877,332,1
1764501111120,877,335,1
1764501111126,877,337,1
1764501111134,876,340,1
1764501111142,876,343,1
1764501111150,876,346,1
1764501111158,876,348,1
1764501111166,876,351,1
1764501111173,876,353,1
1764501111182,876,355,1
1764501111189,876,358,1
1764501111196,876,360,1
1764501111203,876,363,1
1764501111214,876,365,1
1764501111221,876,368,1
1764501111229,876,371,1
1764501111237,877,374,1
1764501111244,877,376,1
1764501111263,878,380,1
1764501111267,878,382,1
1764501111275,878,383,1
1764501111282,879,384,1
1764501111291,879,387,1
1764501111298,880,388,1
1764501111306,880,390,1
1764501111314,881,391,1
1764501111321,882,394,1
1764501111328,882,396,1
1764501111335,882,397,1
1764501111344,883,398,1
1764501111350,883,400,1
1764501111361,883,402,1
1764501111369,883,404,1
1764501111377,884,406,1
1764501111384,884,408,1
1764501111391,885,410,1
1764501111398,885,413,1
1764501111407,885,416,1
1764501111414,885,418,1
1764501111423,885,421,1
1764501111430,885,423,1
1764501111438,885,426,1
1764501111442,885,429,1
1764501111447,885,431,1
1764501111460,885,434,1
1764501111467,884,437,1
1764501111469,884,440,1
1764501111485,883,443,1
1764501111485,882,446,1
1764501111501,881,448,1
1764501111505,881,451,1
1764501111514,880,454,1
1764501111522,879,457,1
1764501111524,879,460,1
1764501111537,878,463,1
1764501111545,877,466,1
1764501111555,876,468,1
1764501111555,875,472,1
1764501111570,874,474,1
1764501111570,873,477,1
1764501111580,872,480,1
1764501111592,871,483,1
1764501111597,870,486,1
1764501111607,869,489,1
1764501111617,868,492,1
1764501111621,867,495,1
1764501111632,866,497,1
1764501111632,865,500,1
1764501111643,864,502,1
1764501111643,863,505,1
1764501111658,862,508,1
1764501111669,861,511,1
1764501111674,860,513,1
1764501111685,859,515,1
1764501111694,858,517,1
1764501111700,857,519,1
1764501111709,856,521,1
1764501111709,855,524,1
1764501111724,854,526,1
1764501111731,853,528,1
1764501111738,852,530,1
1764501111738,851,532,1
1764501111757,850,534,1
1764501111765,849,536,1
1764501111769,848,537,1
1764501111772,847,540,1
1764501111787,846,541,1
1764501111794,845,543,1
1764501111801,844,544,1
1764501111801,843,545,1
1764501111817,842,546,1
1764501111824,840,547,1
1764501111833,839,548,1
1764501111839,838,549,1
1764501111849,837,551,1
1764501111854,836,552,1
1764501111865,835,553,1
1764501111872,834,554,1
1764501111880,833,555,1
1764501111886,832,556,1
1764501111894,831,557,1
1764501111901,830,558,1
1764501111901,829,559,1
1764501111919,828,560,1
1764501111927,827,561,1
1764501111927,826,562,1
1764501111943,825,563,1
1764501111943,824,564,1
1764501111955,823,565,1
1764501111965,821,566,1
1764501111972,820,566,1
1764501111981,819,566,1
1764501111989,817,567,1
1764501111994,816,567,1
1764501112004,814,568,1
1764501112013,812,568,1
1764501112021,810,569,1
1764501112027,808,570,1
1764501112031,806,571,1
1764501112038,804,572,1
1764501112051,802,573,1
1764501112057,799,574,1
1764501112067,797,576,1
1764501112070,795,577,1
1764501112083,794,578,1
1764501112085,792,579,1
1764501112085,791,580,1
1764501112101,789,581,1
1764501112112,787,582,1
1764501112121,785,583,1
1764501112121,783,583,1
1764501112133,782,584,1
1764501112133,780,585,1
1764501112150,778,586,1
1764501112153,777,587,1
1764501112164,775,588,1
1764501112173,772,589,1
1764501112180,770,590,1
1764501112180,768,591,1
1764501112196,766,592,1
1764501112200,764,593,1
1764501112211,762,594,1
1764501112219,760,595,1
1764501112228,758,597,1
1764501112228,756,598,1
1764501112243,754,599,1
1764501112245,752,600,1
1764501112265,750,601,1
1764501112270,748,602,1
1764501112274,745,603,1
1764501112274,742,604,1
1764501112290,740,605,1
1764501112299,737,606,1
1764501112306,734,607,1
1764501112314,731,608,1
1764501112323,728,609,1
1764501112325,725,610,1
1764501112339,721,611,1
1764501112341,718,612,1
1764501112353,715,613,1
1764501112361,712,614,1
1764501112371,709,615,1
1764501112377,706,616,1
1764501112384,703,617,1
1764501112384,701,619,1
1764501112401,698,620,1
1764501112406,696,621,1
1764501112415,693,622,1
1764501112421,691,623,1
1764501112431,688,624,1
1764501112436,686,625,1
1764501112447,683,626,1
1764501112447,680,627,1
1764501112462,678,628,1
1764501112470,676,629,1
1764501112474,673,630,1
1764501112485,670,631,1
1764501112493,668,632,1
1764501112502,665,632,1
1764501112502,663,633,1
1764501112510,660,633,1
1764501112525,658,633,1
1764501112533,655,634,1
1764501112533,653,634,1
1764501112541,650,635,1
1764501112541,648,636,1
1764501112557,646,636,1
1764501112570,643,637,1
1764501112579,640,638,1
1764501112586,638,639,1
1764501112589,636,640,1
1764501112601,633,640,1
1764501112607,630,641,1
1764501112607,627,641,1
1764501112625,624,641,1
1764501112625,621,641,1
1764501112641,618,641,1
1764501112648,615,641,1
1764501112653,612,641,1
1764501112653,608,641,1
1764501112670,605,641,1
1764501112677,602,642,1
1764501112685,599,642,1
1764501112687,595,643,1
1764501112703,592,643,1
1764501112710,589,643,1
1764501112717,586,643,1
1764501112727,583,642,1
1764501112735,579,642,1
1764501112740,576,641,1
1764501112748,573,640,1
1764501112757,570,640,1
1764501112765,567,639,1
1764501112772,565,638,1
1764501112781,562,637,1
1764501112787,560,636,1
1764501112797,558,635,1
1764501112801,556,635,1
1764501112808,554,634,1
1764501112819,552,633,1
1764501112825,550,632,1
1764501112835,548,631,1
1764501112843,546,630,1
1764501112851,544,629,1
1764501112855,541,628,1
1764501112859,539,627,1
1764501112870,537,626,1
1764501112881,535,625,1
1764501112889,533,624,1
1764501112897,531,623,1
1764501112904,530,622,1
1764501112913,528,621,1
1764501112921,526,620,1
1764501112927,524,619,1
1764501112934,523,618,1
1764501112940,521,617,1
1764501112944,519,616,1
1764501112957,517,615,1
1764501112966,516,614,1
1764501112971,514,613,1
1764501112982,512,612,1
1764501112988,510,611,1
1764501112996,507,610,1
1764501113002,505,609,1
1764501113002,502,608,1
1764501113018,500,607,1
1764501113018,498,606,1
1764501113037,496,605,1
1764501113039,494,604,1
1764501113049,491,603,1
1764501113049,489,602,1
1764501113065,487,601,1
1764501113075,485,599,1
1764501113083,484,598,1
1764501113083,482,597,1
1764501113096,480,596,1
1764501113107,478,595,1
1764501113113,477,594,1
1764501113113,475,593,1
1764501113129,473,592,1
1764501113129,472,591,1
1764501113145,470,590,1
1764501113145,469,588,1
1764501113160,467,587,1
1764501113160,466,586,1
1764501113176,465,585,1
1764501113176,464,584,1
1764501113176,462,583,1
1764501113192,461,582,1
1764501113192,460,581,1
1764501113208,459,579,1
1764501113223,457,577,1
1764501113231,456,576,1
1764501113239,455,575,1
1764501113239,454,573,1
1764501113239,453,572,1
1764501113255,452,570,1
1764501113267,451,568,1
1764501113277,450,566,1
1764501113285,449,565,1
1764501113286,447,563,1
1764501113286,446,561,1
1764501113302,445,560,1
1764501113302,444,557,1
1764501113318,443,555,1
1764501113318,442,553,1
1764501113337,441,551,1
1764501113342,440,549,1
1764501113349,439,547,1
1764501113349,438,545,1
1764501113371,436,543,1
1764501113371,435,540,1
1764501113386,434,538,1
1764501113393,433,536,1
1764501113401,432,534,1
1764501113401,430,531,1
1764501113413,429,529,1
1764501113423,428,527,1
1764501113433,427,524,1
1764501113435,426,521,1
1764501113447,425,518,1
1764501113447,424,515,1
1764501113460,423,513,1
1764501113471,422,510,1
1764501113476,421,508,1
1764501113476,420,506,1
1764501113492,419,504,1
1764501113492,418,501,1
1764501113507,417,499,1
1764501113512,416,497,1
1764501113524,415,495,1
1764501113530,414,492,1
1764501113539,413,490,1
1764501113539,412,488,1
1764501113555,411,486,1
1764501113555,409,485,1
1764501113572,408,483,1
1764501113572,406,480,1
1764501113586,405,478,1
1764501113586,404,476,1
1764501113603,403,473,1
1764501113607,403,470,1
1764501113618,402,467,1
1764501113626,402,464,1
1764501113634,401,463,1
1764501113634,400,461,1
1764501113634,399,459,1
1764501113650,398,457,1
1764501113650,397,454,1
1764501113671,395,451,1
1764501113681,394,448,1
1764501113681,392,445,1
1764501113696,391,444,1
1764501113702,390,441,1
1764501113711,389,438,1
1764501113718,389,435,1
1764501113718,388,433,1
1764501113728,388,431,1
1764501113728,387,428,1
1764501113743,386,425,1
1764501113759,386,422,1
1764501113759,385,419,1
1764501113772,384,416,1
1764501113777,383,414,1
1764501113777,382,411,1
1764501113791,381,408,1
1764501113791,380,405,1
1764501113808,380,402,1
1764501113821,379,399,1
1764501113829,379,396,1
1764501113829,379,393,1
1764501113841,378,390,1
1764501113841,378,387,1
1764501113859,378,384,1
1764501113867,378,381,1
1764501113871,378,378,1
1764501113883,378,375,1
1764501113891,377,373,1
1764501113897,377,370,1
1764501113903,377,367,1
1764501113913,377,364,1
1764501113919,376,361,1
1764501113930,376,358,1
1764501113936,376,355,1
1764501113945,377,352,1
1764501113953,377,349,1
1764501113955,378,346,1
1764501113967,378,344,1
1764501113971,379,341,1
1764501113983,379,338,1
1764501113983,380,335,1
1764501113999,380,332,1
1764501113999,381,329,1
1764501114015,382,326,1
1764501114017,383,323,1
1764501114028,384,320,1
1764501114031,384,317,1
1764501114043,385,314,1
1764501114052,386,311,1
1764501114060,387,308,1
1764501114066,387,305,1
1764501114071,388,302,1
1764501114078,389,299,1
1764501114078,390,296,1
1764501114094,391,293,1
1764501114094,391,290,1
1764501114110,392,287,1
1764501114124,393,284,1
1764501114126,394,281,1
1764501114126,394,279,1
1764501114141,395,276,1
1764501114141,396,273,1
1764501114157,397,270,1
1764501114157,398,267,1
1764501114173,400,264,1
1764501114173,401,261,1
1764501114192,402,258,1
1764501114192,403,255,1
1764501114207,404,252,1
1764501114207,405,249,1
1764501114221,406,246,1
1764501114225,406,243,1
1764501114237,407,241,1
1764501114237,408,238,1
1764501114253,409,235,1
1764501114253,410,234,1
1764501114271,411,231,1
1764501114272,412,228,1
1764501114285,413,225,1
1764501114292,414,223,1
1764501114301,415,220,1
1764501114309,416,217,1
1764501114316,417,213,1
1764501114316,418,211,1
1764501114332,419,208,1
1764501114332,420,205,1
1764501114332,421,202,1
1764501114348,422,200,1
1764501114348,423,197,1
1764501114371,424,196,1
1764501114379,425,193,1
1764501114379,427,191,1
1764501114379,428,189,1
1764501114398,429,187,1
1764501114411,430,186,1
1764501114411,431,184,1
1764501114411,432,183,1
1764501114428,433,181,1
1764501114428,434,179,1
1764501114443,435,178,1
1764501114443,437,176,1
1764501114458,438,175,1
1764501114471,440,174,1
1764501114474,442,172,1
1764501114474,444,171,1
1764501114491,446,170,1
1764501114497,448,169,1
1764501114511,449,168,1
1764501114519,450,167,1
1764501114527,452,166,1
1764501114535,454,165,1
1764501114541,456,164,1
1764501114541,458,163,1
1764501114552,461,162,1
1764501114560,464,161,1
1764501114571,467,160,1
1764501114579,470,159,1
1764501114583,472,158,1
1764501114583,474,157,1
1764501114599,476,156,1
1764501114608,479,155,1
1764501114615,481,154,1
1764501114615,483,153,1
1764501114631,485,153,1
1764501114631,488,152,1
1764501114652,490,151,1
1764501114652,493,150,1
1764501114663,495,149,1
1764501114671,497,148,1
1764501114679,499,147,1
1764501114679,502,146,1
1764501114695,505,145,1
1764501114695,508,144,1
1764501114713,511,143,1
1764501114722,515,142,1
1764501114727,518,142,1
1764501114727,522,141,1
1764501114743,525,140,1
1764501114751,528,139,1
1764501114759,531,138,1
1764501114760,534,137,1
1764501114775,537,137,1
1764501114775,540,136,1
1764501114791,543,135,1
1764501114799,546,134,1
1764501114799,549,133,1
1764501114807,552,132,1
1764501114821,555,131,1
1764501114824,558,130,1
1764501114838,561,129,1
1764501114838,564,129,1
1764501114838,567,128,1
1764501114854,570,127,1
1764501114854,573,127,1
1764501114871,576,126,1
1764501114871,578,125,1
1764501114887,580,125,1
1764501114887,583,124,1
1764501114901,585,123,1
1764501114901,587,123,1
1764501114923,590,122,1
1764501114930,593,122,1
1764501114937,596,121,1
1764501114937,599,120,1
1764501114948,602,119,1
1764501114962,605,118,1
1764501114964,608,117,1
1764501114978,611,117,1
1764501114984,614,116,1
1764501114984,617,116,1
1764501114997,620,115,1
1764501115008,623,115,1
1764501115013,625,115,1
1764501115023,628,115,1
1764501115029,631,116,1
1764501115029,633,116,1
1764501115047,635,117,1
1764501115047,637,117,1
1764501115060,638,117,1
1764501115060,639,118,1
1764501115076,640,118,1
1764501115078,641,119,1
1764501115092,642,119,1
1764501115100,643,120,1
1764501115108,645,120,1
1764501115116,646,121,1
1764501115122,647,122,1
1764501115130,648,122,1
1764501115137,649,123,1
1764501115145,651,123,1
1764501115154,653,123,1
1764501115163,655,124,1
1764501115171,657,124,1
1764501115179,659,124,1
1764501115186,661,125,1
1764501115187,663,125,1
1764501115200,665,126,1
1764501115209,667,126,1
1764501115215,669,127,1
1764501115225,671,128,1
1764501115231,674,129,1
1764501115239,676,130,1
1764501115245,678,131,1
1764501115255,681,132,1
1764501115255,683,133,1
1764501115271,686,134,1
1764501115271,688,135,1
1764501115288,691,135,1
1764501115288,693,136,1
1764501115302,696,136,1
1764501115302,699,136,1
1764501115314,701,137,1
1764501115314,704,138,1
1764501115330,707,138,1
1764501115330,710,139,1
1764501115346,713,140,1
1764501115346,716,141,1
1764501115364,719,141,1
1764501115371,722,142,1
1764501115378,725,142,1
1764501115378,728,142,1
1764501115395,731,142,1
1764501115404,734,143,1
1764501115409,737,144,1
1764501115409,740,145,1
1764501115426,743,145,1
1764501115426,746,146,1
1764501115442,749,147,1
1764501115442,752,148,1
1764501115458,754,149,1
1764501115463,757,150,1
1764501115473,759,151,1
1764501115473,761,152,1
1764501115489,763,153,1
1764501115491,765,154,1
1764501115505,767,155,1
1764501115506,769,156,1
1764501115506,771,157,1
1764501115520,773,158,1
1764501115520,775,158,1
1764501115536,777,159,1
1764501115536,778,160,1
1764501115552,780,161,1
1764501115568,782,162,1
1764501115571,783,163,1
1764501115571,785,164,1
1764501115583,787,165,1
1764501115583,789,166,1
1764501115604,791,167,1
1764501115608,793,169,1
1764501115619,795,171,1
1764501115629,798,172,1
1764501115631,801,173,1
1764501115643,804,174,1
1764501115647,807,175,1
1764501115660,810,176,1
1764501115663,812,177,1
1764501115672,814,178,1
1764501115679,816,179,1
1764501115692,817,180,1
1764501115696,818,181,1
1764501115696,819,183,1
1764501115711,820,185,1
1764501115722,821,186,1
1764501115729,822,189,1
1764501115729,823,189,1
1764501115742,824,192,1
1764501115742,825,193,1
1764501115760,826,194,1
1764501115760,827,196,1
1764501115775,828,198,1
1764501115777,829,199,1
1764501115790,831,202,1
1764501115790,832,204,1
1764501115806,834,205,1
1764501115814,835,208,1
1764501115822,836,210,1
1764501115828,837,212,1
1764501115836,838,213,1
1764501115844,839,215,1
1764501115854,840,217,1
1764501115861,841,218,1
1764501115869,842,220,1
1764501115877,843,221,1
1764501115884,844,223,1
1764501115890,845,225,1
1764501115898,845,226,1
1764501115906,846,228,1
1764501115915,847,230,1
1764501115925,848,232,1
1764501115932,849,234,1
1764501115939,850,235,1
1764501115947,851,237,1
1764501115955,852,239,1
1764501115961,853,241,1
1764501115969,854,243,1
1764501115977,855,244,1
1764501115983,856,246,1
1764501115983,857,247,1
1764501116002,858,247,1
1764501116004,859,249,1
1764501116017,860,250,1
1764501116021,861,251,1
1764501116028,862,252,1
1764501116039,863,254,1
1764501116044,864,255,1
1764501116052,865,257,1
1764501116062,866,258,1
1764501116072,867,259,1
1764501116076,868,260,1
1764501116080,869,262,1
1764501116093,870,263,1
1764501116101,871,265,1
1764501116108,872,266,1
1764501116116,873,268,1
1764501116125,874,269,1
1764501116134,875,270,1
1764501116139,876,271,1
1764501116149,877,273,1
1764501116154,878,274,1
1764501116162,879,276,1
1764501116171,879,277,1
1764501116172,880,278,1
1764501116186,880,279,1
1764501116186,881,281,1
1764501116202,881,282,1
1764501116202,881,283,1
1764501116217,881,285,1
1764501116221,882,286,1
1764501116234,882,288,1
1764501116241,882,289,1
1764501116249,883,291,1
1764501116257,883,292,1
1764501116264,883,294,1
1764501116273,884,295,1
1764501116280,884,297,1
1764501116280,884,299,1
1764501116280,885,301,1
1764501116296,885,302,1
1764501116296,886,304,1
1764501116320,887,305,1
1764501116320,887,306,1
1764501116335,888,308,1
1764501116343,889,309,1
1764501116343,889,310,1
1764501116343,890,311,1
1764501116359,890,312,1
1764501116372,891,314,1
1764501116375,892,316,1
1764501116390,892,317,1
1764501116406,892,319,1
1764501116422,893,320,1
1764501116424,893,321,1
1764501116424,893,322,1
1764501116438,893,324,1
1764501116438,893,326,1
1764501116453,893,327,1
1764501116453,892,330,1
1764501116472,892,331,1
1764501116472,891,333,1
1764501116485,891,335,1
1764501116485,891,337,1
1764501116501,890,338,1
1764501116501,890,340,1
1764501116518,889,341,1
1764501116518,888,343,1
1764501116533,888,344,1
1764501116533,887,346,1
0,0,0,0
1764501116551,886,348,1
1764501116555,886,349,1
1764501116565,885,352,1
1764501116572,884,354,1
1764501116581,884,356,1
1764501116581,883,358,1
1764501116598,883,361,1
1764501116605,883,363,1
1764501116613,883,366,1
1764501116621,882,369,1
1764501116628,882,372,1
1764501116637,882,375,1
1764501116644,882,378,1
1764501116651,882,381,1
1764501116660,881,384,1
1764501116660,881,387,1
1764501116675,881,389,1
1764501116681,880,391,1
1764501116691,880,394,1
1764501116691,880,397,1
1764501116707,880,400,1
1764501116715,880,402,1
1764501116723,880,404,1
1764501116723,880,406,1
1764501116723,880,408,1
1764501116741,880,410,1
1764501116755,880,412,1
1764501116760,880,415,1
1764501116770,880,416,1
1764501116773,880,417,1
1764501116773,881,419,1
1764501116789,881,421,1
1764501116789,881,423,1
1764501116802,881,424,1
1764501116802,882,425,1
1764501116818,882,426,1
1764501116832,882,428,1
1764501116834,882,429,1
1764501116849,882,431,1
1764501116865,883,432,1
1764501116865,883,433,1
1764501116873,883,434,1
1764501116882,883,435,1
1764501116894,883,436,1
1764501116901,883,437,1
1764501116910,883,438,1
1764501116913,883,439,1
1764501116926,883,440,1
1764501116931,883,441,1
1764501116944,883,442,1
1764501116960,883,443,1
1764501116976,883,444,1
1764501126174,880,445,1
1764501126177,877,446,1
1764501126177,874,447,1
1764501126191,873,447,1
1764501126191,872,447,1
1764501126541,872,448,1
1764501126550,871,448,1
1764501126550,871,449,1
1764501126563,872,451,1
1764501126592,873,451,1
1764501126867,873,452,1
1764501132296,873,453,1
1764501132302,872,454,1
1764501132320,872,455,1
1764501132335,871,456,1
1764501132343,871,457,1
1764501132350,871,458,1
1764501132358,870,459,1
1764501132366,870,460,1
1764501132370,870,461,1
1764501132388,870,463,1
1764501132398,870,464,1
1764501132414,870,465,1
1764501132414,870,466,1
1764501132429,870,467,1
1764501132445,870,468,1
1764501132476,870,469,1
1764501132488,870,470,1
1764501132508,870,471,1
1764501132529,869,472,1
1764501132540,869,473,1
1764501132556,869,474,1
1764501132556,869,475,1
1764501132576,869,476,1
1764501132576,868,477,1
1764501132592,868,478,1
1764501132592,868,479,1
1764501132607,868,480,1
1764501132620,867,482,1
1764501132625,867,483,1
1764501132637,867,484,1
1764501132645,867,485,1
1764501132652,867,486,1
1764501132661,867,487,1
1764501132667,866,489,1
1764501132683,866,490,1
1764501132693,866,491,1
1764501132699,866,492,1
1764501132716,866,493,1
1764501132722,865,494,1
1764501132730,865,495,1
1764501132737,865,496,1
1764501132746,864,497,1
1764501132762,864,498,1
1764501132762,863,499,1
1764501132778,863,500,1
1764501132778,862,500,1
1764501132794,861,501,1
1764501132794,861,502,1
1764501132808,860,502,1
1764501132810,860,503,1
1764501132810,860,504,1
1764501132826,859,505,1
1764501132842,859,506,1
1764501132858,858,507,1
1764501132879,858,508,1
1764501132890,857,508,1
1764501132906,857,509,1
1764501132906,857,510,1
1764501132921,856,510,1
1764501132930,856,511,1
1764501132930,855,512,1
1764501132937,854,513,1
1764501132937,853,513,1
1764501132953,852,514,1
1764501132968,851,515,1
1764501132975,850,516,1
1764501132984,849,517,1
1764501132989,848,518,1
1764501132989,847,519,1
1764501133000,846,520,1
1764501133000,845,521,1
1764501133016,844,522,1
1764501133016,843,523,1
1764501133037,842,524,1
1764501133037,841,525,1
1764501133047,840,527,1
1764501133047,839,528,1
1764501133065,838,529,1
1764501133065,837,530,1
1764501133084,836,531,1
1764501133089,835,532,1
1764501133095,834,533,1
1764501133107,833,534,1
1764501133111,832,535,1
1764501133111,831,536,1
1764501133128,830,537,1
1764501133128,829,538,1
1764501133142,828,539,1
1764501133142,827,540,1
1764501133159,826,541,1
1764501133159,825,542,1
1764501133174,824,543,1
1764501133174,824,544,1
1764501133192,823,545,1
1764501133200,822,546,1
1764501133206,821,547,1
1764501133217,820,548,1
1764501133224,820,549,1
1764501133229,819,550,1
1764501133237,818,551,1
1764501133237,817,551,1
1764501133253,816,553,1
1764501133253,815,554,1
1764501133271,814,555,1
1764501133286,813,556,1
1764501133289,812,557,1
1764501133306,811,558,1
1764501133316,810,558,1
1764501133316,809,559,1
1764501133332,809,560,1
1764501133337,808,560,1
1764501133348,807,561,1
1764501133348,807,562,1
1764501133364,806,563,1
1764501133364,805,563,1
1764501133364,804,564,1
1764501133381,803,565,1
1764501133389,802,565,1
1764501133396,801,566,1
1764501133396,800,567,1
1764501133412,799,568,1
1764501133428,798,569,1
1764501133429,798,570,1
1764501133429,797,570,1
1764501133444,796,572,1
1764501133444,795,573,1
1764501133464,794,574,1
1764501133464,793,574,1
1764501133476,792,575,1
1764501133489,791,576,1
1764501133496,790,577,1
1764501133496,789,578,1
1764501133507,788,579,1
1764501133507,787,580,1
1764501133523,786,580,1
1764501133528,786,581,1
1764501133539,785,582,1
1764501133539,784,583,1
1764501133556,784,584,1
1764501133556,783,584,1
1764501133571,783,585,1
1764501133571,782,586,1
1764501133587,781,586,1
1764501133589,781,587,1
1764501133603,780,588,1
1764501133603,779,589,1
1764501133619,778,590,1
1764501133635,777,591,1
1764501133635,776,592,1
1764501133651,775,593,1
1764501133651,774,593,1
1764501133667,773,594,1
1764501133667,772,595,1
1764501133682,771,595,1
1764501133689,770,596,1
1764501133699,769,597,1
1764501133699,768,597,1
1764501133699,767,598,1
1764501133714,766,599,1
1764501133714,765,600,1
1764501133735,764,601,1
1764501133735,763,602,1
1764501133753,762,603,1
1764501133761,760,604,1
1764501133765,759,605,1
1764501133765,757,606,1
1764501133782,755,607,1
1764501133790,752,608,1
1764501133794,750,609,1
1764501133807,748,610,1
1764501133809,746,610,1
1764501133823,744,611,1
1764501133828,743,612,1
1764501133828,741,612,1
1764501133841,740,613,1
1764501133841,739,613,1
1764501133861,737,614,1
1764501133861,736,614,1
1764501133872,735,615,1
1764501133885,734,615,1
1764501133893,733,616,1
1764501133893,732,617,1
1764501133905,731,617,1
1764501133905,730,618,1
1764501133923,729,619,1
1764501133931,727,619,1
1764501133937,726,620,1
1764501133947,725,621,1
1764501133952,724,621,1
1764501133952,722,622,1
1764501133969,721,623,1
1764501133974,720,623,1
1764501133985,719,624,1
1764501133993,718,624,1
1764501134001,717,625,1
1764501134001,716,625,1
1764501134016,715,625,1
1764501134016,714,626,1
1764501134016,713,626,1
1764501134032,712,627,1
1764501134032,711,627,1
1764501134048,710,628,1
1764501134048,708,629,1
1764501134064,707,630,1
1764501134079,706,630,1
1764501134083,705,631,1
1764501134090,704,631,1
1764501134100,702,632,1
1764501134108,701,633,1
1764501134111,700,633,1
1764501134125,699,634,1
1764501134127,698,634,1
1764501134127,696,635,1
1764501134144,695,635,1
1764501134144,694,635,1
1764501134158,693,636,1
1764501134170,692,636,1
1764501134178,691,636,1
1764501134184,690,636,1
1764501134190,689,636,1
1764501134190,688,636,1
1764501134205,687,636,1
1764501134205,686,637,1
1764501134224,685,637,1
1764501134239,684,637,1
1764501134244,683,637,1
1764501134255,682,637,1
1764501134260,681,637,1
1764501134270,680,637,1
1764501134270,679,637,1
1764501134285,678,637,1
1764501134290,677,637,1
1764501134301,676,636,1
1764501134301,675,636,1
1764501134317,674,635,1
1764501134321,673,634,1
1764501134333,671,634,1
1764501134333,670,633,1
1764501134333,668,633,1
1764501134349,666,632,1
1764501134365,663,631,1
1764501134372,660,630,1
1764501134380,657,629,1
1764501134384,654,628,1
1764501134396,651,627,1
1764501134400,648,626,1
1764501134400,645,625,1
1764501134420,642,624,1
1764501134420,639,623,1
1764501134427,636,622,1
1764501134435,633,621,1
1764501134450,631,621,1
1764501134456,629,620,1
1764501134460,627,620,1
1764501134460,625,620,1
1764501134479,623,620,1
1764501134487,622,620,1
1764501134491,620,620,1
1764501134491,618,620,1
1764501134507,617,620,1
1764501134507,616,619,1
1764501134528,615,619,1
1764501134535,613,618,1
1764501134539,612,618,1
1764501134539,611,618,1
1764501134555,610,618,1
1764501134555,609,618,1
1764501134575,608,618,1
1764501134581,607,618,1
1764501134590,606,618,1
1764501134592,605,618,1
1764501134602,604,619,1
1764501134602,603,619,1
1764501134618,602,620,1
1764501134625,601,620,1
1764501134634,600,620,1
1764501134634,599,620,1
1764501134650,598,621,1
1764501134650,597,621,1
1764501134666,596,621,1
1764501134666,596,622,1
1764501134682,595,622,1
1764501134690,594,622,1
1764501134698,593,622,1
1764501134699,592,622,1
1764501134713,591,623,1
1764501134713,590,623,1
1764501134713,589,623,1
1764501134730,588,624,1
1764501134745,587,624,1
1764501134752,586,624,1
1764501134761,584,624,1
1764501134768,583,624,1
1764501134776,580,624,1
1764501134776,578,624,1
1764501134792,576,624,1
1764501134798,573,623,1
1764501134808,571,623,1
1764501134808,569,623,1
1764501134824,567,622,1
1764501134824,564,621,1
1764501134839,562,620,1
1764501134842,560,619,1
1764501134842,558,618,1
1764501134857,556,617,1
1764501134866,555,616,1
1764501134876,554,615,1
1764501134881,552,614,1
1764501134890,551,613,1
1764501134890,550,612,1
1764501134902,549,611,1
1764501134902,548,610,1
1764501134918,547,609,1
1764501134918,545,608,1
1764501134938,544,607,1
1764501134944,542,606,1
1764501134954,540,605,1
1764501134963,537,604,1
1764501134966,535,603,1
1764501134966,532,602,1
1764501134987,529,601,1
1764501134991,527,600,1
1764501135000,524,600,1
1764501135009,522,599,1
1764501135014,519,599,1
1764501135025,516,598,1
1764501135031,514,598,1
1764501135031,511,597,1
1764501135047,508,596,1
1764501135047,506,596,1
1764501135064,503,595,1
1764501135064,501,595,1
1764501135079,498,595,1
1764501135086,496,594,1
1764501135094,493,594,1
1764501135103,490,594,1
1764501135110,488,593,1
1764501135112,486,593,1
1764501135126,483,593,1
1764501135126,482,593,1
1764501135141,480,592,1
1764501135141,478,592,1
1764501135157,477,591,1
1764501135157,475,590,1
1764501135173,473,590,1
1764501135173,472,589,1
1764501135173,471,588,1
1764501135191,469,588,1
1764501135202,467,587,1
1764501135210,466,586,1
1764501135210,465,585,1
1764501135222,463,584,1
1764501135230,462,583,1
1764501135241,460,582,1
1764501135241,458,581,1
1764501135254,456,581,1
1764501135254,455,580,1
1764501135268,454,579,1
1764501135268,453,578,1
1764501135284,452,578,1
1764501135291,451,577,1
1764501135304,450,576,1
1764501135304,449,576,1
1764501135315,448,575,1
1764501135315,447,574,1
1764501135331,446,573,1
1764501135331,445,572,1
1764501135349,444,570,1
1764501135349,443,570,1
1764501135365,442,569,1
1764501135365,441,567,1
1764501135379,440,566,1
1764501135379,439,565,1
1764501135395,438,564,1
1764501135405,437,562,1
1764501135411,436,561,1
1764501135411,435,560,1
1764501135435,433,558,1
1764501135443,432,556,1
1764501135443,431,555,1
1764501135459,430,554,1
1764501135459,429,553,1
1764501135474,428,551,1
1764501135474,427,550,1
1764501135492,426,548,1
1764501135498,425,547,1
1764501135501,424,545,1
1764501135512,423,544,1
1764501135512,423,543,1
1764501135528,422,541,1
1764501135528,421,540,1
1764501135542,420,538,1
1764501135542,419,536,1
1764501135559,418,535,1
1764501135570,417,533,1
1764501135572,416,532,1
1764501135572,415,531,1
1764501135591,414,529,1
1764501135591,413,528,1
1764501135602,412,526,1
1764501135615,411,524,1
1764501135623,410,522,1
1764501135626,409,520,1
1764501135637,408,518,1
1764501135637,407,516,1
1764501135650,406,514,1
1764501135661,405,512,1
1764501135666,404,510,1
1764501135677,403,508,1
1764501135684,402,507,1
1764501135694,401,505,1
1764501135699,400,503,1
1764501135699,399,501,1
1764501135715,398,499,1
1764501135724,397,497,1
1764501135731,396,494,1
1764501135739,395,492,1
1764501135747,393,491,1
1764501135747,392,489,1
1764501135747,391,487,1
1764501135762,390,485,1
1764501135777,389,483,1
1764501135783,388,481,1
1764501135793,387,480,1
1764501135801,386,479,1
1764501135809,385,477,1
1764501135816,384,476,1
1764501135825,383,474,1
1764501135832,383,473,1
1764501135832,382,472,1
1764501135847,382,470,1
1764501135847,381,469,1
1764501135864,380,467,1
1764501135871,380,464,1
1764501135878,379,463,1
1764501135888,379,460,1
1764501135893,379,458,1
1764501135902,379,456,1
1764501135904,379,453,1
1764501135917,379,451,1
1764501135922,379,448,1
1764501135933,379,447,1
1764501135936,379,445,1
1764501135949,379,443,1
1764501135951,379,442,1
1764501135963,379,441,1
1764501135967,379,439,1
1764501135979,379,438,1
1764501135986,379,436,1
1764501135993,378,434,1
1764501136002,378,433,1
1764501136004,378,432,1
1764501136016,378,431,1
1764501136016,378,429,1
1764501136032,378,427,1
1764501136039,378,425,1
1764501136048,378,423,1
1764501136057,378,421,1
1764501136065,378,419,1
1764501136065,378,417,1
1764501136081,378,416,1
1764501136084,378,413,1
1764501136096,378,412,1
1764501136096,378,410,1
1764501136112,378,409,1
1764501136119,377,408,1
1764501136126,377,406,1
1764501136128,377,404,1
1764501136143,377,403,1
1764501136147,377,402,1
1764501136147,377,400,1
1764501136159,376,399,1
1764501136159,376,397,1
1764501136178,376,396,1
1764501136178,376,394,1
1764501136193,376,393,1
1764501136193,376,392,1
1764501136206,376,390,1
1764501136206,376,389,1
1764501136227,375,387,1
1764501136230,375,386,1
1764501136243,375,384,1
1764501136251,374,384,1
1764501136258,374,382,1
1764501136267,373,381,1
1764501136274,373,380,1
1764501136281,372,378,1
1764501136285,372,377,1
1764501136297,372,376,1
1764501136304,372,375,1
1764501136313,372,374,1
1764501136317,372,373,1
1764501136317,372,372,1
1764501136337,372,370,1
1764501136344,372,369,1
1764501136349,372,368,1
1764501136354,372,366,1
1764501136365,372,365,1
1764501136375,372,363,1
1764501136383,372,362,1
1764501136385,372,361,1
1764501136398,372,359,1
1764501136398,373,358,1
1764501136414,373,356,1
1764501136417,374,355,1
1764501136436,375,352,1
1764501136445,376,351,1
1764501136448,376,350,1
1764501136461,377,348,1
1764501136461,378,347,1
1764501136461,379,345,1
1764501136483,380,343,1
1764501136487,381,342,1
1764501136494,382,341,1
1764501136508,383,340,1
1764501136515,384,338,1
1764501136524,385,337,1
1764501136524,386,335,1
1764501136524,387,333,1
1764501136542,388,331,1
1764501136542,389,329,1
1764501136558,390,327,1
1764501136567,391,325,1
1764501136576,392,323,1
1764501136576,393,320,1
1764501136587,394,318,1
1764501136594,395,316,1
1764501136606,396,313,1
1764501136606,397,311,1
1764501136621,398,309,1
1764501136626,399,307,1
1764501136638,400,305,1
1764501136645,401,303,1
1764501136651,401,302,1
1764501136651,402,301,1
1764501136667,403,299,1
1764501136667,404,298,1
1764501136683,405,296,1
1764501136694,405,295,1
1764501136699,406,293,1
1764501136699,406,291,1
1764501136714,407,289,1
1764501136714,407,288,1
1764501136730,407,287,1
1764501136730,407,285,1
1764501136747,407,284,1
1764501136747,407,283,1
1764501136763,407,282,1
1764501136771,407,281,1
1764501136779,408,280,1
1764501136787,408,279,1
1764501136795,408,278,1
1764501136796,408,277,1
1764501136810,409,276,1
1764501136817,409,275,1
1764501136824,409,274,1
1764501136833,410,273,1
1764501136841,410,272,1
1764501136849,411,271,1
1764501136857,412,270,1
1764501136863,412,269,1
1764501136871,413,268,1
1764501136873,413,267,1
1764501136873,413,266,1
1764501136895,414,265,1
1764501136903,414,264,1
1764501136904,415,263,1
1764501136919,416,262,1
1764501136925,417,261,1
1764501136928,418,260,1
1764501136939,419,258,1
1764501136939,420,257,1
1764501136957,420,256,1
1764501136961,421,255,1
1764501136967,422,253,1
1764501136967,423,252,1
1764501136983,424,250,1
1764501136995,425,248,1
1764501136999,426,246,1
1764501136999,427,245,1
1764501137018,428,243,1
1764501137018,429,242,1
1764501137034,430,240,1
1764501137043,431,239,1
1764501137047,432,238,1
1764501137047,433,236,1
1764501137064,434,235,1
1764501137064,435,233,1
1764501137080,436,232,1
1764501137080,437,231,1
1764501137096,438,230,1
1764501137096,439,228,1
1764501137112,440,227,1
1764501137116,441,226,1
1764501137127,442,225,1
1764501137130,443,224,1
1764501137143,444,222,1
1764501137148,445,221,1
1764501137159,446,220,1
1764501137168,447,219,1
1764501137175,448,218,1
1764501137182,449,216,1
1764501137182,450,215,1
1764501137196,451,214,1
1764501137205,453,213,1
1764501137206,454,212,1
1764501137206,455,211,1
1764501137230,457,210,1
1764501137230,458,209,1
1764501137245,459,208,1
1764501137245,461,207,1
1764501137258,462,206,1
1764501137267,464,205,1
1764501137269,465,204,1
1764501137283,467,203,1
1764501137287,469,202,1
1764501137299,470,201,1
1764501137305,472,200,1
1764501137305,474,199,1
1764501137316,475,197,1
1764501137329,477,196,1
1764501137337,478,194,1
1764501137337,481,194,1
1764501137348,482,193,1
1764501137361,484,191,1
1764501137364,486,189,1
1764501137377,489,188,1
1764501137380,491,186,1
1764501137391,493,185,1
1764501137399,495,183,1
1764501137407,497,181,1
1764501137414,498,179,1
1764501137414,501,178,1
1764501137429,503,177,1
1764501137439,505,175,1
1764501137445,507,174,1
1764501137451,509,172,1
1764501137461,511,170,1
1764501137461,512,169,1
1764501137478,514,168,1
1764501137485,515,167,1
1764501137494,516,165,1
1764501137497,518,164,1
1764501137497,519,163,1
1764501137509,520,162,1
1764501137509,521,161,1
1764501137525,522,160,1
1764501137540,524,159,1
1764501137547,525,158,1
1764501137556,526,157,1
1764501137559,528,156,1
1764501137570,529,155,1
1764501137577,531,154,1
1764501137577,533,153,1
1764501137588,534,152,1
1764501137597,535,151,1
1764501137603,537,150,1
1764501137603,538,149,1
1764501137619,539,148,1
1764501137633,541,147,1
1764501137638,542,146,1
1764501137638,544,145,1
1764501137651,546,144,1
1764501137651,547,143,1
1764501137668,549,142,1
1764501137668,550,141,1
1764501137684,551,140,1
1764501137684,552,139,1
1764501137699,554,138,1
1764501137699,555,138,1
1764501137716,557,137,1
1764501137725,558,136,1
1764501137730,560,135,1
1764501137730,563,134,1
1764501137748,565,134,1
1764501137757,568,133,1
1764501137762,571,132,1
1764501137769,573,132,1
1764501137779,576,131,1
1764501137787,578,130,1
1764501137796,580,130,1
1764501137797,582,129,1
1764501137811,584,128,1
1764501137813,586,128,1
1764501137827,589,127,1
1764501137827,590,126,1
1764501137827,593,125,1
1764501137842,595,124,1
1764501137842,597,123,1
1764501137865,599,122,1
1764501137865,601,122,1
1764501137880,603,121,1
1764501137890,606,121,1
1764501137890,608,121,1
1764501137897,610,121,1
1764501137908,613,121,1
1764501137919,615,121,1
1764501137922,617,121,1
1764501137922,620,121,1
1764501137938,622,121,1
1764501137951,624,121,1
1764501137953,626,121,1
1764501137965,628,120,1
1764501137969,630,120,1
1764501137981,633,120,1
1764501137987,636,120,1
1764501137997,639,120,1
1764501138001,642,120,1
1764501138001,644,120,1
1764501138021,646,119,1
1764501138021,648,119,1
1764501138033,650,119,1
1764501138043,652,119,1
1764501138048,653,119,1
1764501138048,655,119,1
1764501138067,658,119,1
1764501138067,660,119,1
1764501138080,661,120,1
1764501138080,663,120,1
1764501138097,664,121,1
1764501138105,666,121,1
1764501138112,668,121,1
1764501138117,669,121,1
1764501138128,671,121,1
1764501138128,672,121,1
1764501138144,674,121,1
1764501138144,675,121,1
1764501138160,677,121,1
1764501138160,679,121,1
1764501138160,682,121,1
1764501138184,684,121,1
1764501138192,686,121,1
1764501138197,688,121,1
1764501138207,689,122,1
1764501138207,691,123,1
1764501138221,692,123,1
1764501138228,694,124,1
1764501138237,696,125,1
1764501138240,698,126,1
1764501138240,700,127,1
1764501138260,702,128,1
1764501138263,704,128,1
1764501138272,706,129,1
1764501138283,709,129,1
1764501138289,711,130,1
1764501138299,714,131,1
1764501138303,717,132,1
1764501138315,719,133,1
1764501138318,722,134,1
1764501138331,724,135,1
1764501138340,727,136,1
1764501138340,730,137,1
1764501138354,732,138,1
1764501138355,735,139,1
1764501138367,738,140,1
1764501138367,740,141,1
1764501138382,742,142,1
1764501138382,745,143,1
1764501138398,747,144,1
1764501138398,750,145,1
1764501138415,752,146,1
1764501138424,753,147,1
1764501138431,755,148,1
1764501138431,757,149,1
1764501138456,759,151,1
1764501138458,760,152,1
1764501138471,761,153,1
1764501138471,763,154,1
1764501138478,765,155,1
1764501138494,766,156,1
1764501138502,768,157,1
1764501138504,770,158,1
1764501138517,772,159,1
1764501138525,773,160,1
1764501138525,775,161,1
1764501138539,777,162,1
1764501138541,779,164,1
1764501138541,781,165,1
1764501138563,784,166,1
1764501138563,786,168,1
1764501138577,789,171,1
1764501138577,791,172,1
1764501138589,793,174,1
1764501138601,796,175,1
1764501138605,798,177,1
1764501138617,800,178,1
1764501138621,802,179,1
1764501138628,805,181,1
1764501138640,807,182,1
1764501138640,809,184,1
1764501138653,812,185,1
1764501138653,815,186,1
1764501138671,818,188,1
1764501138679,821,189,1
1764501138686,824,190,1
1764501138695,827,192,1
1764501138703,829,193,1
1764501138703,832,194,1
1764501138716,834,195,1
1764501138716,836,197,1
1764501138733,839,199,1
1764501138741,841,201,1
1764501138747,842,204,1
1764501138757,844,205,1
1764501138765,845,208,1
1764501138765,847,210,1
1764501138781,848,212,1
1764501138781,849,213,1
1764501138781,850,216,1
1764501138802,851,218,1
1764501138811,852,220,1
1764501138811,853,221,1
1764501138827,854,223,1
1764501138827,855,225,1
1764501138843,856,227,1
1764501138851,856,229,1
1764501138851,857,230,1
1764501138859,857,232,1
1764501138873,857,234,1
1764501138881,858,236,1
1764501138881,859,237,1
1764501138897,859,239,1
1764501138902,859,240,1
1764501138907,860,241,1
1764501138921,860,243,1
1764501138921,860,244,1
1764501138921,861,246,1
1764501138941,861,247,1
1764501138952,861,248,1
1764501138961,862,250,1
1764501138968,862,251,1
1764501138968,862,253,1
1764501138968,862,254,1
1764501138988,863,255,1
1764501138997,863,256,1
1764501139002,863,257,1
1764501139013,863,258,1
1764501139016,864,260,1
1764501139029,865,260,1
1764501139034,865,262,1
1764501139046,866,263,1
1764501139047,867,264,1
1764501139059,867,265,1
1764501139067,868,266,1
1764501139075,868,268,1
1764501139083,869,269,1
1764501139090,870,270,1
1764501139095,870,271,1
1764501139101,871,272,1
1764501139112,872,273,1
1764501139112,873,274,1
1764501139128,874,275,1
1764501139130,875,276,1
1764501139145,875,278,1
1764501139148,876,279,1
1764501139161,876,281,1
1764501139161,877,282,1
1764501139176,877,284,1
1764501139176,877,286,1
1764501139192,878,288,1
1764501139200,879,290,1
1764501139207,880,292,1
1764501139207,880,294,1
1764501139223,881,296,1
1764501139231,881,298,1
1764501139239,882,301,1
1764501139239,882,303,1
1764501139239,883,306,1
1764501139261,883,309,1
1764501139265,884,311,1
1764501139271,884,313,1
1764501139271,885,315,1
1764501139287,885,317,1
1764501139301,885,320,1
1764501139302,885,323,1
1764501139302,885,326,1
1764501139320,885,329,1
1764501139320,885,331,1
1764501139338,886,334,1
1764501139338,886,337,1
1764501139350,886,340,1
1764501139350,887,342,1
1764501139368,887,345,1
1764501139368,888,347,1
1764501139382,888,349,1
1764501139382,889,351,1
1764501139402,890,354,1
1764501139405,890,356,1
1764501139416,890,359,1
1764501139425,891,362,1
1764501139433,892,365,1
1764501139434,892,368,1
1764501139447,892,371,1
1764501139447,892,373,1
1764501139463,892,376,1
1764501139470,892,379,1
1764501139479,892,381,1
1764501139485,892,384,1
1764501139495,891,386,1
1764501139495,891,388,1
1764501139509,891,391,1
1764501139517,890,393,1
1764501139526,890,395,1
1764501139526,890,397,1
1764501139542,890,399,1
1764501139549,889,402,1
1764501139549,889,404,1
1764501139559,889,407,1
1764501139559,888,409,1
1764501139574,888,411,1
1764501139574,888,414,1
1764501139595,888,416,1
1764501139602,888,419,1
1764501139606,887,422,1
1764501139606,887,424,1
1764501139626,886,426,1
1764501139628,886,429,1
1764501139637,885,431,1
1764501139649,884,434,1
1764501139657,883,436,1
1764501139664,882,439,1
1764501139669,881,442,1
1764501139669,880,444,1
1764501139688,879,446,1
1764501139688,878,448,1
1764501139702,877,451,1
1764501139706,876,453,1
1764501139717,875,455,1
1764501139727,874,458,1
1764501139734,873,460,1
1764501139743,872,462,1
1764501139749,872,465,1
1764501139759,871,466,1
1764501139765,870,468,1
1764501139774,869,470,1
1764501139781,869,472,1
1764501139789,868,474,1
1764501139797,867,475,1
1764501139802,867,478,1
1764501139813,866,480,1
1764501139822,865,483,1
1764501139822,864,485,1
1764501139836,864,486,1
1764501139843,863,488,1
1764501139848,862,490,1
1764501139860,861,492,1
1764501139866,860,493,1
1764501139875,859,494,1
1764501139883,858,495,1
1764501139888,858,496,1
1764501139898,857,498,1
1764501139902,856,499,1
1764501139902,855,500,1
1764501139918,854,500,1
1764501139918,853,502,1
1764501139936,852,504,1
1764501139936,851,505,1
1764501139950,850,507,1
1764501139950,849,508,1
1764501139966,848,509,1
1764501139966,847,511,1
1764501139983,846,512,1
1764501139983,845,514,1
1764501139999,844,516,1
1764501140002,843,517,1
1764501140015,842,518,1
1764501140015,841,519,1
1764501140015,840,521,1
1764501140030,839,523,1
1764501140030,838,524,1
1764501140048,837,526,1
1764501140062,836,527,1
1764501140062,835,528,1
1764501140075,834,529,1
1764501140079,833,530,1
1764501140092,832,532,1
1764501140093,832,533,1
1764501140107,831,534,1
1764501140112,830,535,1
1764501140123,829,536,1
1764501140128,828,537,1
1764501140139,827,538,1
1764501140140,826,538,1
1764501140153,824,540,1
1764501140156,823,541,1
1764501140156,821,542,1
1764501140174,820,543,1
1764501140185,818,544,1
1764501140188,817,546,1
1764501140202,816,547,1
1764501140204,815,548,1
1764501140215,814,549,1
1764501140220,813,550,1
1764501140231,812,551,1
1764501140238,811,553,1
1764501140247,810,554,1
1764501140252,809,555,1
1764501140263,808,556,1
1764501140268,807,557,1
1764501140268,806,558,1
1764501140283,805,559,1
1764501140293,804,560,1
1764501140299,803,561,1
1764501140309,802,562,1
1764501140315,801,563,1
1764501140325,800,564,1
1764501140331,799,565,1
1764501140333,798,566,1
1764501140347,797,567,1
1764501140347,795,568,1
1764501140364,794,569,1
1764501140365,793,570,1
1764501140379,792,571,1
1764501140379,790,572,1
1764501140396,789,573,1
1764501140398,787,574,1
1764501140410,786,575,1
1764501140417,785,576,1
1764501140425,783,577,1
1764501140433,782,578,1
1764501140442,781,579,1
1764501140447,779,580,1
1764501140457,778,581,1
1764501140459,776,582,1
1764501140471,775,583,1
1764501140479,773,584,1
1764501140479,771,585,1
1764501140490,768,586,1
1764501140503,766,587,1
1764501140508,764,588,1
1764501140508,761,589,1
1764501140527,760,590,1
1764501140527,757,591,1
1764501140539,754,592,1
1764501140541,751,593,1
1764501140553,748,594,1
1764501140553,746,595,1
1764501140572,743,596,1
1764501140573,741,597,1
1764501140589,738,598,1
1764501140589,735,599,1
1764501140602,733,600,1
1764501140605,730,601,1
1764501140618,727,602,1
1764501140620,725,603,1
1764501140634,723,604,1
1764501140643,721,605,1
1764501140650,719,606,1
1764501140650,717,607,1
1764501140666,715,608,1
1764501140668,713,609,1
1764501140682,711,610,1
1764501140682,709,611,1
1764501140698,707,612,1
1764501140705,705,613,1
1764501140713,704,614,1
1764501140713,702,615,1
1764501140727,701,616,1
1764501140729,700,617,1
1764501140729,699,618,1
1764501140748,698,619,1
1764501140748,697,620,1
1764501140767,696,621,1
1764501140776,695,622,1
1764501140782,694,622,1
1764501140786,692,623,1
1764501140797,691,624,1
1764501140802,690,625,1
1764501140808,689,625,1
1764501140808,687,626,1
1764501140825,686,627,1
1764501140825,685,628,1
1764501140839,683,628,1
1764501140839,682,629,1
1764501140858,680,630,1
1764501140861,677,630,1
1764501140871,675,631,1
1764501140871,672,631,1
1764501140888,669,632,1
1764501140888,666,632,1
1764501140903,663,632,1
1764501140916,660,633,1
1764501140920,657,633,1
1764501140924,654,634,1
1764501140934,651,634,1
1764501140945,648,634,1
1764501140950,645,635,1
1764501140961,642,636,1
1764501140966,639,637,1
1764501140977,636,637,1
1764501140982,634,638,1
1764501140992,631,639,1
1764501140998,628,639,1
1764501141003,626,639,1
1764501141014,623,639,1
1764501141024,620,639,1
1764501141031,617,639,1
1764501141039,615,639,1
1764501141046,612,639,1
1764501141052,609,639,1
1764501141061,606,639,1
1764501141070,603,639,1
1764501141077,600,638,1
1764501141078,597,638,1
1764501141078,594,638,1
1764501141093,591,638,1
1764501141103,588,637,1
1764501141109,585,636,1
1764501141109,582,635,1
1764501141129,579,634,1
1764501141129,576,633,1
1764501141141,574,632,1
1764501141141,571,631,1
1764501141157,569,631,1
1764501141157,567,630,1
1764501141177,565,629,1
1764501141178,563,628,1
1764501141188,561,627,1
1764501141201,559,626,1
1764501141209,558,625,1
1764501141217,556,624,1
1764501141220,554,623,1
1764501141231,553,622,1
1764501141239,551,621,1
1764501141247,549,620,1
1764501141252,547,618,1
1764501141263,545,617,1
1764501141267,542,616,1
1764501141279,539,615,1
1764501141283,536,614,1
1764501141296,534,613,1
1764501141301,531,612,1
1764501141304,528,611,1
1764501141316,526,610,1
1764501141316,525,609,1
1764501141333,523,608,1
1764501141335,521,607,1
1764501141349,518,606,1
1764501141351,515,605,1
1764501141366,513,604,1
1764501141368,510,603,1
1764501141381,508,602,1
1764501141381,505,601,1
1764501141396,502,599,1
1764501141403,499,598,1
1764501141412,496,597,1
1764501141412,493,596,1
1764501141412,490,594,1
1764501141433,487,593,1
1764501141438,484,591,1
1764501141449,482,590,1
1764501141449,479,588,1
1764501141460,476,587,1
1764501141460,473,586,1
1764501141483,470,585,1
1764501141483,468,584,1
1764501141491,465,582,1
1764501141504,463,581,1
1764501141507,461,580,1
1764501141507,459,579,1
1764501141527,456,578,1
1764501141527,454,577,1
1764501141539,453,576,1
1764501141539,451,574,1
1764501141559,449,573,1
1764501141564,447,571,1
1764501141570,445,569,1
1764501141570,443,567,1
1764501141588,441,565,1
1764501141588,439,563,1
1764501141604,437,561,1
1764501141604,436,559,1
1764501141617,433,557,1
1764501141617,432,554,1
1764501141633,430,552,1
1764501141633,428,550,1
1764501141651,425,547,1
1764501141660,423,545,1
1764501141665,421,543,1
1764501141665,419,540,1
1764501141683,416,537,1
1764501141686,414,535,1
1764501141695,413,532,1
1764501141705,411,529,1
1764501141713,409,526,1
1764501141713,407,524,1
1764501141729,405,521,1
1764501141729,404,518,1
1764501141745,403,515,1
1764501141754,402,512,1
1764501141761,401,509,1
1764501141761,400,507,1
1764501141761,398,504,1
1764501141777,396,501,1
1764501141777,395,498,1
1764501141797,393,495,1
1764501141804,391,493,1
1764501141815,390,491,1
1764501141815,388,489,1
1764501141827,387,487,1
1764501141837,385,485,1
1764501141842,384,484,1
1764501141853,383,482,1
1764501141856,382,480,1
1764501141856,381,478,1
1764501141877,381,475,1
1764501141886,380,473,1
1764501141888,380,470,1
1764501141900,380,467,1
1764501141906,380,464,1
1764501141906,380,461,1
1764501141921,379,459,1
1764501141923,379,456,1
1764501141939,379,453,1
1764501141948,379,451,1
1764501141953,379,448,1
1764501141953,378,445,1
1764501141967,378,442,1
1764501141977,377,440,1
1764501141983,377,438,1
1764501141993,376,435,1
1764501142001,375,432,1
1764501142004,375,430,1
1764501142015,374,427,1
1764501142015,374,425,1
1764501142031,373,422,1
1764501142039,373,419,1
1764501142047,373,416,1
1764501142055,372,414,1
1764501142063,372,411,1
1764501142071,372,408,1
1764501142071,372,405,1
1764501142081,372,403,1
1764501142081,372,400,1
1764501142094,372,397,1
1764501142104,372,394,1
1764501142110,372,392,1
1764501142126,372,390,1
1764501142129,372,388,1
1764501142129,372,386,1
1764501142142,372,384,1
1764501142142,372,381,1
1764501142157,372,379,1
1764501142157,372,376,1
1764501142173,373,373,1
1764501142188,373,370,1
1764501142196,374,367,1
1764501142204,375,364,1
1764501142204,375,361,1
1764501142204,376,359,1
1764501142225,376,356,1
1764501142231,377,354,1
1764501142236,378,351,1
1764501142236,379,349,1
1764501142251,380,347,1
1764501142251,380,344,1
1764501142267,381,342,1
1764501142267,381,339,1
1764501142287,382,337,1
1764501142295,382,334,1
1764501142304,383,332,1
1764501142304,384,329,1
1764501142319,384,326,1
1764501142324,385,323,1
1764501142330,386,320,1
1764501142330,387,317,1
1764501142346,388,314,1
1764501142346,389,311,1
1764501142365,390,308,1
1764501142365,391,305,1
1764501142378,392,301,1
1764501142378,393,299,1
1764501142396,394,296,1
1764501142396,395,294,1
1764501142413,396,291,1
1764501142413,397,288,1
1764501142429,397,286,1
1764501142429,398,283,1
1764501142443,398,281,1
1764501142443,398,278,1
1764501142459,398,275,1
1764501142459,398,273,1
1764501142474,398,271,1
1764501142486,398,269,1
1764501142492,398,267,1
1764501142497,399,266,1
1764501142506,399,264,1
1764501142518,400,263,1
1764501142522,400,262,1
1764501142522,401,260,1
1764501142538,401,259,1
1764501142548,402,258,1
1764501142555,402,257,1
1764501142559,403,256,1
1764501142569,404,254,1
1764501142569,404,253,1
1764501142587,405,252,1
1764501142588,406,250,1
1764501142603,407,249,1
1764501142607,408,247,1
1764501142617,409,246,1
1764501142625,411,245,1
1764501142633,413,244,1
1764501142633,414,242,1
1764501142649,416,240,1
1764501142649,418,238,1
1764501142649,419,236,1
1764501142665,421,234,1
1764501142665,423,231,1
1764501142681,425,229,1
1764501142681,427,227,1
1764501142697,428,226,1
1764501142712,430,224,1
1764501142715,431,222,1
1764501142728,433,221,1
1764501142728,435,220,1
1764501142728,437,218,1
1764501142745,439,217,1
1764501142758,441,216,1
1764501142760,442,215,1
1764501142774,444,213,1
1764501142778,445,212,1
1764501142778,446,211,1
1764501142796,448,210,1
1764501142796,450,209,1
1764501142808,452,207,1
1764501142808,454,206,1
1764501142823,456,205,1
1764501142823,458,203,1
1764501142839,460,202,1
1764501142851,462,200,1
1764501142854,464,199,1
1764501142865,467,197,1
1764501142870,468,196,1
1764501142881,470,194,1
1764501142886,472,194,1
1764501142898,474,193,1
1764501142905,476,192,1
1764501142913,478,190,1
1764501142918,481,189,1
1764501142927,483,188,1
1764501142934,486,186,1
1764501142944,489,185,1
1764501142951,492,183,1
1764501142959,495,181,1
1764501142966,498,180,1
1764501142975,501,178,1
1764501142982,504,176,1
1764501142982,507,173,1
1764501142998,510,171,1
1764501143005,514,169,1
1764501143013,517,167,1
1764501143018,520,165,1
1764501143029,523,163,1
1764501143033,526,161,1
1764501143045,529,159,1
1764501143045,531,157,1
1764501143045,534,155,1
1764501143061,536,154,1
1764501143077,539,152,1
1764501143083,541,151,1
1764501143087,544,149,1
1764501143092,546,147,1
1764501143105,548,146,1
1764501143108,550,145,1
1764501143108,552,144,1
1764501143124,554,142,1
1764501143130,556,141,1
1764501143141,557,140,1
1764501143141,559,139,1
1764501143155,561,137,1
1764501143155,563,136,1
1764501143173,565,135,1
1764501143173,568,134,1
1764501143187,570,133,1
1764501143187,573,132,1
1764501143206,576,131,1
1764501143216,579,130,1
1764501143218,581,128,1
1764501143231,584,127,1
1764501143234,587,126,1
1764501143234,590,125,1
1764501143253,593,124,1
1764501143255,596,123,1
1764501143265,599,122,1
1764501143274,602,122,1
1764501143284,605,121,1
1764501143294,608,121,1
1764501143300,610,120,1
1764501143307,613,120,1
1764501143313,615,120,1
1764501143313,618,120,1
1764501143332,620,119,1
1764501143335,623,119,1
1764501143346,625,118,1
1764501143346,628,118,1
1764501143362,631,118,1
1764501143364,634,118,1
1764501143364,637,118,1
1764501143385,640,118,1
1764501143394,643,119,1
1764501143397,646,119,1
1764501143407,649,120,1
1764501143411,652,121,1
1764501143426,655,122,1
1764501143432,658,123,1
1764501143432,661,124,1
1764501143441,664,125,1
1764501143441,667,126,1
1764501143458,670,127,1
1764501143458,673,128,1
1764501143480,676,129,1
1764501143488,679,130,1
1764501143496,682,131,1
1764501143496,685,131,1
1764501143511,688,132,1
1764501143511,691,132,1
1764501143521,693,133,1
1764501143521,696,134,1
1764501143535,699,135,1
1764501143550,702,136,1
1764501143557,705,137,1
1764501143557,708,138,1
1764501143567,711,139,1
1764501143567,714,140,1
1764501143587,717,141,1
1764501143587,720,142,1
1764501143601,723,144,1
1764501143607,726,145,1
1764501143619,729,146,1
1764501143619,732,148,1
1764501143633,735,150,1
1764501143636,738,151,1
1764501143648,741,152,1
1764501143648,744,154,1
1764501143662,747,155,1
1764501143662,750,156,1
1764501143681,753,157,1
1764501143690,756,158,1
1764501143695,759,159,1
1764501143702,761,160,1
1764501143710,764,161,1
1764501143710,766,162,1
1764501143727,768,163,1
1764501143736,771,164,1
1764501143742,773,165,1
1764501143742,776,166,1
1764501143758,778,168,1
1764501143758,780,169,1
1764501143774,783,171,1
1764501143781,785,172,1
1764501143790,788,173,1
1764501143798,791,175,1
1764501143806,793,176,1
1764501143814,796,178,1
1764501143821,798,178,1
1764501143828,801,181,1
1764501143828,803,181,1
1764501143837,805,183,1
1764501143853,806,185,1
1764501143853,808,186,1
1764501143866,809,188,1
1764501143876,810,189,1
1764501143879,811,191,1
1764501143884,812,193,1
1764501143884,813,194,1
1764501143905,814,196,1
1764501143908,815,198,1
1764501143918,816,200,1
1764501143930,817,202,1
1764501143937,818,203,1
1764501143946,819,205,1
1764501143947,820,206,1
1764501143959,821,208,1
1764501143968,822,210,1
1764501143976,823,212,1
1764501143980,824,214,1
1764501143980,825,216,1
1764501143995,826,218,1
1764501144008,827,220,1
1764501144013,828,222,1
1764501144022,829,224,1
1764501144027,830,226,1
1764501144027,831,227,1
1764501144043,832,229,1
1764501144043,832,230,1
1764501144062,833,232,1
1764501144069,834,233,1
1764501144075,834,235,1
1764501144075,834,236,1
1764501144091,835,238,1
1764501144095,836,240,1
1764501144108,837,242,1
1764501144108,837,243,1
1764501144123,838,245,1
1764501144130,839,246,1
1764501144139,840,248,1
1764501144146,841,249,1
1764501144147,842,251,1
1764501144162,843,253,1
1764501144162,844,254,1
1764501144173,845,255,1
1764501144186,846,257,1
1764501144186,847,258,1
1764501144202,848,259,1
1764501144208,849,260,1
1764501144208,850,261,1
1764501144217,851,262,1
1764501144232,852,263,1
1764501144233,853,264,1
1764501144248,854,265,1
1764501144249,855,266,1
1764501144264,856,268,1
1764501144268,857,269,1
1764501144268,858,270,1
1764501144286,859,272,1
1764501144290,860,273,1
1764501144299,861,274,1
1764501144308,862,275,1
1764501144318,863,276,1
1764501144326,864,278,1
1764501144329,865,279,1
1764501144329,866,282,1
1764501144345,867,283,1
1764501144345,868,285,1
1764501144363,869,287,1
1764501144363,870,290,1
1764501144376,871,292,1
1764501144376,872,294,1
1764501144394,873,295,1
1764501144396,873,297,1
1764501144409,874,299,1
1764501144418,875,301,1
1764501144425,875,304,1
1764501144425,876,306,1
1764501144442,877,309,1
1764501144448,877,311,1
1764501144457,878,314,1
1764501144466,879,317,1
1764501144466,880,320,1
1764501144472,881,322,1
1764501144488,882,325,1
1764501144488,883,328,1
1764501144503,884,330,1
1764501144509,885,333,1
1764501144519,886,336,1
1764501144526,887,339,1
1764501144526,888,342,1
1764501144535,889,346,1
1764501144535,890,348,1
1764501144551,891,352,1
1764501144551,891,355,1
1764501144568,892,358,1
1764501144582,892,361,1
1764501144582,893,364,1
1764501144598,894,367,1
1764501144598,895,369,1
1764501144609,896,372,1
1764501144617,896,374,1
1764501144617,897,377,1
1764501144632,898,378,1
1764501144632,898,381,1
1764501144648,898,382,1
1764501144648,898,384,1
1764501144662,898,385,1
1764501144662,898,387,1
1764501144678,898,389,1
1764501144678,897,390,1
1764501144693,897,391,1
1764501144706,896,393,1
1764501144713,895,394,1
1764501144719,894,395,1
1764501144725,893,397,1
1764501144743,892,398,1
1764501144743,891,400,1
1764501144757,891,402,1
1764501144768,890,403,1
1764501144773,889,404,1
1764501144784,889,406,1
1764501144792,888,407,1
1764501144792,887,410,1
1764501144805,886,412,1
1764501144809,885,413,1
1764501144821,884,416,1
1764501144830,883,419,1
1764501144837,882,421,1
1764501144837,881,423,1
1764501144853,880,426,1
1764501144860,879,428,1
1764501144860,878,430,1
1764501144869,877,432,1
1764501144869,877,435,1
1764501144888,876,437,1
1764501144901,875,440,1
1764501144903,874,442,1
1764501144916,874,444,1
1764501144916,873,446,1
1764501144930,872,448,1
1764501144932,871,450,1
1764501144946,871,452,1
1764501144948,870,454,1
1764501144962,870,455,1
1764501144968,870,458,1
1764501144978,870,460,1
1764501144979,869,461,1
1764501144979,869,463,1
1764501144998,869,465,1
1764501145008,869,467,1
1764501145012,869,468,1
1764501145024,869,471,1
1764501145029,868,473,1
1764501145040,868,475,1
1764501145043,867,478,1
1764501145043,866,480,1
1764501145061,865,483,1
1764501145061,864,486,1
1764501145074,864,489,1
1764501145074,863,492,1
1764501145090,862,495,1
1764501145102,861,498,1
1764501145109,860,500,1
1764501145109,859,504,1
1764501145122,858,507,1
1764501145131,857,509,1
1764501145137,856,512,1
1764501145137,855,515,1
1764501145155,855,518,1
1764501145163,854,520,1
1764501145169,853,523,1
1764501145169,852,525,1
1764501145187,851,527,1
1764501145187,850,530,1
1764501145187,849,533,1
1764501145209,848,535,1
1764501145217,847,537,1
1764501145225,846,539,1
1764501145232,845,542,1
1764501145232,844,544,1
1764501145232,843,545,1
1764501145248,842,547,1
1764501145264,840,549,1
1764501145264,839,551,1
1764501145280,837,554,1
1764501145281,836,556,1
1764501145292,834,558,1
1764501145295,833,560,1
1764501145309,832,562,1
1764501145314,831,563,1
1764501145327,830,565,1
1764501145327,829,567,1
1764501145342,828,568,1
1764501145342,827,569,1
1764501145358,826,570,1
1764501145358,825,571,1
1764501145358,824,572,1
1764501145376,823,573,1
1764501145388,822,574,1
1764501145390,821,575,1
1764501145403,820,576,1
1764501145412,819,577,1
1764501145412,817,578,1
1764501145421,816,579,1
1764501145421,815,580,1
1764501145440,813,581,1
1764501145450,812,582,1
1764501145457,810,583,1
1764501145466,808,584,1
1764501145469,806,585,1
1764501145482,804,585,1
1764501145485,802,586,1
1764501145498,799,587,1
1764501145500,797,588,1
1764501145511,795,589,1
1764501145517,792,590,1
1764501145528,789,591,1
1764501145534,787,592,1
1764501145538,784,593,1
1764501145548,782,594,1
1764501145548,779,595,1
1764501145564,777,596,1
1764501145564,775,597,1
1764501145580,772,598,1
1764501145583,770,599,1
1764501145595,767,600,1
1764501145597,764,601,1
1764501145612,761,603,1
1764501145612,758,604,1
1764501145628,755,605,1
1764501145632,752,606,1
1764501145645,749,607,1
1764501145647,747,608,1
1764501145659,744,609,1
1764501145667,741,610,1
1764501145675,738,611,1
1764501145675,735,612,1
1764501145691,732,613,1
1764501145691,729,614,1
1764501145691,726,615,1
1764501145711,722,616,1
1764501145711,720,617,1
1764501145728,717,618,1
1764501145728,714,619,1
1764501145746,711,620,1
1764501145754,708,621,1
1764501145754,706,622,1
1764501145768,704,624,1
1764501145770,702,625,1
1764501145770,699,626,1
1764501145787,696,627,1
1764501145787,694,628,1
1764501145803,691,629,1
1764501145816,689,630,1
1764501145820,686,631,1
1764501145820,684,632,1
1764501145833,682,633,1
1764501145846,679,634,1
1764501145854,677,635,1
1764501145854,674,635,1
1764501145865,672,636,1
1764501145865,669,637,1
1764501145886,667,637,1
1764501145886,664,638,1
1764501145899,661,638,1
1764501145901,658,638,1
1764501145912,655,638,1
1764501145912,652,638,1
1764501145930,649,639,1
1764501145940,646,639,1
1764501145944,644,639,1
1764501145944,641,640,1
1764501145961,638,641,1
1764501145969,635,642,1
1764501145977,632,643,1
1764501145986,629,645,1
1764501145992,626,646,1
1764501145992,622,647,1
1764501146008,619,648,1
1764501146011,616,649,1
1764501146011,613,649,1
1764501146024,610,649,1
1764501146040,607,649,1
1764501146048,604,648,1
1764501146056,601,647,1
1764501146064,597,647,1
1764501146071,594,646,1
1764501146076,591,645,1
1764501146076,588,644,1
1764501146087,585,644,1
1764501146087,583,643,1
1764501146103,580,642,1
1764501146119,578,642,1
1764501146124,575,642,1
1764501146132,572,641,1
1764501146134,569,641,1
1764501146134,566,641,1
1764501146156,563,641,1
1764501146160,560,641,1
1764501146166,557,641,1
1764501146166,554,641,1
1764501146187,551,641,1
1764501146187,548,640,1
1764501146197,545,639,1
1764501146197,543,638,1
1764501146217,541,637,1
1764501146217,538,636,1
1764501146233,536,635,1
1764501146242,534,634,1
1764501146244,532,633,1
1764501146258,530,632,1
1764501146260,528,631,1
1764501146274,526,630,1
1764501146276,524,629,1
1764501146288,523,628,1
1764501146295,521,626,1
1764501146304,519,624,1
1764501146312,517,623,1
1764501146317,514,621,1
1764501146326,511,620,1
1764501146326,508,618,1
1764501146341,505,616,1
1764501146345,503,615,1
1764501146357,501,613,1
1764501146361,499,611,1
1764501146373,498,609,1
1764501146382,497,607,1
1764501146389,495,605,1
1764501146398,493,603,1
1764501146405,491,601,1
1764501146411,489,599,1
1764501146411,487,597,1
1764501146421,485,594,1
1764501146436,483,592,1
1764501146443,481,591,1
1764501146452,478,589,1
1764501146452,475,587,1
1764501146468,472,586,1
1764501146468,470,584,1
1764501146477,468,583,1
1764501146483,466,581,1
1764501146483,464,578,1
1764501146505,462,576,1
1764501146515,460,575,1
1764501146515,457,574,1
1764501146531,454,573,1
1764501146531,452,572,1
1764501146531,449,570,1
1764501146546,447,568,1
1764501146546,446,566,1
1764501146567,444,564,1
1764501146567,442,562,1
1764501146578,441,560,1
1764501146592,440,558,1
1764501146598,439,556,1
1764501146603,438,554,1
1764501146612,436,553,1
1764501146622,435,551,1
1764501146628,434,550,1
1764501146632,433,548,1
1764501146646,432,545,1
1764501146646,431,543,1
1764501146660,430,542,1
1764501146660,429,539,1
1764501146676,428,537,1
1764501146676,427,535,1
1764501146689,426,532,1
1764501146700,425,530,1
1764501146705,424,528,1
1764501146716,423,525,1
1764501146723,422,522,1
1764501146723,421,519,1
1764501146737,421,517,1
1764501146746,420,514,1
1764501146753,419,512,1
1764501146762,418,509,1
1764501146769,417,506,1
1764501146769,416,503,1
1764501146785,415,500,1
1764501146790,414,497,1
1764501146796,413,494,1
1764501146800,411,492,1
1764501146816,410,490,1
1764501146823,409,487,1
1764501146832,408,484,1
1764501146832,407,481,1
1764501146848,406,478,1
1764501146856,405,475,1
1764501146859,404,473,1
1764501146864,403,470,1
1764501146864,402,467,1
1764501146880,401,464,1
1764501146880,400,462,1
1764501146895,399,460,1
1764501146911,398,457,1
1764501146915,397,454,1
1764501146915,396,451,1
1764501146927,395,449,1
1764501146927,394,447,1
1764501146947,394,444,1
1764501146947,393,443,1
1764501146958,393,440,1
1764501146972,392,439,1
1764501146979,391,437,1
1764501146979,390,435,1
1764501146994,390,434,1
1764501147002,389,432,1
1764501147006,388,429,1
1764501147018,387,428,1
1764501147024,386,426,1
1764501147034,385,424,1
1764501147037,384,422,1
1764501147050,384,419,1
1764501147055,383,416,1
1764501147064,382,413,1
1764501147071,381,410,1
1764501147071,380,408,1
1764501147085,379,406,1
1764501147096,378,404,1
1764501147104,377,402,1
1764501147112,376,400,1
1764501147117,375,399,1
1764501147117,374,397,1
1764501147133,373,394,1
1764501147141,372,392,1
1764501147149,371,389,1
1764501147149,370,386,1
1764501147166,369,384,1
1764501147167,369,381,1
1764501147167,368,378,1
1764501147181,367,376,1
1764501147197,367,374,1
1764501147198,367,372,1
1764501147212,367,369,1
1764501147220,367,366,1
1764501147228,367,364,1
1764501147233,368,361,1
1764501147233,368,359,1
1764501147244,369,356,1
1764501147244,369,353,1
1764501147260,369,351,1
1764501147260,370,348,1
1764501147275,371,346,1
1764501147275,371,344,1
1764501147297,372,341,1
1764501147301,373,339,1
1764501147307,374,336,1
1764501147315,375,334,1
1764501147323,376,332,1
1764501147336,377,329,1
1764501147339,378,327,1
1764501147352,379,325,1
1764501147359,380,322,1
1764501147368,381,319,1
1764501147373,382,316,1
1764501147382,383,313,1
1764501147387,384,310,1
1764501147387,385,307,1
1764501147405,386,304,1
1764501147405,387,301,1
1764501147426,388,297,1
1764501147434,390,295,1
1764501147440,391,292,1
1764501147441,392,290,1
1764501147450,393,288,1
1764501147465,394,286,1
1764501147466,395,283,1
1764501147466,396,281,1
1764501147481,397,278,1
1764501147481,398,275,1
1764501147497,399,272,1
1764501147497,400,269,1
1764501147517,401,267,1
1764501147526,402,264,1
1764501147529,403,262,1
1764501147529,404,260,1
1764501147550,405,257,1
1764501147550,406,255,1
1764501147565,407,252,1
1764501147569,408,250,1
1764501147579,409,248,1
1764501147585,410,246,1
1764501147592,411,244,1
1764501147592,412,242,1
1764501147611,413,240,1
1764501147620,414,238,1
1764501147627,415,236,1
1764501147633,416,233,1
1764501147641,418,231,1
1764501147648,419,228,1
1764501147657,420,225,1
1764501147657,422,223,1
1764501147676,424,220,1
1764501147676,425,217,1
1764501147689,426,213,1
1764501147695,427,211,1
1764501147699,429,209,1
1764501147705,430,207,1
1764501147719,431,205,1
1764501147723,432,202,1
1764501147737,433,200,1
1764501147738,434,197,1
1764501147738,435,195,1
1764501147752,437,193,1
1764501147766,438,191,1
1764501147768,440,189,1
1764501147782,442,186,1
1764501147784,444,185,1
1764501147798,445,183,1
1764501147804,446,181,1
1764501147804,447,180,1
1764501147819,449,178,1
1764501147828,450,177,1
1764501147836,451,176,1
1764501147844,452,175,1
1764501147847,454,173,1
1764501147847,455,172,1
1764501147863,457,171,1
1764501147876,459,170,1
1764501147883,461,169,1
1764501147883,463,168,1
1764501147895,465,167,1
1764501147906,468,166,1
1764501147913,470,165,1
1764501147922,473,164,1
1764501147927,476,163,1
1764501147938,478,162,1
1764501147942,481,161,1
1764501147942,483,159,1
1764501147958,485,158,1
1764501147967,488,156,1
1764501147975,491,155,1
1764501147975,494,154,1
1764501147990,497,153,1
1764501148000,500,152,1
1764501148007,503,151,1
1764501148007,506,150,1
1764501148019,509,149,1
1764501148030,511,148,1
1764501148038,514,147,1
1764501148040,517,147,1
1764501148054,519,146,1
1764501148054,521,146,1
1764501148070,523,146,1
1764501148078,525,145,1
1764501148078,527,145,1
1764501148088,528,144,1
1764501148088,530,143,1
1764501148108,533,143,1
1764501148117,535,142,1
1764501148119,538,141,1
1764501148132,541,141,1
1764501148140,544,140,1
1764501148140,546,139,1
1764501148153,548,138,1
1764501148158,551,137,1
1764501148164,553,136,1
1764501148178,556,135,1
1764501148186,558,134,1
1764501148188,560,133,1
1764501148195,562,132,1
1764501148195,564,131,1
1764501148211,566,130,1
1764501148220,569,130,1
1764501148227,570,129,1
1764501148233,572,128,1
1764501148244,573,127,1
1764501148244,575,126,1
1764501148259,576,125,1
1764501148259,577,124,1
1764501148275,578,123,1
1764501148275,579,122,1
1764501148291,580,121,1
1764501148291,581,120,1
1764501148307,582,120,1
1764501148307,583,119,1
1764501148328,584,119,1
1764501148328,586,118,1
1764501148339,587,118,1
1764501148348,588,118,1
1764501148355,590,118,1
1764501148355,591,118,1
1764501148370,593,118,1
1764501148377,595,118,1
1764501148388,596,117,1
1764501148388,599,117,1
1764501148403,601,117,1
1764501148405,603,116,1
1764501148418,606,116,1
1764501148420,608,116,1
1764501148434,610,116,1
1764501148439,613,116,1
1764501148449,615,116,1
1764501148449,618,116,1
1764501148467,620,116,1
1764501148467,622,117,1
1764501148467,624,118,1
1764501148481,626,119,1
1764501148497,627,120,1
1764501148503,629,120,1
1764501148513,631,121,1
1764501148519,633,122,1
1764501148528,636,123,1
1764501148528,638,123,1
1764501148528,640,124,1
1764501148546,642,125,1
1764501148558,644,125,1
1764501148561,646,126,1
1764501148561,649,126,1
1764501148581,652,127,1
1764501148585,654,128,1
1764501148595,657,129,1
1764501148602,659,130,1
1764501148607,662,131,1
1764501148620,665,132,1
1764501148627,667,133,1
1764501148633,670,134,1
1764501148639,673,135,1
1764501148652,675,136,1
1764501148656,677,137,1
1764501148664,678,138,1
1764501148671,681,140,1
1764501148671,684,141,1
1764501148687,686,142,1
1764501148687,688,143,1
1764501148703,691,144,1
1764501148703,694,145,1
1764501148721,697,147,1
1764501148727,700,148,1
1764501148735,703,149,1
1764501148735,706,150,1
1764501148753,709,151,1
1764501148760,712,152,1
1764501148767,714,153,1
1764501148767,717,154,1
1764501148785,719,155,1
1764501148787,722,156,1
1764501148787,725,157,1
1764501148799,727,158,1
1764501148815,729,159,1
1764501148821,732,160,1
1764501148831,734,161,1
1764501148831,736,162,1
1764501148846,738,163,1
1764501148848,740,164,1
1764501148848,741,165,1
1764501148862,743,166,1
1764501148876,745,167,1
1764501148878,747,168,1
1764501148892,749,169,1
1764501148894,751,170,1
1764501148908,753,171,1
1764501148909,755,172,1
1764501148921,757,173,1
1764501148925,759,173,1
1764501148938,760,174,1
1764501148946,762,175,1
1764501148954,763,176,1
1764501148957,764,176,1
1764501148970,765,177,1
1764501148973,766,178,1
1764501148973,767,179,1
1764501148991,769,180,1
1764501149000,770,181,1
1764501149004,772,182,1
1764501149016,773,183,1
1764501149022,774,184,1
1764501149032,775,185,1
1764501149036,776,186,1
1764501149036,777,186,1
1764501149052,778,188,1
1764501149062,779,189,1
1764501149068,780,189,1
1764501149078,781,191,1
1764501149085,782,192,1
1764501149094,783,193,1
1764501149101,784,194,1
1764501149101,785,195,1
1764501149115,786,196,1
1764501149122,787,197,1
1764501149131,789,198,1
1764501149133,791,200,1
1764501149147,793,201,1
1764501149147,795,202,1
1764501149164,797,204,1
1764501149168,799,205,1
1764501149180,801,205,1
1764501149180,804,207,1
1764501149180,807,208,1
1764501149203,810,209,1
1764501149204,813,211,1
1764501149218,816,212,1
1764501149223,819,213,1
1764501149233,822,215,1
1764501149233,825,217,1
1764501149242,827,219,1
1764501149242,830,221,1
1764501149259,831,222,1
1764501149259,833,224,1
1764501149275,835,226,1
1764501149275,837,228,1
1764501149290,839,230,1
1764501149290,841,232,1
1764501149306,843,234,1
1764501149306,844,235,1
1764501149325,846,236,1
1764501149332,847,238,1
1764501149338,848,240,1
1764501149350,849,242,1
1764501149357,850,243,1
1764501149364,851,245,1
1764501149369,853,247,1
1764501149369,854,249,1
1764501149387,855,251,1
1764501149396,856,253,1
1764501149401,857,255,1
1764501149412,858,257,1
1764501149417,859,259,1
1764501149428,860,261,1
1764501149433,861,263,1
1764501149442,862,266,1
1764501149450,863,268,1
1764501149452,864,270,1
1764501149466,865,272,1
1764501149467,866,275,1
1764501149481,867,276,1
1764501149488,868,279,1
1764501149488,869,282,1
1764501149497,870,284,1
1764501149512,871,286,1
1764501149513,872,288,1
1764501149528,873,290,1
1764501149529,874,292,1
1764501149542,875,294,1
1764501149552,876,296,1
1764501149560,877,298,1
1764501149563,878,301,1
1764501149574,879,304,1
1764501149583,880,306,1
1764501149585,881,308,1
1764501149598,882,310,1
1764501149606,883,312,1
1764501149614,884,314,1
1764501149614,885,315,1
1764501149626,886,316,1
1764501149634,887,317,1
1764501149643,888,319,1
1764501149652,888,321,1
1764501149656,889,323,1
1764501149668,889,324,1
1764501149675,889,326,1
1764501149684,889,328,1
1764501149690,890,330,1
1764501149692,890,332,1
1764501149703,890,335,1
1764501149714,890,337,1
1764501149721,890,338,1
1764501149729,890,340,1
1764501149735,890,343,1
1764501149735,890,345,1
1764501149752,890,346,1
1764501149752,890,349,1
1764501149767,890,351,1
1764501149767,890,354,1
1764501149784,890,356,1
1764501149788,890,358,1
1764501149800,890,360,1
1764501149808,889,363,1
1764501149816,888,365,1
1764501149818,887,368,1
1764501149829,886,371,1
1764501149832,885,374,1
1764501149832,884,377,1
1764501149847,884,380,1
1764501149863,884,383,1
1764501149863,883,385,1
1764501149879,883,388,1
1764501149883,882,391,1
1764501149883,882,394,1
1764501149895,882,397,1
1764501149895,882,399,1
1764501149911,882,402,1
1764501149911,883,404,1
1764501149929,883,408,1
1764501149929,884,410,1
1764501149942,884,413,1
1764501149942,884,416,1
1764501149962,885,417,1
1764501149970,885,420,1
1764501149974,885,422,1
1764501149986,885,425,1
1764501149993,885,426,1
1764501150000,885,427,1
1764501150007,886,429,1
1764501150007,886,431,1
1764501150022,886,433,1
1764501150030,886,435,1
1764501150039,886,437,1
1764501150047,885,439,1
1764501150055,885,441,1
1764501150064,885,443,1
1764501150070,885,445,1
1764501150075,885,448,1
1764501150086,885,449,1
1764501150088,885,452,1
1764501150102,884,454,1
1764501150102,884,455,1
1764501150118,884,457,1
1764501150118,884,460,1
1764501150134,883,461,1
1764501150136,883,463,1
1764501150148,882,465,1
1764501150150,882,467,1
1764501150164,882,468,1
1764501150168,881,471,1
1764501150180,881,473,1
1764501150181,880,475,1
1764501150197,880,478,1
1764501150197,879,480,1
1764501150210,879,483,1
1764501150217,878,485,1
1764501150222,877,487,1
1764501150230,877,490,1
1764501150234,876,493,1
1764501150248,875,495,1
1764501150248,874,498,1
1764501150263,873,500,1
1764501150263,872,503,1
1764501150277,871,505,1
1764501150277,870,507,1
1764501150293,869,508,1
1764501150293,868,510,1
1764501150311,867,512,1
1764501150316,866,514,1
1764501150327,865,516,1
1764501150330,864,518,1
1764501150341,864,520,1
1764501150345,863,522,1
1764501150356,862,523,1
1764501150366,861,525,1
1764501150373,860,526,1
1764501150382,859,528,1
1764501150388,858,530,1
1764501150388,857,531,1
1764501150404,856,533,1
1764501150406,855,534,1
1764501150419,854,535,1
1764501150428,853,536,1
1764501150435,852,537,1
1764501150435,851,538,1
1764501150451,850,539,1
1764501150460,849,540,1
1764501150460,848,542,1
1764501150469,847,543,1
1764501150482,846,544,1
1764501150483,845,545,1
1764501150499,844,546,1
1764501150505,843,547,1
1764501150515,842,548,1
1764501150515,841,549,1
1764501150515,840,550,1
1764501150530,839,551,1
1764501150544,838,552,1
1764501150552,837,553,1
1764501150560,836,554,1
1764501150562,835,555,1
1764501150576,834,556,1
1764501150585,833,557,1
1764501150585,832,558,1
1764501150596,831,559,1
1764501150602,830,560,1
1764501150609,829,561,1
1764501150609,828,562,1
1764501150625,827,563,1
1764501150634,826,564,1
1764501150644,825,565,1
1764501150644,824,566,1
1764501150659,822,567,1
1764501150659,821,568,1
1764501150673,819,569,1
1764501150684,817,570,1
1764501150692,815,572,1
1764501150695,814,574,1
1764501150705,812,575,1
1764501150705,810,577,1
1764501150720,808,579,1
1764501150731,807,580,1
1764501150737,806,581,1
1764501150737,805,583,1
1764501150754,803,585,1
1764501150762,802,586,1
1764501150768,800,587,1
1764501150778,799,588,1
1764501150785,798,589,1
1764501150788,797,590,1
1764501150800,795,592,1
1764501150808,793,593,1
1764501150817,791,594,1
1764501150821,790,595,1
1764501150831,788,596,1
1764501150831,786,597,1
1764501150847,785,598,1
1764501150847,783,599,1
1764501150862,780,600,1
1764501150863,778,601,1
1764501150863,776,602,1
1764501150887,774,603,1
1764501150895,771,604,1
1764501150902,769,605,1
1764501150910,766,606,1
1764501150910,764,607,1
1764501150910,761,608,1
1764501150931,758,609,1
1764501150940,755,610,1
1764501150942,752,611,1
1764501150942,750,612,1
1764501150960,747,613,1
1764501150972,744,614,1
1764501150974,742,615,1
1764501150986,740,616,1
1764501150989,737,617,1
1764501151002,735,618,1
1764501151005,733,618,1
1764501151005,731,619,1
1764501151024,729,620,1
1764501151031,728,620,1
1764501151037,726,621,1
1764501151037,724,621,1
1764501151056,722,622,1
1764501151063,721,622,1
1764501151069,719,623,1
1764501151069,717,623,1
1764501151085,715,623,1
1764501151085,713,624,1
1764501151101,711,624,1
1764501151101,710,624,1
1764501151119,708,624,1
1764501151121,707,625,1
1764501151135,705,625,1
1764501151142,703,625,1
1764501151149,701,625,1
1764501151157,699,626,1
1764501151165,697,626,1
1764501151165,695,626,1
1764501151165,692,627,1
1764501151181,690,627,1
1764501151196,688,627,1
1764501151204,685,627,1
1764501151212,683,628,1
1764501151212,680,629,1
1764501151228,678,629,1
1764501151234,675,630,1
1764501151234,672,631,1
1764501151244,669,632,1
1764501151244,665,633,1
1764501151267,662,634,1
1764501151267,659,635,1
1764501151275,655,636,1
1764501151275,651,637,1
1764501151292,647,638,1
1764501151292,643,639,1
1764501151312,639,639,1
1764501151312,636,639,1
1764501151323,632,640,1
1764501151333,629,641,1
1764501151341,625,641,1
1764501151341,622,641,1
1764501151354,619,641,1
1764501151354,616,642,1
1764501151370,612,642,1
1764501151370,609,643,1
1764501151388,606,643,1
1764501151398,603,643,1
1764501151402,600,643,1
1764501151406,597,644,1
1764501151419,594,644,1
1764501151419,592,643,1
1764501151434,590,643,1
1764501151434,588,643,1
1764501151449,587,642,1
1764501151452,585,642,1
1764501151467,584,642,1
1764501151467,583,642,1
1764501151483,582,641,1
1764501151484,581,641,1
1764501151497,580,641,1
1764501151497,579,640,1
1764501151513,578,639,1
1764501151513,577,639,1
1764501151529,576,638,1
1764501151534,575,638,1
1764501151546,574,637,1
1764501151548,573,636,1
1764501151548,572,635,1
1764501151568,571,635,1
1764501151577,570,634,1
1764501151577,569,633,1
1764501151594,567,631,1
1764501151602,566,630,1
1764501151617,565,629,1
1764501151617,563,628,1
1764501151626,562,627,1
1764501151635,560,626,1
1764501151640,559,625,1
1764501151640,558,624,1
1764501151658,556,623,1
1764501151658,554,622,1
1764501151672,551,621,1
1764501151672,548,620,1
1764501151690,545,619,1
1764501151690,541,618,1
1764501151707,539,617,1
1764501151707,536,616,1
1764501151720,534,615,1
1764501151720,531,614,1
1764501151735,528,613,1
1764501151735,526,611,1
1764501151754,523,610,1
1764501151761,520,608,1
1764501151767,517,606,1
1764501151767,514,604,1
1764501151783,512,603,1
1764501151783,509,601,1
1764501151801,506,600,1
1764501151810,503,599,1
1764501151815,500,597,1
1764501151824,497,596,1
1764501151832,494,595,1
1764501151834,491,594,1
1764501151847,488,593,1
1764501151847,486,592,1
1764501151865,483,591,1
1764501151868,480,589,1
1764501151868,478,588,1
1764501151886,475,586,1
1764501151886,473,585,1
1764501151899,471,584,1
1764501151911,470,582,1
1764501151918,468,581,1
1764501151926,466,580,1
1764501151934,464,578,1
1764501151934,462,576,1
1764501151947,459,575,1
1764501151950,456,574,1
1764501151958,454,573,1
1764501151958,451,572,1
1764501151976,449,570,1
1764501151988,448,569,1
1764501151996,446,568,1
1764501151996,444,567,1
1764501152005,443,565,1
1764501152018,442,563,1
1764501152026,441,560,1
1764501152034,439,558,1
1764501152037,438,555,1
1764501152050,436,553,1
1764501152053,434,550,1
1764501152066,432,547,1
1764501152068,430,544,1
1764501152080,428,541,1
1764501152084,426,538,1
1764501152096,425,535,1
1764501152103,423,532,1
1764501152112,422,530,1
1764501152116,421,527,1
1764501152128,419,524,1
1764501152136,418,521,1
1764501152137,415,518,1
1764501152147,413,515,1
1764501152147,411,512,1
1764501152163,409,510,1
1764501152163,407,506,1
1764501152179,405,503,1
1764501152179,403,500,1
1764501152198,402,497,1
1764501152203,401,494,1
1764501152211,400,491,1
1764501152213,399,488,1
1764501152227,398,486,1
1764501152235,397,483,1
1764501152246,396,480,1
1764501152246,395,478,1
1764501152260,394,475,1
1764501152262,393,472,1
1764501152262,391,469,1
1764501152279,390,466,1
1764501152291,388,463,1
1764501152298,386,460,1
1764501152307,385,457,1
1764501152307,384,454,1
1764501152322,383,451,1
1764501152322,382,448,1
1764501152336,381,445,1
1764501152338,380,444,1
1764501152352,379,441,1
1764501152354,378,438,1
1764501152354,377,435,1
1764501152371,376,432,1
1764501152384,376,429,1
1764501152385,376,426,1
1764501152398,376,423,1
1764501152405,375,420,1
1764501152414,375,417,1
1764501152417,375,414,1
1764501152430,374,411,1
1764501152436,373,408,1
1764501152446,372,406,1
1764501152449,372,403,1
1764501152449,371,400,1
1764501152465,370,397,1
1764501152476,369,394,1
1764501152483,368,392,1
1764501152492,368,389,1
1764501152499,368,386,1
1764501152508,367,383,1
1764501152515,367,380,1
1764501152522,367,378,1
1764501152530,367,375,1
1764501152536,367,372,1
1764501152545,367,369,1
1764501152545,367,367,1
1764501152563,367,364,1
1764501152563,368,361,1
1764501152578,368,359,1
1764501152578,368,357,1
1764501152578,369,355,1
1764501152601,369,353,1
1764501152603,370,351,1
1764501152609,370,349,1
1764501152619,371,346,1
1764501152632,371,344,1
1764501152636,372,341,1
1764501152648,372,338,1
1764501152648,373,336,1
1764501152661,374,333,1
1764501152667,375,331,1
1764501152672,375,329,1
1764501152686,376,326,1
1764501152694,377,324,1
1764501152698,378,322,1
1764501152706,379,319,1
1764501152706,379,317,1
1764501152724,380,315,1
1764501152726,381,313,1
1764501152738,382,311,1
1764501152738,383,308,1
1764501152752,384,306,1
1764501152752,385,304,1
1764501152768,386,301,1
1764501152768,387,298,1
1764501152784,388,295,1
1764501152784,390,292,1
1764501152802,391,289,1
1764501152802,392,286,1
1764501152817,393,283,1
1764501152826,394,279,1
1764501152831,395,275,1
1764501152836,396,272,1
1764501152848,397,269,1
1764501152855,398,266,1
1764501152864,399,263,1
1764501152872,400,261,1
1764501152881,401,258,1
1764501152888,401,255,1
1764501152896,402,252,1
1764501152899,403,249,1
1764501152910,403,246,1
1764501152912,404,243,1
1764501152927,405,240,1
1764501152927,405,237,1
1764501152936,406,234,1
1764501152946,407,231,1
1764501152959,408,228,1
1764501152959,409,225,1
1764501152959,410,223,1
1764501152977,410,220,1
1764501152985,411,218,1
1764501152991,411,215,1
1764501152991,412,213,1
1764501153007,413,210,1
1764501153020,413,208,1
1764501153027,414,205,1
1764501153027,415,202,1
1764501153039,416,199,1
1764501153039,417,197,1
1764501153054,418,194,0
1764501153066,419,192,0
1764501153070,420,189,0
1764501153082,421,187,0
1764501153088,422,185,0
1764501153088,423,183,0
1764501153102,425,181,0
1764501153112,426,179,0
1764501153119,428,178,0
1764501153119,430,176,0
1764501153134,431,175,0
1764501153137,433,174,0
1764501153150,435,173,0
1764501153150,437,171,0
1764501153165,439,170,0
1764501153165,442,169,0
1764501153183,443,168,0
1764501153183,445,167,0
1764501153198,448,166,1
1764501153198,450,165,1
1764501153214,453,164,1
1764501153222,456,162,1
1764501153224,459,161,1
1764501153234,462,160,1
1764501153236,465,159,1
1764501153246,468,158,1
1764501153246,471,157,1
1764501153268,474,156,1
1764501153277,477,155,1
1764501153277,480,154,1
1764501153293,483,152,1
1764501153293,486,151,1
1764501153293,489,150,1
1764501153309,492,149,1
1764501153309,495,148,1
1764501153329,497,147,1
1764501153338,500,145,1
1764501153345,502,144,1
1764501153353,505,143,1
1764501153359,507,142,1
1764501153367,509,141,1
1764501153375,512,140,1
1764501153377,514,138,1
1764501153391,517,137,1
1764501153399,519,136,1
1764501153406,522,135,1
1764501153406,524,134,1
1764501153420,525,133,1
1764501153420,528,132,1
1764501153436,530,131,1
1764501153445,533,130,1
1764501153452,535,129,1
1764501153462,538,128,1
1764501153468,540,127,1
1764501153479,543,126,1
1764501153484,545,125,1
1764501153492,548,125,1
1764501153500,551,124,1
1764501153504,554,123,1
1764501153516,557,122,1
1764501153518,560,121,1
1764501153532,563,121,1
1764501153536,567,120,1
1764501153548,570,120,1
1764501153548,573,119,1
1764501153562,576,118,1
1764501153564,579,118,1
1764501153574,581,117,1
1764501153583,583,117,1
1764501153602,587,116,1
1764501153605,589,116,1
1764501153615,592,116,1
1764501153619,595,116,1
1764501153627,597,116,1
1764501153637,600,115,1
1764501153646,603,115,1
1764501153657,606,114,1
1764501153658,609,114,1
1764501153658,612,114,1
1764501153678,616,113,1
1764501153686,619,113,1
1764501153690,622,113,1
1764501153690,626,112,1
1764501153706,629,112,1
1764501153719,633,111,1
1764501153721,636,111,1
1764501153734,640,111,1
1764501153740,643,110,1
1764501153741,646,110,1
1764501153755,648,110,1
1764501153755,651,111,1
1764501153770,653,111,1
1764501153770,655,112,1
1764501153785,658,112,1
1764501153785,660,113,1
1764501153801,663,114,1
1764501153805,665,115,1
1764501153818,668,116,1
1764501153820,671,117,1
1764501153834,674,118,1
1764501153843,676,119,1
1764501153850,679,120,1
1764501153858,682,121,1
1764501153866,684,122,1
1764501153866,686,123,1
1764501153866,689,124,1
1764501153884,691,125,1
1764501153884,693,126,1
1764501153897,695,127,1
1764501153907,697,128,1
1764501153913,699,130,1
1764501153929,702,131,1
1764501153929,705,133,1
1764501153936,708,134,1
1764501153945,710,135,1
1764501153945,713,137,1
1764501153961,715,138,1
1764501153961,718,139,1
1764501153982,721,141,1
1764501153987,724,142,1
1764501153993,728,143,1
1764501153993,732,144,1
1764501154011,735,146,1
1764501154011,738,147,1
1764501154024,742,148,1
1764501154036,745,149,1
1764501154043,749,150,1
1764501154048,752,152,1
1764501154059,755,153,1
1764501154065,758,156,1
1764501154072,761,159,1
1764501154082,764,162,1
1764501154088,768,164,1
1764501154098,772,166,1
1764501154104,776,168,1
1764501154115,779,171,1
1764501154122,782,173,1
1764501154124,784,175,1
1764501154136,787,177,1
1764501154137,790,178,1
1764501154151,793,181,1
1764501154154,796,183,1
1764501154168,799,186,1
1764501154168,802,189,1
1764501154184,805,192,1
1764501154188,808,194,1
1764501154188,810,197,1
1764501154200,813,199,1
1764501154214,814,201,1
1764501154221,816,204,1
1764501154226,819,205,1
1764501154236,821,208,1
1764501154247,823,210,1
1764501154247,826,213,1
1764501154247,829,215,1
1764501154263,832,218,1
1764501154263,835,220,1
1764501154284,838,223,1
1764501154288,840,226,1
1764501154295,842,228,1
1764501154295,844,230,1
1764501154311,846,231,1
1764501154311,849,233,1
1764501154326,852,235,1
1764501154336,854,237,1
1764501154346,856,238,1
1764501154347,858,240,1
1764501154358,860,241,1
1764501154358,862,243,1
1764501154377,863,245,1
1764501154384,864,247,1
1764501154390,865,249,1
1764501154400,866,252,1
1764501154407,867,253,1
1764501154416,868,255,1
1764501154421,869,257,1
1764501154433,870,260,1
1764501154439,871,262,1
1764501154448,872,263,1
1764501154453,873,265,1
1764501154453,874,266,1
1764501154469,875,268,1
1764501154469,876,269,1
1764501154485,877,270,1
1764501154487,878,272,1
1764501154502,879,274,1
1764501154504,879,276,1
1764501154504,880,278,1
1764501154519,881,279,1
1764501154519,882,282,1
1764501154539,883,284,1
1764501154548,883,286,1
1764501154548,884,288,1
1764501154564,884,290,1
1764501154568,885,292,1
1764501154568,886,294,1
1764501154580,887,295,1
1764501154594,887,297,1
1764501154602,888,300,1
1764501154604,889,302,1
1764501154618,889,304,1
1764501154627,890,306,1
1764501154627,890,309,1
1764501154640,891,311,1
1764501154643,891,314,1
1764501154657,891,316,1
1764501154663,892,317,1
1764501154668,892,320,1
1764501154674,893,322,1
1764501154674,893,323,1
1764501154695,894,325,1
1764501154700,895,327,1
1764501154708,895,329,1
1764501154718,896,330,1
1764501154725,897,332,1
1764501154734,897,335,1
1764501154739,898,337,1
1764501154751,899,338,1
1764501154757,900,340,1
1764501154766,901,341,1
1764501154769,901,343,1
1764501154780,902,343,1
1764501154787,903,346,1
1764501154801,903,348,1
1764501154812,904,349,1
1764501154819,904,352,1
1764501154827,904,354,1
1764501154832,904,356,1
1764501154840,905,358,1
1764501154849,905,360,1
1764501154858,905,362,1
1764501154864,905,365,1
1764501154874,905,367,1
1764501154881,905,370,1
1764501154890,905,373,1
1764501154896,905,376,1
1764501154896,905,378,1
1764501154912,905,382,1
1764501154912,904,384,1
1764501154928,903,388,1
1764501154936,903,391,1
1764501154944,902,394,1
1764501154948,902,397,1
1764501154960,901,400,1
1764501154960,900,403,1
1764501154974,900,406,1
1764501154982,899,409,1
1764501154985,898,412,1
1764501154991,897,415,1
1764501155006,896,417,1
1764501155006,895,421,1
1764501155022,894,423,1
1764501155022,893,426,1
1764501155022,892,429,1
1764501155040,891,432,1
1764501155040,890,434,1
1764501155053,889,437,1
1764501155069,888,439,1
1764501155069,887,442,1
1764501155085,886,444,1
1764501155085,885,446,1
1764501155085,884,448,1
1764501155105,883,450,1
1764501155114,883,452,1
1764501155121,882,454,1
1764501155130,881,456,1
1764501155138,880,458,1
1764501155146,879,460,1
1764501155149,878,461,1
1764501155149,877,464,1
1764501155168,876,466,1
1764501155177,875,468,1
1764501155181,874,471,1
1764501155192,873,474,1
1764501155196,872,477,1
1764501155208,871,479,1
1764501155212,870,482,1
1764501155212,869,483,1
1764501155228,868,485,1
1764501155238,867,486,1
1764501155245,866,487,1
1764501155245,865,489,1
1764501155262,864,491,1
1764501155268,863,492,1
1764501155275,862,494,1
1764501155275,861,495,1
1764501155291,860,497,1
1764501155300,859,499,1
1764501155308,858,500,1
1764501155308,857,502,1
1764501155324,856,504,1
1764501155326,855,506,1
1764501155340,855,507,1
1764501155348,854,508,1
1764501155348,853,509,1
1764501155362,853,510,1
1764501155362,853,512,1
1764501155374,852,513,1
1764501155387,851,514,1
1764501155387,851,515,1
1764501155403,850,516,1
1764501155405,849,517,1
1764501155405,849,518,1
1764501155424,848,519,1
1764501155432,847,520,1
1764501155440,847,521,1
1764501155448,846,522,1
1764501155453,845,523,1
1764501155464,844,524,1
1764501155466,843,526,1
1764501155466,842,527,1
1764501155486,841,528,1
1764501155488,840,529,1
1764501155497,839,530,1
1764501155497,838,531,1
1764501155517,838,532,1
1764501155526,837,533,1
1764501155531,836,535,1
1764501155540,835,536,1
1764501155545,834,537,1
1764501155556,833,538,1
1764501155561,832,540,1
1764501155572,831,541,1
1764501155577,830,542,1
1764501155589,829,543,1
1764501155593,828,545,1
1764501155605,827,546,1
1764501155610,826,547,1
1764501155615,825,548,1
1764501155625,824,550,1
1764501155627,823,551,1
1764501155642,822,551,1
1764501155648,821,554,1
1764501155658,820,556,1
1764501155658,819,558,1
1764501155672,818,560,1
1764501155672,817,561,1
1764501155688,816,564,1
1764501155688,815,565,1
1764501155704,814,567,1
1764501155706,814,568,1
1764501155720,813,570,1
1764501155722,812,571,1
1764501155737,811,573,1
1764501155740,810,574,1
1764501155740,809,575,1
1764501155751,808,576,1
1764501155767,806,577,1
1764501155767,805,578,1
1764501155783,804,580,1
1764501155783,802,581,1
1764501155799,801,582,1
1764501155803,799,583,1
1764501155812,797,585,1
1764501155815,796,587,1
1764501155829,794,589,1
1764501155831,793,590,1
1764501155840,791,591,1
1764501155846,789,592,1
1764501155846,787,594,1
1764501155862,786,595,1
1764501155874,784,597,1
1764501155882,783,598,1
1764501155890,781,600,1
1764501155898,780,601,1
1764501155907,778,603,1
1764501155911,777,605,1
1764501155923,775,606,1
1764501155926,774,608,1
1764501155926,772,609,1
1764501155942,770,611,1
1764501155942,768,612,1
1764501155960,766,613,1
1764501155968,764,614,1
1764501155976,762,615,1
1764501155984,760,617,1
1764501155990,759,618,1
1764501155998,757,618,1
1764501156005,756,619,1
1764501156015,755,620,1
1764501156021,754,621,1
1764501156030,753,622,1
1764501156037,751,622,1
1764501156046,750,623,1
1764501156053,749,623,1
1764501156053,747,623,1
1764501156068,746,623,1
1764501156076,744,623,1
1764501156084,743,623,1
1764501156084,741,624,1
1764501156100,740,624,1
1764501156100,738,624,1
1764501156116,736,625,1
1764501156116,734,625,1
1764501156132,732,625,1
1764501156134,731,626,1
1764501156147,730,626,1
1764501156147,729,627,1
1764501156162,727,628,1
1764501156166,726,628,1
1764501156178,724,628,1
1764501156186,723,629,1
1764501156186,720,629,1
1764501156196,719,629,1
1764501156208,717,629,1
1764501156216,715,629,1
1764501156216,713,629,1
1764501156233,711,629,1
1764501156240,710,629,1
1764501156245,708,629,1
1764501156245,706,630,1
1764501156258,705,630,1
1764501156270,703,631,1
1764501156273,701,631,1
1764501156286,699,631,1
1764501156291,697,632,1
1764501156291,696,632,1
1764501156305,694,633,1
1764501156316,691,633,1
1764501156322,689,633,1
1764501156332,686,633,1
1764501156336,683,632,1
1764501156348,680,632,1
1764501156355,677,632,1
1764501156365,674,632,1
1764501156368,671,632,1
1764501156374,668,631,1
1764501156386,665,632,1
1764501156394,662,632,1
1764501156399,659,632,1
1764501156410,656,633,1
1764501156415,653,634,1
1764501156424,651,634,1
1764501156435,649,635,1
1764501156440,646,635,1
1764501156448,643,635,1
1764501156456,641,635,1
1764501156462,638,636,1
1764501156472,636,636,1
1764501156478,633,636,1
1764501156489,631,636,1
1764501156494,629,636,1
1764501156500,626,636,1
1764501156510,624,637,1
1764501156513,622,637,1
1764501156526,619,637,1
1764501156534,616,637,1
1764501156542,614,637,1
1764501156545,611,637,1
0,0,0,0
1764501156558,608,637,1
1764501156565,605,637,1
1764501156565,602,637,1
1764501156580,599,637,1
1764501156588,597,637,1
1764501156590,594,637,1
1764501156606,591,637,1
1764501156606,588,637,1
1764501156620,586,636,1
1764501156626,583,635,1
1764501156626,581,634,1
1764501156642,578,633,1
1764501156650,575,632,1
1764501156658,572,630,1
1764501156663,570,629,1
1764501156671,567,628,1
1764501156682,565,627,1
1764501156685,562,626,1
1764501156699,560,625,1
1764501156704,557,624,1
1764501156704,554,622,1
1764501156720,551,621,1
1764501156724,549,620,1
1764501156733,547,619,1
1764501156742,545,618,1
1764501156753,544,617,1
1764501156753,543,615,1
1764501156765,542,614,1
1764501156765,541,613,1
1764501156782,540,611,1
1764501156785,539,610,1
1764501156798,538,608,1
1764501156798,537,607,1
1764501156814,535,606,1
1764501156814,534,605,1
1764501156814,533,604,1
1764501156831,531,603,1
1764501156842,530,602,1
1764501156853,528,601,1
1764501156861,527,600,1
1764501156861,526,599,1
1764501156877,525,599,1
1764501156885,524,598,1
1764501156885,523,598,1
1764501156898,522,597,1
1764501156907,521,597,1
1764501157496,521,598,1
1764501157508,520,598,1
1764501157517,520,599,1
1764501157524,519,599,1
1764501157524,518,599,1
1764501157540,518,600,1
1764501157542,517,600,1
1764501171933,516,600,1
1764501171935,515,600,1
1764501171945,514,599,1
1764501171955,513,599,1
1764501171961,511,598,1
1764501171971,509,597,1
1764501171979,507,597,1
1764501171987,504,596,1
1764501171990,502,595,1
1764501171990,500,595,1
1764501172003,498,594,1
1764501172018,497,593,1
1764501172019,496,592,1
1764501172035,495,592,1
1764501172035,494,591,1
1764501172035,493,590,1
1764501172051,492,589,1
1764501172051,491,588,1
1764501172067,490,588,1
1764501172067,490,587,1
1764501172085,489,586,1
1764501172095,488,585,1
1764501172103,487,585,1
1764501172112,486,584,1
1764501172117,485,583,1
1764501172117,484,582,1
1764501172133,483,582,1
1764501172133,481,581,1
1764501172149,480,580,1
1764501172153,479,580,1
1764501172162,478,579,1
1764501172174,477,578,1
1764501172181,476,577,1
1764501172183,475,576,1
1764501172195,474,575,1
1764501172195,473,574,1
1764501172210,472,573,1
1764501172217,471,572,1
1764501172227,470,572,1
1764501172230,470,570,1
1764501172244,469,570,1
1764501172244,468,569,1
1764501172244,468,568,1
1764501172258,467,567,1
1764501172274,466,566,1
1764501172275,465,565,1
1764501172289,464,564,1
1764501172298,463,563,1
1764501172305,462,563,1
1764501172305,461,562,1
1764501172321,460,561,1
1764501172327,459,560,1
1764501172333,458,560,1
1764501172344,457,559,1
1764501172347,456,558,1
1764501172353,455,557,1
1764501172353,454,556,1
1764501172371,453,555,1
1764501172371,452,555,1
1764501172385,451,554,1
1764501172396,450,554,1
1764501172405,449,553,1
1764501172414,448,553,1
1764501172416,447,551,1
1764501172427,446,551,1
1764501172435,445,550,1
1764501172446,444,549,1
1764501172448,443,548,1
1764501172460,442,547,1
1764501172467,441,546,1
1764501172475,440,545,1
1764501172479,439,544,1
1764501172491,438,543,1
1764501172495,437,542,1
1764501172505,436,541,1
1764501172511,435,540,1
1764501172522,434,539,1
1764501172528,433,538,1
1764501172528,432,537,1
1764501172543,431,536,1
1764501172543,430,535,1
1764501172561,429,534,1
1764501172569,428,534,1
1764501172575,427,533,1
1764501172584,426,532,1
1764501172591,425,531,1
1764501172591,424,530,1
1764501172607,423,529,1
1764501172616,423,528,1
1764501172623,422,526,1
1764501172628,421,525,1
1764501172639,420,524,1
1764501172639,419,522,1
1764501172653,418,521,1
1764501172662,417,519,1
1764501172662,416,518,1
1764501172675,415,517,1
1764501172675,414,515,1
1764501172691,413,514,1
1764501172703,412,512,1
1764501172703,411,510,1
1764501172716,410,509,1
1764501172723,409,507,1
1764501172726,408,506,1
1764501172737,407,505,1
1764501172748,406,504,1
1764501172755,405,502,1
1764501172764,404,501,1
1764501172767,403,500,1
1764501172767,402,499,1
1764501172785,401,498,1
1764501172793,400,496,1
1764501172801,400,495,1
1764501172810,399,494,1
1764501172814,398,493,1
1764501172826,398,492,1
1764501172833,397,491,1
1764501172833,397,490,1
1764501172846,396,489,1
1764501172851,396,487,1
1764501172864,395,486,1
1764501172871,395,485,1
1764501172879,394,484,1
1764501172887,394,483,1
1764501172895,393,482,1
1764501172895,392,480,1
1764501172915,392,479,1
1764501172915,391,478,1
1764501172927,391,476,1
1764501172927,390,475,1
1764501172949,390,474,1
1764501172953,389,473,1
1764501172959,388,472,1
1764501172959,388,471,1
1764501172975,387,470,1
1764501172988,387,469,1
1764501172995,386,468,1
1764501173003,385,467,1
1764501173007,385,466,1
1764501173019,385,465,1
1764501173022,384,464,1
1764501173040,383,463,1
1764501173040,383,462,1
1764501173054,383,461,1
1764501173066,383,460,1
1764501173070,383,458,1
1764501173082,383,457,1
1764501173087,383,456,1
1764501173095,383,455,1
1764501173101,383,454,1
1764501173112,383,453,1
1764501173119,383,451,1
1764501173125,383,450,1
1764501173133,383,449,1
1764501173133,383,448,1
1764501173151,383,447,1
1764501173154,383,445,1
1764501173165,383,444,1
1764501173174,383,442,1
1764501173181,383,441,1
1764501173185,383,439,1
1764501173197,384,438,1
1764501173206,384,435,1
1764501173213,384,434,1
1764501173213,384,432,1
1764501173213,384,430,1
1764501173236,385,428,1
1764501173243,385,427,1
1764501173252,385,425,1
1764501173255,386,424,1
1764501173262,386,423,1
1764501173276,386,422,1
1764501173276,386,421,1
1764501173276,386,420,1
1764501173295,386,419,1
1764501173295,386,418,1
1764501173313,385,417,1
1764501173315,385,416,1
1764501173324,385,415,1
1764501173338,384,413,1
1764501173342,384,412,1
1764501173342,383,410,1
1764501173355,383,409,1
1764501173368,383,407,1
1764501173375,383,406,1
1764501173384,383,404,1
1764501173387,383,402,1
1764501173395,382,400,1
1764501173407,382,399,1
1764501173414,382,397,1
1764501173421,382,395,1
1764501173429,382,394,1
1764501173440,382,393,1
1764501173446,382,391,1
1764501173452,381,390,1
1764501173455,380,389,1
1764501173469,380,388,1
1764501173471,379,387,1
1764501173471,379,385,1
1764501173487,379,384,1
1764501173495,378,383,1
1764501173505,378,381,1
1764501173516,377,381,1
1764501173516,377,380,1
1764501173534,376,378,1
1764501173534,376,377,1
1764501173548,376,376,1
1764501173562,375,374,1
1764501173564,375,373,1
1764501173578,375,372,1
1764501173579,374,370,1
1764501173593,374,368,1
1764501173595,374,366,1
1764501173595,373,364,1
1764501173611,373,362,1
1764501173624,373,359,1
1764501173631,372,357,1
1764501173640,372,354,1
1764501173643,372,352,1
1764501173654,372,350,1
1764501173661,372,347,1
1764501173661,372,345,1
1764501173674,372,343,1
1764501173686,372,341,1
1764501173692,372,339,1
1764501173702,372,337,1
1764501173705,372,334,1
1764501173718,372,332,1
1764501173726,371,330,1
1764501173729,371,328,1
1764501173737,371,326,1
1764501173745,371,324,1
1764501173753,371,322,1
1764501173764,371,320,1
1764501173771,371,318,1
1764501173780,371,316,1
1764501173787,371,314,1
1764501173795,372,312,1
1764501173801,373,311,1
1764501173810,374,309,1
1764501173817,374,308,1
1764501173827,375,307,1
1764501173833,376,306,1
1764501173833,377,304,1
1764501173849,378,303,1
1764501173849,379,301,1
1764501173867,380,300,1
1764501173871,381,298,1
1764501173871,382,297,1
1764501173881,383,295,1
1764501173896,384,294,1
1764501173897,385,292,1
1764501173897,386,291,1
1764501173913,387,290,1
1764501173913,388,289,1
1764501173933,389,287,1
1764501173933,390,286,1
1764501173945,392,284,1
1764501173945,393,282,1
1764501173961,395,280,1
1764501173961,397,277,1
1764501173976,399,275,1
1764501173976,400,273,1
1764501173996,402,271,1
1764501173996,404,269,1
1764501174008,405,266,1
1764501174008,407,263,1
1764501174027,408,261,1
1764501174035,409,258,1
1764501174040,410,256,1
1764501174053,411,253,1
1764501174056,412,251,1
1764501174066,413,249,1
1764501174072,414,247,1
1764501174082,415,245,1
1764501174088,416,243,1
1764501174096,417,241,1
1764501174104,418,239,1
1764501174114,419,237,1
1764501174120,420,235,1
1764501174128,421,232,1
1764501174136,422,230,1
1764501174136,423,228,1
1764501174151,424,226,1
1764501174156,425,225,1
1764501174167,426,223,1
1764501174167,427,221,1
1764501174183,428,220,1
1764501174188,429,218,1
1764501174197,430,217,1
1764501174199,431,215,1
1764501174215,432,213,1
1764501174215,433,212,1
1764501174231,434,211,1
1764501174231,435,209,1
1764501174243,436,208,1
1764501174253,437,206,1
1764501174253,438,205,1
1764501174267,439,204,1
1764501174276,440,203,1
1764501174278,441,202,1
1764501174292,443,200,1
1764501174297,444,199,1
1764501174308,445,197,1
1764501174310,446,196,1
1764501174310,447,195,1
1764501174330,449,194,1
1764501174336,450,193,1
1764501174342,451,192,1
1764501174342,452,190,1
1764501174360,453,189,1
1764501174360,454,187,1
1764501174374,455,185,1
1764501174374,456,184,1
1764501174391,457,183,1
1764501174397,458,181,1
1764501174405,461,180,1
1764501174405,463,178,1
1764501174423,464,177,1
1764501174432,467,175,1
1764501174437,468,174,1
1764501174437,470,173,1
1764501174453,471,172,1
1764501174453,473,171,1
1764501174469,474,170,1
1764501174469,475,169,1
1764501174486,476,168,1
1764501174486,477,167,1
1764501174501,478,166,1
1764501174501,479,165,1
1764501174516,480,164,1
1764501174519,481,163,1
1764501174532,482,162,1
1764501174533,483,161,1
1764501174548,484,160,1
1764501174554,485,159,1
1764501174564,486,159,1
1764501174566,487,158,1
1764501174579,488,157,1
1764501174579,489,157,1
1764501174594,490,156,1
1764501174598,491,155,1
1764501174611,492,155,1
1764501174611,494,154,1
1764501174627,495,153,1
1764501174627,497,153,1
1764501174627,499,152,1
1764501174643,500,151,1
1764501174655,503,150,1
1764501174659,505,149,1
1764501174672,507,148,1
1764501174674,509,148,1
1764501174688,511,147,1
1764501174690,513,146,1
1764501174698,515,145,1
1764501174709,517,144,1
1764501174711,519,143,1
1764501174722,521,142,1
1764501174722,522,141,1
1764501174737,524,140,1
1764501174737,526,139,1
1764501174753,527,138,1
1764501174753,528,137,1
1764501174769,529,136,1
1764501174769,531,135,1
1764501174785,532,134,1
1764501174785,534,133,1
1764501174803,536,133,1
1764501174803,538,132,1
1764501174817,540,131,1
1764501174817,543,130,1
1764501174833,546,130,1
1764501174841,548,129,1
1764501174849,551,128,1
1764501174857,553,128,1
1764501174865,556,128,1
1764501174869,559,127,1
1764501174881,562,126,1
1764501174881,564,126,1
1764501174898,567,125,1
1764501174900,569,125,1
1764501174912,571,125,1
1764501174913,573,125,1
1764501174913,576,124,1
1764501174936,578,123,1
1764501174936,580,123,1
1764501174946,581,122,1
1764501174960,583,122,1
1764501174965,585,121,1
1764501174974,587,121,1
1764501174977,589,120,1
1764501174977,592,120,1
1764501174995,594,120,1
1764501174998,597,120,1
1764501175009,600,120,1
1764501175009,603,121,1
1764501175025,606,121,1
1764501175036,609,121,1
1764501175040,611,121,1
1764501175052,613,121,1
1764501175059,616,121,1
1764501175068,619,121,1
1764501175072,621,121,1
1764501175084,624,122,1
1764501175091,626,122,1
1764501175095,629,122,1
1764501175104,631,122,1
1764501175104,633,121,1
1764501175120,636,121,1
1764501175120,638,121,1
1764501175136,640,120,1
1764501175136,641,120,1
1764501175153,643,120,1
1764501175155,645,119,1
1764501175168,646,119,1
1764501175172,648,119,1
1764501175184,650,118,1
1764501175186,652,118,1
1764501175199,654,118,1
1764501175208,656,118,1
1764501175215,657,118,1
1764501175222,659,118,1
1764501175225,661,118,1
1764501175235,662,119,1
1764501175244,664,119,1
1764501175248,666,120,1
1764501175248,667,120,1
1764501175270,668,121,1
1764501175270,670,121,1
1764501175279,672,122,1
1764501175279,673,122,1
1764501175298,675,123,1
1764501175298,677,124,1
1764501175313,680,124,1
1764501175313,683,125,1
1764501175327,686,125,1
1764501175327,689,126,1
1764501175347,691,126,1
1764501175352,694,126,1
1764501175358,696,127,1
1764501175358,699,127,1
1764501175374,702,128,1
1764501175386,705,128,1
1764501175390,707,129,1
1764501175398,709,130,1
1764501175409,711,131,1
1764501175411,712,132,1
1764501175422,714,133,1
1764501175432,715,134,1
1764501175438,717,135,1
1764501175440,718,136,1
1764501175455,719,137,1
1764501175464,720,138,1
1764501175470,722,139,1
1764501175471,724,140,1
1764501175485,726,141,1
1764501175494,729,142,1
1764501175502,732,143,1
1764501175510,735,144,1
1764501175518,738,145,1
1764501175518,740,146,1
1764501175533,743,147,1
1764501175533,745,148,1
1764501175533,747,149,1
1764501175555,749,150,1
1764501175564,750,151,1
1764501175565,752,152,1
1764501175581,754,153,1
1764501175587,755,154,1
1764501175596,756,155,1
1764501175599,757,156,1
1764501175599,759,157,1
1764501175615,760,158,1
1764501175615,761,159,1
1764501175628,763,160,1
1764501175628,764,161,1
1764501175649,765,162,1
1764501175655,766,163,1
1764501175660,768,164,1
1764501175660,769,165,1
1764501175675,771,166,1
1764501175688,772,167,1
1764501175691,773,168,1
1764501175703,774,169,1
1764501175711,775,170,1
1764501175711,776,171,1
1764501175723,777,172,1
1764501175736,778,173,1
1764501175741,779,174,1
1764501175744,780,175,1
1764501175754,781,176,1
1764501175754,782,177,1
1764501175770,783,178,1
1764501175775,784,179,1
1764501175786,785,180,1
1764501175799,786,181,1
1764501175803,787,182,1
1764501175812,788,183,1
1764501175818,789,184,1
1764501175820,791,185,1
1764501175836,792,186,1
1764501175839,793,187,1
1764501175851,794,188,1
1764501175854,795,189,1
1764501175854,797,190,1
1764501175867,798,191,1
1764501175882,799,192,1
1764501175883,800,193,1
1764501175899,801,194,1
1764501175899,802,195,1
1764501175913,803,196,1
1764501175913,804,197,1
1764501175930,805,197,1
1764501175935,806,199,1
1764501175944,807,200,1
1764501175952,808,201,1
1764501175960,809,201,1
1764501175968,811,202,1
1764501175976,812,203,1
1764501175981,813,204,1
1764501175992,814,204,1
1764501175993,816,205,1
1764501176006,818,205,1
1764501176011,819,207,1
1764501176011,820,208,1
1764501176025,822,209,1
1764501176038,823,210,1
1764501176045,824,211,1
1764501176053,825,212,1
1764501176056,826,213,1
1764501176068,827,213,1
1764501176072,828,215,1
1764501176084,829,216,1
1764501176090,830,217,1
1764501176099,831,218,1
1764501176104,832,219,1
1764501176116,833,220,1
1764501176123,834,221,1
1764501176129,835,221,1
1764501176136,836,223,1
1764501176146,837,224,1
1764501176152,838,225,1
1764501176155,839,226,1
1764501176170,840,227,1
1764501176175,841,228,1
1764501176184,842,229,1
1764501176184,842,230,1
1764501176199,843,231,1
1764501176201,844,232,1
1764501176215,845,233,1
1764501176215,846,234,1
1764501176232,847,236,1
1764501176235,848,237,1
1764501176247,849,238,1
1764501176247,850,240,1
1764501176247,851,241,1
1764501176264,852,243,1
1764501176278,853,244,1
1764501176279,854,246,1
1764501176279,855,247,1
1764501176300,856,249,1
1764501176310,857,251,1
1764501176318,858,252,1
1764501176318,859,253,1
1764501176329,860,254,1
1764501176340,861,255,1
1764501176342,862,256,1
1764501176342,863,258,1
1764501176363,864,259,1
1764501176372,865,260,1
1764501176373,866,260,1
1764501176373,866,262,1
1764501176389,867,263,1
1764501176402,868,264,1
1764501176405,869,265,1
1764501176418,870,266,1
1764501176425,871,267,1
1764501176434,871,268,1
1764501176437,872,269,1
1764501176437,873,270,1
1764501176452,873,271,1
1764501176464,874,272,1
1764501176468,875,273,1
1764501176479,875,274,1
1764501176487,876,275,1
1764501176494,877,276,1
1764501176502,877,278,1
1764501176512,878,279,1
1764501176516,879,280,1
1764501176526,880,281,1
1764501176532,880,282,1
1764501176542,881,283,1
1764501176548,882,285,1
1764501176558,882,286,1
1764501176564,883,287,1
1764501176571,884,288,1
1764501176580,884,290,1
1764501176580,884,291,1
1764501176595,885,292,1
1764501176600,885,294,1
1764501176611,885,295,1
1764501176615,886,297,1
1764501176627,886,298,1
1764501176627,887,298,1
1764501176627,887,300,1
1764501176645,887,301,1
1764501176656,887,302,1
1764501176659,888,304,1
1764501176659,888,305,1
1764501176674,888,306,1
1764501176690,889,307,1
1764501176690,889,309,1
1764501176706,889,310,1
1764501176709,889,311,1
1764501176709,889,313,1
1764501176728,889,314,1
1764501176728,889,316,1
1764501176741,889,317,1
1764501176753,889,319,1
1764501176754,889,320,1
1764501176754,889,321,1
1764501176769,889,322,1
1764501176782,889,324,1
1764501176789,890,325,1
1764501176798,890,327,1
1764501176814,890,329,1
1764501176816,890,330,1
1764501176830,891,330,1
1764501176832,891,332,1
1764501176844,891,333,1
1764501176850,891,335,1
1764501176864,892,336,1
1764501176868,892,337,1
1764501176879,892,338,1
1764501176879,892,339,1
1764501176897,892,340,1
1764501176900,892,341,1
1764501176913,893,342,1
1764501176922,893,343,1
1764501176938,893,345,1
1764501176945,893,346,1
1764501176953,893,348,1
1764501176958,893,349,1
1764501176958,894,351,1
1764501176975,894,353,1
1764501176977,894,355,1
1764501176991,894,356,1
1764501177000,894,358,1
1764501177007,894,359,1
1764501177015,894,361,1
1764501177023,894,362,1
1764501177023,894,363,1
1764501177038,894,364,1
1764501177047,894,365,1
1764501177054,894,367,1
1764501177054,894,368,1
1764501177070,894,370,1
1764501177070,893,372,1
1764501177085,893,374,1
1764501177090,892,376,1
1764501177100,892,378,1
1764501177104,891,379,1
1764501177104,891,381,1
1764501177117,891,384,1
1764501177117,891,385,1
1764501177135,890,388,1
1764501177135,890,390,1
1764501177156,890,392,1
1764501177156,890,394,1
1764501177169,889,397,1
1764501177169,889,398,1
1764501177185,888,401,1
1764501177185,888,403,1
1764501177200,887,404,1
1764501177200,887,407,1
1764501177214,887,409,1
1764501177214,887,412,1
1764501177228,886,415,1
1764501177228,886,417,1
1764501177244,886,420,1
1764501177244,886,423,1
1764501177260,886,425,1
1764501177260,886,428,1
1764501177276,886,431,1
1764501177276,885,434,1
1764501177293,885,437,1
1764501177300,885,440,1
1764501177309,884,443,1
1764501177318,884,446,1
1764501177325,883,448,1
1764501177334,883,451,1
1764501177341,882,453,1
1764501177341,882,456,1
1764501177341,881,457,1
1764501177364,881,459,1
1764501177364,881,461,1
1764501177380,881,463,1
1764501177388,880,465,1
1764501177388,880,466,1
1764501177400,880,468,1
1764501177411,879,470,1
1764501177411,879,472,1
1764501177420,878,474,1
1764501177434,878,475,1
1764501177436,877,477,1
1764501177446,876,479,1
1764501177451,875,480,1
1764501177466,875,482,1
1764501177467,874,484,1
1764501177467,873,486,1
1764501177488,872,487,1
1764501177493,871,490,1
1764501177500,870,491,1
1764501177507,869,493,1
1764501177515,868,495,1
1764501177515,867,498,1
1764501177535,866,500,1
1764501177535,865,502,1
1764501177549,864,504,1
1764501177551,863,507,1
1764501177564,862,509,1
1764501177564,861,511,1
1764501177581,860,514,1
1764501177589,859,516,1
1764501177595,858,518,1
1764501177601,857,520,1
1764501177611,856,522,1
1764501177611,855,525,1
1764501177627,854,527,1
1764501177631,853,529,1
1764501177646,852,532,1
1764501177651,851,534,1
1764501177659,850,536,1
1764501177668,849,538,1
1764501177668,848,541,1
1764501177675,847,542,1
1764501177691,846,545,1
1764501177691,845,547,1
1764501177701,844,549,1
1764501177706,843,551,1
1764501177706,842,554,1
1764501177730,841,555,1
1764501177730,840,557,1
1764501177741,839,559,1
1764501177753,838,560,1
1764501177754,836,561,1
1764501177754,835,562,1
1764501177769,834,563,1
1764501177769,833,564,1
1764501177785,832,565,1
1764501177785,831,566,1
1764501177801,830,567,1
1764501177801,829,568,1
1764501177817,827,569,1
1764501177817,826,570,1
1764501177833,825,570,1
1764501177833,824,572,1
1764501177849,823,573,1
1764501177849,822,574,1
1764501177865,820,575,1
1764501177865,819,576,1
1764501177883,817,577,1
1764501177891,815,577,1
1764501177900,813,578,1
1764501177906,811,579,1
1764501177913,809,580,1
1764501177924,806,581,1
1764501177929,804,581,1
1764501177929,802,582,1
1764501177947,799,582,1
1764501177947,798,583,1
1764501177961,796,583,1
1764501177965,794,584,1
1764501177977,792,584,1
1764501177977,790,585,1
1764501177993,788,586,1
1764501177993,785,587,1
1764501178003,783,588,1
1764501178009,780,588,1
1764501178009,778,589,1
1764501178032,777,589,1
1764501178032,775,590,1
1764501178048,774,591,1
1764501178056,772,592,1
1764501178056,771,592,1
1764501178056,769,593,1
1764501178072,768,594,1
1764501178072,766,594,1
1764501178087,764,595,1
1764501178087,762,596,1
1764501178110,760,597,1
1764501178119,758,598,1
1764501178120,757,599,1
1764501178132,755,600,1
1764501178135,753,600,1
1764501178148,751,601,1
1764501178151,749,602,1
1764501178164,747,603,1
1764501178169,744,604,1
1764501178180,742,605,1
1764501178183,739,606,1
1764501178194,737,607,1
1764501178201,734,608,1
1764501178202,732,610,1
1764501178214,729,611,1
1764501178226,726,612,1
1764501178233,723,613,1
1764501178242,720,614,1
1764501178246,717,614,1
1764501178246,715,615,1
1764501178263,713,616,1
1764501178268,710,617,1
1764501178280,707,618,1
1764501178283,704,619,1
1764501178295,701,620,1
1764501178303,698,621,1
1764501178311,695,622,1
1764501178313,692,622,1
1764501178313,689,623,1
1764501178334,687,624,1
1764501178334,686,625,1
1764501178350,685,626,1
1764501178352,683,627,1
1764501178366,682,628,1
1764501178366,680,629,1
1764501178374,678,630,1
1764501178374,675,630,1
1764501178398,673,631,1
1764501178403,671,632,1
1764501178406,669,632,1
1764501178406,667,633,1
1764501178424,666,633,1
1764501178436,665,634,1
1764501178438,663,635,1
1764501178438,661,635,1
1764501178453,658,636,1
1764501178466,657,637,1
1764501178469,655,638,1
1764501178482,653,639,1
1764501178488,651,640,1
1764501178498,650,641,1
1764501178503,649,642,1
1764501178503,648,643,1
1764501178517,647,643,1
1764501178528,646,644,1
1764501178532,645,645,1
1764501178544,644,646,1
1764501178548,643,647,1
1764501178557,642,647,1
1764501178564,641,648,1
1764501178564,640,649,1
1764501178581,638,649,1
1764501178588,637,649,1
1764501178597,636,650,1
1764501178603,634,650,1
1764501178613,632,650,1
1764501178613,631,650,1
1764501178631,629,650,1
1764501178638,627,650,1
1764501178638,625,650,1
1764501178652,624,649,1
1764501178656,621,649,1
1764501178669,620,648,1
1764501178669,618,647,1
1764501178684,616,646,1
1764501178692,614,645,1
1764501178700,612,644,1
1764501178703,609,643,1
1764501178713,606,642,1
1764501178715,604,641,1
1764501178725,602,640,1
1764501178725,600,639,1
1764501178740,598,638,1
1764501178740,595,637,1
1764501178756,592,636,1
1764501178756,590,635,1
1764501178775,587,635,1
1764501178784,584,634,1
1764501178788,582,634,1
1764501178800,580,633,1
1764501178804,578,632,1
1764501178816,576,631,1
1764501178819,574,630,1
1764501178819,572,629,1
1764501178837,569,628,1
1764501178846,567,627,1
1764501178851,564,626,1
1764501178851,561,625,1
1764501178867,558,624,1
1764501178867,555,624,1
1764501178883,553,623,1
1764501178883,550,623,1
1764501178899,546,623,1
1764501178905,543,623,1
1764501178915,540,623,1
1764501178917,537,623,1
1764501178932,534,623,1
1764501178932,532,623,1
1764501178949,530,623,1
1764501178956,528,623,1
1764501178956,525,623,1
1764501178966,523,623,1
1764501178966,520,623,1
1764501178987,518,623,1
1764501178996,517,623,1
1764501178998,515,623,1
1764501179005,513,622,1
1764501179015,512,621,1
1764501179015,511,620,1
1764501179027,510,619,1
1764501179032,509,618,1
1764501179048,508,617,1
1764501179051,506,617,1
1764501179059,505,616,1
1764501179072,503,615,1
1764501179075,502,614,1
1764501179075,501,613,1
1764501179092,499,612,1
1764501179092,497,611,1
1764501179109,495,610,1
1764501179109,493,609,1
1764501179125,491,608,1
1764501179125,489,607,1
1764501179141,487,606,1
1764501179150,485,605,1
1764501179155,483,604,1
1764501179156,481,603,1
1764501179171,480,602,1
1764501179180,479,601,1
1764501179187,477,600,1
1764501179196,475,599,1
1764501179203,474,598,1
1764501179212,472,597,1
1764501179212,471,596,1
1764501179226,469,595,1
1764501179234,468,594,1
1764501179234,466,593,1
1764501179250,464,592,1
1764501179258,462,590,1
1764501179266,460,589,1
1764501179274,459,588,1
1764501179282,457,587,1
1764501179282,455,586,1
1764501179282,454,585,1
1764501179298,452,584,1
1764501179305,451,583,1
1764501179313,450,582,1
1764501179329,449,581,1
1764501179329,448,579,1
1764501179345,447,577,1
1764501179350,446,576,1
1764501179353,445,574,1
1764501179366,444,572,1
1764501179366,443,570,1
1764501179379,442,568,1
1764501179390,441,565,1
1764501179398,440,563,1
1764501179405,439,561,1
1764501179409,438,559,1
1764501179418,436,558,1
1764501179427,435,556,1
1764501179436,434,555,1
1764501179441,433,553,1
1764501179452,431,551,1
1764501179459,430,549,1
1764501179467,429,547,1
1764501179472,428,545,1
1764501179472,426,543,1
1764501179489,425,540,1
1764501179490,424,538,1
1764501179506,423,536,1
1764501179514,422,534,1
1764501179521,421,532,1
1764501179530,420,530,1
1764501179536,419,528,1
1764501179536,418,525,1
1764501179552,417,523,1
1764501179560,416,519,1
1764501179568,415,517,1
1764501179576,414,515,1
1764501179584,413,512,1
1764501179592,412,510,1
1764501179600,411,508,1
1764501179606,410,506,1
1764501179606,409,504,1
1764501179621,408,502,1
1764501179621,407,500,1
1764501179631,406,498,1
1764501179631,405,496,1
1764501179651,404,494,1
1764501179657,403,492,1
1764501179663,402,490,1
1764501179676,401,487,1
1764501179684,400,486,1
1764501179687,399,483,1
1764501179695,398,480,1
1764501179706,397,478,1
1764501179715,396,475,1
1764501179715,395,472,1
1764501179726,394,469,1
1764501179726,393,467,1
1764501179742,392,464,1
1764501179742,391,461,1
1764501179758,390,459,1
1764501179758,389,456,1
1764501179774,388,454,1
1764501179786,387,451,1
1764501179792,385,448,1
1764501179792,384,445,1
1764501179806,383,443,1
1764501179806,382,440,1
1764501179824,381,437,1
1764501179832,380,434,1
1764501179838,379,431,1
1764501179838,379,428,1
1764501179854,378,425,1
1764501179858,378,422,1
1764501179870,378,419,1
1764501179874,377,416,1
1764501179886,377,413,1
1764501179896,377,411,1
1764501179902,377,408,1
1764501179906,377,406,1
1764501179918,377,403,1
1764501179922,376,400,1
1764501179932,376,397,1
1764501179933,376,394,1
1764501179949,375,392,1
1764501179952,375,389,1
1764501179965,375,386,1
1764501179965,374,383,1
1764501179980,374,380,1
1764501179980,373,377,1
1764501179994,373,374,1
1764501179996,373,371,1
1764501180006,373,367,1
1764501180016,374,364,1
1764501180025,374,361,1
1764501180028,374,358,1
1764501180028,373,355,1
1764501180050,372,351,1
1764501180053,372,348,1
1764501180059,371,345,1
1764501180059,370,342,1
1764501180075,369,339,1
1764501180075,369,336,1
1764501180091,368,333,1
1764501180091,368,330,1
1764501180111,368,327,1
1764501180115,367,324,1
1764501180123,366,322,1
1764501180123,366,319,1
1764501180141,365,316,1
1764501180141,365,313,1
1764501180157,365,310,1
1764501180157,364,307,1
1764501180173,364,304,1
1764501180175,364,302,1
1764501180186,364,300,1
1764501180193,365,298,1
1764501180202,365,295,1
1764501180207,366,294,1
1764501180220,367,292,1
1764501180228,368,290,1
1764501180234,369,287,1
1764501180245,370,285,1
1764501180245,371,284,1
1764501180255,372,282,1
1764501180266,373,280,1
1764501180266,374,279,1
1764501180282,375,277,1
1764501180286,376,275,1
1764501180298,377,273,1
1764501180307,378,272,1
1764501180307,379,270,1
1764501180318,381,268,1
1764501180318,382,266,1
1764501180329,384,265,1
1764501180345,385,263,1
1764501180345,386,262,1
1764501180361,387,261,1
1764501180361,389,260,1
1764501180361,390,259,1
1764501180381,391,258,1
1764501180386,393,256,1
1764501180395,395,255,1
1764501180407,396,254,1
1764501180408,397,252,1
1764501180408,399,251,1
1764501180429,400,250,1
1764501180434,401,249,1
1764501180440,402,247,1
1764501180440,403,246,1
1764501180458,405,244,1
1764501180468,407,242,1
1764501180476,409,240,1
1764501180484,411,238,1
1764501180487,413,236,1
1764501180500,415,233,1
1764501180505,418,231,1
1764501180514,421,228,1
1764501180521,424,225,1
1764501180530,427,223,1
1764501180538,430,220,1
1764501180546,432,218,1
1764501180552,434,217,1
1764501180562,435,215,1
1764501180568,437,213,1
1764501180578,439,213,1
1764501180584,441,212,1
1764501180586,444,210,1
1764501180600,446,209,1
1764501180607,449,207,1
1764501180616,451,205,1
1764501180618,453,204,1
1764501180618,455,202,1
1764501180632,458,200,1
1764501180632,460,198,1
1764501180649,462,197,1
1764501180657,464,196,1
1764501180663,466,194,1
1764501180678,469,193,1
1764501180685,471,190,1
1764501180685,474,188,1
1764501180695,476,186,1
1764501180707,478,185,1
1764501180711,480,184,1
1764501180711,482,182,1
1764501180727,483,181,1
1764501180727,485,180,1
1764501180743,487,179,1
1764501180749,489,178,1
1764501180758,490,177,1
1764501180758,492,176,1
1764501180774,494,175,1
1764501180786,497,174,1
1764501180793,500,172,1
1764501180793,503,171,1
1764501180811,505,170,1
1764501180818,508,169,1
1764501180824,510,168,1
1764501180829,513,167,1
1764501180839,516,166,1
1764501180839,519,165,1
1764501180858,522,164,1
1764501180859,525,163,1
1764501180872,528,161,1
1764501180872,531,160,1
1764501180886,534,159,1
1764501180886,537,158,1
1764501180902,539,156,1
1764501180910,542,155,1
1764501180918,544,154,1
1764501180923,546,153,1
1764501180934,549,152,1
1764501180934,551,152,1
1764501180951,553,151,1
1764501180955,555,150,1
1764501180964,557,149,1
1764501180965,559,148,1
1764501180980,562,147,1
1764501180986,565,146,1
1764501180989,567,145,1
1764501180997,570,144,1
1764501181008,573,144,1
1764501181017,576,143,1
1764501181025,578,142,1
1764501181031,580,142,1
1764501181031,582,142,1
1764501181045,584,141,1
1764501181045,586,140,1
1764501181065,587,139,1
1764501181065,589,139,1
1764501181076,591,138,1
1764501181076,594,137,1
1764501181095,596,136,1
1764501181095,599,135,1
1764501181111,601,134,1
1764501181115,604,133,1
1764501181124,606,133,1
1764501181124,608,132,1
1764501181143,610,132,1
1764501181143,612,131,1
1764501181157,614,130,1
1764501181157,616,130,1
1764501181174,617,129,1
1764501181174,618,129,1
1764501181188,620,129,1
1764501181198,621,128,1
1764501181205,624,128,1
1764501181209,626,128,1
1764501181220,629,128,1
1764501181220,632,128,1
1764501181236,634,128,1
1764501181245,637,128,1
1764501181252,640,128,1
1764501181255,642,128,1
1764501181268,645,128,1
1764501181268,648,128,1
1764501181268,651,128,1
1764501181286,654,128,1
1764501181286,657,128,1
1764501181300,660,128,1
1764501181309,663,128,1
1764501181315,666,128,1
1764501181331,670,128,1
1764501181331,673,127,1
1764501181331,676,127,1
1764501181350,680,127,1
1764501181350,683,127,1
1764501181363,686,127,1
1764501181363,689,128,1
1764501181379,692,128,1
1764501181379,694,128,1
1764501181394,697,128,1
1764501181394,700,129,1
1764501181413,702,129,1
1764501181422,705,129,1
1764501181429,707,130,1
1764501181438,709,130,1
1764501181446,712,131,1
1764501181451,714,132,1
1764501181457,716,133,1
1764501181457,718,134,1
1764501181475,721,135,1
1764501181475,723,136,1
1764501181488,726,137,1
1764501181488,728,138,1
1764501181506,731,139,1
1764501181509,734,140,1
1764501181523,737,141,1
1764501181523,740,142,1
1764501181536,743,143,1
1764501181546,746,144,1
1764501181552,749,145,1
1764501181562,752,146,1
1764501181569,754,147,1
1764501181578,757,148,1
1764501181586,759,150,1
1764501181594,761,152,1
1764501181600,763,154,1
1764501181600,766,156,1
1764501181616,769,158,1
1764501181620,772,159,1
1764501181632,775,161,1
1764501181634,778,163,1
1764501181648,781,164,1
1764501181648,783,166,1
1764501181657,786,167,1
1764501181664,788,168,1
1764501181664,791,169,1
1764501181680,794,170,1
1764501181693,797,172,1
1764501181695,800,173,1
1764501181710,803,175,1
1764501181719,804,177,1
1764501181724,806,178,1
1764501181727,807,181,1
1764501181727,809,182,1
1764501181742,811,183,1
1764501181742,813,185,1
1764501181764,815,186,1
1764501181764,816,188,1
1764501181774,818,189,1
1764501181774,819,191,1
1764501181792,820,192,1
1764501181792,822,194,1
1764501181810,823,195,1
1764501181810,824,197,1
1764501181822,825,197,1
1764501181822,826,199,1
1764501181837,827,201,1
1764501181837,829,202,1
1764501181855,830,204,1
1764501181855,831,205,1
1764501181872,832,207,1
1764501181872,833,209,1
1764501181888,834,210,1
1764501181896,835,212,1
1764501181901,836,213,1
1764501181911,837,215,1
1764501181917,838,217,1
1764501181928,839,219,1
1764501181933,840,221,1
1764501181942,841,223,1
1764501181949,842,226,1
1764501181949,843,228,1
1764501181965,844,230,1
1764501181968,845,232,1
1764501181968,846,234,1
1764501181988,847,236,1
1764501181988,848,238,1
1764501182004,849,240,1
1764501182012,850,242,1
1764501182012,851,244,1
1764501182028,852,246,1
1764501182030,853,247,1
1764501182044,854,250,1
1764501182044,855,251,1
1764501182044,856,252,1
1764501182060,857,255,1
1764501182060,858,256,1
1764501182081,859,258,1
1764501182091,860,260,1
1764501182096,861,261,1
1764501182096,862,262,1
1764501182111,863,263,1
1764501182120,864,265,1
1764501182123,865,266,1
1764501182137,866,266,1
1764501182143,867,268,1
1764501182147,868,269,1
1764501182157,869,271,1
1764501182157,870,273,1
1764501182171,870,275,1
1764501182182,871,277,1
1764501182187,871,279,1
1764501182198,872,281,1
1764501182205,872,282,1
1764501182212,873,284,1
1764501182219,873,285,1
1764501182230,874,287,1
1764501182234,875,288,1
1764501182245,876,290,1
1764501182250,877,292,1
1764501182260,878,295,1
1764501182266,879,298,1
1764501182275,880,300,1
1764501182284,881,302,1
1764501182292,881,304,1
1764501182298,882,306,1
1764501182306,883,309,1
1764501182314,884,311,1
1764501182323,885,314,1
1764501182330,886,317,1
1764501182330,887,320,1
1764501182347,888,322,1
1764501182353,889,325,1
1764501182362,889,327,1
1764501182362,890,330,1
1764501182362,891,332,1
1764501182378,892,334,1
1764501182393,892,337,1
1764501182395,893,339,1
1764501182395,893,341,1
1764501182412,893,343,1
1764501182424,894,346,1
1764501182427,894,348,1
1764501182427,894,350,1
1764501182446,894,353,1
1764501182457,894,355,1
1764501182462,894,358,1
1764501182466,893,360,1
1764501182475,893,362,1
1764501182487,892,364,1
1764501182488,891,367,1
1764501182501,891,370,1
1764501182503,891,372,1
1764501182512,890,374,1
1764501182523,889,376,1
1764501182532,889,378,1
1764501182536,889,380,1
1764501182543,888,382,1
1764501182552,888,384,1
1764501182552,888,387,1
1764501182570,888,389,1
1764501182570,888,391,1
1764501182583,888,394,1
1764501182583,888,397,1
1764501182601,889,399,1
1764501182606,889,401,1
1764501182617,889,403,1
1764501182617,889,404,1
1764501182632,889,407,1
1764501182632,889,410,1
1764501182648,890,412,1
1764501182655,890,415,1
1764501182664,890,417,1
1764501182664,890,420,1
1764501182680,890,422,1
1764501182680,890,425,1
1764501182680,890,427,1
1764501182696,890,429,1
1764501182696,890,431,1
1764501182712,890,432,1
1764501182727,890,434,1
1764501182727,889,435,1
1764501182743,889,437,1
1764501182746,888,439,1
1764501182746,887,440,1
1764501182764,887,442,1
1764501182767,886,443,1
1764501182779,885,444,1
1764501182785,885,446,1
1764501182791,884,447,1
1764501182791,883,448,1
1764501182809,882,449,1
1764501182812,881,451,1
1764501182826,880,452,1
1764501182830,879,453,1
1764501182839,878,454,1
1764501182839,877,455,1
1764501182859,876,457,1
1764501182873,875,459,1
1764501182875,874,460,1
1764501182887,873,461,1
1764501182891,872,463,1
1764501182904,871,465,1
1764501182913,870,466,1
1764501182920,869,468,1
1764501182928,868,470,1
1764501182935,867,471,1
1764501182935,866,473,1
1764501182951,865,475,1
1764501182955,864,477,1
1764501182967,863,479,1
1764501182971,862,480,1
1764501182983,861,482,1
1764501182983,861,483,1
1764501182983,860,484,1
1764501183001,859,486,1
1764501183013,858,487,1
1764501183015,858,489,1
1764501183015,857,490,1
1764501183030,856,491,1
1764501183030,856,492,1
1764501183052,856,493,1
1764501183061,855,494,1
1764501183061,855,495,1
1764501183061,855,496,1
1764501183081,855,498,1
1764501183081,854,499,1
1764501183098,854,500,1
1764501183098,854,502,1
1764501183114,853,503,1
1764501183114,852,504,1
1764501183125,852,505,1
1764501183125,851,507,1
1764501183143,850,508,1
1764501183152,850,510,1
1764501183158,849,511,1
1764501183168,848,513,1
1764501183174,847,514,1
1764501183179,846,516,1
1764501183191,845,517,1
1764501183191,844,518,1
1764501183205,843,519,1
1764501183214,843,520,1
1764501183221,842,521,1
1764501183230,841,523,1
1764501183237,840,524,1
1764501183247,839,525,1
1764501183253,838,526,1
1764501183253,837,528,1
1764501183253,836,529,1
1764501183276,835,531,1
1764501183284,834,532,1
1764501183284,833,534,1
1764501183300,832,535,1
1764501183305,831,537,1
1764501183316,830,538,1
1764501183324,829,540,1
1764501183332,828,542,1
1764501183332,827,544,1
1764501183346,827,545,1
1764501183347,826,547,1
1764501183363,825,548,1
1764501183370,825,550,1
1764501183379,824,551,1
1764501183379,823,553,1
1764501183400,822,554,1
1764501183409,822,555,1
1764501183415,821,556,1
1764501183424,820,557,1
1764501183432,819,558,1
1764501183435,818,559,1
1764501183443,817,560,1
1764501183443,816,561,1
1764501183462,815,562,1
1764501183469,814,563,1
1764501183475,813,564,1
1764501183475,812,565,1
1764501183491,811,566,1
1764501183502,810,567,1
1764501183506,809,567,1
1764501183516,808,568,1
1764501183523,807,569,1
1764501183532,806,570,1
1764501183538,804,570,1
1764501183548,803,571,1
1764501183555,802,572,1
1764501183565,801,573,1
1764501183569,799,574,1
1764501183580,798,575,1
1764501183585,796,576,1
1764501183594,794,577,1
1764501183601,793,578,1
1764501183611,790,579,1
1764501183617,789,580,1
1764501183626,787,581,1
1764501183634,785,582,1
1764501183634,783,583,1
1764501183634,782,584,1
1764501183653,781,585,1
1764501183665,779,586,1
1764501183672,777,588,1
1764501183681,776,589,1
1764501183683,775,590,1
1764501183697,772,591,1
1764501183697,770,592,1
1764501183697,768,593,1
1764501183716,765,594,1
1764501183726,762,595,1
1764501183733,759,596,1
1764501183733,756,597,1
1764501183745,753,598,1
1764501183758,750,600,1
1764501183765,747,601,1
1764501183769,743,602,1
1764501183777,740,603,1
1764501183777,737,605,1
1764501183792,733,606,1
1764501183792,730,607,1
1764501183808,727,608,1
1764501183816,724,609,1
1764501183827,721,610,1
1764501183827,718,611,1
1764501183840,715,612,1
1764501183840,712,613,1
1764501183858,709,614,1
1764501183858,706,615,1
1764501183875,703,616,1
1764501183875,701,618,1
1764501183890,698,619,1
1764501183890,695,620,1
1764501183904,693,621,1
1764501183906,690,623,1
1764501183920,688,624,1
1764501183928,686,625,1
1764501183936,683,626,1
1764501183944,681,627,1
1764501183952,679,628,1
1764501183961,677,629,1
1764501183968,675,631,1
1764501183970,672,632,1
1764501183970,671,633,1
1764501183984,669,634,1
1764501183984,668,634,1
1764501184006,666,635,1
1764501184014,664,636,1
1764501184023,662,637,1
1764501184027,661,638,1
1764501184035,660,638,1
1764501184044,658,639,1
1764501184052,656,639,1
1764501184055,655,640,1
1764501184063,653,641,1
1764501184077,652,642,1
1764501184081,651,643,1
1764501184081,649,644,1
1764501184094,648,645,1
1764501184094,646,646,1
1764501184114,645,647,1
1764501184116,644,648,1
1764501184126,642,649,1
1764501184139,641,650,1
1764501184147,640,651,1
1764501184155,639,652,1
1764501184158,637,653,1
1764501184158,636,654,1
1764501184174,634,654,1
1764501184174,633,655,1
1764501184192,632,655,1
1764501184194,630,656,1
1764501184205,629,656,1
1764501184217,627,656,1
1764501184224,626,656,1
1764501184230,624,656,1
1764501184237,623,656,1
1764501184248,621,656,1
1764501184253,620,656,1
1764501184253,618,655,1
1764501184269,617,655,1
1764501184271,616,654,1
1764501184285,615,654,1
1764501184285,613,653,1
1764501184301,612,652,1
1764501184306,611,651,1
1764501184316,609,650,1
1764501184316,608,649,1
1764501184332,607,648,1
1764501184334,605,647,1
1764501184348,603,646,1
1764501184348,602,645,1
1764501184362,600,644,1
1764501184370,599,643,1
1764501184374,596,642,1
1764501184380,594,641,1
1764501184380,592,641,1
1764501184403,590,640,1
1764501184411,588,639,1
1764501184411,586,638,1
1764501184417,583,637,1
1764501184432,581,636,1
1764501184435,579,635,1
1764501184449,577,634,1
1764501184450,575,633,1
1764501184459,573,632,1
1764501184472,571,631,1
1764501184474,569,630,1
1764501184486,568,629,1
1764501184490,566,628,1
1764501184502,563,627,1
1764501184506,562,626,1
1764501184518,559,625,1
1764501184522,558,624,1
1764501184534,555,623,1
1764501184542,553,622,1
1764501184542,551,621,1
1764501184553,548,620,1
1764501184564,546,619,1
1764501184569,543,617,1
1764501184580,541,616,1
1764501184588,538,615,1
1764501184596,536,614,1
1764501184604,534,613,1
1764501184604,532,612,1
1764501184618,530,611,1
1764501184627,528,611,1
1764501184634,526,610,1
1764501184634,524,609,1
1764501184650,522,608,1
1764501184658,521,607,1
1764501184666,519,606,1
1764501184672,516,605,1
1764501184675,514,605,1
1764501184682,511,604,1
1764501184697,508,603,1
1764501184704,505,602,1
1764501184713,502,600,1
1764501184718,499,599,1
1764501184729,496,598,1
1764501184729,494,597,1
1764501184729,491,596,1
1764501184745,490,595,1
1764501184745,487,594,1
1764501184764,485,593,1
1764501184764,483,591,1
1764501184778,482,590,1
1764501184785,480,589,1
1764501184792,478,587,1
1764501184792,476,586,1
1764501184808,474,584,1
1764501184819,471,583,1
1764501184824,469,581,1
1764501184837,467,579,1
1764501184842,464,577,1
1764501184842,462,575,1
1764501184856,460,574,1
1764501184856,458,572,1
1764501184872,456,570,1
1764501184872,455,570,1
1764501184888,453,568,1
1764501184891,452,567,1
1764501184905,451,566,1
1764501184905,450,564,1
1764501184919,449,563,1
1764501184919,448,561,1
1764501184935,447,560,1
1764501184935,446,558,1
1764501184951,445,557,1
1764501184951,444,556,1
1764501184968,442,554,1
1764501184968,441,553,1
1764501184986,439,551,1
1764501184986,438,550,1
1764501184986,437,549,1
1764501185000,435,547,1
1764501185000,434,545,1
1764501185022,433,543,1
1764501185024,431,541,1
1764501185034,430,538,1
1764501185034,429,536,1
1764501185054,428,534,1
1764501185054,427,532,1
1764501185068,426,530,1
1764501185077,424,528,1
1764501185079,423,526,1
1764501185093,422,524,1
1764501185095,421,522,1
1764501185095,420,520,1
1764501185115,419,519,1
1764501185120,418,517,1
1764501185131,416,515,1
1764501185131,415,514,1
1764501185143,414,512,1
1764501185155,413,511,1
1764501185161,412,509,1
1764501185161,411,508,1
1764501185175,410,507,1
1764501185175,410,506,1
1764501185191,409,504,1
1764501185200,408,503,1
1764501185208,407,501,1
1764501185217,406,500,1
1764501185222,405,498,1
1764501185233,405,497,1
1764501185241,404,496,1
1764501185248,403,494,1
1764501185254,403,493,1
1764501185262,402,491,1
1764501185270,401,490,1
1764501185279,401,489,1
1764501185288,400,487,1
1764501185288,399,486,1
1764501185302,398,485,1
1764501185311,397,484,1
1764501185311,396,481,1
1764501185322,395,480,1
1764501185332,394,478,1
1764501185334,393,476,1
1764501185350,392,475,1
1764501185352,391,473,1
1764501185352,391,470,1
1764501185373,390,469,1
1764501185381,389,467,1
1764501185387,388,464,1
1764501185395,387,462,1
1764501185397,386,459,1
1764501185410,385,457,1
1764501185413,384,455,1
1764501185426,383,452,1
1764501185429,382,449,1
1764501185442,381,446,1
1764501185448,381,444,1
1764501185456,381,441,1
1764501185460,380,438,1
1764501185460,380,435,1
1764501185480,379,434,1
1764501185488,379,432,1
1764501185492,378,430,1
1764501185505,378,429,1
1764501185510,377,428,1
1764501185518,377,427,1
1764501185525,376,426,1
1764501185535,376,425,1
1764501185541,375,423,1
1764501185551,375,422,1
1764501185559,374,419,1
1764501185561,374,418,1
1764501185561,374,416,1
1764501185573,375,414,1
1764501185596,375,413,1
1764501185605,376,411,1
1764501185613,376,410,1
1764501185620,376,408,1
1764501185629,377,407,1
1764501185636,377,405,1
1764501185636,377,404,1
1764501185636,377,402,1
1764501185652,377,400,1
1764501185659,378,399,1
1764501185668,378,397,1
1764501185668,378,395,1
1764501185683,378,394,1
1764501185699,378,392,1
1764501185704,377,390,1
1764501185704,377,389,1
1764501185715,377,387,1
1764501185723,378,385,1
1764501185733,378,384,1
1764501185733,378,382,1
1764501185747,379,381,1
1764501185747,379,378,1
1764501185763,380,377,1
1764501185763,380,375,1
1764501185790,382,372,1
1764501185794,383,370,1
1764501185804,383,368,1
1764501185810,383,366,1
1764501185823,384,364,1
1764501185830,384,362,1
1764501185836,384,360,1
1764501185845,384,358,1
1764501185853,385,355,1
1764501185860,385,353,1
1764501185860,386,351,1
1764501185878,386,348,1
1764501185878,387,346,1
1764501185892,387,344,1
1764501185892,387,341,1
1764501185907,388,339,1
1764501185907,388,336,1
1764501185923,388,334,1
1764501185923,388,332,1
1764501185938,389,329,1
1764501185938,389,328,1
1764501185954,390,325,1
1764501185954,390,323,1
1764501185969,391,320,1
1764501185969,391,318,1
1764501185985,392,316,1
1764501185988,392,313,1
1764501186001,393,311,1
1764501186001,393,308,1
1764501186017,393,305,1
1764501186017,393,303,1
1764501186023,394,300,1
1764501186033,394,297,1
1764501186033,395,295,1
1764501186048,396,292,1
1764501186048,397,290,1
1764501186064,398,287,1
1764501186064,399,285,1
1764501186085,400,283,1
1764501186085,401,281,1
1764501186096,402,279,1
1764501186096,403,277,1
1764501186111,404,275,1
1764501186124,405,273,1
1764501186127,406,271,1
1764501186127,407,269,1
1764501186149,408,267,1
1764501186153,409,264,1
1764501186163,410,261,1
1764501186163,411,258,1
1764501186175,412,255,1
1764501186187,413,252,1
1764501186191,414,249,1
1764501186203,415,246,1
1764501186210,416,243,1
1764501186210,417,241,1
1764501186224,418,238,1
1764501186233,419,236,1
1764501186239,420,233,1
1764501186249,421,231,1
1764501186255,422,228,1
1764501186265,423,226,1
1764501186272,423,224,1
1764501186281,424,221,1
1764501186287,425,220,1
1764501186287,426,219,1
1764501186303,427,217,1
1764501186305,428,215,1
1764501186318,429,213,1
1764501186324,431,211,1
1764501186334,433,209,1
1764501186334,434,206,1
1764501186334,436,204,1
1764501186350,438,201,1
1764501186365,440,199,1
1764501186368,441,197,1
1764501186381,442,194,1
1764501186382,443,192,1
1764501186382,444,191,1
1764501186404,445,189,1
1764501186404,446,188,1
1764501186413,447,186,1
1764501186424,448,186,1
1764501186432,449,185,1
1764501186432,451,184,1
1764501186450,453,183,1
1764501186459,454,182,1
1764501186461,456,181,1
1764501186461,458,181,1
1764501186480,460,180,1
1764501186488,463,178,1
1764501186493,466,178,1
1764501186493,469,177,1
1764501186512,471,176,1
1764501186512,473,175,1
1764501186524,476,174,1
1764501186524,478,173,1
1764501186540,481,172,1
1764501186551,483,171,1
1764501186556,485,170,1
1764501186567,487,169,1
1764501186573,488,168,1
1764501186579,490,167,1
1764501186588,491,166,1
1764501186599,493,165,1
1764501186604,494,164,1
1764501186613,496,163,1
1764501186619,497,162,1
1764501186629,499,161,1
1764501186636,500,160,1
1764501186640,502,159,1
1764501186652,505,158,1
1764501186660,508,157,1
1764501186660,511,156,1
1764501186675,513,155,1
1764501186683,516,154,1
1764501186683,519,153,1
1764501186699,522,153,1
1764501186706,524,152,1
1764501186714,527,151,1
1764501186714,530,150,1
1764501186729,532,150,1
1764501186736,534,149,1
1764501186736,537,148,1
1764501186746,540,147,1
1764501186761,543,146,1
1764501186761,545,145,1
1764501186777,548,145,1
1764501186777,550,144,1
1764501186798,556,143,1
1764501186800,558,142,1
1764501186809,562,142,1
1764501186809,565,141,1
1764501186825,568,140,1
1764501186825,571,140,1
1764501186840,574,139,1
1764501186840,577,138,1
1764501186857,580,137,1
1764501186857,583,136,1
1764501186872,586,135,1
1764501186872,589,134,1
1764501186892,592,133,1
1764501186901,595,132,1
1764501186906,598,131,1
1764501186906,601,130,1
1764501186920,604,129,1
1764501186925,607,128,1
1764501186936,610,127,1
1764501186936,613,127,1
1764501186952,616,126,1
1764501186952,619,126,1
1764501186968,621,125,1
1764501186979,624,125,1
1764501186984,626,125,1
1764501186988,627,124,1
1764501187001,629,124,1
1764501187001,631,123,1
1764501187016,633,123,1
1764501187025,634,123,1
1764501187033,636,122,1
1764501187035,638,122,1
1764501187048,640,122,1
1764501187048,641,122,1
1764501187048,642,121,1
1764501187066,644,121,1
1764501187066,645,121,1
1764501187079,647,121,1
1764501187095,648,121,1
1764501187102,650,121,1
1764501187111,652,121,1
1764501187119,653,122,1
1764501187119,655,122,1
1764501187129,657,122,1
1764501187129,660,122,1
1764501187142,662,123,1
1764501187142,665,123,1
1764501187164,668,123,1
1764501187168,671,123,1
1764501187174,674,123,1
1764501187174,677,124,1
1764501187195,680,124,1
1764501187195,683,125,1
1764501187206,686,125,1
1764501187219,689,126,1
1764501187226,692,127,1
1764501187235,694,127,1
1764501187237,697,128,1
1764501187246,700,129,1
1764501187255,703,129,1
1764501187255,706,130,1
1764501187270,709,131,1
1764501187281,711,132,1
1764501187285,714,133,1
1764501187285,716,134,1
1764501187301,719,135,1
1764501187301,721,136,1
1764501187317,723,137,1
1764501187326,725,138,1
1764501187334,728,139,1
1764501187342,730,141,1
1764501187350,733,142,1
1764501187350,736,143,1
1764501187366,739,145,1
1764501187372,742,146,1
1764501187373,745,148,1
1764501187382,747,149,1
1764501187382,750,150,1
1764501187404,753,152,1
1764501187414,755,153,1
1764501187420,757,154,1
1764501187427,759,155,1
1764501187436,761,156,1
1764501187436,763,157,1
1764501187450,765,158,1
1764501187450,767,159,1
1764501187461,768,160,1
1764501187461,771,161,1
1764501187482,774,162,1
1764501187487,777,163,1
1764501187493,780,164,1
1764501187493,783,165,1
1764501187510,785,167,1
1764501187510,788,168,1
1764501187527,790,169,1
1764501187527,792,171,1
1764501187546,794,172,1
1764501187552,796,174,1
1764501187556,797,175,1
1764501187569,799,176,1
1764501187572,800,178,1
1764501187583,801,179,1
1764501187591,803,181,1
1764501187595,804,181,1
1764501187604,806,183,1
1764501187615,807,184,1
1764501187620,808,186,1
1764501187627,810,186,1
1764501187636,811,188,1
1764501187645,812,189,1
1764501187652,813,189,1
1764501187661,815,191,1
1764501187668,816,192,1
1764501187672,817,193,1
1764501187685,818,194,1
1764501187693,820,196,1
1764501187693,821,197,1
1764501187700,822,199,1
1764501187715,823,200,1
1764501187716,824,202,1
1764501187727,825,203,1
1764501187732,827,205,1
1764501187748,828,206,1
1764501187752,829,208,1
1764501187752,830,210,1
1764501187763,831,211,1
1764501187763,832,212,1
1764501187782,833,213,1
1764501187782,834,215,1
1764501187801,835,216,1
1764501187801,836,217,1
1764501187815,837,219,1
1764501187815,838,220,1
1764501187827,839,221,1
1764501187827,840,222,1
1764501187847,841,223,1
1764501187852,842,225,1
1764501187862,843,226,1
1764501187864,844,227,1
1764501187876,845,229,1
1764501187876,846,231,1
1764501187890,847,232,1
1764501187901,848,233,1
1764501187909,849,234,1
1764501187917,850,236,1
1764501187924,851,238,1
1764501187932,852,239,1
1764501187938,853,241,1
1764501187949,854,243,1
1764501187954,855,244,1
1764501187963,856,246,1
1764501187970,857,248,1
1764501187979,858,249,1
1764501187985,859,251,1
1764501187987,860,253,1
1764501188003,861,254,1
1764501188011,862,256,1
1764501188011,863,258,1
1764501188018,864,260,1
1764501188033,865,262,1
1764501188035,866,265,1
1764501188049,867,267,1
1764501188057,868,269,1
1764501188064,869,272,1
1764501188072,870,274,1
1764501188080,871,276,1
1764501188080,872,279,1
1764501188095,873,282,1
1764501188103,874,285,1
1764501188103,875,287,1
1764501188118,876,290,1
1764501188128,877,291,1
1764501188133,878,293,1
1764501188143,879,295,1
1764501188143,880,298,1
1764501188159,881,300,1
1764501188161,882,302,1
1764501188173,883,304,1
1764501188174,883,306,1
1764501188174,884,308,1
1764501188190,885,309,1
1764501188190,886,311,1
1764501188206,886,313,1
1764501188219,886,314,1
1764501188226,887,316,1
1764501188233,887,317,1
1764501188238,887,320,1
1764501188251,887,322,1
1764501188255,887,323,1
1764501188267,887,324,1
1764501188272,887,325,1
1764501188281,887,326,1
1764501188286,887,327,1
1764501188297,887,329,1
1764501188304,887,330,1
1764501188313,886,330,1
1764501188318,886,332,1
1764501188318,886,333,1
1764501188335,886,335,1
1764501188335,886,337,1
1764501188349,886,339,1
1764501188355,886,340,1
1764501188366,886,342,1
1764501188366,886,345,1
1764501188382,886,346,1
1764501188387,886,349,1
1764501188398,886,351,1
1764501188398,885,353,1
1764501188413,885,355,1
1764501188414,884,357,1
1764501188428,884,358,1
1764501188435,884,360,1
1764501188445,884,362,1
1764501188453,884,364,1
1764501188453,884,365,1
1764501188462,884,368,1
1764501188462,884,370,1
1764501188482,884,372,1
1764501188485,884,374,1
1764501188499,884,375,1
1764501188499,884,377,1
1764501188513,884,378,1
1764501188513,884,380,1
1764501188525,883,382,1
1764501188534,883,384,1
1764501188544,882,386,1
1764501188551,882,389,1
1764501188557,881,391,1
1764501188557,880,393,1
1764501188576,879,396,1
1764501188576,879,399,1
1764501188592,878,402,1
1764501188592,878,405,1
1764501188605,877,408,1
1764501188605,877,410,1
1764501188621,876,413,1
1764501188621,875,416,1
1764501188639,875,419,1
1764501188641,875,422,1
1764501188654,874,425,1
1764501188654,873,428,1
1764501188670,873,431,1
1764501188670,873,434,1
1764501188686,872,436,1
1764501188694,871,439,1
1764501188701,871,442,1
1764501188702,870,444,1
1764501188702,870,447,1
1764501188720,870,450,1
1764501188731,870,453,1
1764501188734,870,455,1
1764501188747,870,457,1
1764501188750,870,460,1
1764501188763,870,462,1
1764501188766,870,465,1
1764501188766,870,467,1
1764501188786,870,469,1
1764501188786,870,472,1
1764501188800,870,473,1
1764501188806,870,475,1
1764501188814,870,477,1
1764501188814,869,479,1
1764501188829,869,480,1
1764501188834,868,482,1
1764501188846,868,483,1
1764501188846,867,484,1
1764501188862,867,485,1
1764501188864,866,486,1
1764501188878,866,487,1
1764501188886,865,488,1
1764501188894,865,489,1
1764501188894,864,490,1
1764501188911,863,491,1
1764501188914,863,492,1
1764501188917,862,493,1
1764501188926,861,494,1
1764501188933,861,495,1
1764501188950,860,496,1
1764501188950,859,497,1
1764501188965,858,498,1
1764501188965,857,499,1
1764501188975,856,500,1
1764501188975,855,502,1
1764501188990,854,503,1
1764501188990,853,504,1
1764501189010,852,506,1
1764501189010,851,507,1
1764501189021,851,509,1
1764501189034,850,510,1
1764501189037,849,512,1
1764501189037,848,514,1
1764501189054,847,515,1
1764501189054,846,517,1
1764501189073,845,518,1
1764501189081,844,519,1
1764501189088,843,520,1
1764501189097,842,522,1
1764501189104,841,523,1
1764501189104,840,524,1
1764501189118,839,525,1
1764501189127,838,526,1
1764501189135,837,527,1
1764501189142,836,528,1
1764501189151,835,530,1
1764501189151,834,531,1
1764501189168,833,532,1
1764501189168,832,533,1
1764501189168,831,534,1
1764501189183,830,535,1
1764501189198,829,536,1
1764501189213,828,537,1
1764501189214,827,538,1
1764501189230,826,539,1
1764501189233,825,540,1
1764501189235,824,540,1
1764501189247,823,541,1
1764501189247,822,542,1
1764501189267,821,543,1
1764501189267,820,544,1
1764501189278,819,545,1
1764501189291,818,546,1
1764501189293,817,547,1
1764501189293,815,549,1
1764501189312,814,550,1
1764501189313,812,551,1
1764501189328,810,552,1
1764501189337,809,554,1
1764501189341,808,555,1
1764501189353,806,557,1
1764501189356,805,558,1
1764501189356,804,559,1
1764501189372,803,560,1
1764501189383,802,562,1
1764501189390,801,563,1
1764501189395,800,564,1
1764501189404,799,565,1
1764501189415,798,566,1
1764501189420,797,567,1
1764501189431,796,568,1
1764501189435,795,569,1
1764501189435,794,570,1
1764501189454,793,571,1
1764501189460,792,572,1
1764501189470,791,573,1
1764501189477,790,574,1
1764501189484,789,575,1
1764501189493,788,576,1
1764501189493,787,577,1
1764501189500,785,578,1
1764501189500,784,580,1
1764501189523,782,581,1
1764501189531,780,582,1
1764501189536,778,583,1
1764501189547,775,584,1
1764501189550,772,586,1
1764501189563,769,588,1
1764501189573,767,589,1
1764501189580,764,591,1
1764501189580,762,592,1
1764501189596,760,593,1
1764501189606,758,594,1
1764501189612,756,596,1
1764501189612,754,597,1
1764501189629,751,600,1
1764501189634,749,601,1
1764501189643,747,602,1
1764501189644,744,603,1
1764501189660,742,605,1
1764501189662,739,606,1
1764501189676,736,607,1
1764501189678,734,608,1
1764501189678,731,609,1
1764501189697,728,610,1
1764501189697,726,611,1
1764501189710,723,612,1
1764501189710,721,613,1
1764501189729,719,614,1
1764501189736,717,615,1
1764501189739,714,616,1
1764501189739,712,617,1
1764501189755,710,618,1
1764501189767,708,619,1
1764501189776,706,620,1
1764501189776,704,621,1
1764501189789,702,622,1
1764501189799,701,623,1
1764501189808,699,624,1
1764501189810,696,626,1
1764501189819,693,627,1
1764501189823,690,629,1
1764501189837,687,630,1
1764501189837,684,630,1
1764501189851,681,631,1
1764501189851,678,632,1
1764501189867,675,633,1
1764501189870,672,634,1
1764501189882,669,635,1
1764501189882,667,636,1
1764501189898,664,637,1
1764501189898,662,638,1
1764501189914,660,638,1
1764501189914,658,639,1
1764501189931,657,639,1
1764501189937,655,640,1
1764501189937,653,640,1
1764501189946,652,641,1
1764501189946,650,641,1
1764501189962,649,641,1
1764501189962,648,642,1
1764501189985,647,642,1
1764501189994,645,643,1
1764501189995,644,643,1
1764501189995,643,644,1
1764501190014,641,645,1
1764501190014,639,645,1
1764501190026,638,646,1
1764501190037,637,646,1
1764501190046,636,647,1
1764501190051,634,647,1
1764501190057,633,647,1
1764501190057,630,648,1
1764501190075,627,648,1
1764501190075,625,648,1
1764501190093,622,648,1
1764501190101,619,648,1
1764501190107,617,649,1
1764501190117,614,649,1
1764501190123,612,648,1
1764501190133,610,648,1
1764501190137,607,648,1
1764501190147,605,648,1
1764501190154,602,647,1
1764501190162,599,646,1
1764501190168,597,645,1
1764501190168,594,644,1
1764501190187,591,643,1
1764501190195,588,642,1
1764501190200,585,641,1
1764501190209,582,640,1
1764501190217,579,640,1
1764501190225,577,639,1
1764501190232,574,638,1
1764501190236,572,637,1
1764501190249,571,636,1
1764501190249,569,635,1
1764501190249,567,634,1
1764501190268,565,633,1
1764501190279,563,632,1
1764501190288,561,631,1
1764501190295,559,630,1
1764501190297,557,629,1
1764501190297,554,628,1
1764501190315,551,627,1
1764501190315,549,626,1
1764501190328,546,625,1
1764501190336,543,624,1
1764501190344,541,623,1
1764501190344,538,622,1
1764501190360,535,621,1
1764501190360,533,620,1
1764501190376,531,619,1
1764501190376,529,618,1
1764501190391,526,617,1
1764501190404,523,616,1
1764501190410,520,615,1
1764501190419,517,614,1
1764501190427,515,613,1
1764501190435,512,612,1
1764501190439,511,611,1
1764501190451,509,610,1
1764501190455,507,609,1
1764501190455,505,608,1
1764501190473,503,607,1
1764501190481,500,605,1
1764501190488,497,604,1
1764501190497,494,603,1
1764501190503,491,602,1
1764501190503,488,601,1
1764501190503,485,600,1
1764501190527,482,599,1
1764501190535,479,598,1
1764501190536,476,597,1
1764501190551,473,596,1
1764501190551,470,595,1
1764501190566,467,594,1
1764501190576,465,593,1
1764501190576,463,592,1
1764501190589,462,591,1
1764501190597,460,590,1
1764501190604,459,589,1
1764501190604,457,587,1
1764501190614,456,586,1
1764501190629,455,585,1
1764501190637,453,584,1
1764501190637,452,582,1
1764501190645,450,581,1
1764501190659,449,580,1
1764501190667,447,579,1
1764501190671,445,578,1
1764501190676,443,577,1
1764501190676,441,576,1
1764501190699,440,574,1
1764501190699,439,573,1
1764501190708,438,572,1
1764501190708,437,571,1
1764501190724,436,570,1
1764501190737,435,569,1
1764501190743,434,568,1
1764501190753,433,567,1
1764501190758,432,566,1
1764501190769,431,564,1
1764501190772,430,563,1
1764501190783,429,561,1
1764501190790,428,560,1
1764501190790,427,558,1
1764501190813,425,554,1
1764501190822,424,553,1
1764501190822,423,551,1
1764501190837,422,549,1
1764501190837,421,548,1
1764501190852,420,546,1
1764501190855,419,545,1
1764501190868,418,544,1
1764501190868,417,542,1
1764501190885,416,540,1
1764501190885,415,538,1
1764501190900,414,537,1
1764501190900,413,536,1
1764501190900,412,535,1
1764501190919,411,533,1
1764501190919,410,532,1
1764501190937,409,531,1
1764501190947,408,530,1
1764501190950,407,529,1
1764501190963,406,528,1
1764501190965,405,527,1
1764501190965,404,526,1
1764501190982,403,524,1
1764501190982,402,523,1
1764501190995,401,522,1
1764501190995,400,521,1
1764501191011,399,520,1
1764501191025,398,519,1
1764501191030,397,518,1
1764501191037,396,517,1
1764501191042,395,515,1
1764501191057,394,514,1
1764501191060,393,512,1
1764501191060,392,511,1
1764501191074,391,510,1
1764501191074,390,508,1
1764501191094,390,507,1
1764501191094,389,505,1
1764501191108,389,504,1
1764501191117,389,503,1
1764501191124,389,502,1
1764501191133,388,501,1
1764501191137,388,499,1
1764501191137,388,498,1
1764501191153,388,496,1
1764501191163,388,495,1
1764501191170,388,493,1
1764501191175,389,491,1
1764501191185,390,489,1
1764501191185,391,487,1
1764501191201,392,484,1
1764501191201,393,482,1
1764501191216,394,480,1
1764501191216,395,478,1
1764501191233,396,475,1
1764501191237,397,473,1
1764501191248,398,470,1
1764501191257,399,467,1
1764501191264,400,465,1
1764501191266,400,462,1
1764501191282,400,459,1
1764501191288,400,457,1
1764501191290,400,454,1
1764501191296,399,451,1
1764501191296,399,448,1
1764501191315,398,445,1
1764501191328,397,444,1
1764501191328,396,441,1
1764501191338,395,439,1
1764501191348,394,437,1
1764501191357,393,435,1
1764501191360,392,432,1
1764501191373,391,430,1
1764501191375,391,429,1
1764501191389,390,427,1
1764501191391,390,425,1
1764501191391,389,423,1
1764501191407,389,421,1
1764501191407,389,419,1
1764501191423,389,418,1
1764501191435,389,416,1
1764501191438,389,413,1
1764501191438,388,412,1
1764501191454,388,410,1
1764501191467,388,409,1
1764501191475,387,407,1
1764501191475,387,406,1
1764501191485,387,405,1
1764501191497,387,404,1
1764501191505,386,402,1
1764501191505,386,400,1
1764501191517,386,399,1
1764501191517,385,397,1
1764501191533,385,396,1
1764501191538,385,393,1
1764501191549,385,391,1
1764501191549,385,389,1
1764501191566,384,387,1
1764501191569,384,384,1
1764501191583,384,383,1
1764501191592,384,381,1
1764501191597,383,378,1
1764501191597,383,376,1
1764501191613,383,373,1
1764501191613,383,371,1
1764501191629,383,368,1
1764501191638,382,365,1
1764501191644,381,362,1
1764501191647,381,360,1
1764501191660,381,357,1
1764501191669,381,354,1
1764501191669,380,352,1
1764501191681,380,349,1
1764501191681,380,346,1
1764501191692,380,344,1
1764501191692,379,341,1
1764501191710,379,339,1
1764501191710,380,336,1
1764501191725,380,334,1
1764501191725,381,331,1
1764501191745,382,328,1
1764501191745,383,325,1
1764501191755,384,322,1
1764501191755,385,319,1
1764501191771,386,315,1
1764501191771,387,312,1
1764501191787,388,309,1
1764501191787,389,307,1
1764501191803,390,304,1
1764501191803,391,302,1
1764501191819,392,299,1
1764501191819,393,297,1
1764501191838,394,294,1
1764501191838,395,291,1
1764501191851,396,288,1
1764501191851,396,285,1
1764501191868,397,282,1
1764501191870,398,278,1
1764501191884,399,275,1
1764501191884,400,272,1
1764501191900,401,269,1
1764501191900,402,266,1
1764501191918,404,263,1
1764501191925,405,260,1
1764501191925,407,257,1
1764501191938,408,254,1
1764501191938,410,252,1
1764501191954,412,249,1
1764501191964,414,247,1
1764501191964,416,245,1
1764501191980,418,242,1
1764501191984,420,240,1
1764501191984,422,238,1
1764501191996,424,235,1
1764501191996,426,232,1
1764501192015,427,230,1
1764501192015,428,227,1
1764501192027,429,225,1
1764501192038,430,223,1
1764501192048,431,221,1
1764501192057,432,219,1
1764501192059,433,218,1
1764501192059,434,216,1
1764501192074,435,214,1
1764501192074,436,213,1
1764501192090,437,211,1
1764501192090,438,210,1
1764501192110,439,209,1
1764501192115,440,208,1
1764501192122,441,207,1
1764501192133,442,205,1
1764501192138,443,205,1
1764501192150,444,203,1
1764501192154,445,202,1
1764501192164,447,201,1
1764501192173,448,199,1
1764501192181,449,197,1
1764501192185,451,196,1
1764501192185,453,194,1
1764501192203,455,193,1
1764501192211,457,191,1
1764501192218,460,189,1
1764501192227,463,186,1
1764501192234,465,184,1
1764501192243,468,181,1
1764501192248,471,179,1
1764501192250,473,177,1
1764501192265,474,176,1
1764501192268,476,174,1
1764501192281,477,173,1
1764501192281,479,172,1
1764501192297,480,171,1
1764501192305,482,170,1
1764501192313,483,169,1
1764501192319,485,168,1
1764501192327,486,167,1
1764501192332,487,166,1
1764501192344,489,166,1
1764501192344,491,165,1
1764501192344,493,164,1
1764501192368,495,163,1
1764501192375,497,162,1
1764501192379,500,161,1
1764501192381,502,159,1
1764501192395,504,158,1
1764501192395,506,157,1
1764501192410,508,156,1
1764501192410,511,155,1
1764501192428,513,154,1
1764501192438,516,153,1
1764501192441,519,152,1
1764501192441,521,151,1
1764501192454,524,150,1
1764501192454,527,149,1
1764501192470,530,148,1
1764501192470,533,147,1
1764501192490,537,146,1
1764501192495,540,145,1
1764501192506,544,144,1
1764501192506,547,143,1
1764501192518,551,141,1
1764501192518,554,140,1
1764501192534,557,139,1
1764501192538,560,138,1
1764501192550,563,137,1
1764501192550,566,137,1
1764501192569,569,136,1
1764501192574,573,135,1
1764501192582,576,135,1
1764501192586,579,134,1
1764501192598,582,133,1
1764501192598,585,133,1
1764501192614,588,132,1
1764501192614,591,132,1
1764501192631,594,131,1
1764501192635,597,130,1
1764501192645,600,130,1
1764501192653,603,130,1
1764501192662,606,129,1
1764501192665,609,129,1
1764501192678,612,129,1
1764501192678,615,129,1
1764501192693,618,129,1
1764501192695,621,129,1
1764501192695,624,129,1
1764501192709,627,129,1
1764501192709,629,130,1
1764501192728,632,130,1
1764501192739,634,131,1
1764501192741,637,131,1
1764501192756,640,131,1
1764501192756,643,132,1
1764501192756,645,132,1
1764501192772,648,132,1
1764501192786,651,132,1
1764501192791,654,132,1
1764501192791,657,133,1
1764501192804,660,133,1
1764501192817,663,133,1
1764501192826,665,134,1
1764501192826,668,134,1
1764501192838,669,135,1
1764501192839,671,136,1
1764501192854,673,137,1
1764501192854,675,138,1
1764501192870,676,139,1
1764501192872,678,140,1
1764501192884,680,140,1
1764501192884,682,141,1
1764501192901,683,142,1
1764501192905,685,143,1
1764501192917,688,144,1
1764501192917,690,144,1
1764501192935,693,145,1
1764501192939,695,145,1
1764501192948,698,146,1
1764501192948,700,147,1
1764501192948,702,148,1
1764501192964,704,149,1
1764501192964,706,150,1
1764501192982,707,151,1
1764501192982,709,152,1
1764501192996,710,153,1
1764501193012,712,154,1
1764501193013,714,155,1
1764501193013,716,155,1
1764501193028,718,156,1
1764501193038,719,157,1
1764501193046,721,158,1
1764501193046,722,159,1
1764501193059,724,160,1
1764501193059,726,161,1
1764501193079,727,161,1
1764501193079,728,162,1
1764501193091,730,162,1
1764501193091,731,163,1
1764501193109,733,164,1
1764501193109,734,164,1
1764501193123,736,165,1
1764501193135,737,165,1
1764501193143,739,165,1
1764501193143,740,166,1
1764501193155,742,166,1
1764501193165,743,167,1
1764501193170,744,167,1
1764501193170,745,168,1
1764501193186,746,168,1
1764501193198,748,169,1
1764501193205,749,170,1
1764501193213,750,171,1
1764501193218,751,171,1
1764501193228,752,172,1
1764501193235,753,172,1
1764501193243,754,173,1
1764501193251,755,174,1
1764501193255,756,174,1
1764501193267,757,175,1
1764501193267,758,175,1
1764501193267,759,176,1
1764501193282,760,177,1
1764501193298,761,178,1
1764501193302,763,178,1
1764501193307,764,180,1
1764501193319,765,181,1
1764501193319,766,181,1
1764501193335,767,182,1
1764501193339,768,183,1
1764501193345,770,184,1
1764501193345,771,185,1
1764501193361,773,186,1
1764501193361,775,187,1
1764501193377,776,188,1
1764501193377,778,189,1
1764501193395,779,191,1
1764501193395,781,192,1
1764501193408,783,193,1
1764501193408,785,194,1
1764501193427,786,195,1
1764501193427,788,196,1
1764501193440,790,197,1
1764501193440,792,198,1
1764501193460,794,199,1
1764501193465,796,201,1
1764501193472,799,202,1
1764501193472,801,203,1
1764501193488,804,204,1
1764501193499,806,205,1
1764501193505,809,205,1
1764501193515,812,207,1
1764501193523,815,208,1
1764501193530,818,209,1
1764501193535,821,210,1
1764501193539,824,211,1
1764501193553,827,212,1
1764501193556,830,213,1
1764501193569,833,213,1
1764501193576,836,215,1
1764501193584,839,216,1
1764501193584,842,217,1
1764501193599,844,218,1
1764501193599,846,219,1
1764501193615,848,220,1
1764501193615,849,221,1
1764501193631,850,223,1
1764501193639,852,224,1
1764501193648,853,226,1
1764501193651,854,228,1
1764501193662,855,229,1
1764501193665,857,231,1
1764501193665,858,233,1
1764501193681,859,234,1
1764501193693,860,235,1
1764501193701,861,236,1
1764501193709,862,237,1
1764501193717,863,238,1
1764501193717,864,241,1
1764501193725,865,242,1
1764501193739,866,244,1
1764501193747,867,246,1
1764501193747,868,248,1
1764501193764,869,250,1
1764501193764,870,252,1
1764501193772,871,254,1
1764501193788,871,257,1
1764501193789,872,259,1
1764501193789,873,261,1
1764501193809,874,263,1
1764501193817,875,266,1
1764501193819,876,268,1
1764501193819,876,269,1
1764501193842,877,271,1
1764501193842,878,273,1
1764501193855,879,275,1
1764501193857,880,276,1
1764501193867,881,279,1
1764501193867,882,281,1
1764501193887,882,282,1
1764501193887,883,284,1
1764501193901,884,286,1
1764501193909,885,288,1
1764501193914,886,290,1
1764501193914,887,292,1
1764501193932,888,294,1
1764501193939,889,295,1
1764501193949,890,298,1
1764501193949,891,300,1
1764501193964,891,302,1
1764501193972,892,305,1
1764501193980,892,307,1
1764501193980,893,310,1
1764501193994,893,311,1
1764501193994,893,313,1
1764501194010,894,315,1
1764501194010,894,317,1
1764501194027,894,319,1
1764501194027,895,320,1
1764501194042,895,322,1
1764501194042,895,323,1
1764501194042,895,324,1
1764501194060,895,325,1
1764501194060,895,327,1
1764501194074,895,330,1
1764501194074,896,331,1
1764501194091,896,333,1
1764501194105,896,335,1
1764501194105,895,337,1
1764501194105,895,340,1
1764501194123,895,342,1
1764501194135,895,345,1
1764501194139,894,348,1
1764501194151,894,350,1
1764501194159,893,353,1
1764501194166,892,356,1
1764501194168,891,359,1
1764501194168,891,362,1
1764501194189,890,365,1
1764501194197,890,368,1
1764501194199,889,371,1
1764501194213,888,374,1
1764501194215,888,377,1
1764501194229,887,379,1
1764501194231,886,382,1
1764501194239,885,384,1
1764501194249,884,386,1
1764501194259,883,389,1
1764501194267,882,391,1
1764501194267,881,394,1
1764501194278,880,396,1
1764501194291,879,398,1
1764501194294,879,401,1
1764501194294,878,403,1
1764501194310,878,406,1
1764501194321,877,408,1
1764501194325,876,410,1
1764501194325,876,412,1
1764501194341,875,414,1
1764501194341,874,415,1
1764501194361,874,417,1
1764501194369,873,418,1
1764501194373,873,420,1
1764501194383,872,422,1
1764501194389,871,423,1
1764501194399,871,426,1
1764501194405,870,428,1
1764501194415,870,429,1
1764501194423,869,432,1
1764501194431,868,433,1
1764501194431,868,435,1
1764501194445,867,437,1
1764501194454,867,439,1
1764501194454,866,440,1
1764501194469,865,442,1
1764501194469,864,444,1
1764501194485,863,447,1
1764501194485,863,448,1
1764501194485,862,451,1
1764501194501,862,453,1
1764501194515,861,455,1
1764501194523,861,457,1
1764501194531,860,459,1
1764501194539,860,461,1
1764501194539,860,464,1
1764501194554,859,467,1
1764501194554,859,470,1
1764501194564,859,472,1
1764501194577,858,475,1
1764501194585,858,478,1
1764501194593,857,481,1
1764501194596,856,483,1
1764501194596,855,485,1
1764501194615,855,487,1
1764501194625,854,489,1
1764501194627,853,491,1
1764501194639,853,492,1
1764501194643,852,494,1
1764501194643,851,496,1
1764501194661,850,498,1
1764501194666,850,500,1
1764501194675,849,502,1
1764501194675,848,504,1
1764501194691,848,506,1
1764501194691,848,507,1
1764501194707,847,509,1
1764501194707,846,510,1
1764501194723,846,511,1
1764501194723,845,513,1
1764501194739,844,515,1
1764501194739,844,516,1
1764501194755,843,518,1
1764501194755,842,519,1
1764501194770,841,522,1
1764501194779,840,524,1
1764501194786,839,526,1
1764501194795,838,528,1
1764501194803,836,530,1
1764501194803,835,532,1
1764501194819,833,533,1
1764501194819,832,535,1
1764501194819,830,536,1
1764501194840,829,538,1
1764501194840,828,539,1
1764501194857,827,541,1
1764501194857,826,542,1
1764501194866,825,543,1
1764501194882,824,545,1
1764501194882,823,546,1
1764501194882,822,547,1
1764501194898,821,548,1
1764501194898,820,549,1
1764501194917,819,550,1
1764501194927,818,551,1
1764501194929,817,551,1
1764501194945,815,553,1
1764501194948,814,554,1
1764501194957,812,554,1
1764501194964,811,555,1
1764501194973,810,556,1
1764501194980,809,557,1
1764501194981,808,558,1
1764501194993,807,559,1
1764501194993,806,560,1
1764501195009,805,561,1
1764501195016,804,562,1
1764501195026,803,563,1
1764501195026,802,564,1
1764501195040,801,565,1
1764501195052,800,566,1
1764501195059,799,567,1
1764501195067,798,568,1
1764501195071,797,569,1
1764501195081,796,570,1
1764501195089,795,571,1
1764501195089,794,572,1
1764501195105,793,573,1
1764501195106,792,574,1
1764501195120,790,575,1
1764501195129,789,576,1
1764501195136,788,577,1
1764501195143,786,579,1
1764501195151,785,580,1
1764501195160,784,582,1
1764501195167,783,583,1
1764501195171,781,584,1
1764501195183,780,585,1
1764501195183,778,587,1
1764501195199,777,588,1
1764501195205,774,590,1
1764501195213,773,591,1
1764501195215,771,593,1
1764501195229,769,594,1
1764501195235,767,595,1
1764501195245,764,596,1
1764501195253,762,597,1
1764501195262,760,598,1
1764501195262,758,600,1
1764501195275,755,601,1
1764501195278,752,602,1
1764501195278,749,603,1
1764501195295,746,605,1
1764501195304,743,606,1
1764501195310,740,608,1
1764501195324,737,609,1
1764501195327,734,610,1
1764501195327,731,611,1
1764501195341,728,612,1
1764501195341,725,613,1
1764501195361,722,614,1
1764501195367,719,615,1
1764501195372,716,616,1
1764501195386,713,617,1
1764501195393,710,618,1
1764501195393,708,619,1
1764501195404,706,620,1
1764501195404,704,621,1
1764501195423,702,622,1
1764501195423,700,623,1
1764501195438,697,624,1
1764501195441,696,625,1
1764501195453,693,627,1
1764501195453,691,628,1
1764501195469,688,630,1
1764501195478,685,631,1
1764501195485,682,633,1
1764501195493,679,634,1
1764501195501,677,635,1
1764501195509,674,636,1
1764501195517,671,637,1
1764501195517,668,638,1
1764501195517,665,639,1
1764501195532,664,639,1
1764501195548,662,640,1
1764501195548,660,640,1
1764501195564,659,640,1
1764501195570,658,640,1
1764501195580,657,640,1
1764501195586,656,640,1
1764501195593,655,640,1
1764501195596,654,640,1
1764501195596,653,640,1
1764501195615,652,640,1
1764501195615,651,639,1
1764501195627,650,639,1
1764501195641,649,639,1
1764501195646,648,639,1
1764501195646,646,638,1
1764501195659,645,638,1
1764501195666,644,638,1
1764501195677,643,638,1
1764501195687,642,637,1
1764501195691,641,636,1
1764501195691,640,636,1
1764501195706,639,635,1
1764501195706,638,634,1
1764501195725,636,633,1
1764501195728,634,633,1
1764501195739,633,632,1
1764501195741,631,632,1
1764501195757,629,631,1
1764501195759,628,631,1
1764501195771,626,631,1
1764501195776,624,630,1
1764501195787,622,630,1
1764501195787,620,629,1
1764501195803,617,629,1
1764501195811,615,628,1
1764501195819,612,628,1
1764501195819,610,627,1
1764501195835,607,627,1
1764501195841,604,627,1
1764501195841,601,627,1
1764501195855,598,626,1
1764501195861,596,625,1
1764501195870,593,624,1
1764501195882,591,623,1
1764501195882,589,622,1
1764501195897,586,621,1
1764501195900,584,620,1
1764501195900,583,619,1
1764501195914,580,618,1
1764501195914,578,617,1
1764501195929,575,616,1
1764501195941,572,615,1
1764501195952,569,614,1
1764501195961,567,613,1
1764501195961,565,612,1
1764501195961,563,611,1
1764501195981,561,611,1
1764501195982,559,610,1
1764501195991,557,609,1
1764501195991,556,608,1
1764501196009,554,607,1
1764501196021,552,606,1
1764501196023,550,605,1
1764501196037,549,604,1
1764501196043,547,603,1
1764501196051,546,602,1
1764501196057,545,601,1
1764501196057,543,600,1
1764501196074,541,599,1
1764501196074,539,599,1
1764501196086,538,598,1
1764501196086,536,597,1
1764501196102,535,597,1
1764501196102,534,596,1
1764501196118,532,596,1
1764501196127,531,596,1
1764501196134,530,595,1
1764501196141,528,595,1
1764501196152,527,594,1
1764501196155,525,594,1
1764501196167,524,594,1
1764501196167,522,593,1
1764501196183,520,593,1
1764501196185,519,592,1
1764501196199,517,591,1
1764501196199,515,590,1
1764501196215,513,590,1
1764501196215,511,589,1
1764501196232,509,588,1
1764501196235,507,588,1
1764501196247,505,587,1
1764501196250,503,586,1
1764501196262,501,585,1
1764501196269,498,584,1
1764501196278,496,583,1
1764501196285,493,583,1
1764501196294,491,582,1
1764501196296,489,581,1
1764501196296,486,580,1
1764501196310,484,579,1
1764501196310,481,578,1
1764501196330,479,577,1
1764501196332,477,576,1
1764501196347,475,575,1
1764501196347,473,574,1
1764501196363,471,573,1
1764501196368,469,572,1
1764501196373,467,571,1
1764501196385,464,570,1
1764501196389,462,570,1
1764501196401,460,569,1
1764501196405,458,568,1
1764501196417,456,567,1
1764501196422,454,566,1
1764501196422,453,565,1
1764501196439,452,564,1
1764501196447,450,563,1
1764501196453,449,562,1
1764501196464,448,561,1
1764501196469,447,559,1
1764501196469,446,557,1
1764501196486,444,556,1
1764501196492,442,554,1
1764501196501,441,551,1
1764501196501,439,550,1
1764501196517,438,549,1
1764501196526,437,548,1
1764501196533,435,546,1
1764501196542,434,545,1
1764501196549,432,543,1
1764501196554,430,542,1
1764501196563,429,541,1
0,0,0,0
1764501196571,427,539,1
1764501196574,426,538,1
1764501196587,424,537,1
1764501196590,423,536,1
1764501196603,421,534,1
1764501196603,420,533,1
1764501196615,419,531,1
1764501196615,418,530,1
1764501196628,417,529,1
1764501196642,416,528,1
1764501196648,415,527,1
1764501196648,414,526,1
1764501196662,413,525,1
1764501196668,412,524,1
1764501196677,411,523,1
1764501196677,410,522,1
1764501196694,409,520,1
1764501196694,408,519,1
1764501196708,407,518,1
1764501196708,407,517,1
1764501196726,406,516,1
1764501196726,405,515,1
1764501196742,404,514,1
1764501196742,403,513,1
1764501196757,402,512,1
1764501196757,401,511,1
1764501196771,400,510,1
1764501196781,399,509,1
1764501196789,398,508,1
1764501196797,398,507,1
1764501196805,397,506,1
1764501196813,397,505,1
1764501196819,396,504,1
1764501196827,396,503,1
1764501196835,395,502,1
1764501196843,394,501,1
1764501196859,393,499,1
1764501196867,392,498,1
1764501196867,392,497,1
1764501196867,391,496,1
1764501196883,391,495,1
1764501196901,391,494,1
1764501196901,390,493,1
1764501196921,390,492,1
1764501197115,390,491,1
1764501197254,390,492,1
1764501197415,390,491,1
